idrecolha,rota,km,peso,n_containers,t0,t1
13179,,203.0,2180.0,38,2021-07-28 14:57:35.000,2021-07-28 23:27:53.000
39123,,167.0,2300.0,35,2023-12-12 14:49:55.019,2023-12-12 22:41:16.319
21600,CE11,157.0,1580.0,7,2022-06-11 04:46:06.000,2022-06-11 12:29:16.294
43725,,177.0,2700.0,35,2024-04-16 15:13:28.083,2024-04-17 00:19:08.142
21902,,253.0,2640.0,48,2022-06-21 15:47:03.000,2022-06-22 02:21:53.687
26668,,215.0,2720.0,60,2022-11-25 14:56:00.194,2022-11-26 01:49:46.268
1744,CE06,190.0,1420.0,37,2020-02-10 05:01:25.000,2020-02-10 12:43:44.000
8324,CE44,144.0,2380.0,47,2020-12-31 12:01:50.000,2020-12-31 12:06:45.000
18963,,208.0,2520.0,65,2022-03-12 04:41:08.000,2022-03-12 13:46:47.380
7332,CE16,145.0,1640.0,1,2020-11-11 04:49:42.000,2020-11-11 13:56:01.000
13441,,172.0,3220.0,30,2021-08-05 14:59:19.000,2021-08-05 23:54:37.000
12642,,179.0,2680.0,36,2021-07-08 15:04:35.000,2021-07-09 00:12:12.000
6369,,145.0,9560.0,38,2020-09-25 15:29:52.000,2020-09-26 00:33:53.000
24615,,136.0,9560.0,18,2022-09-15 05:27:46.939,2022-09-15 12:57:41.100
15074,,133.0,760.0,11,2021-10-04 15:02:56.000,2021-10-04 22:06:23.000
24658,,204.0,3140.0,50,2022-09-16 14:49:44.373,2022-09-16 22:36:32.251
21189,,227.0,3280.0,56,2022-05-27 14:59:49.000,2022-05-28 01:41:54.765
4986,CP29,130.0,3300.0,2,2020-07-27 04:42:33.000,2020-07-27 13:35:50.000
30001,CP29,129.0,2940.0,1,2023-03-23 05:02:17.425,2023-03-23 12:17:35.915
42487,,151.0,1920.0,52,2024-03-14 14:57:40.629,2024-03-14 22:10:58.818
38421,,144.0,2420.0,9,2023-11-22 14:59:43.568,2023-11-22 22:10:24.440
42245,,132.0,2760.0,18,2024-03-08 15:01:07.765,2024-03-08 23:02:42.864
27072,,162.0,2520.0,33,2022-12-09 14:59:52.113,2022-12-09 22:35:56.054
7103,CP07,82.0,1300.0,2,2020-10-30 04:36:15.000,2020-10-30 14:11:58.000
33212,,127.0,2180.0,23,2023-06-30 14:59:15.830,2023-06-30 23:59:00.000
18817,,212.0,2360.0,37,2022-03-07 15:01:04.000,2022-03-08 00:41:02.816
14081,CE16,117.0,1860.0,2,2021-08-28 14:59:40.000,2021-08-28 22:18:02.000
25876,,186.0,2240.0,41,2022-10-28 14:59:13.176,2022-10-28 22:49:55.699
13790,CP12,120.0,2380.0,1,2021-08-18 04:48:41.000,2021-08-18 12:43:59.000
15551,,249.0,2280.0,49,2021-10-22 15:03:34.000,2021-10-23 01:26:50.000
22497,CE40,50.0,1380.0,2,2022-07-12 05:00:46.000,2022-07-12 08:54:23.566
24538,CP07,78.0,2420.0,2,2022-09-13 15:17:53.954,2022-09-13 22:59:49.728
27965,,174.0,2580.0,38,2023-01-10 15:04:29.621,2023-01-10 23:37:47.978
12738,CE30B,147.0,1740.0,2,2021-07-13 14:41:13.000,2021-07-13 21:53:42.000
20163,,176.0,1760.0,41,2022-04-23 05:04:07.000,2022-04-23 11:53:43.387
2042,CE44,122.0,1600.0,43,2020-02-26 04:33:46.000,2020-02-26 11:23:01.000
27721,,137.0,2560.0,1,2023-01-02 15:50:59.435,2023-01-02 23:16:30.055
8305,CE06,189.0,2180.0,44,2020-12-30 14:44:25.000,2020-12-30 21:27:05.000
2048,CP06,142.0,1760.0,45,2020-02-26 14:21:26.000,2020-02-26 21:12:20.000
8783,CP06,179.0,1940.0,39,2021-01-22 14:07:59.000,2021-01-22 21:26:20.000
2281,CP13,120.0,2000.0,47,2020-03-10 14:50:42.000,2020-03-10 22:04:32.000
40202,,148.0,3060.0,15,2024-01-12 15:19:15.347,2024-01-12 21:44:58.085
11853,,147.0,2260.0,41,2021-06-07 14:23:24.000,2021-06-07 22:53:56.000
12761,,197.0,3280.0,53,2021-07-13 14:49:21.000,2021-07-14 00:42:08.000
43945,,149.0,8260.0,22,2024-04-22 05:58:39.079,2024-04-22 13:10:57.794
5215,,116.0,10000.0,22,2020-08-05 05:59:15.000,2020-08-05 11:38:02.000
9359,,178.0,9160.0,7,2021-02-18 05:57:32.000,2021-02-18 14:26:03.000
30929,,218.0,1700.0,36,2023-04-21 15:12:10.107,2023-04-21 23:30:55.205
3207,CE13,137.0,2060.0,41,2020-04-30 14:16:03.000,2020-04-30 23:19:33.000
29852,,172.0,2220.0,34,2023-03-17 15:02:37.546,2023-03-17 21:53:40.858
8137,CP43,118.0,1900.0,4,2020-12-21 15:03:56.000,2020-12-21 21:12:28.000
5193,CE20B,92.0,3220.0,2,2020-08-05 15:04:11.000,2020-08-05 21:52:28.000
17235,CP07,84.0,3080.0,4,2022-01-03 05:13:26.000,2022-01-03 13:25:59.000
41458,,161.0,2200.0,36,2024-02-15 15:13:16.018,2024-02-15 22:37:30.064
10156,,186.0,2240.0,56,2021-03-27 13:08:10.000,2021-03-27 22:21:44.000
30566,,179.0,2640.0,56,2023-04-11 15:03:22.929,2023-04-11 23:36:56.856
1508,,224.0,10280.0,5,2020-01-27 14:50:43.000,2020-01-28 01:56:07.000
33215,,136.0,8860.0,22,2023-06-30 15:15:34.356,2023-06-30 21:40:15.971
21367,CP08,189.0,1320.0,1,2022-06-03 04:45:34.000,2022-06-03 11:08:37.572
23371,CP32,141.0,1400.0,1,2022-08-08 04:56:03.000,2022-08-08 12:12:49.686
1892,CP41B,101.0,4080.0,1,2020-02-17 04:47:31.000,2020-02-17 11:52:06.000
8154,CP06,192.0,1460.0,29,2020-12-22 15:12:24.000,2020-12-22 21:31:05.000
15019,,236.0,3080.0,47,2021-09-30 15:22:48.000,2021-09-30 23:59:00.000
35316,,157.0,3400.0,45,2023-08-28 14:59:03.674,2023-08-28 22:43:38.883
17411,,216.0,3880.0,66,2022-01-10 14:58:02.000,2022-01-11 01:53:18.000
7385,CP06,196.0,1060.0,26,2020-11-13 14:51:50.000,2020-11-13 21:39:29.000
16509,,205.0,1720.0,40,2021-11-30 15:06:37.000,2021-11-30 23:04:11.000
22742,,198.0,2160.0,51,2022-07-18 15:04:20.000,2022-07-19 00:32:25.525
2317,CP44,136.0,2360.0,47,2020-03-11 15:12:26.000,2020-03-11 22:54:55.000
24489,CP07,51.0,1200.0,1,2022-09-12 15:43:12.246,2022-09-12 20:53:41.554
26192,CE38B,141.0,1680.0,1,2022-11-10 15:02:25.049,2022-11-10 22:30:59.581
1032,CE13,118.0,1960.0,47,2020-01-02 15:17:57.000,2020-01-02 23:25:57.000
12762,,179.0,2940.0,36,2021-07-13 16:39:31.000,2021-07-14 01:18:22.000
21880,CE11,152.0,1700.0,5,2022-06-21 04:52:39.000,2022-06-21 13:25:14.623
35657,,160.0,2720.0,40,2023-09-05 15:15:16.814,2023-09-05 23:49:36.078
4193,CE09B,118.0,1320.0,2,2020-06-18 04:46:52.000,2020-06-18 13:29:44.000
5794,CE09B,104.0,2480.0,2,2020-08-31 04:46:54.000,2020-08-31 12:25:00.000
20370,CE09B,123.0,2160.0,1,2022-05-02 05:05:45.000,2022-05-02 14:34:42.753
2742,CE26,82.0,2940.0,1,2020-04-06 15:05:50.000,2020-04-06 23:08:27.000
16488,CE39,107.0,2280.0,2,2021-12-01 12:59:25.000,2021-12-01 22:04:03.000
27025,CE39,93.0,2420.0,1,2022-12-09 14:35:37.706,2022-12-09 21:03:27.240
22075,,149.0,1900.0,41,2022-06-27 15:03:28.000,2022-06-28 02:01:26.582
13143,,189.0,2440.0,29,2021-07-27 14:31:52.000,2021-07-27 23:07:00.000
16943,,254.0,2320.0,50,2021-12-20 15:07:03.000,2021-12-21 02:19:51.000
16311,,240.0,1980.0,37,2021-11-22 14:44:18.000,2021-11-23 01:04:58.000
7950,Óbidos CESexta,112.0,1840.0,1,2020-12-11 05:07:24.000,2020-12-11 12:53:01.000
15049,Óbidos CE02,129.0,1660.0,1,2021-10-04 15:04:20.000,2021-10-04 22:09:02.000
15466,CE27,132.0,1580.0,1,2021-10-20 14:16:15.000,2021-10-20 22:03:42.000
23748,CE41B,103.0,1800.0,2,2022-08-19 04:52:54.000,2022-08-19 12:08:40.501
21775,CE51,131.0,2220.0,1,2022-06-17 14:56:38.000,2022-06-17 23:11:10.837
30723,CP39,112.0,3820.0,1,2023-04-17 14:51:39.747,2023-04-17 23:26:15.446
31736,CP12,127.0,1880.0,1,2023-05-17 04:55:05.149,2023-05-17 12:44:07.425
34514,,138.0,2720.0,22,2023-08-07 14:54:36.935,2023-08-07 21:59:59.141
1332,CE07,82.0,1400.0,1,2020-01-17 14:55:14.000,2020-01-17 22:36:39.000
3646,CE41B,106.0,1820.0,1,2020-05-22 05:05:17.000,2020-05-22 13:11:58.000
16148,,220.0,2460.0,51,2021-11-15 15:00:05.000,2021-11-16 01:15:49.000
6724,CP13,125.0,2700.0,45,2020-10-13 04:47:13.000,2020-10-13 12:36:57.000
39371,,127.0,2500.0,1,2023-12-19 15:19:59.248,2023-12-19 22:45:59.194
15021,,154.0,9360.0,2,2021-10-01 05:45:55.000,2021-10-01 12:40:53.000
18418,,163.0,9420.0,26,2022-02-21 06:06:11.000,2022-02-21 14:18:34.508
35254,,179.0,1840.0,14,2023-08-25 14:51:43.246,2023-08-25 23:02:28.992
5487,CP35,140.0,3100.0,3,2020-08-17 04:48:28.000,2020-08-17 12:30:21.000
8125,CE15,105.0,1500.0,1,2020-12-21 04:59:46.000,2020-12-21 12:58:14.000
5262,CP07,79.0,3180.0,4,2020-08-07 15:56:06.000,2020-08-07 22:43:17.000
12070,CP07,89.0,3420.0,4,2021-06-16 14:56:14.000,2021-06-16 22:22:46.000
23672,CP35,129.0,2580.0,4,2022-08-17 04:48:46.000,2022-08-17 12:32:10.173
36234,,155.0,9280.0,26,2023-09-21 05:57:41.045,2023-09-21 13:39:51.141
7621,CP32,153.0,2020.0,1,2020-11-25 14:08:31.000,2020-11-25 23:24:15.000
19503,CP32,140.0,1680.0,1,2022-03-31 04:36:48.000,2022-03-31 12:06:57.364
21333,CP32,145.0,2200.0,1,2022-06-02 04:51:32.000,2022-06-02 11:46:15.989
6927,CP36,112.0,2080.0,1,2020-10-22 14:49:59.000,2020-10-22 21:58:21.000
5026,,122.0,1020.0,1,2020-07-28 14:55:39.000,2020-07-28 23:11:13.000
35594,,137.0,2960.0,22,2023-09-04 15:11:28.930,2023-09-05 00:35:53.332
41729,,156.0,2720.0,2,2024-02-23 15:02:45.488,2024-02-23 22:07:16.515
14521,,190.0,3060.0,41,2021-09-13 14:56:02.000,2021-09-13 23:01:46.000
34345,,178.0,1400.0,22,2023-08-02 15:25:51.740,2023-08-02 23:00:32.047
3420,CP07,78.0,2920.0,5,2020-05-11 14:54:17.000,2020-05-11 21:24:35.000
30893,CE37B,109.0,2460.0,1,2023-04-21 15:05:00.783,2023-04-21 23:43:23.500
15673,CE37B,95.0,2000.0,2,2021-10-28 15:00:23.000,2021-10-28 22:25:48.000
11096,CE30B,148.0,1680.0,1,2021-05-07 04:50:47.000,2021-05-07 12:07:13.000
4222,CE06,191.0,1540.0,35,2020-06-19 05:09:16.000,2020-06-19 12:38:58.000
4705,CE11,150.0,1700.0,11,2020-07-14 14:51:17.000,2020-07-14 21:39:00.000
34027,CP18B,127.0,2720.0,1,2023-07-25 04:53:15.266,2023-07-25 13:04:01.587
14757,CP35,118.0,2140.0,2,2021-09-22 04:48:48.000,2021-09-22 11:07:12.000
41211,,184.0,2220.0,13,2024-02-08 15:05:14.753,2024-02-08 23:05:14.935
20735,CE41B,107.0,1260.0,1,2022-05-13 04:36:09.000,2022-05-13 13:52:46.728
8892,CE01,241.0,1660.0,1,2021-01-28 04:24:16.000,2021-01-28 12:01:33.000
15736,CP05,130.0,1980.0,1,2021-10-30 04:44:44.000,2021-10-30 13:02:58.000
35911,,176.0,1920.0,10,2023-09-12 14:42:03.901,2023-09-12 22:25:21.797
24001,,162.0,2660.0,1,2022-08-27 04:37:21.000,2022-08-27 12:07:08.523
6214,CP09B,102.0,2260.0,1,2020-09-18 04:41:34.000,2020-09-18 12:12:14.000
11956,CP07,92.0,2920.0,4,2021-06-11 04:10:25.000,2021-06-11 11:26:37.000
13336,,179.0,3740.0,57,2021-08-02 15:00:58.000,2021-08-03 00:56:55.000
31024,CE01,218.0,2100.0,1,2023-04-26 04:42:21.599,2023-04-26 12:58:12.437
39997,Óbidos CE01,158.0,2100.0,1,2024-01-08 04:58:53.864,2024-01-08 12:53:00.823
41561,,106.0,2180.0,13,2024-02-19 17:18:50.547,2024-02-19 23:29:56.523
24935,CE41B,110.0,2580.0,2,2022-09-27 05:03:39.043,2022-09-27 12:26:50.267
35507,CP07,81.0,2940.0,3,2023-09-01 14:57:13.912,2023-09-01 21:23:35.312
42903,,150.0,2820.0,34,2024-03-26 14:56:01.884,2024-03-26 22:36:30.910
36245,,115.0,1480.0,14,2023-09-21 15:10:40.588,2023-09-21 21:17:05.198
15178,CE20B,92.0,2260.0,1,2021-10-08 04:25:30.000,2021-10-08 11:36:17.000
2814,CE15,121.0,1700.0,1,2020-04-09 04:54:23.000,2020-04-09 11:16:41.000
36356,CE20B,106.0,3400.0,1,2023-09-26 15:01:25.265,2023-09-26 21:57:51.478
36179,CP07,85.0,3900.0,3,2023-09-20 14:55:19.701,2023-09-20 22:00:07.861
12553,CE18B,126.0,2180.0,1,2021-07-06 04:54:36.000,2021-07-06 12:36:29.000
29059,CP11,153.0,1840.0,4,2023-02-17 15:02:48.563,2023-02-17 22:57:53.975
21431,CP07,98.0,1680.0,3,2022-06-06 04:46:41.000,2022-06-06 13:51:33.426
31128,CP07,48.0,1300.0,2,2023-04-28 15:00:22.878,2023-04-28 19:26:05.028
6250,CP14,153.0,2480.0,1,2020-09-21 14:41:41.000,2020-09-22 01:38:48.000
23708,CE16,128.0,1840.0,2,2022-08-18 14:53:59.000,2022-08-18 22:11:15.165
36770,,208.0,2020.0,2,2023-10-06 15:07:19.977,2023-10-06 22:38:18.424
29493,CP35,125.0,3160.0,3,2023-03-06 04:52:39.538,2023-03-06 11:46:21.402
8315,CP07,85.0,4120.0,3,2020-12-30 14:40:40.000,2020-12-30 23:20:38.000
28725,CP11,176.0,1760.0,6,2023-02-06 14:51:43.594,2023-02-06 23:35:54.680
19836,CE26,94.0,2100.0,1,2022-04-13 14:55:25.000,2022-04-13 21:55:35.308
11488,CE01,212.0,2260.0,1,2021-05-24 05:05:36.000,2021-05-24 12:22:54.000
12772,CE29,130.0,2740.0,1,2021-07-14 04:45:45.000,2021-07-14 11:46:53.000
33004,Óbidos CE01,152.0,1800.0,1,2023-06-26 05:00:01.586,2023-06-26 12:54:35.385
23598,CP26,87.0,3460.0,1,2022-08-15 13:31:25.000,2022-08-15 21:08:48.146
17558,CP12,120.0,1720.0,1,2022-01-17 04:47:35.000,2022-01-17 12:55:27.000
35119,CP12,126.0,2280.0,1,2023-08-23 04:40:18.984,2023-08-23 11:38:52.616
36582,,175.0,2180.0,12,2023-10-02 14:48:29.219,2023-10-02 23:38:08.993
28238,CE19,124.0,1340.0,2,2023-01-19 15:08:39.614,2023-01-19 23:06:21.191
33923,CE10B,85.0,1340.0,1,2023-07-21 14:57:55.153,2023-07-21 22:10:52.140
17974,CE11,146.0,1640.0,3,2022-02-02 04:49:29.000,2022-02-02 12:24:45.000
22173,CE50,142.0,1740.0,1,2022-06-30 04:55:45.000,2022-06-30 11:38:38.488
26957,CE24,170.0,1420.0,1,2022-12-07 14:55:41.006,2022-12-07 21:51:33.633
32640,CP11,154.0,2080.0,6,2023-06-14 14:55:47.268,2023-06-15 00:11:49.034
3553,CP40,52.0,1780.0,2,2020-05-18 14:58:51.000,2020-05-18 20:05:14.000
1131,CE29,100.0,2300.0,3,2020-01-07 04:45:38.000,2020-01-07 11:43:54.000
8532,,134.0,4240.0,1,2021-01-09 13:48:39.000,2021-01-09 19:09:21.000
4857,CP09B,142.0,3700.0,3,2020-07-21 05:01:05.000,2020-07-21 14:31:09.000
8846,CP40,45.0,1300.0,2,2021-01-26 19:37:20.000,2021-01-26 23:21:51.000
7893,CE18B,132.0,2280.0,1,2020-12-09 04:45:36.000,2020-12-09 13:52:43.000
1342,CP33,143.0,2260.0,1,2020-01-17 14:17:54.000,2020-01-17 21:11:21.000
2786,CE29,128.0,2200.0,3,2020-04-08 14:47:36.000,2020-04-08 22:24:38.000
22370,CE09B,106.0,1800.0,1,2022-07-07 04:54:12.000,2022-07-07 11:56:31.990
3997,CP43,114.0,2180.0,3,2020-06-09 15:06:16.000,2020-06-09 21:38:36.000
3977,CP02,172.0,1800.0,2,2020-06-08 04:41:03.000,2020-06-08 12:32:41.000
22795,CE19,105.0,1520.0,2,2022-07-21 14:54:54.000,2022-07-21 22:10:15.821
38603,CP42,172.0,1880.0,1,2023-11-28 04:59:18.177,2023-11-28 12:44:58.450
19693,CP25B,126.0,2800.0,1,2022-04-07 04:56:59.000,2022-04-07 12:02:50.859
13594,CP07,83.0,2680.0,3,2021-08-11 04:59:31.000,2021-08-11 12:27:56.000
14648,CP07,82.0,2480.0,2,2021-09-17 14:59:18.000,2021-09-17 22:47:20.000
25842,CE41B,115.0,1960.0,2,2022-10-28 05:10:05.595,2022-10-28 13:12:14.850
29879,CP39,107.0,4520.0,1,2023-03-20 14:57:02.220,2023-03-20 23:38:40.000
43258,,154.0,2560.0,3,2024-04-04 15:26:35.030,2024-04-04 23:01:04.625
10282,,188.0,2540.0,27,2021-04-02 13:04:08.000,2021-04-02 19:57:36.000
16160,CE34,147.0,1940.0,1,2021-11-17 14:32:57.000,2021-11-17 22:13:10.000
10177,CP40,62.0,1340.0,2,2021-03-30 04:42:28.000,2021-03-30 08:42:13.000
2233,,252.0,6980.0,3,2020-03-06 05:54:38.000,2020-03-06 14:27:20.000
38006,,141.0,9320.0,2,2023-11-10 05:58:13.281,2023-11-10 11:52:01.951
17623,CE33,137.0,1140.0,1,2022-01-19 15:01:30.000,2022-01-19 21:23:48.000
26285,CE46,91.0,2300.0,1,2022-11-14 04:59:00.903,2022-11-14 12:05:01.203
25358,,121.0,9660.0,1,2022-10-11 06:08:00.584,2022-10-11 13:04:30.450
13342,CE18B,128.0,2080.0,1,2021-08-03 04:49:35.000,2021-08-03 12:14:08.000
28220,,143.0,9840.0,2,2023-01-18 06:06:35.868,2023-01-18 14:57:41.179
4649,CP02,178.0,1840.0,2,2020-07-10 04:46:20.000,2020-07-10 13:23:40.000
8290,CP15,114.0,1960.0,1,2020-12-29 04:36:40.000,2020-12-29 12:27:06.000
18169,CP15,112.0,1940.0,1,2022-02-10 15:07:56.000,2022-02-10 22:37:01.000
24362,CE30B,131.0,1720.0,2,2022-09-08 14:25:42.716,2022-09-08 22:13:48.274
24253,CE09B,104.0,2580.0,1,2022-09-05 04:50:03.000,2022-09-05 11:49:03.474
4162,CE50,143.0,1580.0,1,2020-06-17 15:50:31.000,2020-06-18 01:17:09.000
5203,CP29,124.0,2400.0,1,2020-08-05 04:40:37.000,2020-08-05 11:17:28.000
9203,CE12,124.0,2240.0,1,2021-02-11 05:06:17.000,2021-02-11 12:05:05.000
6276,CP40,48.0,1680.0,3,2020-09-22 20:39:56.000,2020-09-23 01:10:16.000
27527,CE01,216.0,1740.0,1,2022-12-27 05:01:21.948,2022-12-27 12:41:48.417
13320,CP26,85.0,4780.0,1,2021-08-02 15:01:31.000,2021-08-02 22:00:00.000
20247,CP31,208.0,1420.0,1,2022-04-27 04:37:56.000,2022-04-27 11:57:10.104
25133,CE40,42.0,1360.0,2,2022-10-04 20:05:15.768,2022-10-04 22:54:44.057
41142,,150.0,1680.0,3,2024-02-07 14:53:37.054,2024-02-07 21:11:27.312
10005,CP11,147.0,1900.0,1,2021-03-22 14:58:07.000,2021-03-22 22:16:26.000
2550,CP07,84.0,2500.0,2,2020-03-25 04:43:09.000,2020-03-25 11:22:39.000
38916,,116.0,2000.0,1,2023-12-06 15:31:30.479,2023-12-06 21:02:01.680
10551,CE38B,149.0,1720.0,1,2021-04-15 14:53:52.000,2021-04-15 23:26:09.000
20650,CE16,127.0,1640.0,1,2022-05-11 14:54:58.000,2022-05-11 22:26:10.648
14003,CE09B,112.0,1800.0,2,2021-08-26 04:59:46.000,2021-08-26 12:54:44.000
21122,CP18B,127.0,1980.0,1,2022-05-26 05:08:33.000,2022-05-26 12:14:36.608
19788,CE35,123.0,1860.0,1,2022-04-11 04:42:33.000,2022-04-11 11:44:55.138
20597,CP12,142.0,2200.0,1,2022-05-09 05:06:47.000,2022-05-09 13:36:58.097
12865,CE46,94.0,1300.0,1,2021-07-17 04:37:52.000,2021-07-17 11:50:15.000
2217,CE20B,94.0,2280.0,2,2020-03-06 14:35:39.000,2020-03-06 21:34:51.000
1380,,88.0,8640.0,1,2020-01-21 06:10:58.000,2020-01-21 11:29:34.000
4767,CP35,142.0,3000.0,3,2020-07-16 04:58:47.000,2020-07-16 12:56:54.000
9355,CP29,124.0,2620.0,2,2021-02-18 05:04:23.000,2021-02-18 12:46:26.000
14185,CP29,131.0,3140.0,2,2021-09-01 04:50:13.000,2021-09-01 13:39:25.000
22478,CE20B,95.0,2300.0,1,2022-07-11 15:14:23.000,2022-07-11 21:49:00.942
15002,CP07,82.0,2820.0,2,2021-10-01 15:21:19.000,2021-10-01 22:07:02.000
20615,CE18B,122.0,2080.0,1,2022-05-10 15:05:31.000,2022-05-10 21:16:09.532
28834,CP18B,129.0,2040.0,1,2023-02-09 14:59:28.315,2023-02-09 22:34:53.282
17672,CE19,102.0,1260.0,2,2022-01-21 14:57:10.000,2022-01-21 21:16:55.000
21362,CE19,104.0,1460.0,2,2022-06-03 14:44:35.000,2022-06-03 21:31:33.960
10768,CP29,122.0,2620.0,2,2021-04-23 04:59:26.000,2021-04-23 12:58:17.000
6820,CP30B,159.0,1280.0,1,2020-10-17 04:55:15.000,2020-10-17 12:19:19.000
4433,CP09B,107.0,3120.0,1,2020-06-30 04:53:23.000,2020-06-30 12:37:49.000
11614,CE27,129.0,1980.0,1,2021-05-28 05:15:48.000,2021-05-28 12:16:39.000
18757,CE35,123.0,1760.0,1,2022-03-07 05:01:16.000,2022-03-07 12:16:15.288
10986,CP39,110.0,4020.0,1,2021-05-03 14:59:57.000,2021-05-04 00:12:04.000
19784,CP26,88.0,3900.0,1,2022-04-11 14:49:13.000,2022-04-11 23:17:25.207
36524,,186.0,1800.0,1,2023-09-29 15:02:31.353,2023-09-29 22:10:45.023
3433,CE38B,145.0,1640.0,1,2020-05-12 04:48:15.000,2020-05-12 10:37:20.000
19705,CE11,150.0,1800.0,5,2022-04-08 14:43:54.000,2022-04-08 21:43:54.994
15504,CP18B,127.0,2000.0,1,2021-10-21 14:55:11.000,2021-10-21 22:36:08.000
14611,CP29,132.0,3060.0,2,2021-09-16 05:06:59.000,2021-09-16 15:57:13.000
15650,CP02,160.0,2400.0,1,2021-10-27 14:55:58.000,2021-10-27 22:44:38.000
5100,CP09B,101.0,2120.0,1,2020-07-31 04:59:36.000,2020-07-31 11:11:08.000
7008,CP40,47.0,1480.0,3,2020-10-27 20:07:02.000,2020-10-28 00:57:10.000
14049,CE41B,119.0,1780.0,2,2021-08-27 04:21:54.000,2021-08-27 11:27:39.000
16354,CE29,125.0,2480.0,1,2021-11-25 04:51:22.000,2021-11-25 13:13:16.000
17820,CE09B,116.0,1680.0,1,2022-01-27 05:01:31.000,2022-01-27 12:01:30.000
4040,CE04,93.0,1920.0,1,2020-06-11 04:51:56.000,2020-06-11 11:04:15.000
18351,CE39,113.0,2660.0,2,2022-02-18 14:53:34.000,2022-02-18 22:27:57.789
2974,CP07,78.0,2400.0,3,2020-04-17 15:02:33.000,2020-04-17 20:55:38.000
18392,CE26,88.0,3260.0,1,2022-02-21 15:18:10.000,2022-02-21 23:54:51.107
11393,CP26,88.0,3340.0,1,2021-05-19 14:57:27.000,2021-05-19 23:29:56.000
6499,CE16,138.0,2180.0,1,2020-10-02 14:59:57.000,2020-10-02 22:32:25.000
18496,CE09B,104.0,1960.0,1,2022-02-24 04:51:28.000,2022-02-24 11:34:59.305
27408,CP18B,126.0,2500.0,1,2022-12-22 15:33:27.737,2022-12-22 23:58:07.294
6566,CP09B,99.0,2480.0,1,2020-10-06 04:24:21.000,2020-10-06 11:22:37.000
17385,CE26,89.0,3040.0,1,2022-01-10 14:23:16.000,2022-01-10 22:37:57.000
33244,CP26,79.0,4080.0,1,2023-07-03 15:21:38.832,2023-07-03 23:31:54.467
11199,CE21B,82.0,2680.0,1,2021-05-12 15:01:58.000,2021-05-12 21:17:59.000
16515,CE33,129.0,1220.0,1,2021-12-02 15:10:30.000,2021-12-02 21:25:58.000
19806,CE51,132.0,2220.0,1,2022-04-12 15:01:19.000,2022-04-13 01:00:46.255
1761,CP40,48.0,1620.0,2,2020-02-10 05:01:30.000,2020-02-10 09:54:43.000
29192,CE18B,135.0,2180.0,1,2023-02-23 05:08:29.651,2023-02-23 11:59:51.184
1762,CP39,88.0,4520.0,1,2020-02-10 14:58:43.000,2020-02-11 00:49:13.000
10966,Óbidos CE02,124.0,1440.0,1,2021-05-03 05:08:35.000,2021-05-03 12:23:54.000
12292,CE39,106.0,2240.0,1,2021-06-25 14:53:43.000,2021-06-25 20:57:32.000
18242,CP12,115.0,1920.0,1,2022-02-14 05:00:17.000,2022-02-14 12:18:55.000
16593,CE04,119.0,1600.0,1,2021-12-06 05:04:53.000,2021-12-06 12:04:42.000
32037,CE39,102.0,2260.0,1,2023-05-26 14:58:11.609,2023-05-26 22:44:50.700
1542,CE01,232.0,2180.0,2,2020-01-29 15:15:38.000,2020-01-30 00:43:56.000
9964,CP29,108.0,1240.0,2,2021-03-19 05:08:11.000,2021-03-19 10:05:06.000
10262,CP29,146.0,2960.0,2,2021-04-02 04:46:26.000,2021-04-02 14:35:10.000
13991,CP35,123.0,2660.0,3,2021-08-25 04:55:37.000,2021-08-25 12:14:25.000
8741,CE12,129.0,1980.0,1,2021-01-21 04:41:46.000,2021-01-21 11:57:47.000
16758,CE35,113.0,1120.0,1,2021-12-13 04:56:58.000,2021-12-13 10:47:34.000
18799,CE41B,100.0,2660.0,1,2022-03-08 05:04:03.000,2022-03-08 12:03:24.721
14036,CE39,71.0,2520.0,1,2021-08-25 19:11:12.000,2021-08-26 01:35:28.000
11771,CP26,64.0,2660.0,1,2021-06-02 19:30:20.000,2021-06-03 01:50:34.000
12977,CP39,90.0,3840.0,1,2021-07-21 15:20:21.000,2021-07-21 23:13:54.000
14778,CE09B,103.0,1760.0,2,2021-09-23 04:58:48.000,2021-09-23 12:22:17.000
13481,CE19,112.0,1580.0,1,2021-08-07 04:47:23.000,2021-08-07 12:22:08.000
8089,CE01,240.0,2080.0,1,2020-12-18 14:49:36.000,2020-12-19 00:51:43.000
7411,CE09B,107.0,2040.0,2,2020-11-16 05:00:02.000,2020-11-16 11:34:30.000
1886,CP02,174.0,2480.0,2,2020-02-17 04:52:52.000,2020-02-17 14:35:36.000
32581,CP18B,132.0,2940.0,1,2023-06-13 14:45:17.153,2023-06-13 23:08:18.525
24814,CP29,126.0,3120.0,1,2022-09-22 04:51:47.117,2022-09-22 13:15:10.894
16291,CE41B,120.0,2540.0,2,2021-11-23 05:08:33.000,2021-11-23 13:10:00.000
31564,CP26,86.0,4080.0,1,2023-05-12 14:56:23.398,2023-05-12 23:12:37.715
19121,CE04,126.0,1140.0,1,2022-03-18 04:52:41.000,2022-03-18 12:24:55.577
23486,CP18B,135.0,2600.0,1,2022-08-11 05:03:33.000,2022-08-11 11:46:02.529
7494,CE12,128.0,1780.0,1,2020-11-19 04:55:01.000,2020-11-19 12:21:14.000
11750,CE12,130.0,2380.0,1,2021-06-03 04:54:52.000,2021-06-03 12:57:20.000
7594,CP09B,110.0,3540.0,1,2020-11-24 04:42:31.000,2020-11-24 12:51:09.000
16695,CP05,120.0,1660.0,1,2021-12-09 15:00:57.000,2021-12-09 21:22:09.000
19189,CP39,110.0,4120.0,1,2022-03-21 15:03:21.000,2022-03-22 01:42:42.938
21926,CP39,106.0,3740.0,1,2022-06-22 15:14:56.000,2022-06-22 22:49:27.262
23137,CE10B,92.0,2140.0,1,2022-08-01 04:52:29.000,2022-08-01 10:55:58.406
37853,CE10B,96.0,2380.0,1,2023-11-07 04:59:15.182,2023-11-07 11:56:04.411
24882,CP27,138.0,1860.0,1,2022-09-24 04:56:38.762,2022-09-24 14:06:28.875
19211,CE50,141.0,1760.0,1,2022-03-22 14:35:56.000,2022-03-22 21:40:53.022
2755,CP40,44.0,1200.0,2,2020-04-06 18:35:08.000,2020-04-06 21:31:30.000
3635,CP19,113.0,2160.0,1,2020-05-21 14:33:09.000,2020-05-21 22:21:01.000
3234,CE24,170.0,1960.0,1,2020-05-01 04:48:15.000,2020-05-01 10:58:35.000
26565,CE24,174.0,1060.0,1,2022-11-23 05:04:47.612,2022-11-23 11:57:38.667
11337,,153.0,2020.0,20,2021-05-17 14:51:36.000,2021-05-18 00:10:55.000
9729,CP40,43.0,1460.0,2,2021-03-09 19:26:13.000,2021-03-09 23:06:56.000
26366,CE04,107.0,1600.0,1,2022-11-16 04:55:34.167,2022-11-16 11:54:38.521
24936,CE18B,136.0,2420.0,1,2022-09-27 14:59:04.095,2022-09-28 00:16:39.582
7694,CE07,101.0,1200.0,1,2020-11-30 14:25:08.000,2020-11-30 23:59:00.000
8983,CE41B,100.0,2740.0,2,2021-02-02 04:35:26.000,2021-02-02 12:05:26.000
12869,CE37B,107.0,1620.0,1,2021-07-17 05:04:20.000,2021-07-17 13:02:41.000
12718,,140.0,10120.0,1,2021-07-12 05:57:59.000,2021-07-12 14:04:44.000
20464,CP01,222.0,1320.0,1,2022-05-04 04:56:41.000,2022-05-04 12:03:27.066
10690,CE37B,96.0,2520.0,2,2021-04-21 04:57:35.000,2021-04-21 11:38:07.000
2989,CE07,79.0,1980.0,1,2020-04-20 04:49:58.000,2020-04-20 11:25:50.000
4496,CE24,162.0,1820.0,1,2020-07-03 05:02:36.000,2020-07-03 12:08:49.000
8373,CE31,214.0,3620.0,2,2021-01-04 04:45:36.000,2021-01-04 12:53:58.000
8082,CE33,117.0,1820.0,1,2020-12-18 14:14:57.000,2020-12-18 21:06:49.000
4755,CE15,109.0,1320.0,1,2020-07-16 15:04:06.000,2020-07-16 21:32:48.000
31002,CP35,122.0,2480.0,2,2023-04-25 04:42:31.720,2023-04-25 12:10:26.970
32721,CP35,113.0,1900.0,2,2023-06-16 05:04:32.455,2023-06-16 11:33:21.872
34408,CE10B,87.0,1740.0,1,2023-08-04 15:00:32.164,2023-08-04 22:05:39.443
1548,CP28,164.0,1860.0,1,2020-01-29 04:33:05.000,2020-01-29 11:09:39.000
37953,CP35,129.0,2720.0,2,2023-11-09 05:03:50.186,2023-11-09 12:33:41.411
9845,CE46,93.0,1960.0,1,2021-03-15 04:40:16.000,2021-03-15 11:30:31.000
19578,CE46,97.0,2000.0,1,2022-04-04 04:59:07.000,2022-04-04 12:21:58.978
10543,,150.0,11300.0,1,2021-04-13 15:00:19.000,2021-04-13 22:22:18.000
23305,CP07,82.0,3060.0,1,2022-08-05 14:58:57.000,2022-08-05 22:52:52.087
3008,CP35,122.0,2940.0,1,2020-04-20 05:07:05.000,2020-04-20 12:18:26.000
1698,,176.0,9480.0,9,2020-02-06 05:58:25.000,2020-02-06 15:19:27.000
15693,CP08,187.0,1600.0,1,2021-10-28 05:09:45.000,2021-10-28 12:32:58.000
5575,CP41B,115.0,3200.0,1,2020-08-20 04:46:25.000,2020-08-20 12:45:51.000
19882,CP15,107.0,1420.0,1,2022-04-14 14:52:21.000,2022-04-14 21:55:17.472
23272,CP15,125.0,1940.0,1,2022-08-04 05:02:27.000,2022-08-04 12:50:06.989
8428,CE05,123.0,1800.0,1,2021-01-06 04:58:33.000,2021-01-06 11:38:10.000
24668,CP07,86.0,3480.0,3,2022-09-17 13:41:32.767,2022-09-17 21:29:49.096
4726,CE41B,117.0,2940.0,1,2020-07-14 15:00:23.000,2020-07-14 23:47:20.000
11909,,140.0,9560.0,1,2021-06-09 05:53:13.000,2021-06-09 14:09:39.000
25335,CE46,99.0,1860.0,1,2022-10-11 04:40:36.773,2022-10-11 11:33:39.242
28449,,194.0,3860.0,6,2023-01-26 05:53:57.113,2023-01-26 14:13:42.809
3343,CE15,112.0,1920.0,1,2020-05-07 05:05:33.000,2020-05-07 12:16:24.000
10796,CE20B,97.0,2380.0,2,2021-04-26 13:53:49.000,2021-04-26 22:55:37.000
21950,CE20B,98.0,2360.0,1,2022-06-23 05:04:10.000,2022-06-23 12:05:56.289
26171,CP35,122.0,1580.0,2,2022-11-09 05:06:46.979,2022-11-09 11:51:08.004
35903,,90.0,9300.0,4,2023-09-12 05:46:21.628,2023-09-12 13:11:52.021
1975,CP33,101.0,1560.0,1,2020-02-21 04:45:17.000,2020-02-21 10:11:31.000
7215,CP11,158.0,1780.0,11,2020-11-05 14:34:22.000,2020-11-05 22:36:18.000
28402,CP52,183.0,1820.0,1,2023-01-25 14:56:45.274,2023-01-25 21:58:53.808
3045,CE29,128.0,2380.0,2,2020-04-22 04:44:48.000,2020-04-22 12:39:02.000
33095,CE38B,147.0,2140.0,1,2023-06-28 15:16:55.911,2023-06-29 00:17:10.597
2238,CE05,122.0,1520.0,1,2020-03-07 04:53:16.000,2020-03-07 11:36:30.000
19319,CE19,95.0,1020.0,1,2022-03-25 04:59:45.000,2022-03-25 11:23:53.296
10861,CE07,89.0,2540.0,1,2021-04-28 04:43:06.000,2021-04-28 14:00:02.000
9461,CE37B,94.0,2280.0,2,2021-02-24 14:50:26.000,2021-02-24 22:14:51.000
6136,CP32,151.0,1820.0,1,2020-09-15 04:37:54.000,2020-09-15 13:41:57.000
27203,CP15,114.0,1920.0,1,2022-12-15 05:04:46.564,2022-12-15 11:37:14.776
38578,,187.0,2640.0,1,2023-11-27 14:49:21.774,2023-11-27 23:17:25.223
24188,CE37B,103.0,1100.0,1,2022-09-02 05:04:30.000,2022-09-02 12:27:31.109
8087,CE07,31.0,1920.0,1,2020-12-18 14:43:33.000,2020-12-18 17:04:23.000
11761,CP28,164.0,2820.0,1,2021-06-03 04:53:48.000,2021-06-03 11:52:55.000
27223,CE46,95.0,1300.0,1,2022-12-16 05:02:24.428,2022-12-16 11:12:47.357
11438,CP29,130.0,3480.0,2,2021-05-21 04:51:22.000,2021-05-21 12:20:44.000
14158,CP11,154.0,1760.0,2,2021-08-31 04:39:06.000,2021-08-31 13:07:28.000
6127,CP01,238.0,2020.0,2,2020-09-15 05:04:34.000,2020-09-15 13:59:53.000
7419,CE31,222.0,2180.0,2,2020-11-16 14:09:04.000,2020-11-16 22:02:05.000
1509,CE46,92.0,1920.0,1,2020-01-28 05:07:07.000,2020-01-28 12:50:06.000
3634,CP28,162.0,2900.0,2,2020-05-21 05:03:59.000,2020-05-21 12:35:35.000
12060,CE46,90.0,1540.0,1,2021-06-16 04:56:47.000,2021-06-16 11:25:34.000
17503,CE51,119.0,2440.0,1,2022-01-14 04:54:37.000,2022-01-14 11:17:10.000
7739,CP40,38.0,1400.0,2,2020-12-01 20:07:21.000,2020-12-02 00:05:44.000
27312,CE20B,93.0,2900.0,1,2022-12-20 14:58:29.080,2022-12-20 22:06:36.308
5696,CP07,79.0,2100.0,2,2020-08-26 05:35:01.000,2020-08-26 11:57:42.000
6593,CP33,146.0,1320.0,2,2020-10-07 05:04:50.000,2020-10-07 13:06:55.000
16031,CP36,128.0,2160.0,1,2021-11-11 14:59:30.000,2021-11-11 21:38:59.000
2975,CP03,101.0,1920.0,1,2020-04-17 04:43:25.000,2020-04-17 10:33:35.000
6716,CP14,147.0,1660.0,1,2020-10-13 14:58:07.000,2020-10-13 21:42:41.000
4427,CE31,213.0,1500.0,1,2020-06-30 05:07:13.000,2020-06-30 13:11:01.000
3100,CE19,105.0,1920.0,1,2020-04-24 15:00:04.000,2020-04-24 21:40:55.000
14053,CE37B,108.0,1700.0,1,2021-08-27 05:01:54.000,2021-08-27 12:39:01.000
14677,CE09B,107.0,2220.0,2,2021-09-20 04:58:11.000,2021-09-20 12:46:14.000
3916,CP19,110.0,2520.0,1,2020-06-04 14:33:06.000,2020-06-04 23:24:55.000
4894,CP50,143.0,2220.0,1,2020-07-22 15:12:57.000,2020-07-22 21:44:16.000
22651,,111.0,9020.0,1,2022-07-15 05:50:09.000,2022-07-15 12:49:04.376
15610,CE15,112.0,1660.0,1,2021-10-26 14:34:18.000,2021-10-26 21:54:02.000
40102,CE38B,139.0,2000.0,1,2024-01-10 05:06:19.788,2024-01-10 11:54:23.477
10091,CE41B,113.0,1480.0,2,2021-03-26 04:29:50.000,2021-03-26 11:33:45.000
18510,,136.0,9760.0,1,2022-02-23 14:50:48.000,2022-02-23 21:58:41.366
23622,CP40,47.0,1420.0,1,2022-08-16 19:02:27.000,2022-08-16 22:31:37.198
17905,CE20B,96.0,2880.0,2,2022-01-31 05:10:53.000,2022-01-31 13:59:40.000
4598,CP34,145.0,2480.0,1,2020-07-08 14:36:47.000,2020-07-08 21:46:56.000
10617,CP08,194.0,1860.0,1,2021-04-17 04:47:01.000,2021-04-17 13:02:47.000
1792,CP15,112.0,1460.0,1,2020-02-11 15:05:18.000,2020-02-11 21:33:58.000
15784,CP01,218.0,2000.0,1,2021-11-02 15:08:00.000,2021-11-02 23:32:42.000
5973,CE38B,150.0,1920.0,1,2020-09-08 14:25:50.000,2020-09-08 21:35:51.000
1455,CE41B,105.0,1500.0,1,2020-01-24 14:45:04.000,2020-01-24 22:16:02.000
21847,CP35,122.0,2320.0,3,2022-06-20 05:06:01.000,2022-06-20 14:21:56.390
20504,,154.0,9080.0,1,2022-05-04 15:05:29.000,2022-05-04 22:50:28.158
11715,CE46,92.0,1920.0,1,2021-06-02 04:54:12.000,2021-06-02 12:27:40.000
13149,CE51,124.0,2340.0,1,2021-07-28 14:36:58.000,2021-07-28 22:02:51.000
10942,CE20B,98.0,1820.0,2,2021-05-01 04:50:04.000,2021-05-01 13:28:18.000
31960,CP35,130.0,1680.0,2,2023-05-24 04:47:01.701,2023-05-24 11:55:24.049
8819,CP02,167.0,2620.0,1,2021-01-25 04:50:57.000,2021-01-25 11:15:16.000
21157,CP08,192.0,1400.0,1,2022-05-27 04:48:32.000,2022-05-27 11:24:45.042
3981,CP41B,112.0,3860.0,1,2020-06-08 04:35:50.000,2020-06-08 13:18:39.000
18367,CP52,176.0,1440.0,1,2022-02-18 14:59:20.000,2022-02-18 21:08:35.103
19685,CE09B,106.0,1260.0,1,2022-04-07 05:00:40.000,2022-04-07 13:02:41.891
42635,,157.0,3060.0,2,2024-03-19 14:26:25.261,2024-03-19 22:10:45.895
15189,CP02,163.0,1720.0,1,2021-10-08 14:45:49.000,2021-10-08 21:42:23.000
5506,CP40,57.0,1620.0,3,2020-08-18 04:41:29.000,2020-08-18 11:54:15.000
16861,CP32,136.0,2100.0,1,2021-12-16 04:53:11.000,2021-12-16 12:39:58.000
2474,CP33,145.0,3120.0,1,2020-03-20 15:15:09.000,2020-03-20 23:01:04.000
27402,CP15,141.0,1900.0,1,2022-12-22 04:53:51.189,2022-12-22 12:47:43.902
3525,CE46,91.0,1580.0,1,2020-05-16 04:53:18.000,2020-05-16 11:01:18.000
9510,CE19,112.0,1400.0,1,2021-02-26 14:43:33.000,2021-02-26 21:53:03.000
19173,CE46,64.0,1760.0,1,2022-03-21 04:54:25.000,2022-03-21 11:28:38.846
26930,CP40,57.0,1380.0,1,2022-12-06 05:01:52.189,2022-12-06 08:31:18.492
10394,CP35,131.0,3020.0,1,2021-04-08 04:56:50.000,2021-04-08 12:09:46.000
26935,CP01,208.0,1920.0,1,2022-12-06 14:58:29.477,2022-12-06 21:07:32.274
4423,CE05,121.0,2180.0,2,2020-06-30 14:50:36.000,2020-06-30 20:58:58.000
23397,CE41B,107.0,2540.0,2,2022-08-09 05:00:41.000,2022-08-09 12:55:50.737
11886,CE07,80.0,2180.0,1,2021-06-09 14:51:46.000,2021-06-09 20:49:12.000
17020,CE33,137.0,1320.0,1,2021-12-23 14:49:20.000,2021-12-23 21:19:05.000
36684,CE33,134.0,1820.0,1,2023-10-05 14:04:37.640,2023-10-05 21:18:58.900
3712,CE51,135.0,2220.0,1,2020-05-26 15:09:01.000,2020-05-26 22:01:29.000
7065,CE15,112.0,1640.0,1,2020-10-29 04:45:45.000,2020-10-29 12:06:48.000
11400,,22.0,920.0,1,2021-05-19 11:22:03.000,2021-05-19 13:13:35.000
3538,CP03,98.0,2660.0,1,2020-05-16 12:37:15.000,2020-05-16 18:55:27.000
7014,CP15,119.0,2760.0,1,2020-10-27 15:03:49.000,2020-10-27 21:54:40.000
3787,CE16,148.0,2600.0,1,2020-05-29 04:46:06.000,2020-05-29 12:44:37.000
16983,CE16,128.0,1520.0,2,2021-12-22 04:51:23.000,2021-12-22 13:18:03.000
19325,CE16,134.0,1480.0,2,2022-03-25 04:57:21.000,2022-03-25 12:29:44.887
1981,CP26,112.0,3540.0,1,2020-02-21 14:59:10.000,2020-02-21 23:26:11.000
12377,CE40,52.0,1360.0,1,2021-06-29 04:58:03.000,2021-06-29 09:11:20.000
22931,CP25B,111.0,1840.0,1,2022-07-25 04:53:19.000,2022-07-25 10:57:34.652
17557,CE35,123.0,1860.0,1,2022-01-17 05:06:17.000,2022-01-17 12:09:59.000
13849,CE39,106.0,2220.0,1,2021-08-20 14:56:51.000,2021-08-20 21:50:26.000
22630,CE41B,107.0,1680.0,2,2022-07-15 05:00:02.000,2022-07-15 12:13:01.968
24323,CE10B,88.0,1880.0,1,2022-09-07 04:59:44.087,2022-09-07 11:42:06.033
14339,CE08,198.0,3040.0,1,2021-09-07 14:16:28.000,2021-09-07 22:28:46.000
13399,,133.0,8560.0,1,2021-08-04 05:56:04.000,2021-08-04 11:40:57.000
30435,,96.0,8420.0,1,2023-04-06 14:58:51.936,2023-04-07 00:00:30.459
4306,CE51,122.0,1940.0,1,2020-06-24 05:00:44.000,2020-06-24 13:09:17.000
13937,CE15,149.0,2560.0,1,2021-08-24 04:49:16.000,2021-08-24 12:25:53.000
6711,CE20B,91.0,2760.0,1,2020-10-13 14:28:37.000,2020-10-13 21:39:59.000
22946,CE18B,137.0,2240.0,1,2022-07-26 04:50:06.000,2022-07-26 12:42:38.930
30804,CP07,85.0,2960.0,4,2023-04-19 15:01:17.378,2023-04-19 23:12:06.391
9245,,133.0,9480.0,1,2021-02-12 05:38:05.000,2021-02-12 12:36:05.000
19460,CP08,191.0,1540.0,1,2022-03-30 05:02:49.000,2022-03-30 13:03:03.118
9965,CP32,144.0,1260.0,1,2021-03-19 04:46:54.000,2021-03-19 13:35:46.000
13890,CP11,160.0,1400.0,1,2021-08-21 04:46:54.000,2021-08-21 14:03:22.000
12119,CE30B,149.0,2500.0,2,2021-06-18 14:49:39.000,2021-06-18 22:18:45.000
20032,CE39,92.0,2440.0,1,2022-04-20 15:06:12.000,2022-04-20 22:29:16.433
6233,Óbidos CE02,113.0,1700.0,1,2020-09-21 14:50:45.000,2020-09-21 22:26:24.000
4223,CE35,122.0,3080.0,1,2020-06-19 05:03:30.000,2020-06-19 13:40:51.000
9164,CE27,158.0,1960.0,1,2021-02-10 04:51:33.000,2021-02-10 12:33:10.000
30261,Óbidos CE01,157.0,2060.0,1,2023-04-03 04:57:07.520,2023-04-03 13:25:56.032
20852,CE16,127.0,1580.0,2,2022-05-18 04:53:18.000,2022-05-18 11:55:01.079
13163,CP26,92.0,3000.0,1,2021-07-28 15:03:10.000,2021-07-28 22:44:45.000
37796,CP26,87.0,4540.0,1,2023-11-06 14:58:12.041,2023-11-06 22:45:46.814
4134,CE41B,110.0,2500.0,1,2020-06-16 04:56:51.000,2020-06-16 11:19:46.000
12829,,91.0,8640.0,1,2021-07-15 16:05:52.000,2021-07-15 22:51:52.000
9226,CE51,117.0,1520.0,1,2021-02-12 05:00:08.000,2021-02-12 11:29:43.000
37156,CP07,89.0,3400.0,3,2023-10-18 14:54:22.287,2023-10-18 21:52:27.982
34724,,173.0,8720.0,2,2023-08-11 15:04:46.971,2023-08-11 21:52:59.301
13596,CP32,151.0,2160.0,1,2021-08-11 04:47:26.000,2021-08-11 11:54:15.000
2968,CP33,142.0,3360.0,1,2020-04-17 15:07:30.000,2020-04-17 21:44:03.000
11813,CE04,102.0,1800.0,1,2021-06-05 04:56:31.000,2021-06-05 12:06:29.000
9016,CE27,99.0,1080.0,1,2021-02-03 04:59:50.000,2021-02-03 12:41:33.000
33662,Óbidos CE01,125.0,1280.0,1,2023-07-14 05:04:50.136,2023-07-14 11:15:32.437
28150,CE34,150.0,2200.0,1,2023-01-17 14:58:32.045,2023-01-17 21:38:14.867
1476,CE49,165.0,1260.0,2,2020-01-25 04:50:41.000,2020-01-25 11:41:24.000
30737,,148.0,9040.0,2,2023-04-17 05:52:07.180,2023-04-17 13:11:37.171
7082,,163.0,9660.0,2,2020-10-29 14:56:25.000,2020-10-30 01:54:51.000
2143,CP35,126.0,3020.0,1,2020-03-02 04:54:47.000,2020-03-02 13:04:38.000
42454,,154.0,8720.0,1,2024-03-14 06:07:28.925,2024-03-14 12:55:20.044
10054,CP15,106.0,2260.0,1,2021-03-24 05:01:35.000,2021-03-24 11:43:10.000
31126,CE38B,138.0,2200.0,1,2023-04-28 14:54:16.729,2023-04-28 21:58:40.974
20277,CE09B,106.0,1980.0,1,2022-04-28 04:50:50.000,2022-04-28 11:50:56.723
5756,CP01,234.0,940.0,1,2020-08-28 14:58:13.000,2020-08-28 22:12:51.000
3944,CP09B,107.0,2100.0,1,2020-06-05 05:08:41.000,2020-06-05 11:52:13.000
26628,CE16,118.0,780.0,1,2022-11-24 10:01:45.677,2022-11-24 15:24:58.785
23155,CP26,89.0,3960.0,1,2022-08-01 15:01:43.000,2022-08-01 22:53:33.348
27093,CP39,113.0,4020.0,1,2022-12-12 14:57:42.540,2022-12-13 00:27:25.951
28867,CP39,114.0,3640.0,1,2023-02-10 14:44:37.040,2023-02-10 22:47:14.435
23444,CE39,100.0,1980.0,1,2022-08-10 15:02:15.000,2022-08-10 22:19:53.742
25030,CP29,146.0,2760.0,1,2022-09-29 04:53:50.117,2022-09-29 13:36:51.917
22936,CP05,128.0,2280.0,1,2022-07-25 14:40:14.000,2022-07-25 21:59:57.443
31219,CE16,117.0,1380.0,1,2023-05-02 15:04:01.121,2023-05-02 21:50:28.217
24654,CP39,64.0,1480.0,1,2022-09-15 18:42:05.632,2022-09-15 21:58:20.517
24344,CP07,135.0,3820.0,3,2022-09-07 14:58:58.055,2022-09-08 00:01:58.007
27619,CP27,133.0,4060.0,1,2022-12-29 14:44:19.827,2022-12-29 22:44:55.849
4445,CE37B,90.0,1500.0,1,2020-07-01 05:02:22.000,2020-07-01 11:40:44.000
13156,CE34,145.0,2060.0,1,2021-07-28 04:59:48.000,2021-07-28 11:32:13.000
2337,CP19,130.0,1380.0,1,2020-03-12 14:13:50.000,2020-03-12 22:34:47.000
4756,CE04,94.0,1880.0,1,2020-07-16 04:59:10.000,2020-07-16 12:06:32.000
14453,CP29,116.0,1980.0,1,2021-09-10 05:02:49.000,2021-09-10 12:58:36.000
23292,CE41B,110.0,2000.0,2,2022-08-05 05:13:16.000,2022-08-05 13:07:44.291
28118,CP26,86.0,4160.0,1,2023-01-16 14:54:42.081,2023-01-16 22:23:28.864
25732,CE34,153.0,2040.0,1,2022-10-25 05:00:45.906,2022-10-25 12:47:54.712
1062,CE49,126.0,2120.0,2,2020-01-03 14:32:08.000,2020-01-03 21:50:09.000
21420,CE37B,94.0,1600.0,1,2022-06-06 14:55:36.000,2022-06-06 21:14:10.038
23743,CE37B,108.0,1860.0,1,2022-08-19 04:49:29.000,2022-08-19 13:21:05.837
21032,CE30B,136.0,1600.0,2,2022-05-24 15:14:45.000,2022-05-24 22:26:41.767
23805,CE09B,105.0,2420.0,1,2022-08-22 04:47:29.000,2022-08-22 12:04:08.724
36285,,203.0,2100.0,2,2023-09-22 15:01:34.283,2023-09-22 23:13:05.665
6354,Óbidos CESexta,107.0,1440.0,1,2020-09-25 15:00:38.000,2020-09-25 21:42:32.000
8596,CE12,118.0,2280.0,1,2021-01-14 15:12:26.000,2021-01-14 22:59:21.000
12842,CE01,218.0,740.0,1,2021-07-16 14:40:08.000,2021-07-16 22:14:54.000
5256,CE41B,108.0,1880.0,1,2020-08-07 04:48:33.000,2020-08-07 12:28:42.000
6494,CE05,121.0,1940.0,2,2020-10-02 14:55:25.000,2020-10-02 21:38:03.000
27389,CE09B,114.0,1620.0,1,2022-12-22 04:52:06.736,2022-12-22 12:40:02.003
4208,CP33,155.0,1560.0,2,2020-06-18 14:26:10.000,2020-06-18 21:43:16.000
14944,CE26,86.0,2420.0,1,2021-09-29 15:19:37.000,2021-09-29 22:54:52.000
19292,CE10B,108.0,2820.0,1,2022-03-24 15:00:08.000,2022-03-25 00:20:29.871
23702,CE24,179.0,1940.0,1,2022-08-18 14:50:41.000,2022-08-18 22:21:12.341
15226,Óbidos CE02,128.0,1680.0,1,2021-10-11 14:49:52.000,2021-10-11 22:25:10.000
14107,CE12,128.0,2620.0,1,2021-08-30 05:02:06.000,2021-08-30 11:57:58.000
7097,CP09B,103.0,1920.0,1,2020-10-30 04:59:05.000,2020-10-30 11:31:02.000
24879,CE26,87.0,2800.0,1,2022-09-24 04:54:16.488,2022-09-24 12:41:24.871
14175,CE10B,89.0,2000.0,1,2021-09-01 14:57:07.000,2021-09-01 21:53:57.000
5097,CE07,79.0,1740.0,1,2020-07-31 14:52:49.000,2020-07-31 20:46:46.000
12558,CE37B,103.0,1720.0,1,2021-07-06 14:34:44.000,2021-07-06 21:26:22.000
18067,Óbidos CE02,118.0,1520.0,1,2022-02-07 04:59:08.000,2022-02-07 12:18:35.000
4971,CE12,137.0,2420.0,1,2020-07-27 04:37:46.000,2020-07-27 12:44:38.000
30098,CE01,226.0,1820.0,1,2023-03-28 05:03:27.341,2023-03-28 12:41:39.358
37150,CE46,94.0,1540.0,1,2023-10-18 04:48:45.275,2023-10-18 11:49:38.142
2148,CE41B,102.0,3320.0,1,2020-03-03 04:53:21.000,2020-03-03 12:02:25.000
1457,CE24,169.0,1980.0,1,2020-01-24 14:54:42.000,2020-01-24 22:05:54.000
31727,CE34,162.0,1520.0,1,2023-05-17 05:08:02.610,2023-05-17 12:31:00.969
13281,CE19,107.0,1480.0,1,2021-07-31 04:56:28.000,2021-07-31 11:59:11.000
31808,CP29,195.0,2460.0,1,2023-05-19 04:55:08.422,2023-05-19 15:06:05.247
2867,CE12,126.0,1460.0,1,2020-04-13 04:51:26.000,2020-04-13 12:33:04.000
13847,CE12,121.0,1900.0,1,2021-08-20 05:39:55.000,2021-08-20 13:28:20.000
14967,CE01,216.0,1520.0,1,2021-09-30 15:06:20.000,2021-09-30 22:03:27.000
38759,CP26,97.0,4920.0,1,2023-12-04 05:04:05.589,2023-12-04 14:42:10.858
11204,CE37B,103.0,1700.0,1,2021-05-12 05:08:55.000,2021-05-12 14:06:44.000
1808,CP26,88.0,4240.0,1,2020-02-12 14:54:42.000,2020-02-13 00:27:06.000
36552,CP18B,125.0,2500.0,1,2023-10-02 14:45:49.950,2023-10-02 22:25:58.302
2274,CE50,141.0,1940.0,1,2020-03-10 04:58:47.000,2020-03-10 11:58:20.000
3296,CE50,140.0,2380.0,1,2020-05-05 14:56:11.000,2020-05-05 20:23:26.000
18327,CE29,124.0,2180.0,1,2022-02-17 04:57:58.000,2022-02-17 13:04:08.506
28433,CP27,136.0,2400.0,1,2023-01-26 04:48:57.036,2023-01-26 11:53:53.407
4368,CE46,94.0,2100.0,1,2020-06-26 05:02:24.000,2020-06-26 11:32:38.000
7920,CE19,121.0,1380.0,1,2020-12-10 14:44:29.000,2020-12-10 21:00:41.000
8424,CE07,82.0,1400.0,1,2021-01-06 15:01:48.000,2021-01-06 21:42:40.000
1905,CE41B,91.0,2660.0,1,2020-02-18 04:28:32.000,2020-02-18 12:30:38.000
17946,CP29,124.0,2980.0,1,2022-02-01 05:13:10.000,2022-02-01 14:57:16.000
26048,CP39,95.0,1340.0,1,2022-11-04 14:58:26.698,2022-11-04 22:34:53.766
20796,CP31,201.0,1880.0,1,2022-05-16 14:15:15.000,2022-05-16 23:26:10.111
21606,CP31,205.0,1640.0,1,2022-06-11 04:52:00.000,2022-06-11 12:34:52.658
18329,CE34,156.0,2360.0,1,2022-02-17 15:17:59.000,2022-02-17 23:03:12.217
32776,CP26,89.0,4000.0,1,2023-06-19 15:05:03.862,2023-06-19 23:23:50.770
19944,CP12,134.0,1820.0,1,2022-04-16 04:52:22.000,2022-04-16 12:42:55.989
10122,CE31,209.0,1860.0,1,2021-03-27 05:05:54.000,2021-03-27 12:33:54.000
26519,CE04,111.0,2320.0,1,2022-11-22 04:41:45.649,2022-11-22 12:38:42.694
14541,CP40,48.0,1740.0,1,2021-09-14 19:02:22.000,2021-09-14 22:24:44.000
15783,CE15,124.0,1560.0,1,2021-11-02 05:00:08.000,2021-11-02 11:42:05.000
33374,CE18B,131.0,2340.0,1,2023-07-06 04:32:31.291,2023-07-06 12:20:02.280
38711,,92.0,720.0,4,2023-11-30 14:57:26.490,2023-11-30 19:17:25.380
9677,,162.0,10300.0,1,2021-03-05 05:49:23.000,2021-03-05 15:44:48.000
3091,CP34,141.0,2280.0,1,2020-04-22 18:44:43.000,2020-04-23 02:28:11.000
7653,CP35,119.0,2200.0,2,2020-11-26 04:45:16.000,2020-11-26 12:01:58.000
24617,CP32,128.0,1660.0,1,2022-09-15 10:36:21.693,2022-09-15 17:14:31.487
6321,CE17B,99.0,2560.0,1,2020-09-24 05:00:59.000,2020-09-24 12:11:21.000
25500,CE37B,98.0,2500.0,1,2022-10-17 05:06:57.821,2022-10-17 11:50:19.846
30500,CE46,94.0,1640.0,1,2023-04-10 05:06:12.594,2023-04-10 13:16:33.551
27334,,132.0,9000.0,1,2022-12-19 14:54:37.766,2022-12-19 22:41:55.274
1188,CP29,128.0,2500.0,1,2020-01-09 04:43:45.000,2020-01-09 11:37:24.000
7558,CE15,116.0,1280.0,1,2020-11-23 04:43:55.000,2020-11-23 13:24:55.000
10864,CP15,115.0,2040.0,1,2021-04-28 14:57:50.000,2021-04-28 21:41:03.000
14988,CE46,90.0,1540.0,1,2021-09-29 16:25:32.000,2021-09-30 00:24:14.000
8067,CP32,152.0,1480.0,1,2020-12-17 04:34:05.000,2020-12-17 12:22:56.000
15641,CE51,115.0,2280.0,1,2021-10-27 14:51:43.000,2021-10-27 22:39:02.000
9666,CE20B,96.0,1660.0,1,2021-03-05 04:44:49.000,2021-03-05 12:53:07.000
1373,CP02,161.0,900.0,1,2020-01-20 14:34:13.000,2020-01-20 21:15:52.000
21124,CP36,125.0,2100.0,1,2022-05-26 04:34:18.000,2022-05-26 11:57:23.465
6991,CP07,64.0,1540.0,2,2020-10-26 17:42:10.000,2020-10-26 23:26:00.000
12094,CP01,213.0,2360.0,1,2021-06-17 14:53:48.000,2021-06-17 22:25:03.000
7049,CP23,186.0,2420.0,1,2020-10-28 14:47:26.000,2020-10-28 21:59:16.000
15927,CE33,143.0,1500.0,1,2021-11-08 15:00:46.000,2021-11-08 22:12:39.000
30762,CP40,49.0,1360.0,1,2023-04-18 19:04:42.285,2023-04-18 23:05:16.596
5724,CE15,125.0,1600.0,1,2020-08-27 15:03:04.000,2020-08-27 22:17:48.000
1220,CP34,161.0,2820.0,1,2020-01-11 04:59:37.000,2020-01-11 12:44:33.000
5239,CP34,146.0,3540.0,1,2020-08-06 15:05:59.000,2020-08-06 23:11:38.000
26420,CP08,201.0,1800.0,1,2022-11-17 05:01:19.854,2022-11-17 12:18:28.219
22641,CP32,175.0,2280.0,1,2022-07-15 05:09:05.000,2022-07-15 15:18:42.520
24261,CP32,154.0,1920.0,1,2022-09-05 05:08:15.000,2022-09-05 12:44:26.491
2130,CE09B,103.0,2240.0,2,2020-03-02 04:50:48.000,2020-03-02 13:12:50.000
11546,CE04,115.0,1400.0,1,2021-05-26 04:56:48.000,2021-05-26 12:57:26.000
2254,CE26,86.0,3240.0,1,2020-03-09 14:51:55.000,2020-03-09 23:43:12.000
5196,CE43,117.0,1720.0,1,2020-08-05 15:01:54.000,2020-08-05 21:07:22.000
2224,CP26,88.0,3680.0,1,2020-03-06 15:04:35.000,2020-03-06 22:53:42.000
3783,,137.0,8280.0,1,2020-05-28 15:03:06.000,2020-05-28 22:02:48.000
3274,CE21B,105.0,2340.0,1,2020-05-04 14:59:25.000,2020-05-04 23:18:37.000
20105,CE46,96.0,1360.0,1,2022-04-22 05:01:08.000,2022-04-22 12:08:33.416
18209,CE51,118.0,1520.0,1,2022-02-12 04:52:50.000,2022-02-12 11:58:01.000
13003,CP15,112.0,1900.0,1,2021-07-22 04:47:09.000,2021-07-22 12:06:09.000
2129,CE38B,100.0,940.0,1,2020-03-02 14:42:54.000,2020-03-02 21:17:52.000
17999,CE09B,112.0,1740.0,1,2022-02-03 04:48:14.000,2022-02-03 12:44:23.000
17431,CP40,52.0,1340.0,1,2022-01-11 14:36:46.000,2022-01-11 18:40:07.000
16949,CE18B,127.0,2040.0,1,2021-12-21 14:48:22.000,2021-12-21 22:27:37.000
2232,CP34,144.0,2340.0,1,2020-03-06 15:01:11.000,2020-03-06 21:39:51.000
41827,,106.0,2400.0,1,2024-02-27 05:11:50.776,2024-02-27 12:34:05.197
22466,CE09B,111.0,2340.0,1,2022-07-11 04:56:33.000,2022-07-11 14:10:16.714
3450,,192.0,10480.0,1,2020-05-12 05:51:38.000,2020-05-12 14:34:51.000
2886,CE51,111.0,2720.0,1,2020-04-14 15:06:52.000,2020-04-14 21:55:29.000
15256,CE18B,126.0,2180.0,1,2021-10-12 04:47:32.000,2021-10-12 11:59:22.000
4177,CP32,166.0,1600.0,1,2020-06-17 04:34:26.000,2020-06-17 11:48:09.000
31382,CE39,137.0,2800.0,1,2023-05-08 14:29:29.299,2023-05-09 00:44:04.316
17692,,147.0,9460.0,1,2022-01-21 06:02:43.000,2022-01-21 12:30:34.000
11602,,177.0,10140.0,1,2021-05-27 05:55:23.000,2021-05-27 13:04:37.000
2797,CP50,137.0,2020.0,1,2020-04-08 14:35:28.000,2020-04-08 22:40:29.000
5395,CE33,149.0,2240.0,1,2020-08-13 14:37:06.000,2020-08-13 23:00:45.000
26222,CE33,140.0,1460.0,1,2022-11-11 15:01:03.848,2022-11-11 21:36:20.194
27697,CE46,94.0,1900.0,1,2023-01-02 04:45:11.016,2023-01-02 12:03:53.186
18352,CE51,117.0,2420.0,1,2022-02-18 14:53:49.000,2022-02-18 23:41:05.554
26523,CE20B,92.0,3160.0,1,2022-11-22 14:39:10.900,2022-11-22 21:00:38.601
32596,CE20B,101.0,3360.0,1,2023-06-13 04:56:18.657,2023-06-13 13:33:51.659
20405,CE18B,126.0,1900.0,1,2022-05-03 15:04:48.000,2022-05-03 22:22:09.887
3283,CP35,120.0,2800.0,1,2020-05-04 04:58:37.000,2020-05-04 11:48:24.000
3727,CP32,155.0,2400.0,1,2020-05-26 04:44:21.000,2020-05-26 13:43:45.000
6852,CE38B,139.0,2060.0,1,2020-10-20 04:58:33.000,2020-10-20 12:53:02.000
10126,CE30B,151.0,1740.0,1,2021-03-27 04:47:22.000,2021-03-27 12:28:40.000
15753,CE09B,103.0,2740.0,1,2021-11-01 04:51:24.000,2021-11-01 11:37:57.000
36347,,147.0,2460.0,38,2023-09-25 15:01:27.190,2023-09-25 22:36:01.789
41856,,174.0,2260.0,3,2024-02-27 15:13:14.831,2024-02-27 23:04:37.126
3951,CE06,191.0,1800.0,44,2020-06-06 04:23:46.000,2020-06-06 10:54:07.000
33360,,177.0,2080.0,26,2023-07-05 14:59:30.734,2023-07-05 23:20:57.645
12524,CE30B,138.0,2580.0,2,2021-07-05 14:50:01.000,2021-07-05 21:46:56.000
25297,CE30B,132.0,2240.0,3,2022-10-10 04:43:20.214,2022-10-10 12:45:04.178
2815,CE06,170.0,1400.0,35,2020-04-09 14:35:13.000,2020-04-09 20:03:52.000
20362,,225.0,2520.0,72,2022-04-30 04:40:43.000,2022-04-30 15:35:48.016
9306,,204.0,3280.0,57,2021-02-16 15:05:09.000,2021-02-17 02:11:05.000
15426,,233.0,2560.0,47,2021-10-18 15:11:04.000,2021-10-19 01:38:13.000
26516,,195.0,2120.0,37,2022-11-21 15:27:45.274,2022-11-22 00:19:59.641
21696,,172.0,2120.0,51,2022-06-14 14:55:58.000,2022-06-14 23:15:03.939
5660,CE44,122.0,2140.0,46,2020-08-25 04:32:14.000,2020-08-25 11:25:04.000
19166,,245.0,2080.0,54,2022-03-19 05:08:40.000,2022-03-19 14:45:35.193
20993,,204.0,2700.0,58,2022-05-21 10:17:06.000,2022-05-21 19:37:52.247
38031,,89.0,560.0,7,2023-11-10 17:03:10.279,2023-11-10 20:38:11.694
17354,,217.0,2760.0,56,2022-01-06 15:24:27.000,2022-01-07 02:06:50.000
8511,CE13,120.0,1260.0,42,2021-01-11 04:39:28.000,2021-01-11 12:07:10.000
40204,,151.0,2060.0,20,2024-01-12 14:19:14.326,2024-01-12 22:29:03.031
9990,CE04,95.0,1860.0,1,2021-03-22 04:46:29.000,2021-03-22 11:39:38.000
17543,,212.0,2440.0,42,2022-01-14 14:57:54.000,2022-01-15 02:33:41.000
40826,,180.0,2500.0,33,2024-01-30 15:02:48.515,2024-01-30 23:46:12.100
10935,CP29,123.0,3140.0,2,2021-04-30 14:51:07.000,2021-04-30 23:59:10.000
27928,,195.0,1860.0,29,2023-01-09 14:58:33.195,2023-01-09 23:06:29.033
14304,Óbidos CE02,125.0,1340.0,1,2021-09-06 05:05:54.000,2021-09-06 11:53:17.000
2881,CP43,121.0,1620.0,4,2020-04-13 05:02:28.000,2020-04-13 10:46:31.000
28587,,171.0,2180.0,46,2023-01-31 14:59:37.531,2023-01-31 22:54:47.227
33598,,167.0,2180.0,24,2023-07-12 14:57:28.451,2023-07-12 22:10:17.794
17262,CP35,120.0,1480.0,2,2022-01-04 04:45:40.000,2022-01-04 11:28:44.000
32868,CP35,127.0,1580.0,4,2023-06-21 05:01:12.883,2023-06-21 13:05:28.930
12440,,219.0,2320.0,41,2021-06-30 15:30:00.000,2021-06-30 23:45:00.000
6444,CP33,140.0,2420.0,2,2020-09-30 14:51:39.000,2020-09-30 21:57:45.000
13996,,183.0,2240.0,41,2021-08-24 15:14:27.000,2021-08-24 23:31:07.000
30463,,206.0,2660.0,44,2023-04-07 11:54:06.891,2023-04-07 21:16:45.150
34098,,168.0,2160.0,12,2023-07-26 14:59:11.485,2023-07-26 23:35:57.218
9432,CE50,156.0,2660.0,2,2021-02-23 14:48:47.000,2021-02-23 23:15:11.000
20521,CE41B,107.0,1720.0,1,2022-05-06 04:54:16.000,2022-05-06 11:27:59.846
33265,,154.0,2700.0,30,2023-07-03 14:59:36.367,2023-07-03 23:04:13.131
21081,CP39,111.0,3720.0,1,2022-05-25 14:50:04.000,2022-05-25 23:51:10.242
34425,CP26,85.0,3980.0,1,2023-08-04 15:05:26.165,2023-08-04 22:14:48.477
38997,CP26,93.0,4000.0,1,2023-12-08 05:09:03.903,2023-12-08 13:26:16.426
15372,,180.0,2300.0,33,2021-10-15 15:03:56.000,2021-10-15 22:51:23.000
8399,CE13,114.0,1980.0,54,2021-01-05 14:59:09.000,2021-01-06 04:48:17.000
10689,,191.0,2520.0,51,2021-04-20 15:04:34.000,2021-04-20 23:20:26.000
3601,CE24,173.0,2280.0,1,2020-05-20 14:21:24.000,2020-05-20 22:48:08.000
4104,CE24,164.0,2200.0,1,2020-06-15 05:02:59.000,2020-06-15 12:33:24.000
15498,CE24,169.0,1780.0,1,2021-10-21 15:11:27.000,2021-10-21 22:48:56.000
10608,,174.0,2260.0,27,2021-04-16 14:06:16.000,2021-04-16 20:58:42.000
15394,,171.0,3340.0,58,2021-10-16 12:53:20.000,2021-10-16 20:43:34.000
6157,CP44,148.0,2960.0,45,2020-09-16 15:22:28.000,2020-09-16 22:56:51.000
29007,,172.0,8840.0,21,2023-02-15 14:32:37.075,2023-02-16 00:53:12.911
18746,,202.0,2400.0,41,2022-03-04 14:52:14.000,2022-03-05 00:47:36.117
36830,,145.0,2360.0,34,2023-10-09 15:03:44.971,2023-10-09 23:23:16.650
31786,,184.0,2500.0,30,2023-05-18 15:51:36.190,2023-05-19 00:00:32.544
34583,,183.0,2380.0,19,2023-08-08 14:40:18.861,2023-08-08 23:37:34.046
14206,,223.0,3080.0,47,2021-09-01 14:48:18.000,2021-09-01 23:44:40.000
38922,,155.0,2260.0,37,2023-12-06 15:10:35.998,2023-12-06 22:30:59.976
28484,,234.0,9420.0,1,2023-01-27 05:43:15.599,2023-01-27 14:46:42.862
30834,,192.0,2100.0,48,2023-04-19 15:27:03.500,2023-04-20 00:18:09.046
10913,,172.0,2740.0,34,2021-04-29 14:46:04.000,2021-04-29 21:59:40.000
41085,,152.0,1400.0,37,2024-02-06 14:58:13.571,2024-02-06 21:46:42.135
36676,,179.0,2160.0,25,2023-10-04 15:06:26.862,2023-10-05 00:47:47.448
40770,,141.0,3260.0,21,2024-01-29 14:35:52.835,2024-01-29 22:14:14.965
20746,CP07,99.0,1640.0,4,2022-05-13 04:53:03.000,2022-05-13 14:14:51.863
10791,,174.0,10140.0,23,2021-04-24 06:42:33.000,2021-04-24 15:38:42.000
16234,,163.0,9400.0,21,2021-11-19 05:42:03.000,2021-11-19 12:29:07.000
13437,,151.0,10900.0,28,2021-08-05 15:07:55.000,2021-08-05 21:46:58.000
4526,CP36,121.0,1740.0,1,2020-07-04 04:59:37.000,2020-07-04 12:01:02.000
43667,,140.0,3420.0,20,2024-04-15 14:56:01.899,2024-04-15 23:25:50.170
24072,CP11,144.0,2020.0,4,2022-08-30 14:57:19.000,2022-08-30 22:06:41.345
43488,,150.0,2360.0,38,2024-04-10 15:00:59.121,2024-04-10 22:41:59.150
20900,CP15,100.0,1880.0,1,2022-05-19 15:16:34.000,2022-05-19 21:48:10.618
34990,,158.0,2160.0,15,2023-08-18 14:39:49.600,2023-08-18 21:20:29.089
7086,CE31,228.0,2340.0,1,2020-10-30 04:53:33.000,2020-10-30 15:30:40.000
43896,,116.0,2040.0,10,2024-04-19 15:01:11.625,2024-04-19 21:09:24.222
6386,CE11,146.0,2100.0,5,2020-09-28 15:00:54.000,2020-09-28 22:02:03.000
6912,CE11,149.0,1380.0,10,2020-10-22 14:52:25.000,2020-10-22 20:53:49.000
5877,CE13,129.0,1940.0,51,2020-09-03 05:03:24.000,2020-09-03 13:25:03.000
3550,CE44,128.0,2560.0,43,2020-05-18 05:02:02.000,2020-05-18 12:41:13.000
13696,,161.0,1580.0,46,2021-08-14 10:48:03.000,2021-08-14 20:11:13.000
25674,,205.0,2300.0,39,2022-10-21 15:01:34.427,2022-10-21 23:34:39.063
32836,,142.0,1680.0,14,2023-06-20 14:55:19.771,2023-06-20 21:14:26.667
2868,CE44,136.0,2480.0,48,2020-04-13 04:30:43.000,2020-04-13 12:27:37.000
9139,CE50,137.0,1840.0,1,2021-02-09 14:45:29.000,2021-02-09 21:26:17.000
21443,,200.0,1760.0,39,2022-06-06 14:59:37.000,2022-06-07 01:04:46.013
3972,CP35,119.0,3300.0,2,2020-06-08 04:48:27.000,2020-06-08 14:08:35.000
37181,,160.0,3100.0,24,2023-10-18 15:05:26.567,2023-10-18 23:20:49.517
39827,,179.0,3000.0,2,2024-01-02 15:02:32.032,2024-01-03 00:16:55.699
30689,,178.0,2580.0,50,2023-04-14 14:38:27.467,2023-04-14 22:56:08.884
11268,CE41B,122.0,1780.0,2,2021-05-14 04:46:25.000,2021-05-14 12:52:56.000
31624,Óbidos CE01,152.0,1140.0,1,2023-05-15 05:05:14.646,2023-05-15 12:09:03.618
42362,,136.0,3460.0,43,2024-03-12 14:54:05.521,2024-03-12 21:26:16.489
39696,,147.0,2340.0,2,2023-12-28 15:01:58.652,2023-12-28 21:48:17.159
4958,CE46,97.0,1480.0,2,2020-07-25 04:56:02.000,2020-07-25 13:11:28.000
5092,CE46,94.0,1960.0,2,2020-07-31 14:57:40.000,2020-07-31 21:03:13.000
3622,CE13,117.0,1940.0,46,2020-05-21 14:58:36.000,2020-05-21 23:13:04.000
8421,CE24,172.0,2380.0,1,2021-01-06 04:49:58.000,2021-01-06 11:51:24.000
4047,CE13,123.0,1980.0,46,2020-06-11 15:03:41.000,2020-06-11 22:51:10.000
4720,CP28,209.0,2500.0,2,2020-07-14 05:04:28.000,2020-07-14 13:43:58.000
4750,,217.0,9080.0,1,2020-07-15 05:53:54.000,2020-07-15 15:21:00.000
12079,,169.0,10280.0,24,2021-06-16 15:05:06.000,2021-06-16 21:45:43.000
22054,CE46,94.0,1620.0,1,2022-06-27 04:57:52.000,2022-06-27 12:40:14.092
44280,,131.0,1480.0,16,2024-04-29 17:47:11.615,2024-04-30 00:20:33.214
21733,,190.0,1940.0,32,2022-06-15 15:02:38.000,2022-06-15 23:15:31.669
5078,CP06,196.0,1520.0,31,2020-07-30 14:43:24.000,2020-07-30 22:54:24.000
36434,,128.0,1440.0,13,2023-09-27 15:08:33.318,2023-09-27 21:51:14.848
12595,CP35,124.0,2800.0,4,2021-07-07 04:56:07.000,2021-07-07 12:04:02.000
10595,CP07,83.0,2960.0,4,2021-04-16 15:22:05.000,2021-04-16 22:32:31.000
7174,,173.0,10300.0,27,2020-11-03 15:04:13.000,2020-11-03 22:05:18.000
32890,,146.0,8780.0,10,2023-06-21 15:21:40.296,2023-06-21 22:25:37.675
42152,,172.0,2140.0,1,2024-03-06 14:59:57.878,2024-03-06 23:16:55.357
39932,,179.0,2960.0,3,2024-01-04 14:57:37.139,2024-01-04 23:31:44.065
32286,,179.0,2120.0,27,2023-06-02 14:51:24.107,2023-06-02 23:46:20.622
41337,,198.0,2020.0,7,2024-02-13 04:44:57.061,2024-02-13 12:27:09.249
11289,CP07,81.0,2540.0,4,2021-05-14 14:33:02.000,2021-05-14 21:04:06.000
4003,CP15,106.0,1980.0,1,2020-06-09 14:37:38.000,2020-06-09 21:14:30.000
4791,CP01,227.0,1400.0,2,2020-07-17 04:57:58.000,2020-07-17 12:17:31.000
17622,CE30B,135.0,1500.0,2,2022-01-19 14:36:15.000,2022-01-19 21:34:01.000
5111,CE05,126.0,2140.0,1,2020-08-01 04:49:23.000,2020-08-01 11:28:02.000
14335,,201.0,2500.0,44,2021-09-06 15:02:18.000,2021-09-07 01:24:43.000
10526,CE26,98.0,2540.0,1,2021-04-14 14:45:46.000,2021-04-14 21:53:25.000
13191,CE50,140.0,1980.0,1,2021-07-29 04:59:49.000,2021-07-29 12:02:48.000
13917,CP29,129.0,2920.0,1,2021-08-23 05:01:04.000,2021-08-23 14:11:28.000
2501,CE12,127.0,1580.0,1,2020-03-23 05:04:51.000,2020-03-23 12:14:12.000
6590,CE39,110.0,2000.0,1,2020-10-07 14:58:51.000,2020-10-08 00:22:25.000
41106,,130.0,880.0,7,2024-02-06 15:13:53.157,2024-02-06 22:13:10.484
16001,CP05,130.0,2780.0,1,2021-11-10 04:30:46.000,2021-11-10 13:07:28.000
21286,CE16,125.0,1400.0,2,2022-06-01 05:00:22.000,2022-06-01 11:26:09.895
28762,CE40,49.0,1140.0,2,2023-02-07 18:44:47.305,2023-02-07 22:18:03.323
37719,,144.0,2480.0,21,2023-11-02 15:01:21.292,2023-11-02 22:08:01.967
11056,,161.0,10700.0,22,2021-05-05 15:12:43.000,2021-05-05 22:25:40.000
12138,,151.0,1240.0,1,2021-06-18 05:08:49.000,2021-06-18 11:42:48.000
14137,,190.0,2880.0,46,2021-08-30 14:51:39.000,2021-08-30 23:23:17.000
21245,CE35,124.0,2680.0,1,2022-05-31 04:47:10.000,2022-05-31 12:39:22.434
34407,Óbidos CE01,138.0,2040.0,1,2023-08-04 04:41:02.025,2023-08-04 13:33:34.913
23391,CE40,51.0,1040.0,2,2022-08-09 15:05:01.000,2022-08-09 19:40:07.190
37079,,204.0,2880.0,9,2023-10-16 15:19:48.917,2023-10-17 01:34:20.931
9113,CE11,139.0,1660.0,4,2021-02-08 14:54:19.000,2021-02-08 20:50:53.000
19765,,171.0,3460.0,61,2022-04-09 12:55:06.000,2022-04-09 23:24:22.551
3627,CE37B,99.0,2600.0,1,2020-05-21 14:42:42.000,2020-05-21 21:43:10.000
11172,CE34,54.0,2080.0,1,2021-05-11 04:52:14.000,2021-05-11 13:02:15.000
35170,CE34,160.0,1720.0,1,2023-08-24 05:07:51.722,2023-08-24 12:04:27.305
6545,,203.0,9420.0,1,2020-10-05 05:49:11.000,2020-10-05 14:42:44.000
22187,,180.0,8820.0,27,2022-06-30 06:00:31.000,2022-06-30 14:09:17.041
2980,,179.0,9860.0,4,2020-04-17 14:34:30.000,2020-04-17 23:07:16.000
41143,,155.0,1740.0,27,2024-02-07 14:53:24.833,2024-02-07 23:01:17.318
21017,,170.0,10420.0,10,2022-05-23 06:12:40.000,2022-05-23 12:50:10.069
17487,CP32,149.0,1800.0,1,2022-01-13 04:59:40.000,2022-01-13 12:09:49.000
4346,CP28,172.0,2440.0,2,2020-06-25 05:11:05.000,2020-06-25 13:49:44.000
7195,CP14,143.0,2320.0,1,2020-11-04 04:54:54.000,2020-11-04 12:12:10.000
8733,CP15,103.0,1980.0,1,2021-01-20 15:00:00.000,2021-01-20 21:46:15.000
13188,CE05,132.0,1840.0,1,2021-07-29 14:26:14.000,2021-07-29 22:01:28.000
9390,CE16,130.0,2380.0,1,2021-02-20 05:11:42.000,2021-02-20 12:25:54.000
4555,CP02,175.0,2200.0,1,2020-07-06 04:48:33.000,2020-07-06 12:53:26.000
26715,CE40,86.0,1240.0,2,2022-11-29 16:25:06.290,2022-11-29 20:23:06.742
15510,CP25B,105.0,2200.0,1,2021-10-21 05:03:56.000,2021-10-21 11:57:50.000
16272,CP26,88.0,4060.0,1,2021-11-22 15:01:01.000,2021-11-23 01:15:37.000
23752,CP12,130.0,1940.0,1,2022-08-19 05:10:27.000,2022-08-19 13:02:33.000
23882,CP12,212.0,2240.0,1,2022-08-24 04:53:50.000,2022-08-24 14:37:42.143
42437,,120.0,2560.0,5,2024-03-13 14:51:59.079,2024-03-13 21:18:02.607
6519,CE07,81.0,2240.0,1,2020-10-05 14:26:43.000,2020-10-05 21:39:45.000
15257,CE24,189.0,1740.0,1,2021-10-12 04:56:07.000,2021-10-12 13:01:08.000
34878,,161.0,1680.0,19,2023-08-16 14:48:56.202,2023-08-16 21:57:42.270
31240,CE34,152.0,1820.0,1,2023-05-03 04:59:40.833,2023-05-03 12:07:48.238
10432,CP19,108.0,2500.0,2,2021-04-09 15:16:38.000,2021-04-09 23:27:04.000
19477,,219.0,8500.0,24,2022-03-30 14:57:58.000,2022-03-31 01:04:10.116
13145,,143.0,10320.0,25,2021-07-27 14:47:18.000,2021-07-27 22:13:25.000
10957,CE21B,82.0,2660.0,1,2021-04-30 16:09:20.000,2021-04-30 21:16:10.000
6289,CE33,138.0,1560.0,1,2020-09-23 05:44:41.000,2020-09-23 13:31:43.000
20236,CE33,145.0,1640.0,1,2022-04-27 04:28:15.000,2022-04-27 12:29:50.886
19039,CE46,98.0,1820.0,1,2022-03-16 04:41:53.000,2022-03-16 11:30:43.904
10830,CE15,106.0,1800.0,1,2021-04-27 14:41:44.000,2021-04-27 21:48:20.000
9124,CP02,176.0,3000.0,1,2021-02-08 04:55:36.000,2021-02-08 12:22:06.000
2515,CP36,142.0,3280.0,1,2020-03-23 04:54:04.000,2020-03-23 12:47:19.000
7813,CP14,142.0,1580.0,1,2020-12-04 05:02:29.000,2020-12-04 11:43:30.000
4200,CE05,124.0,2300.0,2,2020-06-18 05:02:20.000,2020-06-18 12:21:52.000
13885,CE04,97.0,1660.0,1,2021-08-21 04:46:56.000,2021-08-21 12:03:37.000
21712,CE39,109.0,2700.0,2,2022-06-15 15:08:46.000,2022-06-16 00:07:47.094
21033,CE40,50.0,1240.0,2,2022-05-24 14:35:39.000,2022-05-24 18:11:20.717
21584,CP29,127.0,2260.0,1,2022-06-10 04:45:22.000,2022-06-10 12:37:27.491
4670,CP01,219.0,1460.0,2,2020-07-11 04:45:20.000,2020-07-11 12:27:57.000
29331,CP11,149.0,1680.0,4,2023-02-28 04:45:20.774,2023-02-28 12:16:24.078
8512,CE01,264.0,2160.0,1,2021-01-11 04:42:27.000,2021-01-11 13:11:07.000
35394,CE29,132.0,2900.0,1,2023-08-30 05:10:32.031,2023-08-30 13:44:40.476
24106,CP31,214.0,1900.0,1,2022-08-31 14:59:57.000,2022-08-31 22:28:00.840
38078,,152.0,3180.0,10,2023-11-13 15:09:08.223,2023-11-13 23:12:07.848
1677,CE07,82.0,1820.0,1,2020-02-05 04:29:09.000,2020-02-05 13:07:26.000
2915,CE07,79.0,2000.0,1,2020-04-15 14:56:26.000,2020-04-15 20:59:07.000
11580,CE09B,107.0,1780.0,2,2021-05-27 04:50:26.000,2021-05-27 13:38:54.000
35818,CE33,149.0,1320.0,1,2023-09-11 04:39:27.763,2023-09-11 12:02:27.450
12768,CE20B,94.0,2640.0,1,2021-07-14 15:09:53.000,2021-07-14 22:03:55.000
1639,CP07,82.0,3700.0,3,2020-02-03 14:40:24.000,2020-02-03 23:27:32.000
1895,CP07,80.0,3360.0,3,2020-02-17 14:54:43.000,2020-02-17 23:29:22.000
19880,CP32,144.0,1780.0,1,2022-04-14 05:00:31.000,2022-04-14 11:43:37.982
35203,,160.0,1700.0,13,2023-08-24 15:04:19.859,2023-08-24 23:02:51.328
27825,CP15,110.0,1860.0,1,2023-01-05 04:50:23.720,2023-01-05 12:00:57.787
6435,CE31,198.0,1780.0,2,2020-09-30 04:53:28.000,2020-09-30 12:16:40.000
21909,CE37B,93.0,1960.0,1,2022-06-22 05:11:54.000,2022-06-22 11:51:06.263
21840,CE09B,109.0,2520.0,1,2022-06-20 04:27:02.000,2022-06-20 12:31:07.017
23923,CE09B,110.0,1580.0,1,2022-08-25 04:56:25.000,2022-08-25 11:42:13.388
24041,CP29,126.0,2440.0,1,2022-08-29 04:28:48.000,2022-08-29 14:28:47.356
14836,,132.0,1660.0,1,2021-09-24 05:10:40.000,2021-09-24 11:35:57.000
9755,CP25B,116.0,2100.0,1,2021-03-10 14:19:04.000,2021-03-10 21:27:55.000
13045,CP07,82.0,2820.0,3,2021-07-23 14:53:31.000,2021-07-23 20:56:36.000
17045,CE12,130.0,1760.0,2,2021-12-24 04:59:56.000,2021-12-24 12:52:13.000
10937,CP19,114.0,1860.0,2,2021-04-30 14:50:50.000,2021-04-30 22:02:37.000
18246,CP26,84.0,3620.0,1,2022-02-14 14:58:59.000,2022-02-14 22:16:02.000
32265,CP39,113.0,3020.0,1,2023-06-02 15:01:37.287,2023-06-02 23:43:26.058
12547,CP12,148.0,3580.0,1,2021-07-05 04:47:48.000,2021-07-05 13:58:28.000
26324,CE40,50.0,1580.0,2,2022-11-15 14:25:34.500,2022-11-15 18:22:22.074
3657,CP36,116.0,2740.0,1,2020-05-22 05:01:38.000,2020-05-22 11:28:40.000
10478,CP07,106.0,3800.0,4,2021-04-12 14:54:07.000,2021-04-12 23:12:47.000
24750,CP52,178.0,2020.0,1,2022-09-20 15:24:17.091,2022-09-20 21:58:06.128
26971,CP52,176.0,1380.0,1,2022-12-07 14:59:04.198,2022-12-07 22:30:40.460
5001,CE38B,137.0,1620.0,1,2020-07-28 04:17:59.000,2020-07-28 11:26:06.000
27392,CE38B,138.0,2480.0,1,2022-12-22 15:15:41.135,2022-12-22 22:25:16.574
34852,CE38B,138.0,1600.0,1,2023-08-16 14:59:41.631,2023-08-16 21:19:25.014
16057,CE04,118.0,1300.0,1,2021-11-12 05:09:37.000,2021-11-12 12:56:44.000
25333,CE40,50.0,1280.0,2,2022-10-11 14:56:24.339,2022-10-11 17:59:30.749
24339,CP12,146.0,2740.0,2,2022-09-07 04:47:09.536,2022-09-07 15:08:27.398
11221,CP39,115.0,4020.0,1,2021-05-12 14:49:21.000,2021-05-12 23:29:53.000
32021,,142.0,1940.0,28,2023-05-25 15:07:32.567,2023-05-25 21:33:54.600
15365,,111.0,7960.0,1,2021-10-14 15:00:15.000,2021-10-14 22:22:57.000
18545,CE33,130.0,1480.0,1,2022-02-26 05:02:56.000,2022-02-26 11:41:44.929
21639,CE46,98.0,1820.0,1,2022-06-13 04:47:53.000,2022-06-13 12:14:48.317
21034,CE15,108.0,1400.0,1,2022-05-24 04:52:19.000,2022-05-24 11:59:46.419
24516,CE18B,125.0,2300.0,1,2022-09-13 15:04:22.077,2022-09-13 21:58:22.615
6390,CP07,96.0,2620.0,4,2020-09-28 04:39:07.000,2020-09-28 13:02:15.000
9380,CP07,80.0,2080.0,2,2021-02-19 15:00:13.000,2021-02-19 21:15:04.000
10703,CP07,86.0,3140.0,4,2021-04-21 14:31:27.000,2021-04-21 22:34:59.000
2086,CE16,143.0,2400.0,1,2020-02-28 15:05:28.000,2020-02-29 00:03:22.000
3691,CE04,93.0,2080.0,1,2020-05-25 04:58:18.000,2020-05-25 12:50:08.000
13264,CP29,115.0,1820.0,1,2021-07-30 04:44:11.000,2021-07-30 12:29:37.000
4292,CP09B,100.0,3020.0,1,2020-06-23 04:57:21.000,2020-06-23 13:34:21.000
10192,CE27,155.0,2320.0,1,2021-03-31 14:55:51.000,2021-03-31 23:07:18.000
18911,CE01,217.0,1660.0,1,2022-03-11 14:52:26.000,2022-03-11 21:31:54.805
25573,CP08,188.0,1760.0,1,2022-10-19 04:57:28.853,2022-10-19 11:22:03.183
4250,CP36,122.0,1540.0,1,2020-06-20 05:20:21.000,2020-06-20 12:24:29.000
5669,CP11,165.0,2200.0,12,2020-08-25 05:01:15.000,2020-08-25 12:23:58.000
22668,CE11,145.0,1740.0,6,2022-07-16 04:44:54.000,2022-07-16 11:26:33.777
20448,CE11,148.0,1400.0,5,2022-05-04 14:44:53.000,2022-05-04 21:45:00.421
9032,,101.0,4720.0,8,2021-02-02 15:03:58.000,2021-02-02 20:28:35.000
2000,CE26,91.0,2440.0,2,2020-02-24 04:56:56.000,2020-02-24 12:58:43.000
13059,CE04,93.0,1660.0,1,2021-07-24 04:50:35.000,2021-07-24 12:06:58.000
2656,CP23,182.0,4220.0,1,2020-03-31 15:06:30.000,2020-03-31 23:59:00.000
4400,Óbidos CE02,117.0,1480.0,1,2020-06-29 15:13:16.000,2020-06-29 21:43:31.000
39777,CP26,86.0,2640.0,1,2024-01-02 05:03:18.975,2024-01-02 11:51:29.982
6234,CE09B,104.0,2480.0,2,2020-09-21 04:43:10.000,2020-09-21 12:15:24.000
38827,,171.0,2540.0,10,2023-12-04 15:22:00.850,2023-12-04 23:19:56.093
22893,CP26,90.0,4000.0,1,2022-07-23 05:07:40.000,2022-07-23 13:12:42.875
31094,CP12,139.0,1820.0,1,2023-04-27 05:12:06.038,2023-04-27 12:24:35.096
3256,CE43,118.0,1700.0,1,2020-05-02 04:51:02.000,2020-05-02 11:39:14.000
20713,CP18B,126.0,1920.0,1,2022-05-12 15:13:33.000,2022-05-12 21:52:31.618
27735,CE01,238.0,2560.0,1,2023-01-03 04:41:22.614,2023-01-03 13:52:38.874
33237,CP12,127.0,2140.0,1,2023-07-03 04:39:26.804,2023-07-03 11:56:32.339
2327,CE20B,100.0,2700.0,2,2020-03-12 14:51:38.000,2020-03-13 00:17:42.000
7263,CE18B,132.0,1960.0,1,2020-11-09 04:36:57.000,2020-11-09 14:32:55.000
10225,CE09B,117.0,1680.0,2,2021-04-01 05:02:45.000,2021-04-01 12:03:09.000
24365,CE09B,105.0,1820.0,1,2022-09-08 04:51:21.029,2022-09-08 11:58:53.290
11466,CE04,99.0,1940.0,1,2021-05-22 04:51:21.000,2021-05-22 11:34:22.000
32763,CE39,103.0,3140.0,1,2023-06-19 15:39:43.192,2023-06-20 00:01:11.326
3798,CP02,175.0,2020.0,1,2020-05-29 14:53:54.000,2020-05-29 22:22:33.000
6797,CE39,107.0,2140.0,1,2020-10-16 14:47:53.000,2020-10-16 22:16:25.000
14532,CE41B,115.0,2920.0,2,2021-09-14 04:25:50.000,2021-09-14 13:38:47.000
17528,CE16,130.0,2200.0,2,2022-01-15 04:59:38.000,2022-01-15 12:37:28.000
25064,CP26,85.0,3760.0,1,2022-09-30 15:03:19.620,2022-09-30 21:53:04.550
10065,CE09B,108.0,1760.0,2,2021-03-25 05:04:34.000,2021-03-25 13:45:04.000
10089,CE04,103.0,1460.0,1,2021-03-26 04:40:07.000,2021-03-26 11:14:50.000
16705,CE39,118.0,1980.0,2,2021-12-10 15:06:22.000,2021-12-11 01:08:40.000
18231,CE39,115.0,2640.0,2,2022-02-14 14:56:24.000,2022-02-14 22:08:56.000
23347,,153.0,1600.0,1,2022-08-06 04:39:13.000,2022-08-06 11:58:09.407
8115,CP01,222.0,2600.0,2,2020-12-19 13:50:29.000,2020-12-19 23:18:50.000
5425,CE35,136.0,1940.0,1,2020-08-14 04:56:09.000,2020-08-14 11:55:24.000
8198,CE12,145.0,2020.0,1,2020-12-24 04:45:01.000,2020-12-24 13:04:11.000
19807,CE41B,117.0,2560.0,1,2022-04-12 04:46:21.000,2022-04-12 12:31:27.098
32722,CP39,112.0,3520.0,1,2023-06-16 15:31:40.218,2023-06-16 23:50:02.759
27084,CE09B,107.0,2680.0,1,2022-12-12 04:57:21.938,2022-12-12 12:19:49.197
7555,CE04,107.0,2160.0,1,2020-11-23 04:46:09.000,2020-11-23 11:58:13.000
21284,CE39,107.0,2140.0,1,2022-06-01 15:07:02.000,2022-06-01 23:07:09.777
10760,CP23,221.0,3420.0,1,2021-04-23 14:42:56.000,2021-04-24 00:10:50.000
7541,CP01,212.0,1760.0,2,2020-11-20 14:54:14.000,2020-11-20 22:21:09.000
7456,CP09B,110.0,3600.0,1,2020-11-17 04:56:58.000,2020-11-17 11:50:22.000
8034,CE50,144.0,1720.0,1,2020-12-16 05:02:31.000,2020-12-16 13:48:51.000
12555,CE41B,111.0,2720.0,2,2021-07-06 04:46:40.000,2021-07-06 13:39:06.000
9893,CE26,90.0,2640.0,1,2021-03-17 15:41:00.000,2021-03-17 21:44:34.000
29720,CE01,216.0,2240.0,1,2023-03-14 04:36:30.529,2023-03-14 13:18:43.568
32090,Óbidos CE01,148.0,1740.0,1,2023-05-29 04:58:13.081,2023-05-29 13:08:23.885
25518,CP39,105.0,4820.0,1,2022-10-17 15:05:55.038,2022-10-17 23:24:46.342
11839,CE09B,108.0,2580.0,2,2021-06-07 04:59:53.000,2021-06-07 13:36:14.000
25409,CE09B,107.0,1520.0,1,2022-10-13 04:48:42.524,2022-10-13 11:47:16.915
3345,CE04,91.0,2120.0,1,2020-05-07 04:48:41.000,2020-05-07 13:03:58.000
6825,CE04,113.0,1820.0,1,2020-10-19 05:03:12.000,2020-10-19 11:53:41.000
16258,CE39,109.0,2920.0,2,2021-11-22 15:22:28.000,2021-11-23 00:04:28.000
27284,CE39,94.0,3880.0,1,2022-12-19 15:05:37.403,2022-12-19 22:52:47.517
14462,,124.0,1820.0,1,2021-09-10 05:00:38.000,2021-09-10 11:14:04.000
32344,,187.0,8320.0,1,2023-06-05 15:03:28.094,2023-06-05 22:14:02.309
14437,CE41B,114.0,1880.0,2,2021-09-10 04:23:17.000,2021-09-10 11:59:38.000
18980,CP26,88.0,4120.0,1,2022-03-14 14:54:57.000,2022-03-15 00:24:23.914
14713,CE41B,104.0,2580.0,2,2021-09-21 04:57:17.000,2021-09-21 11:02:08.000
22673,CP31,209.0,1380.0,1,2022-07-16 04:59:26.000,2022-07-16 13:39:06.607
13380,CE07,83.0,2720.0,1,2021-08-04 04:43:46.000,2021-08-04 12:11:34.000
6974,CE09B,109.0,2040.0,2,2020-10-26 05:03:23.000,2020-10-26 13:01:11.000
10549,CE09B,107.0,1920.0,2,2021-04-15 04:49:26.000,2021-04-15 12:14:03.000
4309,CE34,144.0,2320.0,1,2020-06-24 15:03:47.000,2020-06-24 21:40:42.000
1151,CE31,229.0,2160.0,1,2020-01-08 04:57:33.000,2020-01-08 14:01:26.000
15630,CP11,147.0,1540.0,1,2021-10-26 15:05:35.000,2021-10-26 21:31:00.000
16325,CE30B,133.0,1440.0,2,2021-11-24 04:42:07.000,2021-11-24 12:13:22.000
17678,CE41B,105.0,1380.0,2,2022-01-21 04:42:58.000,2022-01-21 11:25:35.000
2116,CP50,177.0,3260.0,1,2020-02-29 04:55:33.000,2020-02-29 12:41:06.000
16318,CE46,95.0,1400.0,1,2021-11-24 04:40:25.000,2021-11-24 11:52:35.000
18767,CE46,102.0,1780.0,1,2022-03-07 05:02:05.000,2022-03-07 12:28:23.663
29352,CE04,110.0,1280.0,1,2023-03-01 04:57:05.293,2023-03-01 12:13:07.252
1824,CE21B,75.0,2080.0,2,2020-02-13 14:25:01.000,2020-02-13 20:12:49.000
8170,CE51,129.0,1840.0,1,2020-12-23 04:46:30.000,2020-12-23 11:52:01.000
40212,,163.0,9980.0,5,2024-01-12 15:26:34.816,2024-01-12 21:17:32.155
16649,CE30B,136.0,1340.0,2,2021-12-08 04:49:00.000,2021-12-08 12:11:22.000
6682,CE24,168.0,1200.0,1,2020-10-12 15:23:18.000,2020-10-13 02:05:52.000
3460,CE29,136.0,2400.0,1,2020-05-13 04:54:54.000,2020-05-13 12:30:11.000
1955,CP51,121.0,1840.0,1,2020-02-20 14:46:25.000,2020-02-20 22:42:06.000
5146,CP07,85.0,3060.0,4,2020-08-03 14:18:19.000,2020-08-03 21:26:18.000
6715,CP15,108.0,2020.0,1,2020-10-13 15:02:05.000,2020-10-13 21:32:20.000
5501,CE38B,140.0,2060.0,1,2020-08-18 04:52:56.000,2020-08-18 13:25:54.000
16810,CE38B,139.0,1720.0,1,2021-12-15 05:07:46.000,2021-12-15 12:24:33.000
5899,CE31,215.0,1560.0,2,2020-09-04 14:58:03.000,2020-09-04 22:10:47.000
29141,,142.0,9440.0,1,2023-02-21 05:55:53.847,2023-02-21 13:09:59.078
13678,CE46,95.0,1460.0,1,2021-08-14 04:57:33.000,2021-08-14 11:31:59.000
26507,CP07,87.0,3100.0,4,2022-11-21 14:47:51.537,2022-11-21 22:43:13.549
24519,CP27,135.0,1940.0,1,2022-09-13 04:46:21.543,2022-09-13 12:03:45.787
23471,CE24,209.0,1880.0,1,2022-08-11 14:35:33.000,2022-08-11 23:21:35.013
2012,CP40,43.0,1080.0,3,2020-02-24 10:37:45.000,2020-02-24 15:43:34.000
8494,CP19,114.0,1180.0,2,2021-01-08 14:51:12.000,2021-01-08 21:34:24.000
32242,,117.0,8140.0,1,2023-06-01 05:32:49.024,2023-06-01 11:54:26.260
5569,CP50,140.0,1760.0,1,2020-08-20 04:36:09.000,2020-08-20 12:12:35.000
1288,CE33,148.0,1680.0,1,2020-01-15 15:03:22.000,2020-01-15 22:16:13.000
6235,CE46,93.0,2560.0,2,2020-09-21 05:06:02.000,2020-09-21 12:47:00.000
7749,CE46,100.0,2380.0,1,2020-12-02 05:05:08.000,2020-12-02 14:25:06.000
25813,CE46,96.0,1340.0,1,2022-10-27 05:04:32.701,2022-10-27 12:44:40.891
4415,CP01,222.0,1600.0,2,2020-06-29 04:47:55.000,2020-06-29 12:58:14.000
9938,CP01,252.0,2200.0,1,2021-03-18 04:50:24.000,2021-03-18 13:27:05.000
10889,CE30B,154.0,1640.0,1,2021-04-29 14:51:40.000,2021-04-29 22:14:20.000
8145,CE37B,94.0,2180.0,2,2020-12-22 14:49:13.000,2020-12-22 22:10:31.000
9634,CE09B,105.0,1600.0,2,2021-03-04 04:49:33.000,2021-03-04 12:06:09.000
9778,CE09B,122.0,1740.0,2,2021-03-11 04:57:16.000,2021-03-11 13:02:35.000
9391,CE33,150.0,2620.0,1,2021-02-20 04:41:24.000,2021-02-20 11:57:38.000
2632,CP40,45.0,1460.0,1,2020-03-30 18:16:55.000,2020-03-30 21:21:09.000
14917,CP40,50.0,860.0,1,2021-09-28 14:49:39.000,2021-09-28 18:42:26.000
11681,CE15,111.0,1420.0,1,2021-06-01 04:52:27.000,2021-06-01 10:53:40.000
28431,CP35,123.0,2180.0,2,2023-01-26 05:02:24.131,2023-01-26 13:16:11.832
5647,CP32,176.0,2080.0,1,2020-08-24 04:59:52.000,2020-08-24 16:52:11.000
26814,CP15,117.0,1920.0,1,2022-12-01 05:04:52.145,2022-12-01 12:05:13.986
3317,CE31,220.0,1860.0,2,2020-05-06 15:00:23.000,2020-05-06 22:51:18.000
5444,CE24,163.0,1580.0,1,2020-08-15 05:07:42.000,2020-08-15 11:46:24.000
10663,CE34,143.0,2100.0,1,2021-04-20 04:51:41.000,2021-04-20 12:18:03.000
18106,CE08,193.0,1940.0,1,2022-02-08 15:20:36.000,2022-02-08 22:25:54.000
9299,CP01,158.0,3340.0,1,2021-02-16 14:53:06.000,2021-02-17 01:59:22.000
19285,CE37B,94.0,2000.0,1,2022-03-24 05:02:07.000,2022-03-24 11:43:01.544
23920,CE19,104.0,1480.0,1,2022-08-25 04:56:43.000,2022-08-25 11:58:32.162
35211,CE21B,102.0,2140.0,1,2023-08-25 04:55:54.074,2023-08-25 12:48:10.984
13341,CE30B,143.0,1940.0,2,2021-08-03 14:54:10.000,2021-08-03 22:18:50.000
9132,CE41B,114.0,3220.0,2,2021-02-09 04:50:51.000,2021-02-09 11:35:35.000
10121,CE11,139.0,1700.0,4,2021-03-27 04:53:56.000,2021-03-27 11:34:18.000
14434,CE37B,106.0,1200.0,2,2021-09-10 14:49:00.000,2021-09-10 21:45:24.000
14661,CP11,158.0,2300.0,2,2021-09-18 04:49:38.000,2021-09-18 13:27:01.000
15880,CE46,97.0,1380.0,1,2021-11-05 05:01:30.000,2021-11-05 12:17:49.000
18812,CP40,49.0,1120.0,1,2022-03-08 15:15:04.000,2022-03-08 19:07:21.416
4510,CP29,131.0,3180.0,1,2020-07-03 04:55:31.000,2020-07-03 13:03:05.000
7058,CE20B,92.0,2360.0,1,2020-10-29 15:23:41.000,2020-10-29 22:12:57.000
4635,CE41B,111.0,1740.0,1,2020-07-10 04:17:54.000,2020-07-10 12:09:05.000
2744,CE24,154.0,3160.0,1,2020-04-06 14:52:12.000,2020-04-06 21:50:38.000
7697,CE24,162.0,2760.0,1,2020-11-30 14:56:19.000,2020-11-30 23:59:00.000
9341,CE09B,106.0,1840.0,2,2021-02-18 04:41:49.000,2021-02-18 13:21:14.000
32546,CP35,121.0,2040.0,2,2023-06-12 04:54:55.201,2023-06-12 11:46:00.196
5450,CE21B,81.0,2620.0,1,2020-08-15 12:57:57.000,2020-08-15 21:31:00.000
14651,CE51,105.0,2460.0,1,2021-09-16 18:54:26.000,2021-09-17 01:15:36.000
15410,CP08,148.0,980.0,1,2021-10-18 14:48:45.000,2021-10-18 18:48:56.000
24790,CP32,151.0,2000.0,1,2022-09-21 04:55:08.256,2022-09-21 12:26:29.652
5233,CP36,126.0,2040.0,1,2020-08-06 14:51:47.000,2020-08-06 21:20:05.000
19887,CP36,111.0,1940.0,1,2022-04-14 14:45:57.000,2022-04-14 21:46:54.549
15857,CP15,111.0,1160.0,1,2021-11-04 05:00:32.000,2021-11-04 11:09:45.000
40583,CE38B,138.0,2060.0,1,2024-01-24 04:57:06.206,2024-01-24 11:47:41.461
23302,CP12,130.0,2920.0,1,2022-08-05 05:05:46.000,2022-08-05 11:47:55.753
1407,CE07,83.0,2080.0,1,2020-01-22 14:38:12.000,2020-01-22 21:36:59.000
2583,CE41B,96.0,1680.0,1,2020-03-27 05:01:21.000,2020-03-27 11:05:59.000
9039,CE24,170.0,1620.0,1,2021-02-04 05:02:25.000,2021-02-04 11:13:25.000
19043,CE24,177.0,1680.0,1,2022-03-16 14:57:38.000,2022-03-17 05:16:28.142
24364,CE34,151.0,1960.0,1,2022-09-08 14:48:44.080,2022-09-08 21:29:48.493
9551,CE31,214.0,2440.0,1,2021-03-01 13:47:42.000,2021-03-01 23:35:34.000
16569,CE46,105.0,1880.0,1,2021-12-04 04:48:26.000,2021-12-04 12:39:18.000
22145,CP07,81.0,2380.0,1,2022-06-29 14:24:16.000,2022-06-29 21:50:18.781
8178,CE18B,127.0,1880.0,1,2020-12-23 14:42:13.000,2020-12-23 22:52:00.000
6653,CP34,147.0,2380.0,1,2020-10-09 15:59:19.000,2020-10-09 23:09:39.000
4947,CP02,174.0,1860.0,2,2020-07-24 14:55:50.000,2020-07-25 01:17:10.000
16525,CP15,101.0,1500.0,1,2021-12-02 14:52:31.000,2021-12-02 20:56:41.000
2661,CE29,130.0,2240.0,3,2020-04-01 04:42:14.000,2020-04-01 13:00:42.000
8599,CE38B,136.0,1980.0,1,2021-01-14 05:07:06.000,2021-01-14 11:58:32.000
11344,CE37B,97.0,2240.0,2,2021-05-18 14:55:24.000,2021-05-18 21:55:45.000
6319,CE19,122.0,1440.0,1,2020-09-24 14:58:58.000,2020-09-24 22:09:58.000
2253,CE07,78.0,2260.0,1,2020-03-09 14:49:39.000,2020-03-09 23:31:45.000
15527,CE07,87.0,1880.0,1,2021-10-22 05:01:34.000,2021-10-22 11:26:41.000
20379,CP35,119.0,3340.0,2,2022-05-02 05:03:02.000,2022-05-02 13:12:45.916
23833,CE33,143.0,2060.0,1,2022-08-22 16:19:01.000,2022-08-23 01:13:42.055
3694,CP35,123.0,3100.0,1,2020-05-25 04:46:54.000,2020-05-25 11:35:44.000
13439,,98.0,9040.0,2,2021-08-05 15:42:42.000,2021-08-05 21:23:33.000
1108,CP02,177.0,3600.0,2,2020-01-06 04:51:38.000,2020-01-06 13:18:03.000
36170,CE38B,154.0,2220.0,1,2023-09-20 04:43:04.925,2023-09-20 11:55:09.039
2279,CE17B,91.0,1880.0,1,2020-03-10 05:09:57.000,2020-03-10 12:38:28.000
24333,CE37B,101.0,1960.0,1,2022-09-07 04:53:43.894,2022-09-07 11:29:46.502
15983,CE30B,130.0,1200.0,1,2021-11-10 15:00:09.000,2021-11-10 21:10:04.000
2767,CE41B,105.0,1920.0,1,2020-04-07 05:02:46.000,2020-04-07 12:15:22.000
11095,CE41B,110.0,2140.0,2,2021-05-07 04:49:35.000,2021-05-07 11:23:15.000
5953,CE24,168.0,2280.0,1,2020-09-07 14:50:08.000,2020-09-07 21:40:14.000
15406,CE46,94.0,2080.0,1,2021-10-18 04:57:30.000,2021-10-18 11:46:17.000
40855,,115.0,2740.0,1,2024-01-31 05:07:34.712,2024-01-31 13:05:22.743
17049,CP35,136.0,2620.0,1,2021-12-24 05:07:38.000,2021-12-24 12:48:16.000
23491,CP15,99.0,2300.0,1,2022-08-11 14:43:15.000,2022-08-11 22:15:26.298
22941,CE38B,145.0,1720.0,1,2022-07-26 04:52:45.000,2022-07-26 11:54:02.098
1564,CE09B,100.0,1420.0,2,2020-01-30 04:32:12.000,2020-01-30 11:43:23.000
13151,CE12,151.0,2120.0,2,2021-07-28 04:59:02.000,2021-07-28 12:03:08.000
4504,CP09B,103.0,2120.0,1,2020-07-03 04:56:01.000,2020-07-03 11:36:24.000
6978,CE39,111.0,3820.0,1,2020-10-26 14:53:45.000,2020-10-27 00:49:24.000
2463,CE35,123.0,2860.0,2,2020-03-20 04:49:08.000,2020-03-20 12:11:31.000
4797,,101.0,9880.0,1,2020-07-17 05:51:03.000,2020-07-17 13:06:00.000
8440,CP29,123.0,2760.0,1,2021-01-06 04:38:30.000,2021-01-06 13:46:28.000
19135,CP07,85.0,1960.0,2,2022-03-18 05:05:56.000,2022-03-18 12:47:21.890
19696,CP36,131.0,1940.0,1,2022-04-07 05:09:49.000,2022-04-07 12:08:54.875
3337,CP03,102.0,1580.0,1,2020-05-06 14:22:16.000,2020-05-06 20:23:52.000
9946,CE31,208.0,2320.0,1,2021-03-19 14:52:46.000,2021-03-19 21:57:47.000
15105,,141.0,8720.0,1,2021-10-05 06:12:20.000,2021-10-05 14:05:49.000
17436,,103.0,9680.0,1,2022-01-11 06:06:18.000,2022-01-11 10:43:04.000
37999,CP07,82.0,2280.0,4,2023-11-10 05:05:05.958,2023-11-10 10:53:40.306
15481,CP35,118.0,1600.0,1,2021-10-20 04:56:58.000,2021-10-20 11:48:48.000
38512,,131.0,1720.0,1,2023-11-24 14:57:55.598,2023-11-24 21:53:22.513
1458,CP09B,102.0,1920.0,1,2020-01-24 04:51:02.000,2020-01-24 10:19:47.000
9243,CP14,144.0,2200.0,1,2021-02-12 14:32:06.000,2021-02-12 21:22:19.000
6178,CE17B,97.0,2600.0,1,2020-09-17 04:39:22.000,2020-09-17 12:56:16.000
28241,CE09B,115.0,1560.0,1,2023-01-19 04:44:13.971,2023-01-19 11:53:33.442
13617,CE50,139.0,2220.0,1,2021-08-12 14:48:18.000,2021-08-12 20:44:51.000
27398,CE19,102.0,1740.0,2,2022-12-22 14:44:33.640,2022-12-22 20:28:29.650
3821,CE12,116.0,1680.0,1,2020-06-01 05:04:34.000,2020-06-01 12:28:08.000
4505,CP33,146.0,1700.0,2,2020-07-03 14:26:08.000,2020-07-03 21:17:57.000
9596,CE27,129.0,2180.0,1,2021-03-03 04:49:03.000,2021-03-03 11:04:47.000
24401,CE41B,115.0,1700.0,2,2022-09-09 05:03:53.202,2022-09-09 11:31:30.098
21145,CE01,232.0,1440.0,1,2022-05-27 04:59:22.000,2022-05-27 12:31:51.057
30845,CE19,117.0,1320.0,2,2023-04-20 14:49:07.443,2023-04-20 22:42:27.166
1311,CE46,98.0,2020.0,1,2020-01-16 05:27:13.000,2020-01-16 13:11:45.000
8577,CP29,135.0,2100.0,1,2021-01-13 05:13:47.000,2021-01-13 13:25:36.000
32438,CE18B,113.0,1760.0,1,2023-06-08 04:45:27.743,2023-06-08 12:22:19.541
27381,,177.0,8760.0,1,2022-12-21 05:53:45.115,2022-12-21 14:03:53.945
1685,CP32,155.0,1320.0,1,2020-02-05 14:23:09.000,2020-02-05 21:54:47.000
12788,CP01,217.0,1620.0,1,2021-07-14 14:49:34.000,2021-07-14 22:43:31.000
6881,CE39,110.0,2020.0,1,2020-10-21 14:37:08.000,2020-10-21 22:09:28.000
13305,CE29,135.0,2680.0,1,2021-08-02 04:46:37.000,2021-08-02 14:43:07.000
19915,CE19,100.0,1420.0,2,2022-04-15 13:39:43.000,2022-04-15 19:16:52.825
35541,CE21B,101.0,2260.0,1,2023-09-04 14:43:18.293,2023-09-04 22:37:43.388
15851,CE30B,134.0,1420.0,2,2021-11-04 14:46:27.000,2021-11-04 21:14:29.000
2604,CE24,158.0,2540.0,1,2020-03-28 04:57:53.000,2020-03-28 12:13:27.000
3078,CE24,154.0,2720.0,1,2020-04-23 15:26:57.000,2020-04-23 23:25:38.000
15575,CE08,194.0,2160.0,1,2021-10-25 04:47:13.000,2021-10-25 12:45:15.000
27340,,218.0,9520.0,2,2022-12-20 06:26:47.856,2022-12-20 15:05:27.677
8509,CE51,123.0,2980.0,1,2021-01-11 15:03:35.000,2021-01-12 00:12:01.000
29698,CP07,85.0,3160.0,4,2023-03-13 14:58:38.927,2023-03-13 22:32:54.893
6362,CP34,161.0,4020.0,1,2020-09-25 14:54:07.000,2020-09-26 01:05:27.000
1175,CE09B,111.0,1480.0,2,2020-01-09 04:37:22.000,2020-01-09 12:27:43.000
11523,CE30B,140.0,1620.0,2,2021-05-25 14:53:37.000,2021-05-25 22:37:04.000
28676,CP29,126.0,2280.0,1,2023-02-03 04:39:36.153,2023-02-03 12:52:20.928
3301,CP09B,101.0,3160.0,1,2020-05-05 04:56:39.000,2020-05-05 11:23:08.000
35543,CE29,127.0,3080.0,1,2023-09-04 04:50:48.374,2023-09-04 11:57:52.759
7124,CE07,79.0,2740.0,1,2020-11-02 14:44:32.000,2020-11-02 23:11:04.000
1723,CE19,123.0,1400.0,1,2020-02-07 04:41:27.000,2020-02-07 12:10:13.000
4786,CE34,150.0,2680.0,1,2020-07-17 14:56:58.000,2020-07-17 21:20:44.000
8913,,124.0,9340.0,1,2021-01-28 05:43:44.000,2021-01-28 13:21:57.000
9973,CE51,120.0,1700.0,1,2021-03-20 04:43:48.000,2021-03-20 12:19:05.000
25151,CP40,69.0,1560.0,1,2022-10-04 15:15:19.216,2022-10-04 20:04:19.566
40178,,123.0,2480.0,1,2024-01-11 14:57:22.132,2024-01-11 21:54:32.310
2289,CP09B,107.0,2840.0,1,2020-03-10 04:57:28.000,2020-03-10 12:12:57.000
21675,CP08,194.0,2340.0,1,2022-06-14 14:54:07.000,2022-06-15 00:17:17.387
38599,CP18B,135.0,2700.0,1,2023-11-28 05:02:23.144,2023-11-28 11:30:49.618
3041,CE01,236.0,2340.0,1,2020-04-22 14:25:34.000,2020-04-22 23:08:08.000
7177,CE39,94.0,2240.0,1,2020-11-04 14:53:23.000,2020-11-04 23:01:20.000
17501,CE26,87.0,2040.0,1,2022-01-14 14:10:41.000,2022-01-14 21:56:35.000
23214,CE26,84.0,2340.0,1,2022-08-03 15:33:34.000,2022-08-03 22:25:37.422
21931,CP12,136.0,2260.0,1,2022-06-22 05:05:42.000,2022-06-22 13:50:47.700
28530,CP12,115.0,2200.0,1,2023-01-30 04:59:19.731,2023-01-30 11:18:59.067
20519,CE19,98.0,1240.0,2,2022-05-06 14:47:30.000,2022-05-06 21:07:54.597
23844,CE40,52.0,1240.0,2,2022-08-23 14:51:50.000,2022-08-23 18:18:23.446
30581,CE30B,132.0,1880.0,1,2023-04-12 15:00:15.151,2023-04-12 21:37:55.714
14005,CE51,116.0,2000.0,1,2021-08-26 04:54:12.000,2021-08-26 11:10:23.000
31915,CE20B,105.0,2980.0,1,2023-05-23 05:08:11.751,2023-05-23 12:29:33.043
39572,,137.0,3180.0,1,2023-12-23 12:40:41.239,2023-12-23 21:59:10.967
40301,,127.0,3280.0,1,2024-01-16 04:50:47.219,2024-01-16 12:02:21.269
10069,CP35,121.0,2600.0,1,2021-03-25 04:54:54.000,2021-03-25 11:36:35.000
1264,CP09B,103.0,2820.0,1,2020-01-14 04:56:10.000,2020-01-14 11:59:23.000
4917,CP32,156.0,2560.0,1,2020-07-23 04:51:18.000,2020-07-23 13:15:12.000
1526,CP36,130.0,1440.0,1,2020-01-28 04:49:51.000,2020-01-28 12:32:31.000
20282,CP36,133.0,1820.0,1,2022-04-28 14:49:50.000,2022-04-28 21:42:53.453
5537,CP10B,87.0,1880.0,1,2020-08-19 04:47:37.000,2020-08-19 11:58:53.000
36827,,196.0,3240.0,2,2023-10-09 14:55:36.646,2023-10-09 23:35:09.135
5391,CE50,139.0,2120.0,1,2020-08-13 14:58:57.000,2020-08-13 21:38:23.000
12529,CE39,101.0,3640.0,1,2021-07-05 14:57:22.000,2021-07-06 00:16:23.000
17167,CE16,125.0,2280.0,2,2021-12-30 15:07:44.000,2021-12-31 00:52:50.000
14719,CE16,130.0,2080.0,2,2021-09-21 15:05:38.000,2021-09-21 22:40:32.000
1597,CE50,138.0,2020.0,1,2020-01-31 14:29:52.000,2020-01-31 21:45:50.000
19579,Óbidos CE02,126.0,1040.0,1,2022-04-04 05:11:03.000,2022-04-04 12:15:15.368
16328,CE35,121.0,1800.0,1,2021-11-24 04:49:57.000,2021-11-24 12:09:31.000
16358,CE01,211.0,1940.0,1,2021-11-25 14:58:13.000,2021-11-25 22:58:23.000
26024,CP26,63.0,2060.0,1,2022-11-02 20:49:14.401,2022-11-03 02:36:50.320
27703,CP26,87.0,4500.0,1,2023-01-02 15:39:01.082,2023-01-03 01:55:29.046
3188,CE46,91.0,2300.0,1,2020-04-29 04:58:53.000,2020-04-29 11:09:20.000
9362,CE19,118.0,2280.0,1,2021-02-19 14:55:34.000,2021-02-19 21:32:13.000
22580,CE50,142.0,2240.0,1,2022-07-14 14:14:50.000,2022-07-14 22:16:15.543
14052,CE24,169.0,2040.0,1,2021-08-27 15:00:12.000,2021-08-27 22:41:25.000
12025,CE34,146.0,2220.0,1,2021-06-15 14:32:54.000,2021-06-15 22:14:48.000
23707,CE34,143.0,2300.0,1,2022-08-18 14:52:58.000,2022-08-18 22:17:09.057
40655,,147.0,2800.0,1,2024-01-25 15:01:45.964,2024-01-25 22:56:53.452
16429,Óbidos CE02,127.0,1140.0,1,2021-11-29 05:09:57.000,2021-11-29 12:16:11.000
6502,CP09B,112.0,3960.0,1,2020-10-02 04:34:55.000,2020-10-02 13:33:40.000
11384,CE39,106.0,1880.0,1,2021-05-19 14:54:58.000,2021-05-19 22:07:20.000
15749,Óbidos CE01,146.0,2200.0,1,2021-11-01 12:55:29.000,2021-11-01 21:29:10.000
22170,CE29,121.0,2620.0,1,2022-06-30 05:06:24.000,2022-06-30 12:25:48.894
14324,CP12,126.0,2020.0,1,2021-09-06 05:00:40.000,2021-09-06 12:55:36.000
34958,CP21B,102.0,2040.0,1,2023-08-18 14:56:15.469,2023-08-18 22:41:16.447
9017,CE34,141.0,3240.0,1,2021-02-03 14:34:00.000,2021-02-03 21:08:07.000
8354,CP19,114.0,2580.0,1,2021-01-02 14:28:23.000,2021-01-02 21:46:09.000
2912,CE30B,156.0,2020.0,1,2020-04-15 14:48:57.000,2020-04-15 22:04:42.000
28625,CE09B,115.0,2040.0,1,2023-02-02 04:46:20.242,2023-02-02 11:55:17.950
18348,CE04,117.0,1940.0,1,2022-02-18 04:50:37.000,2022-02-18 12:10:00.514
7708,CP23,170.0,2160.0,1,2020-11-30 15:09:15.000,2020-11-30 23:53:00.000
3133,CE50,142.0,2140.0,1,2020-04-27 14:59:31.000,2020-04-27 21:04:16.000
20826,CE41B,107.0,2500.0,1,2022-05-17 04:45:43.000,2022-05-17 12:34:31.624
11659,CE01,213.0,2200.0,1,2021-05-31 04:55:32.000,2021-05-31 11:49:02.000
14684,CE29,130.0,2340.0,1,2021-09-20 04:59:56.000,2021-09-20 12:25:27.000
19987,CP39,97.0,3300.0,1,2022-04-18 15:10:31.000,2022-04-19 00:12:34.056
20742,CP26,91.0,2620.0,1,2022-05-13 14:58:05.000,2022-05-13 22:14:19.051
26707,CP39,157.0,4140.0,1,2022-11-28 14:48:40.314,2022-11-29 02:02:30.113
8811,CE07,86.0,2120.0,1,2021-01-25 14:25:19.000,2021-01-25 22:25:25.000
17852,CE08,190.0,1920.0,1,2022-01-28 14:15:09.000,2022-01-28 22:59:15.000
8444,CP15,94.0,1860.0,1,2021-01-06 05:00:42.000,2021-01-06 11:26:46.000
13576,CE17B,101.0,2700.0,1,2021-08-11 05:10:32.000,2021-08-11 12:28:29.000
2419,CE26,86.0,2100.0,1,2020-03-18 15:00:33.000,2020-03-18 21:37:07.000
38844,CP18B,120.0,2360.0,1,2023-12-05 05:04:58.727,2023-12-05 12:05:16.350
5060,CE35,134.0,2960.0,1,2020-07-30 04:55:05.000,2020-07-30 12:35:55.000
7374,CE39,107.0,2420.0,1,2020-11-13 15:03:32.000,2020-11-13 23:42:54.000
25372,CE26,86.0,2460.0,1,2022-10-12 14:45:02.130,2022-10-12 22:35:34.026
29766,CP39,83.0,2060.0,1,2023-03-15 15:00:24.124,2023-03-15 21:33:28.457
16889,CP12,120.0,1480.0,1,2021-12-17 04:55:50.000,2021-12-17 12:21:03.000
21077,CP31,202.0,1560.0,1,2022-05-25 04:54:22.000,2022-05-25 11:53:54.408
3122,CE49,169.0,1920.0,1,2020-04-25 05:00:44.000,2020-04-25 12:31:56.000
10965,CE07,85.0,2160.0,1,2021-05-03 05:02:47.000,2021-05-03 13:14:38.000
13080,CE37B,171.0,2160.0,1,2021-07-26 14:48:44.000,2021-07-27 00:46:40.000
4228,Óbidos CESexta,114.0,1240.0,1,2020-06-19 14:53:03.000,2020-06-19 20:45:16.000
12890,CE12,127.0,2320.0,1,2021-07-19 05:03:36.000,2021-07-19 14:10:25.000
24187,CE01,221.0,1220.0,1,2022-09-02 14:56:01.000,2022-09-02 21:43:34.499
25370,CE10B,84.0,1900.0,1,2022-10-12 04:43:25.843,2022-10-12 12:13:21.737
5527,CE07,86.0,2100.0,1,2020-08-19 04:50:46.000,2020-08-19 13:10:25.000
26356,CE24,170.0,1820.0,1,2022-11-16 05:03:27.238,2022-11-16 11:48:19.897
6639,Óbidos CESexta,106.0,1140.0,1,2020-10-09 14:53:59.000,2020-10-09 21:20:19.000
11703,CP25B,109.0,2140.0,1,2021-06-01 05:03:30.000,2021-06-01 11:26:56.000
20729,CE01,223.0,2480.0,1,2022-05-13 04:58:04.000,2022-05-13 14:19:17.613
35278,CP12,122.0,2920.0,1,2023-08-28 04:43:49.535,2023-08-28 12:42:52.144
32405,CP23,181.0,1420.0,1,2023-06-07 05:05:55.828,2023-06-07 12:09:02.328
10411,CE24,163.0,2220.0,1,2021-04-09 05:03:21.000,2021-04-09 11:50:04.000
5230,CE50,146.0,2080.0,1,2020-08-06 14:59:04.000,2020-08-06 23:19:06.000
15199,CE50,131.0,1740.0,1,2021-10-07 17:25:59.000,2021-10-07 23:17:20.000
10223,CE12,124.0,2280.0,1,2021-04-01 04:46:56.000,2021-04-01 13:38:03.000
13708,CE39,112.0,2440.0,1,2021-08-16 14:57:54.000,2021-08-16 22:07:51.000
27853,CE16,123.0,1600.0,1,2023-01-06 04:35:31.279,2023-01-06 11:18:33.197
30719,CP12,123.0,2440.0,1,2023-04-17 04:58:30.992,2023-04-17 12:37:27.447
28349,CE40,48.0,1160.0,2,2023-01-24 19:00:02.061,2023-01-24 22:16:04.502
22374,CE50,140.0,2120.0,1,2022-07-07 04:49:46.000,2022-07-07 12:18:22.223
28516,CE34,151.0,2000.0,1,2023-01-30 15:15:03.512,2023-01-30 22:23:37.153
2055,CP26,89.0,2760.0,1,2020-02-26 04:40:50.000,2020-02-26 13:24:41.000
16060,CP26,108.0,3560.0,1,2021-11-12 15:01:49.000,2021-11-12 23:04:46.000
16189,CE10B,76.0,1900.0,1,2021-11-18 04:56:45.000,2021-11-18 11:24:20.000
11998,CE07,83.0,2040.0,1,2021-06-14 14:56:13.000,2021-06-14 21:05:03.000
21105,CE34,130.0,1840.0,1,2022-05-26 15:33:09.000,2022-05-26 20:56:54.039
6135,CP09B,100.0,2360.0,1,2020-09-15 04:47:13.000,2020-09-15 12:33:59.000
20031,CE12,126.0,1780.0,1,2022-04-20 05:01:12.000,2022-04-20 12:38:04.455
19873,CE29,125.0,2840.0,1,2022-04-14 05:05:58.000,2022-04-14 13:26:54.271
15656,CP12,123.0,1420.0,1,2021-10-27 04:41:57.000,2021-10-27 11:53:55.000
33588,CP26,86.0,4560.0,1,2023-07-12 14:56:25.469,2023-07-13 00:37:07.006
12701,CE07,82.0,2020.0,1,2021-07-12 14:12:52.000,2021-07-12 21:15:22.000
32482,CP07,81.0,2560.0,3,2023-06-09 14:57:49.179,2023-06-09 21:37:35.150
9605,CE07,84.0,2480.0,1,2021-03-03 14:53:44.000,2021-03-03 21:51:51.000
15847,CE08,194.0,1760.0,1,2021-11-04 15:01:26.000,2021-11-04 23:24:10.000
39305,,83.0,2960.0,1,2023-12-18 05:02:17.680,2023-12-18 12:08:27.525
1210,CP09B,100.0,1760.0,1,2020-01-10 04:48:59.000,2020-01-10 10:32:56.000
5858,CP33,150.0,2840.0,2,2020-09-02 14:39:21.000,2020-09-02 22:32:49.000
22612,,40.0,6060.0,1,2022-07-13 21:02:53.000,2022-07-13 23:42:06.734
30997,CP40,43.0,1200.0,1,2023-04-25 17:59:44.124,2023-04-25 22:03:00.121
30094,CE20B,99.0,3040.0,1,2023-03-28 14:56:04.461,2023-03-28 22:52:14.958
41666,,137.0,2560.0,1,2024-02-22 04:48:11.674,2024-02-22 12:39:46.993
9495,CP32,150.0,1100.0,1,2021-02-25 04:21:04.000,2021-02-25 11:05:28.000
19129,CP52,183.0,1440.0,1,2022-03-18 15:06:36.000,2022-03-18 22:33:25.523
28248,CP15,111.0,1380.0,1,2023-01-19 04:44:03.493,2023-01-19 11:37:37.030
29211,CP15,105.0,2020.0,1,2023-02-23 14:56:18.059,2023-02-23 22:01:52.340
3994,CE38B,138.0,1740.0,1,2020-06-09 15:00:53.000,2020-06-09 22:16:07.000
7328,CE51,137.0,1820.0,1,2020-11-11 04:51:48.000,2020-11-11 13:53:38.000
33315,,117.0,8340.0,1,2023-07-04 15:19:41.050,2023-07-04 22:19:31.969
24990,CP08,193.0,1720.0,1,2022-09-28 04:51:56.093,2022-09-28 11:53:06.092
16867,,118.0,10520.0,1,2021-12-16 15:17:36.000,2021-12-16 22:09:37.000
7493,CE21B,84.0,2040.0,1,2020-11-19 14:52:06.000,2020-11-19 21:58:20.000
10227,CE21B,94.0,2760.0,1,2021-04-01 13:39:34.000,2021-04-01 22:41:04.000
3304,CP33,149.0,2280.0,1,2020-05-05 14:42:47.000,2020-05-05 22:30:25.000
6587,CE46,93.0,1980.0,1,2020-10-07 04:45:46.000,2020-10-07 11:50:10.000
24780,CE04,111.0,1700.0,1,2022-09-21 04:56:23.428,2022-09-21 12:01:17.372
39886,,125.0,3300.0,1,2024-01-03 15:04:07.014,2024-01-03 22:44:13.516
15358,CP35,121.0,1560.0,1,2021-10-15 04:42:46.000,2021-10-15 11:33:20.000
29609,CP01,215.0,1840.0,1,2023-03-09 04:56:43.954,2023-03-09 12:41:16.956
28905,CE09B,117.0,2220.0,1,2023-02-13 04:53:25.212,2023-02-13 12:28:43.906
31907,CP18B,127.0,2340.0,1,2023-05-23 14:57:15.814,2023-05-23 21:46:45.640
27481,CE04,110.0,2660.0,1,2022-12-26 04:59:37.249,2022-12-26 13:39:19.267
27545,CP40,50.0,2560.0,1,2022-12-27 14:53:41.390,2022-12-27 19:55:13.165
4736,CP34,148.0,1980.0,1,2020-07-15 14:21:42.000,2020-07-15 20:55:15.000
5241,CP41B,113.0,2980.0,1,2020-08-06 04:45:55.000,2020-08-06 12:40:21.000
2378,CE09B,106.0,2320.0,2,2020-03-16 04:53:55.000,2020-03-16 12:28:39.000
4518,CE04,94.0,1560.0,1,2020-07-04 05:00:12.000,2020-07-04 11:37:03.000
4084,,96.0,10300.0,1,2020-06-12 06:01:22.000,2020-06-12 11:53:27.000
7459,,216.0,8840.0,1,2020-11-17 05:56:15.000,2020-11-17 16:19:07.000
29045,CE46,97.0,1260.0,1,2023-02-17 04:44:57.270,2023-02-17 12:16:21.949
30992,CE20B,72.0,1520.0,1,2023-04-25 05:05:30.118,2023-04-25 09:14:31.017
15212,,148.0,9260.0,1,2021-10-08 15:24:44.000,2021-10-08 22:08:54.000
10927,CP32,166.0,1960.0,1,2021-04-30 04:47:13.000,2021-04-30 12:02:44.000
39645,,189.0,2640.0,1,2023-12-27 15:03:39.497,2023-12-28 01:09:10.104
40231,,117.0,1340.0,1,2024-01-12 17:56:17.169,2024-01-12 23:29:31.117
7779,CE38B,139.0,2140.0,1,2020-12-03 14:18:55.000,2020-12-03 22:51:13.000
30658,CE38B,139.0,2260.0,1,2023-04-14 14:52:28.205,2023-04-14 22:11:11.723
17554,CE09B,105.0,2840.0,1,2022-01-17 05:26:25.000,2022-01-17 14:15:55.000
24915,CE09B,145.0,2500.0,1,2022-09-26 05:05:08.910,2022-09-27 15:50:41.195
4281,CE04,93.0,2280.0,1,2020-06-23 04:47:48.000,2020-06-23 11:07:47.000
2918,CE33,151.0,2100.0,1,2020-04-15 04:52:44.000,2020-04-15 12:37:07.000
30362,CE46,93.0,1080.0,1,2023-04-05 04:51:04.741,2023-04-05 10:56:29.582
1647,,212.0,8560.0,1,2020-02-03 14:40:26.000,2020-02-03 23:21:49.000
4656,CE51,113.0,1880.0,1,2020-07-11 05:03:14.000,2020-07-11 12:51:07.000
8991,CE15,109.0,1720.0,1,2021-02-02 14:17:20.000,2021-02-02 21:43:29.000
37687,CE38B,143.0,1640.0,1,2023-11-02 14:56:14.809,2023-11-02 21:51:48.433
3760,CE15,118.0,1540.0,1,2020-05-28 04:48:31.000,2020-05-28 10:43:04.000
22502,CE15,117.0,1360.0,1,2022-07-12 15:07:59.000,2022-07-12 22:06:16.657
26325,CE20B,62.0,1100.0,1,2022-11-15 05:01:08.750,2022-11-15 08:29:56.350
23846,CP52,178.0,1660.0,1,2022-08-23 04:51:30.000,2022-08-23 12:01:48.959
9913,CP15,104.0,1700.0,1,2021-03-17 04:46:41.000,2021-03-17 12:06:34.000
1869,CE27,129.0,1960.0,1,2020-02-15 05:04:06.000,2020-02-15 12:44:38.000
6086,,177.0,10280.0,1,2020-09-11 16:21:41.000,2020-09-12 00:06:56.000
1862,CP09B,98.0,2340.0,1,2020-02-14 05:06:04.000,2020-02-14 11:22:33.000
14478,CP08,183.0,2800.0,1,2021-09-11 11:59:15.000,2021-09-11 19:20:22.000
12783,CP32,156.0,2600.0,1,2021-07-14 04:55:28.000,2021-07-14 13:03:09.000
6040,CP36,123.0,1820.0,1,2020-09-10 14:51:53.000,2020-09-10 22:08:28.000
41424,,152.0,2400.0,1,2024-02-15 04:32:45.801,2024-02-15 12:13:30.673
27073,CP15,77.0,1600.0,1,2022-12-09 15:42:48.821,2022-12-09 20:12:12.147
11368,,177.0,2200.0,51,2021-05-18 14:35:02.000,2021-05-18 22:05:59.000
2958,CE11,159.0,1920.0,9,2020-04-17 04:51:55.000,2020-04-17 10:50:24.000
28087,,183.0,2640.0,62,2023-01-13 14:49:01.830,2023-01-14 00:44:48.554
1834,CE13,125.0,1740.0,47,2020-02-13 04:57:43.000,2020-02-13 12:21:14.000
26471,,170.0,1980.0,45,2022-11-18 14:43:13.200,2022-11-18 22:11:35.466
22932,,225.0,1980.0,52,2022-07-23 15:07:02.000,2022-07-24 01:05:18.404
18639,CE30B,133.0,1540.0,1,2022-03-02 14:57:14.000,2022-03-02 21:13:43.894
28741,,180.0,2160.0,43,2023-02-06 15:23:11.882,2023-02-07 00:44:34.542
1949,CE13,124.0,2160.0,57,2020-02-20 14:59:19.000,2020-02-20 22:45:25.000
33899,,152.0,2400.0,41,2023-07-20 15:21:08.818,2023-07-20 22:14:39.709
25875,,187.0,1860.0,46,2022-10-28 14:49:48.725,2022-10-28 23:29:36.723
1561,CE13,122.0,1640.0,50,2020-01-30 04:56:35.000,2020-01-30 11:41:19.000
18855,,257.0,2280.0,45,2022-03-08 14:48:58.000,2022-03-09 02:24:39.507
9982,,196.0,2160.0,33,2021-03-19 15:04:12.000,2021-03-19 22:11:41.000
42852,,132.0,3220.0,25,2024-03-25 14:52:22.588,2024-03-25 21:50:20.766
4503,CE06,179.0,1700.0,46,2020-07-03 14:53:21.000,2020-07-03 20:28:37.000
17298,,173.0,3020.0,29,2022-01-04 15:06:04.000,2022-01-04 23:20:12.000
19369,,233.0,2160.0,41,2022-03-26 05:02:01.000,2022-03-26 15:49:11.446
4686,CE09B,102.0,2400.0,2,2020-07-13 05:07:36.000,2020-07-13 11:58:26.000
2480,,160.0,8880.0,12,2020-03-20 06:38:23.000,2020-03-20 13:11:57.000
1246,CP13,138.0,2340.0,47,2020-01-13 14:32:50.000,2020-01-13 21:17:42.000
12647,CE04,104.0,1620.0,1,2021-07-09 04:53:41.000,2021-07-09 13:33:23.000
2021,,156.0,9120.0,1,2020-02-24 05:33:22.000,2020-02-24 14:24:41.000
4896,CP43,115.0,1580.0,4,2020-07-22 15:01:59.000,2020-07-22 21:35:26.000
28995,,178.0,2500.0,51,2023-02-14 16:11:29.085,2023-02-15 00:40:54.739
23205,,153.0,2420.0,44,2022-08-02 14:54:15.000,2022-08-02 23:22:53.732
30155,,203.0,2540.0,40,2023-03-28 15:02:21.488,2023-03-28 23:52:22.116
1045,CP11,174.0,3220.0,14,2020-01-02 15:11:15.000,2020-01-03 00:12:24.000
41988,,130.0,2080.0,4,2024-03-01 14:54:48.412,2024-03-01 21:05:13.488
10499,CE40,50.0,1180.0,1,2021-04-13 14:56:23.000,2021-04-13 17:58:43.000
32078,,172.0,1480.0,39,2023-05-26 15:18:20.827,2023-05-26 21:16:52.937
6033,CE13,122.0,2040.0,51,2020-09-10 14:50:00.000,2020-09-10 22:24:16.000
33083,,159.0,2360.0,27,2023-06-27 15:06:03.053,2023-06-28 00:05:32.496
36526,,234.0,1960.0,5,2023-09-29 14:57:00.074,2023-09-29 23:42:29.462
8900,CP35,124.0,2320.0,2,2021-01-28 04:41:09.000,2021-01-28 12:22:56.000
14386,CP35,117.0,2420.0,3,2021-09-08 04:59:18.000,2021-09-08 12:51:00.000
25950,,208.0,2220.0,39,2022-11-01 10:46:08.599,2022-11-01 18:46:04.926
19555,,228.0,3640.0,44,2022-04-01 14:43:44.000,2022-04-02 00:07:07.252
40820,,194.0,2520.0,26,2024-01-30 14:56:40.713,2024-01-30 23:23:04.543
14759,CP07,82.0,3200.0,4,2021-09-22 14:22:34.000,2021-09-22 23:08:59.000
8411,CP13,112.0,2440.0,55,2021-01-05 14:50:10.000,2021-01-05 22:02:29.000
23581,Óbidos CE01,155.0,1840.0,1,2022-08-15 05:33:41.000,2022-08-15 14:19:46.561
37885,,167.0,2280.0,25,2023-11-07 15:12:39.353,2023-11-07 23:51:13.447
43596,,158.0,2080.0,8,2024-04-12 15:10:09.562,2024-04-12 21:39:14.339
15845,CE37B,102.0,2240.0,1,2021-11-04 04:57:40.000,2021-11-04 12:30:02.000
31422,,217.0,2340.0,65,2023-05-08 14:51:37.815,2023-05-08 23:21:03.217
29505,,180.0,1860.0,42,2023-03-06 14:56:16.673,2023-03-06 23:10:41.118
14215,CE09B,115.0,1820.0,2,2021-09-02 05:05:06.000,2021-09-02 13:11:37.000
41731,,166.0,2520.0,43,2024-02-23 15:10:28.012,2024-02-23 21:28:09.127
1182,CP06,186.0,1980.0,41,2020-01-09 14:53:08.000,2020-01-09 22:01:36.000
4485,CP06,180.0,1980.0,46,2020-07-02 15:04:40.000,2020-07-02 22:10:39.000
40363,,182.0,1680.0,18,2024-01-17 14:59:21.047,2024-01-17 22:10:42.991
11227,,212.0,2780.0,52,2021-05-11 15:29:31.000,2021-05-11 23:22:27.000
23686,,178.0,9040.0,21,2022-08-17 05:40:52.000,2022-08-17 13:35:56.236
22863,,249.0,2980.0,49,2022-07-21 15:28:55.000,2022-07-22 02:52:39.127
20228,,202.0,2920.0,52,2022-04-26 15:11:36.000,2022-04-27 03:03:46.063
1525,CP13,131.0,2420.0,43,2020-01-28 14:51:29.000,2020-01-28 22:29:22.000
38820,,135.0,2920.0,31,2023-12-04 14:56:36.897,2023-12-04 21:45:43.789
24252,CE46,92.0,1800.0,1,2022-09-05 14:39:50.000,2022-09-05 21:53:09.368
22024,,165.0,2920.0,46,2022-06-24 15:08:58.000,2022-06-25 00:43:16.091
32151,,157.0,5720.0,7,2023-05-30 06:00:40.223,2023-05-30 15:14:01.403
4776,CE51,125.0,2240.0,1,2020-07-17 14:54:20.000,2020-07-17 22:02:41.000
37465,,123.0,3180.0,25,2023-10-26 15:19:07.305,2023-10-26 23:53:44.337
10105,CP29,134.0,2700.0,2,2021-03-26 04:52:31.000,2021-03-26 13:04:24.000
30497,CP07,67.0,2840.0,3,2023-04-10 15:32:58.122,2023-04-10 22:23:13.518
4851,CE05,118.0,1940.0,2,2020-07-21 05:01:01.000,2020-07-21 12:29:43.000
26107,CP07,87.0,4080.0,3,2022-11-07 14:57:47.091,2022-11-07 23:17:08.995
33760,,148.0,2580.0,24,2023-07-17 15:02:16.671,2023-07-17 22:00:57.432
17746,,209.0,2200.0,41,2022-01-24 14:45:11.000,2022-01-25 00:40:57.000
42440,,152.0,2520.0,22,2024-03-13 15:51:39.115,2024-03-13 22:50:55.919
4096,CP44,126.0,2540.0,38,2020-06-13 04:54:35.000,2020-06-13 11:47:55.000
19382,CP52,172.0,1660.0,1,2022-03-28 14:49:22.000,2022-03-28 21:24:08.400
26169,CP52,173.0,2280.0,1,2022-11-09 14:59:37.266,2022-11-09 22:27:37.569
18399,CE11,159.0,1860.0,5,2022-02-21 04:59:29.000,2022-02-21 13:03:27.292
36673,,143.0,1980.0,15,2023-10-04 15:08:34.346,2023-10-04 22:34:53.066
28193,CE11,147.0,1200.0,7,2023-01-18 14:56:35.837,2023-01-18 21:28:12.360
43210,,194.0,2740.0,41,2024-04-03 15:01:21.050,2024-04-03 23:44:51.872
15816,CE04,113.0,2120.0,1,2021-11-03 04:56:29.000,2021-11-03 12:38:37.000
34447,,170.0,1840.0,15,2023-08-04 14:54:40.599,2023-08-04 22:49:44.665
8672,CP43,119.0,1440.0,4,2021-01-18 14:39:30.000,2021-01-18 21:32:21.000
6562,CP40,53.0,1300.0,3,2020-10-06 04:59:26.000,2020-10-06 10:00:00.000
37331,,138.0,2720.0,37,2023-10-23 15:04:30.281,2023-10-23 22:15:31.860
30316,CE01,218.0,2100.0,1,2023-04-04 04:49:57.954,2023-04-04 12:17:53.915
14808,CE26,91.0,2460.0,3,2021-09-24 15:45:54.000,2021-09-25 00:43:15.000
27378,,181.0,3280.0,51,2022-12-20 15:16:44.578,2022-12-20 23:31:32.219
35893,CP12,127.0,2940.0,1,2023-09-12 04:42:45.513,2023-09-12 13:34:44.173
40871,,172.0,2100.0,2,2024-01-31 14:55:27.865,2024-01-31 22:34:45.050
36154,,159.0,1900.0,15,2023-09-19 15:05:06.900,2023-09-19 21:44:57.018
1490,CE07,78.0,1460.0,1,2020-01-27 04:59:31.000,2020-01-27 11:55:36.000
3672,CE06,192.0,1920.0,38,2020-05-23 04:57:48.000,2020-05-23 11:54:04.000
5424,CE06,195.0,1820.0,43,2020-08-14 14:49:20.000,2020-08-14 23:35:37.000
19407,CE11,146.0,1360.0,4,2022-03-29 14:54:35.000,2022-03-29 21:13:06.838
9143,CE37B,94.0,2360.0,2,2021-02-09 14:19:07.000,2021-02-09 20:49:45.000
6467,CE13,121.0,1980.0,45,2020-10-01 15:01:41.000,2020-10-01 21:46:42.000
34298,,146.0,2340.0,33,2023-08-01 14:59:40.216,2023-08-01 22:16:42.911
23782,,220.0,3060.0,59,2022-08-19 14:57:48.000,2022-08-20 01:51:03.574
2649,CP13,122.0,2520.0,42,2020-03-31 14:54:38.000,2020-03-31 22:13:12.000
33848,,180.0,2040.0,25,2023-07-19 15:06:59.648,2023-07-19 22:35:11.585
28534,,220.0,9740.0,37,2023-01-30 06:04:33.618,2023-01-30 14:08:56.586
30869,,161.0,9240.0,29,2023-04-20 05:51:20.720,2023-04-20 12:56:51.003
8570,CE06,190.0,1840.0,46,2021-01-13 14:54:50.000,2021-01-13 22:11:13.000
17041,,236.0,2840.0,45,2021-12-23 14:59:38.000,2021-12-24 02:16:43.000
3001,CP40,49.0,1420.0,2,2020-04-20 14:55:18.000,2020-04-20 18:57:44.000
10597,CP29,123.0,3120.0,2,2021-04-16 04:53:43.000,2021-04-16 13:47:17.000
13931,,164.0,9460.0,21,2021-08-23 05:56:21.000,2021-08-23 14:09:10.000
6873,CP32,144.0,2200.0,1,2020-10-20 04:26:09.000,2020-10-20 10:48:46.000
19785,CP11,143.0,1480.0,2,2022-04-11 15:04:28.000,2022-04-11 22:11:17.636
2966,CP01,229.0,3220.0,1,2020-04-17 14:57:16.000,2020-04-18 15:47:48.000
10952,CP01,219.0,1860.0,1,2021-05-01 04:41:08.000,2021-05-01 13:26:04.000
15814,CE38B,142.0,2100.0,1,2021-11-03 04:51:47.000,2021-11-03 11:30:44.000
22724,CE38B,141.0,1860.0,1,2022-07-19 05:12:27.000,2022-07-19 12:51:36.792
21358,CE11,149.0,1440.0,6,2022-06-03 04:57:00.000,2022-06-03 11:14:04.791
12077,,175.0,2120.0,27,2021-06-16 14:55:49.000,2021-06-16 23:52:38.000
7642,CE09B,105.0,1640.0,2,2020-11-26 04:45:18.000,2020-11-26 12:32:28.000
13730,CE09B,99.0,1800.0,2,2021-08-16 05:49:48.000,2021-08-16 13:49:36.000
18452,CE04,112.0,1680.0,1,2022-02-23 05:05:00.000,2022-02-23 12:07:10.946
19909,CE39,99.0,1900.0,1,2022-04-15 13:42:20.000,2022-04-15 20:35:25.168
8980,CE43,122.0,1680.0,1,2021-02-02 14:57:13.000,2021-02-02 21:27:04.000
25022,CP18B,127.0,2280.0,1,2022-09-29 15:50:45.535,2022-09-29 23:44:57.514
5561,CE50,160.0,1960.0,1,2020-08-20 04:48:37.000,2020-08-20 13:51:30.000
18258,CE40,50.0,1200.0,2,2022-02-15 14:59:36.000,2022-02-15 18:35:21.362
23303,CP29,147.0,3100.0,1,2022-08-05 05:01:14.000,2022-08-05 13:56:40.681
3611,CP30B,154.0,1940.0,1,2020-05-20 14:52:05.000,2020-05-20 21:02:05.000
14133,CP35,128.0,3460.0,4,2021-08-30 04:49:45.000,2021-08-30 12:44:23.000
33359,,131.0,920.0,3,2023-07-05 14:33:56.483,2023-07-05 21:26:13.969
24795,,105.0,9700.0,6,2022-09-21 05:53:08.766,2022-09-21 12:03:15.713
2595,CP09B,98.0,1980.0,1,2020-03-27 05:00:45.000,2020-03-27 11:38:16.000
19383,CP07,109.0,2980.0,4,2022-03-28 15:03:26.000,2022-03-28 23:51:43.835
23461,CP12,128.0,2000.0,1,2022-08-10 04:47:54.000,2022-08-10 11:31:04.621
24410,CP36,142.0,1420.0,1,2022-09-09 14:37:19.766,2022-09-09 21:52:38.496
11908,,174.0,2440.0,43,2021-06-08 14:47:41.000,2021-06-09 00:14:19.000
4098,CP23,188.0,2380.0,1,2020-06-13 04:57:47.000,2020-06-13 13:51:30.000
20192,CE40,44.0,980.0,2,2022-04-26 18:57:01.000,2022-04-26 22:34:25.453
2963,CE35,119.0,2580.0,2,2020-04-17 04:45:03.000,2020-04-17 10:56:18.000
2533,CP09B,105.0,2400.0,1,2020-03-24 04:55:20.000,2020-03-24 15:02:51.000
22961,CP11,144.0,2620.0,4,2022-07-26 04:53:48.000,2022-07-26 12:05:19.143
10249,CE01,225.0,2620.0,1,2021-04-02 12:53:18.000,2021-04-02 20:23:04.000
24331,CE01,220.0,2100.0,1,2022-09-07 14:52:18.215,2022-09-07 23:19:06.038
11550,CE26,87.0,2160.0,2,2021-05-26 14:21:07.000,2021-05-26 21:41:45.000
26958,CE29,130.0,2280.0,1,2022-12-07 04:55:23.533,2022-12-07 12:28:35.082
30570,CE29,143.0,2540.0,1,2023-04-12 05:08:02.964,2023-04-12 13:28:54.045
26215,CE16,108.0,920.0,1,2022-11-09 17:49:09.824,2022-11-09 23:31:46.716
21851,CP26,185.0,4440.0,1,2022-06-20 15:06:36.000,2022-06-20 22:51:06.465
37911,CP39,88.0,3960.0,1,2023-11-08 14:57:23.694,2023-11-08 21:55:20.103
36580,,158.0,2580.0,17,2023-10-02 14:21:37.454,2023-10-02 22:03:26.601
32174,CP07,83.0,2760.0,4,2023-05-31 14:52:40.203,2023-05-31 22:01:13.524
38573,,159.0,2020.0,1,2023-11-27 14:55:16.929,2023-11-27 22:37:25.431
8548,CE41B,106.0,2700.0,2,2021-01-12 04:51:04.000,2021-01-12 12:10:16.000
15084,CE41B,108.0,2280.0,2,2021-10-05 04:56:44.000,2021-10-05 13:19:08.000
11685,CE37B,94.0,2200.0,2,2021-06-01 14:24:29.000,2021-06-01 21:58:22.000
14452,CP11,164.0,1480.0,3,2021-09-10 14:58:42.000,2021-09-10 23:19:40.000
37879,,173.0,3140.0,1,2023-11-07 14:58:01.557,2023-11-07 23:05:26.060
21589,,156.0,10760.0,11,2022-06-10 06:04:31.000,2022-06-10 13:43:36.529
2134,CP40,50.0,1140.0,3,2020-03-02 10:36:57.000,2020-03-02 15:15:26.000
19446,CE20B,92.0,2700.0,1,2022-03-30 14:54:33.000,2022-03-30 21:18:37.555
7797,CP35,117.0,2760.0,1,2020-12-03 04:59:32.000,2020-12-03 12:35:41.000
18096,,206.0,2080.0,31,2022-02-07 15:07:39.000,2022-02-07 22:52:27.000
12819,CP36,127.0,1820.0,1,2021-07-15 04:51:26.000,2021-07-15 12:41:52.000
20459,CP11,143.0,1240.0,3,2022-05-04 14:35:35.000,2022-05-04 21:49:43.761
1502,CP11,145.0,2160.0,8,2020-01-27 14:35:30.000,2020-01-27 23:12:27.000
10701,CP15,111.0,1900.0,1,2021-04-21 14:59:43.000,2021-04-21 22:04:50.000
32907,CP15,115.0,1860.0,1,2023-06-22 04:47:31.521,2023-06-22 11:25:45.273
28250,CP01,220.0,2260.0,1,2023-01-19 14:58:36.274,2023-01-19 23:21:48.883
12053,CE38B,137.0,1820.0,1,2021-06-16 04:47:23.000,2021-06-16 11:34:34.000
19635,CE38B,143.0,1860.0,1,2022-04-06 14:52:50.000,2022-04-06 22:00:10.197
16359,CE37B,133.0,1700.0,2,2021-11-25 16:12:07.000,2021-11-25 22:09:48.000
2714,CP02,186.0,1980.0,2,2020-04-03 14:57:38.000,2020-04-03 22:12:44.000
31036,CP18B,123.0,2080.0,1,2023-04-26 05:07:40.136,2023-04-26 11:59:19.035
2607,CE01,234.0,2080.0,1,2020-03-28 04:43:39.000,2020-03-28 12:43:45.000
23249,CE19,94.0,1740.0,2,2022-08-04 14:56:24.000,2022-08-04 21:13:40.728
15578,CE12,142.0,1720.0,1,2021-10-25 04:45:57.000,2021-10-25 13:29:41.000
5341,CP09B,103.0,2840.0,1,2020-08-11 05:04:26.000,2020-08-11 12:53:13.000
14577,CP05,118.0,3020.0,1,2021-09-15 14:53:55.000,2021-09-15 21:29:17.000
19011,CE40,48.0,960.0,2,2022-03-15 19:16:14.000,2022-03-15 22:37:04.085
37524,,167.0,3640.0,11,2023-10-27 14:58:19.241,2023-10-27 23:35:39.972
2626,CE46,91.0,2760.0,1,2020-03-30 04:43:52.000,2020-03-30 12:11:54.000
6355,CE07,98.0,1400.0,1,2020-09-25 15:00:59.000,2020-09-25 22:26:49.000
3297,CE41B,108.0,2520.0,1,2020-05-05 05:08:16.000,2020-05-05 13:12:42.000
2323,CE37B,100.0,1620.0,1,2020-03-12 14:31:47.000,2020-03-12 22:06:11.000
14774,CE37B,106.0,2200.0,1,2021-09-23 15:09:14.000,2021-09-23 22:20:57.000
25295,CE34,152.0,2800.0,1,2022-10-10 15:02:36.362,2022-10-11 00:40:56.219
3253,CE33,150.0,1880.0,1,2020-05-02 04:33:06.000,2020-05-02 12:40:53.000
8364,CE46,95.0,2640.0,1,2021-01-04 04:40:39.000,2021-01-04 12:06:59.000
24399,CE46,104.0,1200.0,1,2022-09-09 15:02:58.387,2022-09-09 21:12:18.962
21669,CE15,104.0,1340.0,1,2022-06-14 15:02:39.000,2022-06-14 21:13:23.099
3832,CP35,122.0,3020.0,1,2020-06-01 04:59:34.000,2020-06-01 12:33:28.000
16025,CP32,158.0,1840.0,1,2021-11-11 04:43:21.000,2021-11-11 13:00:50.000
4718,CP10B,90.0,2880.0,2,2020-07-14 12:09:02.000,2020-07-14 12:23:39.000
1990,CE38B,139.0,1480.0,1,2020-02-22 04:50:44.000,2020-02-22 11:36:42.000
37771,,171.0,1620.0,4,2023-11-03 15:07:18.276,2023-11-03 22:45:00.856
2910,CE27,128.0,1880.0,1,2020-04-15 04:30:05.000,2020-04-15 11:57:16.000
7351,CE04,122.0,1700.0,1,2020-11-12 04:47:41.000,2020-11-12 12:44:43.000
18030,CE39,101.0,2260.0,1,2022-02-04 14:54:32.000,2022-02-04 22:41:41.000
31690,CP18B,133.0,1960.0,1,2023-05-16 15:07:31.882,2023-05-17 00:50:59.990
30311,CE40,43.0,1240.0,2,2023-04-04 15:41:31.785,2023-04-04 19:43:29.726
19776,Óbidos CE02,125.0,1660.0,1,2022-04-11 14:51:17.000,2022-04-11 21:55:36.309
24497,,197.0,2560.0,36,2022-09-12 15:41:48.009,2022-09-12 23:37:22.029
10415,CE41B,112.0,1680.0,2,2021-04-09 04:57:29.000,2021-04-09 11:21:20.000
11320,CP39,111.0,4520.0,1,2021-05-17 14:59:55.000,2021-05-18 01:04:34.000
12005,CP12,159.0,4400.0,1,2021-06-14 04:49:49.000,2021-06-14 15:44:37.000
26124,CE34,150.0,1520.0,1,2022-11-08 05:04:21.986,2022-11-08 12:04:24.037
29103,CE04,115.0,2000.0,1,2023-02-20 04:46:43.297,2023-02-20 12:16:50.910
30258,CE04,109.0,2120.0,1,2023-04-03 04:56:47.266,2023-04-03 12:14:50.929
2639,CE51,111.0,2640.0,1,2020-03-31 15:02:20.000,2020-03-31 22:28:00.000
8748,CE51,113.0,2900.0,1,2021-01-21 15:00:58.000,2021-01-21 21:10:53.000
3493,CP28,166.0,2320.0,1,2020-05-14 04:47:48.000,2020-05-14 11:05:36.000
3307,CP15,111.0,1720.0,1,2020-05-05 05:01:31.000,2020-05-05 11:50:01.000
17803,CE38B,139.0,1560.0,1,2022-01-26 14:37:53.000,2022-01-26 21:57:08.000
3070,CE37B,95.0,2140.0,2,2020-04-23 04:54:00.000,2020-04-23 11:14:01.000
17822,CE37B,94.0,2260.0,2,2022-01-27 14:58:45.000,2022-01-27 21:25:28.000
3323,CE30B,148.0,1520.0,1,2020-05-06 04:53:03.000,2020-05-06 14:18:26.000
19246,CE30B,134.0,1720.0,2,2022-03-23 04:59:17.000,2022-03-23 11:04:38.946
2703,CE05,118.0,2660.0,1,2020-04-02 15:18:27.000,2020-04-02 22:34:58.000
5815,CE04,94.0,1580.0,1,2020-09-01 04:32:42.000,2020-09-01 12:06:42.000
13644,CE26,91.0,1740.0,3,2021-08-13 15:58:15.000,2021-08-13 23:31:05.000
15695,CP18B,125.0,1600.0,1,2021-10-28 04:50:39.000,2021-10-28 11:59:39.000
11796,CP29,138.0,3500.0,2,2021-06-04 04:45:12.000,2021-06-04 13:48:38.000
5436,CP01,218.0,1240.0,2,2020-08-14 14:50:53.000,2020-08-14 23:10:14.000
27094,CP11,150.0,2840.0,5,2022-12-12 14:13:08.656,2022-12-12 21:41:56.344
21400,CE01,214.0,2220.0,1,2022-06-04 04:33:40.000,2022-06-04 12:37:55.171
15467,CE39,95.0,2580.0,2,2021-10-20 14:50:13.000,2021-10-20 23:34:50.000
37036,Óbidos CE01,147.0,1880.0,1,2023-10-16 04:48:09.069,2023-10-16 12:34:56.196
13584,CP26,101.0,3000.0,1,2021-08-11 15:08:07.000,2021-08-11 23:22:30.000
28680,CP26,90.0,3680.0,1,2023-02-03 14:56:31.158,2023-02-03 22:46:12.052
26055,CP19,105.0,1260.0,1,2022-11-04 15:09:38.172,2022-11-04 20:59:15.571
26605,CP27,130.0,2500.0,1,2022-11-24 14:25:32.717,2022-11-24 21:10:08.490
11954,CP08,182.0,2240.0,1,2021-06-11 14:33:01.000,2021-06-11 21:13:00.000
6189,CP28,167.0,2980.0,2,2020-09-17 04:50:25.000,2020-09-17 13:45:19.000
3151,CP33,150.0,2020.0,1,2020-04-27 04:32:41.000,2020-04-27 12:54:54.000
9470,CP36,110.0,1680.0,1,2021-02-24 14:56:15.000,2021-02-24 22:59:04.000
8541,CE37B,102.0,1780.0,2,2021-01-12 14:43:12.000,2021-01-12 22:21:27.000
19375,CE04,109.0,1740.0,1,2022-03-28 04:48:04.000,2022-03-28 12:15:43.540
2309,CP02,181.0,2460.0,1,2020-03-11 15:02:19.000,2020-03-12 00:32:02.000
11265,CE19,101.0,1440.0,1,2021-05-14 14:54:07.000,2021-05-14 21:10:25.000
15767,CP02,158.0,2380.0,1,2021-11-01 14:07:10.000,2021-11-01 21:26:16.000
15609,CE27,126.0,1460.0,1,2021-10-26 05:08:20.000,2021-10-26 12:37:30.000
19170,CE26,99.0,2380.0,1,2022-03-21 14:53:11.000,2022-03-21 23:30:37.301
21207,CE26,73.0,3280.0,1,2022-05-30 16:32:59.000,2022-05-31 01:01:16.171
16814,CE39,84.0,1820.0,2,2021-12-15 14:56:34.000,2021-12-15 22:42:37.000
17674,CE39,100.0,2360.0,2,2022-01-21 14:55:32.000,2022-01-21 21:01:12.000
28839,CP12,117.0,1600.0,1,2023-02-09 04:57:43.538,2023-02-09 11:49:30.654
35674,CP12,127.0,2060.0,1,2023-09-06 04:46:49.669,2023-09-06 12:34:47.578
30635,CE19,100.0,1540.0,2,2023-04-13 14:57:34.526,2023-04-13 21:19:01.290
23395,CE21B,91.0,2360.0,1,2022-08-09 05:10:18.000,2022-08-09 11:33:16.249
7695,CE21B,80.0,2220.0,1,2020-11-30 14:38:19.000,2020-11-30 21:19:02.000
13411,CE46,93.0,1980.0,1,2021-08-05 04:32:45.000,2021-08-05 12:59:15.000
5599,CP07,78.0,2680.0,4,2020-08-21 14:26:58.000,2020-08-21 21:05:25.000
3418,CP35,125.0,2940.0,1,2020-05-11 05:18:37.000,2020-05-11 11:13:36.000
15046,CE09B,106.0,2080.0,2,2021-10-04 04:56:54.000,2021-10-04 12:28:38.000
8792,CP23,175.0,1800.0,1,2021-01-23 04:56:07.000,2021-01-23 12:13:29.000
15536,CP02,162.0,2120.0,1,2021-10-22 15:03:12.000,2021-10-23 00:12:42.000
18472,CP12,123.0,1680.0,1,2022-02-23 04:55:13.000,2022-02-23 12:32:52.985
21303,CP31,204.0,1660.0,1,2022-06-01 14:50:29.000,2022-06-01 21:53:09.040
4795,CP32,155.0,2000.0,1,2020-07-17 04:19:46.000,2020-07-17 10:34:44.000
37125,,183.0,3920.0,3,2023-10-17 15:13:14.396,2023-10-17 23:21:53.852
30013,CE38B,139.0,2560.0,1,2023-03-24 14:41:55.682,2023-03-24 22:45:26.644
1974,CP02,184.0,1820.0,1,2020-02-21 05:04:42.000,2020-02-21 14:03:33.000
7363,CP23,207.0,1600.0,1,2020-11-12 14:29:12.000,2020-11-12 21:42:38.000
33105,CP29,126.0,2440.0,1,2023-06-28 04:52:10.139,2023-06-28 11:55:09.221
10671,CP25B,111.0,2120.0,1,2021-04-20 04:56:01.000,2021-04-20 11:29:23.000
17303,CE01,210.0,1500.0,1,2022-01-06 04:48:15.000,2022-01-06 12:16:25.000
21372,CP39,88.0,3780.0,1,2022-06-03 15:02:40.000,2022-06-03 23:17:07.966
20497,CP31,204.0,1480.0,1,2022-05-05 14:46:06.000,2022-05-05 21:21:01.227
10976,CE09B,116.0,2920.0,2,2021-05-03 04:52:05.000,2021-05-03 14:20:08.000
19524,CE39,110.0,1940.0,2,2022-04-01 14:56:25.000,2022-04-01 22:01:43.905
16490,CE12,127.0,1400.0,2,2021-12-01 05:03:40.000,2021-12-01 11:57:38.000
4027,CP33,159.0,2180.0,2,2020-06-10 14:53:29.000,2020-06-10 23:13:28.000
9315,CE26,90.0,2740.0,2,2021-02-17 15:21:31.000,2021-02-17 22:19:37.000
27942,CE01,217.0,1500.0,1,2023-01-10 05:00:28.898,2023-01-10 13:13:01.510
9509,CE04,112.0,1620.0,1,2021-02-26 05:03:14.000,2021-02-26 11:24:59.000
13359,CP23,183.0,3080.0,1,2021-08-03 15:25:16.000,2021-08-03 21:58:51.000
37295,CP18B,128.0,2240.0,1,2023-10-23 05:00:12.038,2023-10-23 12:43:32.535
6430,CE35,125.0,2800.0,1,2020-09-29 14:54:16.000,2020-09-29 23:31:44.000
37651,CP26,90.0,4080.0,1,2023-11-01 12:22:37.508,2023-11-01 20:28:41.724
12636,,134.0,10320.0,1,2021-07-08 05:53:16.000,2021-07-08 13:03:19.000
10471,CE46,108.0,2120.0,1,2021-04-12 04:56:12.000,2021-04-12 12:20:20.000
16776,CE51,124.0,2500.0,1,2021-12-14 14:55:07.000,2021-12-14 22:48:09.000
29846,CE18B,116.0,2040.0,1,2023-03-16 17:49:19.318,2023-03-17 00:09:42.284
31986,CE18B,131.0,1980.0,1,2023-05-25 04:44:49.961,2023-05-25 12:41:22.854
2391,CP35,122.0,2520.0,2,2020-03-16 05:08:44.000,2020-03-16 12:35:51.000
4122,CP35,128.0,3080.0,1,2020-06-15 04:58:51.000,2020-06-15 12:55:25.000
11639,CE05,126.0,1980.0,1,2021-05-29 04:48:42.000,2021-05-29 12:14:30.000
22436,CE16,128.0,2020.0,2,2022-07-09 05:00:47.000,2022-07-09 13:26:17.134
18395,CE09B,107.0,2180.0,1,2022-02-21 04:45:27.000,2022-02-21 11:53:08.666
28420,CE09B,112.0,1420.0,1,2023-01-26 04:56:56.477,2023-01-26 12:05:03.226
7803,CE04,94.0,1920.0,1,2020-12-04 05:00:14.000,2020-12-04 13:05:19.000
21837,CE39,108.0,2940.0,2,2022-06-20 15:11:58.000,2022-06-20 23:27:16.140
19378,Óbidos CE02,136.0,1500.0,1,2022-03-28 15:00:02.000,2022-03-28 22:02:18.837
21582,CP12,128.0,1740.0,1,2022-06-10 04:55:08.000,2022-06-10 14:10:04.347
1749,CE16,145.0,2660.0,1,2020-02-10 14:25:08.000,2020-02-10 23:41:34.000
2250,CE16,137.0,1940.0,1,2020-03-09 05:00:28.000,2020-03-09 13:30:26.000
18229,CE09B,108.0,2440.0,1,2022-02-14 05:24:29.000,2022-02-14 12:47:40.000
22802,CE09B,106.0,2300.0,1,2022-07-21 05:04:08.000,2022-07-21 12:31:05.177
16926,CP07,78.0,2720.0,3,2021-12-20 06:49:31.000,2021-12-20 14:00:33.000
13217,CE41B,111.0,2160.0,2,2021-07-30 05:23:09.000,2021-07-30 11:46:48.000
13254,CP39,87.0,4420.0,1,2021-07-30 15:02:59.000,2021-07-30 23:45:00.000
31129,CP26,88.0,3680.0,1,2023-04-28 15:06:58.141,2023-04-28 23:04:00.030
1331,CE26,35.0,2160.0,1,2020-01-17 14:40:33.000,2020-01-18 00:06:17.000
25964,CE39,98.0,2860.0,1,2022-11-02 14:39:44.424,2022-11-02 23:43:48.993
37544,CP18B,137.0,2640.0,1,2023-10-30 05:49:57.282,2023-10-30 14:18:52.320
13154,CE39,101.0,3100.0,1,2021-07-28 14:58:22.000,2021-07-28 23:10:17.000
19138,CP26,86.0,3160.0,1,2022-03-18 14:54:17.000,2022-03-18 22:55:52.441
12451,CE09B,110.0,1780.0,2,2021-07-01 04:53:20.000,2021-07-01 13:56:18.000
19339,CP39,104.0,3480.0,1,2022-03-25 14:56:57.000,2022-03-26 00:46:47.830
12694,CE09B,109.0,2380.0,2,2021-07-12 04:57:32.000,2021-07-12 12:24:47.000
20174,CE09B,107.0,2420.0,1,2022-04-25 04:45:18.000,2022-04-25 11:45:10.576
36795,CP18B,139.0,2220.0,1,2023-10-09 14:55:43.413,2023-10-09 23:48:17.899
11620,CE19,98.0,1540.0,1,2021-05-28 14:54:50.000,2021-05-28 20:55:05.000
15909,CE27,133.0,980.0,1,2021-11-06 04:46:52.000,2021-11-06 13:47:52.000
17978,CE26,1.0,2420.0,2,2022-01-28 15:13:00.000,2022-01-28 23:14:48.000
22327,CE26,93.0,2200.0,2,2022-07-06 15:01:00.000,2022-07-06 22:38:42.282
23074,CE26,88.0,2420.0,1,2022-07-29 15:05:17.000,2022-07-29 22:35:04.116
19122,CE01,215.0,1500.0,1,2022-03-18 14:52:09.000,2022-03-18 21:37:15.239
11656,CE26,88.0,3620.0,2,2021-05-31 15:37:12.000,2021-05-31 23:56:31.000
1197,CE19,110.0,1220.0,3,2020-01-10 14:41:27.000,2020-01-10 21:37:27.000
4830,CE31,214.0,2500.0,2,2020-07-20 14:52:40.000,2020-07-20 23:41:52.000
9578,CE15,111.0,1540.0,1,2021-03-02 04:42:07.000,2021-03-02 12:06:37.000
3269,CE20B,94.0,2900.0,1,2020-05-04 14:21:03.000,2020-05-04 21:48:11.000
4559,CE37B,92.0,2040.0,2,2020-07-07 14:54:02.000,2020-07-07 21:25:44.000
1284,CE24,161.0,1560.0,1,2020-01-15 04:54:41.000,2020-01-15 11:39:04.000
4481,CP28,166.0,2980.0,2,2020-07-02 05:03:22.000,2020-07-02 12:50:46.000
33361,,150.0,8780.0,7,2023-07-05 15:05:24.899,2023-07-05 23:11:55.685
1161,CP33,144.0,1840.0,1,2020-01-08 14:52:11.000,2020-01-08 20:23:49.000
25997,CE50,145.0,1820.0,1,2022-11-03 14:51:40.063,2022-11-03 21:34:58.340
6620,CP28,167.0,2580.0,1,2020-10-08 04:57:03.000,2020-10-08 17:12:08.000
27453,,97.0,5800.0,1,2022-12-23 06:12:04.361,2022-12-23 11:33:28.602
3135,CE51,104.0,1840.0,1,2020-04-27 04:50:32.000,2020-04-27 11:24:02.000
9724,CE51,114.0,2460.0,1,2021-03-09 14:51:44.000,2021-03-09 22:31:12.000
5021,CP40,47.0,1280.0,3,2020-07-28 10:01:55.000,2020-07-28 14:14:20.000
20278,CE20B,99.0,2700.0,1,2022-04-28 14:57:05.000,2022-04-28 21:50:33.812
1070,CP34,166.0,2600.0,1,2020-01-03 12:39:12.000,2020-01-03 12:39:12.000
4291,CP34,153.0,2860.0,1,2020-06-23 15:25:50.000,2020-06-23 22:46:44.000
34463,CE21B,111.0,1980.0,1,2023-08-07 15:00:09.782,2023-08-07 23:37:30.436
25312,CP07,87.0,3000.0,4,2022-10-10 05:05:50.726,2022-10-10 13:22:48.372
11970,,182.0,10520.0,2,2021-06-11 05:55:50.000,2021-06-11 13:43:05.000
2588,CE35,102.0,2580.0,2,2020-03-27 04:57:46.000,2020-03-27 11:26:04.000
27308,CE04,110.0,2540.0,1,2022-12-20 04:50:12.663,2022-12-20 11:38:54.053
18124,,184.0,8540.0,1,2022-02-08 14:54:34.000,2022-02-08 21:02:28.000
4406,CP40,52.0,1340.0,3,2020-06-29 10:40:08.000,2020-06-29 15:31:58.000
4650,CP29,130.0,3280.0,2,2020-07-10 04:45:44.000,2020-07-10 13:41:52.000
2407,CP09B,100.0,2580.0,1,2020-03-17 04:44:46.000,2020-03-17 12:18:46.000
9487,CE38B,145.0,1840.0,1,2021-02-25 14:53:36.000,2021-02-25 22:12:47.000
4980,CE37B,111.0,2000.0,2,2020-07-27 05:00:00.000,2020-07-27 12:15:00.000
15499,CE09B,106.0,2040.0,2,2021-10-21 04:54:03.000,2021-10-21 12:22:39.000
20275,CE34,150.0,2240.0,1,2022-04-28 15:02:33.000,2022-04-28 22:20:38.800
1873,CE49,163.0,1720.0,2,2020-02-15 05:01:44.000,2020-02-15 12:25:10.000
3328,CP07,78.0,2660.0,5,2020-05-06 04:49:04.000,2020-05-06 11:18:45.000
3698,CP07,80.0,3100.0,4,2020-05-25 14:47:11.000,2020-05-25 21:51:53.000
2176,CP28,113.0,2440.0,1,2020-03-04 04:50:27.000,2020-03-04 11:55:43.000
3236,CE35,120.0,2900.0,2,2020-05-01 04:41:20.000,2020-05-01 11:13:55.000
24329,CE04,110.0,880.0,1,2022-09-07 04:58:32.132,2022-09-07 12:19:37.051
2329,CE21B,82.0,1960.0,2,2020-03-12 15:04:00.000,2020-03-12 21:31:46.000
6847,,135.0,9000.0,1,2020-10-19 05:52:45.000,2020-10-19 13:50:28.000
3700,CP02,178.0,2320.0,2,2020-05-25 15:35:40.000,2020-05-26 00:01:18.000
11450,CP32,141.0,2300.0,1,2021-05-21 15:00:22.000,2021-05-22 01:11:04.000
2357,CP49,160.0,1420.0,1,2020-03-13 04:41:30.000,2020-03-13 11:15:04.000
16965,CP01,229.0,1680.0,1,2021-12-21 04:54:29.000,2021-12-21 14:30:04.000
24284,CE38B,143.0,1900.0,1,2022-09-06 04:59:41.000,2022-09-06 11:55:43.594
3628,CE09B,99.0,1420.0,3,2020-05-21 05:01:58.000,2020-05-21 10:58:15.000
13202,CP08,187.0,2520.0,1,2021-07-29 04:56:06.000,2021-07-29 11:54:36.000
17323,CP32,142.0,2680.0,1,2022-01-06 15:15:44.000,2022-01-06 21:50:42.000
1836,CP51,120.0,2300.0,1,2020-02-13 14:17:20.000,2020-02-13 22:15:10.000
15104,CP01,218.0,1960.0,1,2021-10-05 13:31:16.000,2021-10-05 20:22:54.000
40673,,198.0,2180.0,1,2024-01-25 15:23:01.249,2024-01-25 23:49:13.466
32484,CP12,126.0,2000.0,1,2023-06-09 04:39:05.820,2023-06-09 11:25:52.777
27574,CE11,159.0,1540.0,5,2022-12-28 14:50:35.521,2022-12-28 21:49:59.750
2088,CE41B,98.0,1420.0,1,2020-02-28 04:40:18.000,2020-02-28 12:35:09.000
15779,CE41B,120.0,2540.0,2,2021-11-02 04:49:44.000,2021-11-02 13:52:03.000
14867,CE09B,108.0,2540.0,2,2021-09-27 04:52:50.000,2021-09-27 12:42:26.000
2602,CE33,146.0,2180.0,1,2020-03-28 04:46:32.000,2020-03-28 12:31:42.000
7327,CE15,117.0,1640.0,1,2020-11-11 15:09:10.000,2020-11-11 21:43:21.000
5538,CP32,153.0,1900.0,1,2020-08-19 04:37:28.000,2020-08-19 13:41:14.000
14231,CP36,120.0,2740.0,1,2021-09-02 05:00:35.000,2021-09-02 12:02:09.000
3058,CP07,84.0,1920.0,3,2020-04-22 04:45:27.000,2020-04-22 12:20:06.000
1713,CP03,102.0,2180.0,1,2020-02-06 15:03:10.000,2020-02-06 21:40:44.000
3571,CE38B,138.0,1900.0,1,2020-05-19 14:40:21.000,2020-05-19 21:33:40.000
3299,CE05,122.0,2560.0,2,2020-05-05 05:09:19.000,2020-05-05 12:01:46.000
37348,CE10B,87.0,2280.0,1,2023-10-24 04:35:02.387,2023-10-24 12:02:44.620
12291,CE41B,173.0,1180.0,2,2021-06-25 05:49:11.000,2021-06-25 14:27:54.000
20453,CE24,177.0,1460.0,1,2022-05-04 15:01:44.000,2022-05-04 21:28:23.404
20576,CP35,80.0,1720.0,1,2022-05-07 05:33:39.000,2022-05-07 12:44:10.492
2707,CE35,121.0,2720.0,1,2020-04-03 15:12:12.000,2020-04-03 22:18:39.000
2625,CE20B,95.0,2980.0,1,2020-03-30 04:39:33.000,2020-03-30 12:07:17.000
10569,,149.0,11040.0,1,2021-04-14 15:11:26.000,2021-04-14 22:35:49.000
15469,CE38B,137.0,2200.0,1,2021-10-20 14:35:39.000,2021-10-20 21:52:09.000
1035,CE37B,99.0,2720.0,2,2020-01-02 15:01:08.000,2020-01-02 22:01:07.000
39570,,157.0,1980.0,2,2023-12-23 14:33:06.927,2023-12-23 22:13:33.724
2024,CE29,126.0,1860.0,3,2020-02-24 18:01:51.000,2020-02-25 02:24:48.000
31627,CE04,111.0,1960.0,1,2023-05-15 04:52:51.052,2023-05-15 13:33:46.389
1740,CP09B,101.0,1880.0,1,2020-02-07 04:42:15.000,2020-02-07 11:50:34.000
2634,CP33,149.0,3420.0,1,2020-03-30 04:33:00.000,2020-03-30 12:25:51.000
3799,CP36,141.0,1780.0,1,2020-05-29 04:42:15.000,2020-05-29 13:44:45.000
27785,CP52,183.0,1900.0,1,2023-01-04 15:01:26.744,2023-01-04 22:28:23.084
7927,CE38B,139.0,1640.0,1,2020-12-10 15:02:13.000,2020-12-10 21:28:57.000
36901,CE38B,143.0,2300.0,1,2023-10-11 04:43:18.171,2023-10-11 12:12:49.752
5901,CE34,146.0,1920.0,1,2020-09-04 14:33:32.000,2020-09-04 21:40:41.000
23740,CE04,122.0,1140.0,1,2022-08-19 15:04:07.000,2022-08-19 23:36:16.560
11652,CE20B,104.0,3420.0,2,2021-05-31 14:49:39.000,2021-05-31 22:27:38.000
9781,CP35,114.0,2420.0,1,2021-03-11 04:56:33.000,2021-03-11 12:42:44.000
5329,CE05,122.0,2140.0,1,2020-08-11 14:36:24.000,2020-08-11 20:34:58.000
30995,CE40,89.0,1280.0,2,2023-04-25 13:34:06.209,2023-04-25 17:58:35.887
20072,CE34,141.0,1920.0,1,2022-04-21 15:08:13.000,2022-04-21 20:55:48.026
24141,CE34,160.0,2260.0,1,2022-09-01 14:55:27.575,2022-09-01 22:20:00.000
31180,CP35,127.0,3280.0,3,2023-05-01 04:53:44.937,2023-05-01 12:29:03.447
3655,CP29,127.0,2240.0,1,2020-05-22 05:04:10.000,2020-05-22 13:18:01.000
3062,CP02,169.0,2520.0,2,2020-04-22 05:03:36.000,2020-04-22 13:03:08.000
21717,CP32,142.0,1980.0,1,2022-06-15 04:54:12.000,2022-06-15 11:29:12.522
11447,CP36,128.0,1940.0,1,2021-05-21 04:14:54.000,2021-05-21 11:05:39.000
20085,CP36,108.0,1140.0,1,2022-04-21 14:56:45.000,2022-04-21 21:27:36.834
19483,CE37B,95.0,2320.0,1,2022-03-31 15:00:30.000,2022-03-31 21:26:57.705
22697,CE37B,108.0,2120.0,1,2022-07-18 05:16:02.000,2022-07-18 13:14:34.651
5993,CE09B,107.0,2320.0,2,2020-09-08 05:07:30.000,2020-09-08 12:15:54.000
15231,CE12,120.0,2080.0,1,2021-10-11 04:56:14.000,2021-10-11 13:05:01.000
25709,CP35,125.0,2100.0,2,2022-10-24 04:47:29.955,2022-10-24 16:11:58.274
7187,CP07,81.0,3160.0,4,2020-11-04 04:19:38.000,2020-11-04 11:44:33.000
20250,CP11,108.0,1040.0,1,2022-04-27 14:41:46.000,2022-04-27 21:08:53.177
15773,,152.0,10000.0,1,2021-11-01 06:20:18.000,2021-11-01 15:18:14.000
24773,CE33,143.0,2140.0,1,2022-09-21 04:56:20.319,2022-09-21 12:34:11.790
10657,CE15,107.0,1620.0,1,2021-04-20 14:14:38.000,2021-04-20 22:30:16.000
9430,CE20B,92.0,2520.0,1,2021-02-23 15:24:46.000,2021-02-23 23:11:03.000
18878,CP35,124.0,1960.0,1,2022-03-10 04:50:42.000,2022-03-10 12:01:51.981
6415,CP32,149.0,1560.0,1,2020-09-29 04:45:44.000,2020-09-29 11:49:15.000
21114,CP32,143.0,1860.0,1,2022-05-26 14:54:59.000,2022-05-26 21:14:28.583
11490,CP01,234.0,2300.0,1,2021-05-24 05:08:00.000,2021-05-24 14:51:15.000
35929,CE38B,133.0,2060.0,1,2023-09-13 15:06:27.690,2023-09-13 21:50:54.504
4066,CE41B,111.0,1600.0,1,2020-06-12 04:33:10.000,2020-06-12 12:18:35.000
14316,CP28,197.0,1980.0,1,2021-09-06 05:03:48.000,2021-09-06 13:23:51.000
16966,CP28,163.0,3020.0,1,2021-12-21 04:40:54.000,2021-12-21 13:04:36.000
18394,CE46,94.0,2120.0,1,2022-02-21 04:56:15.000,2022-02-21 12:26:47.159
10660,CE51,126.0,2260.0,1,2021-04-20 15:39:19.000,2021-04-21 01:37:24.000
20468,CP08,193.0,1220.0,1,2022-05-04 14:44:28.000,2022-05-04 22:07:05.852
2793,CP33,145.0,2160.0,1,2020-04-08 14:55:07.000,2020-04-08 22:37:13.000
22796,CE30B,133.0,1840.0,3,2022-07-21 15:00:40.000,2022-07-21 21:57:00.666
19515,CE04,108.0,1240.0,1,2022-04-01 04:46:58.000,2022-04-01 11:04:01.233
7191,CP23,178.0,1640.0,1,2020-11-04 14:18:07.000,2020-11-04 22:06:15.000
9572,CE50,138.0,2200.0,1,2021-03-02 15:03:57.000,2021-03-02 21:59:30.000
16000,CP12,128.0,1480.0,1,2021-11-10 04:56:03.000,2021-11-10 12:25:50.000
23156,CP12,125.0,1980.0,1,2022-08-01 05:02:44.000,2022-08-01 11:46:01.323
2642,CE41B,110.0,2320.0,1,2020-03-31 04:49:47.000,2020-03-31 11:42:36.000
13817,CE24,187.0,2060.0,1,2021-08-19 04:39:54.000,2021-08-19 12:34:34.000
23656,CE46,87.0,1360.0,1,2022-08-17 14:55:35.000,2022-08-17 22:09:04.985
25779,CP12,125.0,1860.0,2,2022-10-26 04:43:48.396,2022-10-26 11:38:03.780
29414,,167.0,9380.0,1,2023-03-02 05:35:50.883,2023-03-02 13:33:15.606
6695,CP02,177.0,2160.0,1,2020-10-12 04:52:55.000,2020-10-12 13:12:53.000
10231,CP01,220.0,2560.0,1,2021-04-01 05:00:52.000,2021-04-01 14:21:59.000
41799,,137.0,2420.0,1,2024-02-26 15:29:38.261,2024-02-26 23:05:16.262
20120,CP39,119.0,4080.0,1,2022-04-22 15:12:11.000,2022-04-23 00:15:15.108
26102,CP01,219.0,1960.0,1,2022-11-07 15:03:22.213,2022-11-07 22:56:59.472
18456,CE38B,139.0,2020.0,1,2022-02-23 14:19:26.000,2022-02-23 23:20:27.495
9388,CE30B,157.0,2020.0,1,2021-02-20 04:40:46.000,2021-02-20 11:34:54.000
7444,CE04,125.0,1600.0,1,2020-11-17 05:01:00.000,2020-11-17 12:52:26.000
16428,CE26,92.0,2460.0,1,2021-11-29 14:56:25.000,2021-11-29 23:25:20.000
15325,CE10B,81.0,2440.0,1,2021-10-14 14:59:36.000,2021-10-14 22:09:21.000
18916,CE19,106.0,1420.0,2,2022-03-11 14:56:07.000,2022-03-11 21:45:01.019
19997,CE40,63.0,1000.0,2,2022-04-19 04:54:38.000,2022-04-19 09:53:45.765
15151,CE37B,121.0,2180.0,1,2021-10-07 14:44:46.000,2021-10-07 21:54:04.000
16549,CE24,172.0,1420.0,1,2021-12-03 15:08:45.000,2021-12-03 21:15:21.000
1811,CP28,167.0,1640.0,1,2020-02-12 04:54:53.000,2020-02-12 12:22:49.000
2103,CP09B,101.0,1680.0,1,2020-02-28 04:43:51.000,2020-02-28 12:28:52.000
3723,CP15,105.0,1640.0,1,2020-05-26 15:04:16.000,2020-05-26 21:53:39.000
20617,CE38B,141.0,1780.0,1,2022-05-10 14:36:21.000,2022-05-10 21:21:46.186
7811,CE16,130.0,2260.0,1,2020-12-04 15:01:45.000,2020-12-04 23:38:18.000
26287,CE09B,88.0,2140.0,1,2022-11-14 04:58:10.772,2022-11-14 12:28:59.693
18129,CE39,83.0,2380.0,1,2022-02-09 14:58:52.000,2022-02-09 22:25:53.000
12208,CE40,50.0,1320.0,1,2021-06-22 15:00:51.000,2021-06-22 18:05:27.000
33743,CP29,124.0,3020.0,1,2023-07-17 04:43:57.536,2023-07-17 13:35:00.026
30409,CP05,122.0,1600.0,1,2023-04-06 14:54:01.338,2023-04-06 21:12:29.541
23009,CP31,220.0,2120.0,1,2022-07-27 15:20:38.000,2022-07-28 00:18:18.100
5770,CE24,158.0,1520.0,1,2020-08-29 04:47:44.000,2020-08-29 11:36:52.000
29236,CE04,109.0,1120.0,1,2023-02-24 04:53:26.920,2023-02-24 11:48:31.919
10321,CE15,117.0,1660.0,1,2021-04-06 04:24:11.000,2021-04-06 11:35:18.000
8806,CE18B,123.0,1840.0,1,2021-01-25 14:33:33.000,2021-01-25 21:52:56.000
39319,,123.0,2520.0,1,2023-12-18 15:22:03.356,2023-12-18 22:07:50.816
1720,,189.0,8960.0,1,2020-02-06 15:30:07.000,2020-02-07 00:23:15.000
8549,CP32,150.0,1420.0,1,2021-01-12 04:34:35.000,2021-01-12 11:18:00.000
12268,CP32,150.0,2300.0,1,2021-06-24 14:56:32.000,2021-06-24 21:35:21.000
15505,CP32,148.0,2000.0,1,2021-10-21 04:59:52.000,2021-10-21 11:38:10.000
11628,CP36,120.0,2040.0,1,2021-05-28 05:07:47.000,2021-05-28 11:50:14.000
18536,CP01,224.0,1260.0,1,2022-02-25 04:59:16.000,2022-02-25 13:07:14.257
21956,CE09B,111.0,1760.0,1,2022-06-23 04:34:47.000,2022-06-23 12:52:55.835
30801,CE39,64.0,760.0,1,2023-04-19 14:47:54.880,2023-04-19 18:22:38.681
10489,CE50,142.0,2520.0,1,2021-04-13 04:49:36.000,2021-04-13 12:25:43.000
40668,,184.0,2760.0,1,2024-01-25 15:02:45.517,2024-01-26 00:00:42.259
13681,CE16,138.0,1620.0,2,2021-08-14 04:50:10.000,2021-08-14 14:07:09.000
24848,CE16,136.0,2100.0,1,2022-09-23 16:42:30.262,2022-09-23 23:55:33.388
1287,CE50,134.0,1960.0,1,2020-01-15 16:04:54.000,2020-01-15 21:53:17.000
26234,CP29,136.0,2940.0,1,2022-11-11 05:06:40.589,2022-11-11 14:13:39.370
32486,CP29,131.0,3120.0,1,2023-06-09 05:07:58.819,2023-06-09 14:44:20.742
4711,CP09B,102.0,3140.0,1,2020-07-14 05:24:03.000,2020-07-14 12:22:55.000
22277,CP26,86.0,4220.0,1,2022-07-04 15:04:10.000,2022-07-04 23:12:31.263
17174,CE10B,80.0,2260.0,1,2021-12-30 14:26:32.000,2021-12-30 21:08:38.000
32325,CP12,127.0,2360.0,1,2023-06-05 04:38:26.762,2023-06-05 12:04:48.972
25052,CE30B,145.0,1560.0,2,2022-09-30 15:10:38.729,2022-09-30 23:05:55.613
16412,CE04,106.0,1740.0,1,2021-11-27 05:04:07.000,2021-11-27 12:33:02.000
28624,CE29,126.0,2480.0,1,2023-02-02 04:35:32.840,2023-02-02 12:53:47.270
29297,CP26,136.0,3840.0,1,2023-02-27 14:26:44.899,2023-02-28 00:39:28.048
16445,CP12,125.0,1880.0,1,2021-11-29 05:05:30.000,2021-11-29 12:07:43.000
41937,,111.0,2180.0,1,2024-02-29 15:22:20.847,2024-02-29 21:47:21.818
15529,CE41B,119.0,1600.0,1,2021-10-22 04:12:53.000,2021-10-22 11:19:44.000
18130,CE38B,139.0,2020.0,1,2022-02-09 15:06:52.000,2022-02-09 22:17:26.000
11779,CE16,127.0,2340.0,2,2021-06-04 14:54:07.000,2021-06-04 23:01:13.000
21067,CE16,131.0,1720.0,2,2022-05-25 04:50:26.000,2022-05-25 12:00:40.888
22984,CE39,104.0,2400.0,1,2022-07-27 15:13:25.000,2022-07-27 22:39:57.574
16372,CP18B,138.0,1720.0,1,2021-11-25 04:46:18.000,2021-11-25 12:10:45.000
14403,CE50,141.0,1840.0,1,2021-09-09 05:02:46.000,2021-09-09 13:06:19.000
27566,CE10B,80.0,2740.0,1,2022-12-28 15:02:57.894,2022-12-28 21:33:00.396
27567,CE39,98.0,3180.0,1,2022-12-28 14:32:59.514,2022-12-29 00:45:53.509
22813,CP18B,128.0,2440.0,1,2022-07-21 04:47:08.000,2022-07-21 14:05:06.384
24204,CP29,126.0,2120.0,1,2022-09-02 04:44:08.000,2022-09-02 13:56:04.176
8058,CE12,124.0,2000.0,1,2020-12-17 05:03:07.000,2020-12-17 13:04:41.000
25644,CE01,225.0,2380.0,1,2022-10-21 15:01:37.751,2022-10-21 22:15:37.212
30025,CP39,105.0,3240.0,1,2023-03-24 15:29:46.921,2023-03-24 22:56:26.125
33496,CP39,90.0,3800.0,1,2023-07-10 15:39:16.486,2023-07-11 00:28:30.602
16232,CP12,126.0,1400.0,1,2021-11-19 04:58:00.000,2021-11-19 12:43:56.000
23930,CE24,173.0,1400.0,1,2022-08-25 15:00:49.000,2022-08-25 21:53:16.094
21329,CE34,142.0,2040.0,1,2022-06-02 15:05:07.000,2022-06-02 21:10:46.643
35833,CP26,115.0,4280.0,1,2023-09-11 15:02:22.704,2023-09-11 22:09:30.402
22272,CP12,140.0,2920.0,1,2022-07-04 05:13:04.000,2022-07-04 13:56:00.706
42594,,101.0,820.0,1,2024-03-18 14:17:19.491,2024-03-18 20:01:51.792
5339,CE41B,106.0,2600.0,1,2020-08-11 04:19:43.000,2020-08-11 12:23:23.000
18672,CE34,147.0,2320.0,1,2022-03-03 14:59:27.000,2022-03-03 21:49:13.382
20633,CP29,127.0,2900.0,1,2022-05-10 05:03:20.000,2022-05-10 14:21:02.188
9796,Óbidos CESexta,96.0,1300.0,1,2021-03-12 05:08:01.000,2021-03-12 10:30:03.000
6065,CP09B,96.0,4640.0,1,2020-09-11 04:59:59.000,2020-09-11 12:17:11.000
6959,CP09B,102.0,1980.0,1,2020-10-23 05:02:05.000,2020-10-23 11:50:25.000
13353,CP20B,114.0,3740.0,1,2021-08-03 05:09:58.000,2021-08-03 15:16:37.000
13279,CE27,125.0,1080.0,1,2021-07-31 04:41:36.000,2021-07-31 11:04:36.000
23221,CP39,109.0,3740.0,1,2022-08-03 14:53:07.000,2022-08-03 22:49:52.859
35398,CP39,120.0,3540.0,1,2023-08-30 15:01:44.497,2023-08-30 23:40:31.221
28423,CE19,119.0,1000.0,2,2023-01-26 05:01:28.901,2023-01-26 12:47:27.829
26155,CE24,171.0,1740.0,1,2022-11-09 04:42:33.183,2022-11-09 11:57:20.126
18023,CE35,118.0,1180.0,1,2022-02-04 04:27:49.000,2022-02-04 11:48:02.000
19485,CE10B,92.0,2020.0,1,2022-03-31 17:33:16.000,2022-03-31 23:57:07.670
24359,CE19,123.0,1260.0,2,2022-09-08 15:04:02.802,2022-09-08 22:30:29.277
40399,,127.0,3380.0,1,2024-01-18 15:27:10.763,2024-01-18 23:15:31.793
3649,CE46,93.0,2580.0,1,2020-05-22 05:01:42.000,2020-05-22 12:57:34.000
6498,CE41B,117.0,1920.0,1,2020-10-02 05:13:34.000,2020-10-02 13:28:44.000
13452,CE41B,107.0,1440.0,1,2021-08-06 04:47:47.000,2021-08-06 12:03:33.000
6521,CE34,152.0,3220.0,1,2020-10-05 14:59:29.000,2020-10-05 23:27:19.000
2920,CE01,237.0,2320.0,1,2020-04-15 04:42:56.000,2020-04-15 13:44:01.000
7802,Óbidos CESexta,105.0,1340.0,1,2020-12-04 14:56:25.000,2020-12-04 21:52:20.000
2654,CP09B,102.0,1920.0,1,2020-03-31 04:55:51.000,2020-03-31 12:10:54.000
19410,CE41B,113.0,3040.0,1,2022-03-29 05:01:48.000,2022-03-29 13:35:57.370
11104,CP19,109.0,2000.0,1,2021-05-07 15:00:57.000,2021-05-07 22:57:43.000
9798,CE19,152.0,1900.0,1,2021-03-12 15:07:51.000,2021-03-13 00:21:56.000
18537,CP39,116.0,3800.0,1,2022-02-25 15:07:58.000,2022-02-26 00:47:51.477
18325,CE10B,80.0,1960.0,1,2022-02-17 05:07:06.000,2022-02-17 12:54:42.579
1196,CE46,113.0,2180.0,1,2020-01-10 05:10:45.000,2020-01-10 12:35:00.000
5949,CE07,81.0,2080.0,1,2020-09-07 14:17:56.000,2020-09-07 22:30:41.000
2226,CP09B,114.0,2160.0,1,2020-03-06 04:53:13.000,2020-03-06 12:37:31.000
16367,CP32,139.0,1700.0,1,2021-11-25 04:40:19.000,2021-11-25 12:00:01.000
16205,CP36,133.0,2080.0,1,2021-11-18 14:29:51.000,2021-11-18 21:54:35.000
18131,CE46,89.0,1760.0,1,2022-02-09 05:10:29.000,2022-02-09 13:58:24.000
6029,CE15,104.0,1520.0,1,2020-09-10 15:05:36.000,2020-09-10 22:01:12.000
23208,CE33,138.0,1100.0,1,2022-08-03 05:08:43.000,2022-08-03 12:20:18.239
24029,CE04,110.0,2020.0,1,2022-08-29 15:04:21.000,2022-08-29 21:59:21.759
12833,CE51,121.0,2720.0,1,2021-07-16 14:53:57.000,2021-07-16 22:28:55.000
8606,CP35,132.0,2900.0,1,2021-01-14 14:13:54.000,2021-01-14 20:38:37.000
13859,CP32,141.0,1840.0,1,2021-08-20 05:38:27.000,2021-08-20 13:30:15.000
9787,CP36,120.0,1880.0,1,2021-03-11 14:33:37.000,2021-03-11 19:58:31.000
16559,CP52,202.0,1500.0,1,2021-12-03 14:40:43.000,2021-12-03 21:21:55.000
26418,CP15,116.0,2020.0,1,2022-11-17 15:09:42.308,2022-11-17 23:20:19.027
29411,CP15,115.0,1420.0,1,2023-03-02 04:58:12.961,2023-03-02 12:22:50.398
4336,CE15,114.0,1320.0,1,2020-06-25 04:46:19.000,2020-06-25 10:39:42.000
22894,,160.0,1060.0,1,2022-07-23 07:12:13.000,2022-07-23 15:33:32.929
4901,,110.0,9200.0,1,2020-07-23 06:00:44.000,2020-07-23 15:07:57.000
25362,CE33,136.0,1580.0,1,2022-10-12 15:00:54.024,2022-10-12 23:01:11.975
12746,CP40,51.0,1180.0,1,2021-07-13 14:28:16.000,2021-07-13 18:40:13.000
6611,CE15,112.0,1700.0,1,2020-10-08 14:20:01.000,2020-10-08 20:16:31.000
39763,,117.0,2560.0,1,2023-12-30 04:54:41.521,2023-12-30 11:59:44.468
10230,CP36,122.0,2080.0,1,2021-04-01 04:44:00.000,2021-04-01 11:57:11.000
25907,CP02,165.0,2960.0,1,2022-10-31 05:11:50.889,2022-10-31 12:30:10.291
21546,CP15,103.0,1460.0,1,2022-06-09 15:00:15.000,2022-06-09 21:01:06.752
22499,CE38B,139.0,2060.0,1,2022-07-12 05:02:16.000,2022-07-12 13:02:40.721
9350,CP42,162.0,1740.0,1,2021-02-18 14:50:57.000,2021-02-18 22:52:44.000
7853,CP23,180.0,2080.0,1,2020-12-07 15:13:24.000,2020-12-07 22:08:59.000
21099,,115.0,9260.0,1,2022-05-25 14:28:43.000,2022-05-25 21:45:44.480
16404,,149.0,9940.0,1,2021-11-26 06:00:42.000,2021-11-26 12:34:00.000
5875,CE15,112.0,1780.0,1,2020-09-03 14:40:33.000,2020-09-03 20:51:50.000
29520,CE20B,102.0,3040.0,1,2023-03-07 14:37:28.615,2023-03-07 21:59:32.299
41787,,133.0,3840.0,1,2024-02-26 05:03:41.074,2024-02-26 13:22:02.515
18014,CP15,111.0,1560.0,1,2022-02-03 05:03:07.000,2022-02-03 12:15:31.000
14393,CP01,211.0,1680.0,1,2021-09-08 14:57:10.000,2021-09-08 22:30:40.000
4519,CE30B,162.0,1680.0,1,2020-07-04 05:38:51.000,2020-07-04 16:06:15.000
8212,CE05,121.0,2360.0,1,2020-12-26 14:17:14.000,2020-12-26 21:46:34.000
1227,CE16,120.0,2000.0,1,2020-01-13 04:55:46.000,2020-01-13 14:29:46.000
15111,CE04,103.0,2700.0,1,2021-10-06 04:53:08.000,2021-10-06 12:18:33.000
10016,CE15,107.0,1800.0,1,2021-03-23 04:59:44.000,2021-03-23 11:12:48.000
22948,CE15,109.0,1060.0,1,2022-07-26 15:10:27.000,2022-07-26 22:48:18.466
16132,CE18B,136.0,1520.0,1,2021-11-16 04:54:51.000,2021-11-16 12:37:25.000
3942,CP36,135.0,2020.0,1,2020-06-05 14:27:39.000,2020-06-05 21:31:40.000
4572,CP15,109.0,2180.0,1,2020-07-07 14:45:08.000,2020-07-07 21:31:23.000
7037,CP01,227.0,2360.0,1,2020-10-28 05:08:42.000,2020-10-28 13:38:02.000
36642,CE38B,141.0,1780.0,1,2023-10-04 04:56:03.781,2023-10-04 11:58:23.311
23211,CE16,131.0,1980.0,1,2022-08-03 14:54:34.000,2022-08-03 23:15:33.178
17088,,177.0,8720.0,1,2021-12-27 14:58:47.000,2021-12-27 21:42:53.000
2194,CE35,85.0,2180.0,1,2020-03-05 04:49:50.000,2020-03-05 12:24:00.000
12200,CE46,94.0,2240.0,1,2021-06-22 04:55:37.000,2021-06-22 12:38:26.000
15292,CE46,94.0,1540.0,1,2021-10-13 04:51:02.000,2021-10-13 12:11:07.000
19831,CE46,95.0,1780.0,1,2022-04-13 05:05:50.000,2022-04-13 12:56:27.763
24665,CE04,105.0,1580.0,1,2022-09-17 04:43:54.266,2022-09-17 12:02:01.869
11975,,142.0,8900.0,1,2021-06-11 14:27:33.000,2021-06-11 21:49:41.000
21895,CP32,73.0,2240.0,1,2022-06-21 05:03:00.000,2022-06-21 15:27:44.623
15330,CP36,131.0,2140.0,1,2021-10-14 15:49:14.000,2021-10-14 22:51:24.000
9556,CE10B,80.0,2260.0,1,2021-03-01 14:58:56.000,2021-03-01 21:04:27.000
33623,CE38B,136.0,2280.0,1,2023-07-13 15:00:34.842,2023-07-13 23:07:12.565
1067,CE30B,152.0,2060.0,1,2020-01-03 04:53:49.000,2020-01-03 11:56:41.000
3180,CE30B,170.0,1700.0,1,2020-04-29 04:58:05.000,2020-04-29 12:54:33.000
28518,CE39,95.0,2680.0,1,2023-01-30 14:59:09.684,2023-01-30 22:08:41.976
21073,CE33,136.0,1560.0,1,2022-05-25 14:56:14.000,2022-05-25 21:05:41.746
23973,CP01,223.0,1720.0,1,2022-08-26 14:48:18.000,2022-08-26 21:59:25.806
21070,CE38B,134.0,1380.0,1,2022-05-25 14:56:58.000,2022-05-25 22:19:34.076
27850,CE39,98.0,2620.0,1,2023-01-06 14:58:07.940,2023-01-06 22:48:02.015
2473,CP02,174.0,1760.0,1,2020-03-20 14:59:34.000,2020-03-20 22:26:44.000
10776,CE31,206.0,2300.0,1,2021-04-24 14:00:16.000,2021-04-24 21:15:20.000
16139,CP28,166.0,2480.0,1,2021-11-16 04:56:53.000,2021-11-16 13:07:24.000
35103,CE33,138.0,1640.0,1,2023-08-23 04:59:46.357,2023-08-23 11:52:03.871
7641,CE46,92.0,2180.0,1,2020-11-26 04:45:25.000,2020-11-26 15:56:35.000
6046,,169.0,10160.0,1,2020-09-09 14:45:01.000,2020-09-10 01:14:31.000
14524,CE18B,122.0,2300.0,1,2021-09-14 04:45:14.000,2021-09-14 12:45:50.000
13954,CP08,184.0,3020.0,1,2021-08-24 05:00:31.000,2021-08-24 12:10:19.000
7935,CP32,151.0,2080.0,1,2020-12-10 14:59:07.000,2020-12-10 23:20:28.000
13046,CP32,154.0,1920.0,1,2021-07-23 04:49:03.000,2021-07-23 12:02:35.000
43540,,193.0,3120.0,1,2024-04-11 14:55:10.143,2024-04-11 23:26:31.571
21332,CP01,222.0,1860.0,1,2022-06-02 14:43:19.000,2022-06-03 00:10:07.607
2585,CE38B,176.0,2200.0,1,2020-03-27 14:26:40.000,2020-03-28 00:55:53.000
3848,CE30B,160.0,2280.0,1,2020-06-02 14:52:18.000,2020-06-02 21:42:13.000
18628,,207.0,2360.0,43,2022-03-01 15:01:50.000,2022-03-02 01:34:42.971
1878,CE11,165.0,2100.0,12,2020-02-17 15:03:49.000,2020-02-17 22:39:09.000
5118,CE11,149.0,1560.0,7,2020-08-01 11:37:14.000,2020-08-01 17:32:42.000
29763,CE11,145.0,1880.0,6,2023-03-15 15:08:37.918,2023-03-15 21:55:56.279
15248,,177.0,2500.0,55,2021-10-11 15:00:50.000,2021-10-11 22:44:01.000
30940,CE11,150.0,1900.0,7,2023-04-24 04:50:28.437,2023-04-24 13:02:02.577
31050,,185.0,2260.0,40,2023-04-25 14:19:02.225,2023-04-25 22:14:34.405
6613,CE13,128.0,2080.0,55,2020-10-08 14:58:57.000,2020-10-08 22:26:50.000
2566,CE13,116.0,1880.0,46,2020-03-26 14:50:59.000,2020-03-26 23:06:33.000
20059,,231.0,2480.0,50,2022-04-19 15:06:26.000,2022-04-20 00:59:17.934
4246,CE44,140.0,1840.0,47,2020-06-20 04:53:39.000,2020-06-20 12:04:34.000
14400,,199.0,1600.0,40,2021-09-08 14:57:44.000,2021-09-08 23:26:50.000
2600,CE06,139.0,2260.0,46,2020-03-28 14:50:35.000,2020-03-28 21:22:00.000
6317,CE13,116.0,2180.0,52,2020-09-24 14:31:41.000,2020-09-24 22:06:13.000
39329,,152.0,2820.0,22,2023-12-18 15:32:29.268,2023-12-18 23:16:11.666
41860,,126.0,2200.0,49,2024-02-27 15:07:37.648,2024-02-27 22:25:40.056
26496,CE25B,119.0,1920.0,1,2022-11-21 04:41:44.051,2022-11-21 13:04:08.135
30047,,155.0,1860.0,43,2023-03-24 15:28:48.697,2023-03-24 23:33:15.678
19402,,223.0,2960.0,44,2022-03-28 14:57:35.000,2022-03-29 00:50:09.481
37977,,170.0,2260.0,38,2023-11-09 15:12:52.048,2023-11-09 22:53:43.994
33227,CE39,90.0,3460.0,1,2023-07-03 14:47:32.972,2023-07-03 22:06:49.559
5856,CP44,124.0,2600.0,39,2020-09-02 04:51:18.000,2020-09-02 12:36:58.000
2035,CP44,144.0,1580.0,32,2020-02-25 05:23:23.000,2020-02-25 12:46:57.000
38972,,177.0,2080.0,33,2023-12-07 15:13:33.293,2023-12-07 23:27:27.116
21544,CP18B,124.0,1820.0,1,2022-06-09 04:46:09.000,2022-06-09 12:12:44.119
22339,CP35,116.0,2100.0,3,2022-07-06 04:45:07.000,2022-07-06 12:41:11.237
14332,,194.0,2380.0,38,2021-09-04 13:27:39.000,2021-09-04 21:49:44.000
34253,,178.0,2840.0,19,2023-07-31 15:00:25.678,2023-07-31 23:59:00.000
1702,CE35,125.0,2080.0,2,2020-02-06 04:46:52.000,2020-02-06 11:42:30.000
40733,,144.0,7060.0,3,2024-01-26 16:58:34.710,2024-01-26 22:51:45.827
5804,CP07,90.0,3920.0,3,2020-08-31 15:43:35.000,2020-09-01 01:11:09.000
17366,CP07,88.0,3300.0,3,2022-01-08 05:06:14.000,2022-01-08 13:14:25.000
6871,CP13,86.0,1520.0,19,2020-10-20 04:42:13.000,2020-10-20 12:01:24.000
21390,,203.0,2160.0,44,2022-06-03 14:26:15.000,2022-06-04 01:08:17.358
39644,,182.0,2940.0,49,2023-12-27 14:54:29.494,2023-12-27 23:14:31.673
17042,CE39,102.0,2200.0,2,2021-12-24 04:41:45.000,2021-12-24 11:53:34.000
12274,CE29,152.0,2980.0,1,2021-06-24 04:55:36.000,2021-06-24 16:14:15.000
24761,,165.0,2960.0,50,2022-09-20 15:15:25.468,2022-09-21 00:24:07.188
27909,CP39,106.0,5600.0,1,2023-01-09 15:00:14.569,2023-01-10 00:06:58.703
32113,,153.0,1820.0,33,2023-05-29 15:03:47.234,2023-05-29 22:43:21.948
16422,,213.0,2460.0,45,2021-11-27 04:40:46.000,2021-11-27 14:28:56.000
38580,,141.0,2320.0,20,2023-11-27 14:55:26.570,2023-11-27 22:23:29.485
40449,,169.0,2560.0,38,2024-01-19 14:47:39.397,2024-01-19 21:01:21.573
7299,CE44,150.0,1740.0,36,2020-11-10 15:45:59.000,2020-11-10 22:00:29.000
37677,,132.0,2260.0,31,2023-11-01 15:03:46.072,2023-11-01 21:21:00.394
17097,CE41B,110.0,2780.0,2,2021-12-28 05:02:57.000,2021-12-28 12:00:41.000
8597,CE11,158.0,1900.0,13,2021-01-14 14:43:18.000,2021-01-14 21:46:29.000
4340,CE13,118.0,1900.0,53,2020-06-25 14:55:32.000,2020-06-25 21:18:10.000
7155,CE06,187.0,1800.0,44,2020-11-03 05:01:02.000,2020-11-03 13:00:41.000
3769,CE09B,102.0,1160.0,2,2020-05-28 04:54:04.000,2020-05-28 12:14:29.000
17649,CE34,149.0,2300.0,1,2022-01-20 14:57:37.000,2022-01-20 21:38:00.000
42848,,126.0,3880.0,30,2024-03-25 15:33:56.467,2024-03-25 22:00:44.255
3726,CP13,124.0,2020.0,45,2020-05-26 15:03:41.000,2020-05-26 21:43:51.000
32342,,171.0,2380.0,47,2023-06-05 15:03:23.445,2023-06-05 22:20:07.072
3173,CP13,133.0,2620.0,41,2020-04-28 14:53:40.000,2020-04-28 21:24:53.000
13674,,196.0,2160.0,39,2021-08-13 14:53:59.000,2021-08-14 00:47:22.000
33193,CP35,125.0,1840.0,2,2023-06-30 04:40:38.590,2023-06-30 13:05:19.673
20349,,219.0,2960.0,55,2022-04-29 14:47:43.000,2022-04-30 01:01:33.005
41625,,138.0,8700.0,8,2024-02-21 05:58:32.886,2024-02-21 12:51:06.649
30124,,183.0,10160.0,23,2023-03-28 05:51:40.450,2023-03-28 17:30:48.867
1774,,144.0,8500.0,1,2020-02-11 05:36:53.000,2020-02-11 14:35:04.000
6429,,152.0,10840.0,2,2020-09-29 06:08:44.000,2020-09-29 13:50:57.000
31234,,207.0,2340.0,55,2023-05-02 14:54:57.682,2023-05-03 02:32:06.427
4757,CE06,199.0,1720.0,41,2020-07-16 15:50:24.000,2020-07-17 00:08:41.000
34839,,168.0,2180.0,27,2023-08-15 14:21:54.382,2023-08-15 21:10:32.602
35204,,142.0,2580.0,45,2023-08-24 15:02:26.459,2023-08-24 22:36:30.617
9425,,201.0,3720.0,59,2021-02-22 14:54:15.000,2021-02-23 02:11:13.000
19409,CE33,130.0,1560.0,1,2022-03-29 15:01:02.000,2022-03-29 21:45:45.984
9915,,178.0,10520.0,15,2021-03-17 05:53:38.000,2021-03-17 12:44:40.000
31364,,156.0,2160.0,43,2023-05-05 15:03:54.685,2023-05-05 21:45:02.209
2848,,204.0,10100.0,24,2020-04-10 06:13:21.000,2020-04-10 15:48:10.000
29136,CP40,41.0,1320.0,1,2023-02-21 10:44:39.703,2023-02-21 13:34:29.862
20590,CP07,99.0,1480.0,3,2022-05-09 04:47:38.000,2022-05-09 13:59:28.959
41383,,140.0,2400.0,1,2024-02-14 04:44:52.796,2024-02-14 12:10:28.879
20682,,205.0,2140.0,38,2022-05-10 14:58:27.000,2022-05-10 23:30:46.542
20972,,193.0,2500.0,55,2022-05-20 14:42:42.000,2022-05-21 00:41:47.186
39295,,155.0,9100.0,22,2023-12-18 06:09:51.569,2023-12-18 14:21:14.010
17959,,167.0,10480.0,27,2022-02-01 05:57:39.000,2022-02-01 12:42:05.000
35192,,130.0,8980.0,23,2023-08-24 06:02:33.478,2023-08-24 11:32:40.918
9023,CP44,134.0,2320.0,31,2021-02-03 04:44:26.000,2021-02-03 13:27:48.000
19160,,188.0,2320.0,44,2022-03-18 15:03:49.000,2022-03-18 23:52:42.532
4151,CP06,182.0,1680.0,35,2020-06-16 14:57:35.000,2020-06-16 22:58:14.000
25673,,208.0,2740.0,47,2022-10-21 14:48:51.046,2022-10-21 23:47:45.982
35040,,182.0,3140.0,30,2023-08-21 14:57:47.062,2023-08-22 01:09:22.307
3978,CP07,76.0,3220.0,4,2020-06-08 15:08:11.000,2020-06-08 22:07:57.000
22131,CE11,145.0,1760.0,4,2022-06-29 04:51:47.000,2022-06-29 11:01:57.370
20455,CE38B,136.0,1500.0,1,2022-05-04 05:02:01.000,2022-05-04 12:23:17.225
21246,CE38B,144.0,1700.0,1,2022-05-31 14:47:58.000,2022-05-31 22:09:09.410
10348,CE37B,98.0,2400.0,2,2021-04-07 14:58:05.000,2021-04-07 22:48:26.000
7490,CE11,159.0,1740.0,13,2020-11-19 04:55:25.000,2020-11-19 13:42:45.000
9947,CE11,131.0,1900.0,5,2021-03-19 14:56:53.000,2021-03-19 21:16:57.000
27328,,234.0,2320.0,50,2022-12-19 15:38:27.448,2022-12-20 02:02:22.462
13484,CE05,128.0,1700.0,1,2021-08-07 04:55:42.000,2021-08-07 12:44:36.000
5397,CE44,126.0,2360.0,52,2020-08-13 04:59:56.000,2020-08-13 11:37:48.000
34190,,157.0,1700.0,27,2023-07-28 14:44:53.940,2023-07-28 22:17:42.728
37183,,178.0,1920.0,34,2023-10-18 15:18:14.712,2023-10-18 23:58:22.196
18562,,219.0,2220.0,51,2022-02-26 04:48:28.000,2022-02-26 14:49:33.887
24024,CE39,97.0,3180.0,1,2022-08-29 15:20:15.000,2022-08-29 22:32:14.574
11777,,222.0,2420.0,50,2021-06-03 13:24:53.000,2021-06-03 23:20:17.000
5358,CE11,152.0,2400.0,15,2020-08-11 15:38:44.000,2020-08-12 00:58:26.000
1239,CP39,155.0,2940.0,1,2020-01-13 15:01:14.000,2020-01-14 01:38:35.000
34619,,155.0,2340.0,20,2023-08-09 15:09:46.003,2023-08-09 21:27:16.408
7501,CE50,135.0,1740.0,1,2020-11-19 14:56:10.000,2020-11-19 21:37:04.000
11103,CP29,130.0,2900.0,2,2021-05-07 14:21:05.000,2021-05-07 22:44:53.000
1362,CE12,128.0,1900.0,1,2020-01-20 04:42:15.000,2020-01-20 11:18:44.000
13440,,195.0,2400.0,40,2021-08-05 15:06:26.000,2021-08-06 00:10:50.000
32888,,155.0,3020.0,34,2023-06-21 15:06:03.943,2023-06-21 23:11:52.771
18078,CP39,96.0,3880.0,1,2022-02-07 14:59:06.000,2022-02-08 01:29:18.000
23704,CE19,99.0,1700.0,1,2022-08-18 16:10:41.000,2022-08-18 21:44:57.831
12867,CE11,145.0,1520.0,6,2021-07-17 14:10:10.000,2021-07-17 20:21:35.000
2586,CE07,77.0,1680.0,1,2020-03-27 14:37:49.000,2020-03-27 21:17:09.000
12737,CE41B,112.0,2580.0,2,2021-07-13 04:35:27.000,2021-07-13 12:21:59.000
6743,CE11,149.0,1720.0,11,2020-10-14 15:00:47.000,2020-10-14 21:37:44.000
4316,CE24,164.0,2080.0,1,2020-06-24 14:59:18.000,2020-06-24 22:35:22.000
16096,CE24,180.0,1560.0,1,2021-11-15 04:38:10.000,2021-11-15 13:45:03.000
5123,CP27,125.0,2540.0,1,2020-08-01 05:05:42.000,2020-08-01 13:00:54.000
9589,CP40,51.0,1060.0,2,2021-03-02 08:27:38.000,2021-03-02 11:59:51.000
8191,CP28,160.0,2740.0,1,2020-12-23 06:01:58.000,2020-12-23 17:07:38.000
20668,CP35,120.0,2000.0,3,2022-05-11 04:36:12.000,2022-05-11 11:48:44.365
34611,,152.0,8540.0,19,2023-08-09 05:47:22.469,2023-08-09 12:59:27.464
3359,CP50,138.0,1920.0,1,2020-05-07 14:58:18.000,2020-05-07 20:08:43.000
30173,CE33,130.0,1460.0,1,2023-03-30 14:57:26.691,2023-03-30 21:41:49.496
25520,,176.0,9540.0,19,2022-10-17 05:49:56.203,2022-10-17 13:23:13.019
14410,CE20B,114.0,3000.0,2,2021-09-09 15:06:50.000,2021-09-09 22:31:04.000
7464,CE51,120.0,2800.0,1,2020-11-18 14:12:51.000,2020-11-18 21:54:34.000
18473,CP07,87.0,3380.0,4,2022-02-23 04:44:03.000,2022-02-23 11:56:36.522
39379,,181.0,2780.0,35,2023-12-19 15:06:10.336,2023-12-19 22:48:21.298
14584,,154.0,10100.0,1,2021-09-15 05:48:14.000,2021-09-15 13:07:15.000
16009,,128.0,10260.0,21,2021-11-10 05:59:02.000,2021-11-10 13:07:01.000
5480,CP41B,113.0,4080.0,1,2020-08-17 04:46:47.000,2020-08-17 13:50:43.000
27265,,254.0,3280.0,44,2022-12-16 14:56:09.676,2022-12-17 02:26:19.855
22613,CP07,43.0,940.0,1,2022-07-14 11:24:38.000,2022-07-14 13:36:52.787
10454,CP14,143.0,1940.0,1,2021-04-10 04:57:06.000,2021-04-10 11:31:00.000
1381,CE29,131.0,2040.0,3,2020-01-21 04:52:07.000,2020-01-21 13:30:42.000
11862,CE37B,97.0,2120.0,2,2021-06-08 15:03:53.000,2021-06-08 21:14:33.000
11181,CE05,127.0,2380.0,1,2021-05-11 04:46:20.000,2021-05-11 12:11:17.000
43389,,136.0,3320.0,25,2024-04-08 15:05:30.877,2024-04-08 22:34:34.404
4385,CE43,117.0,1720.0,1,2020-06-27 04:50:33.000,2020-06-27 10:56:46.000
22480,CP35,118.0,2120.0,3,2022-07-11 04:49:44.000,2022-07-11 16:59:47.579
34002,,155.0,2600.0,20,2023-07-24 14:49:39.084,2023-07-24 23:47:14.437
5672,CP40,46.0,1420.0,3,2020-08-25 10:35:00.000,2020-08-25 15:18:50.000
6417,CP40,50.0,1920.0,3,2020-09-29 19:10:23.000,2020-09-29 23:19:55.000
27829,CP11,154.0,1460.0,2,2023-01-05 16:19:34.573,2023-01-05 22:21:13.752
20557,CP05,133.0,1380.0,1,2022-05-07 04:54:27.000,2022-05-07 12:15:51.152
11848,CP26,90.0,4260.0,1,2021-06-07 14:58:36.000,2021-06-07 23:24:34.000
18776,CP12,125.0,1980.0,1,2022-03-07 04:54:50.000,2022-03-07 11:39:51.001
20736,CP12,133.0,1720.0,1,2022-05-13 05:05:46.000,2022-05-13 12:25:07.904
32757,CE10B,78.0,2020.0,1,2023-06-19 14:49:33.373,2023-06-19 22:16:50.348
32953,CP07,82.0,2620.0,1,2023-06-23 15:01:05.759,2023-06-23 21:25:52.471
5263,CP02,178.0,2200.0,1,2020-08-07 14:54:06.000,2020-08-07 22:30:59.000
17392,Óbidos CE02,119.0,1260.0,1,2022-01-10 04:59:32.000,2022-01-10 11:25:51.000
16005,CP02,162.0,2640.0,1,2021-11-10 15:01:06.000,2021-11-10 22:19:57.000
9923,CE12,142.0,2220.0,1,2021-03-18 04:54:14.000,2021-03-18 13:47:39.000
10323,CE41B,108.0,2720.0,2,2021-04-06 04:47:06.000,2021-04-06 14:02:33.000
11861,CE41B,112.0,2600.0,2,2021-06-08 04:38:26.000,2021-06-08 13:04:39.000
13381,CE01,214.0,1520.0,1,2021-08-04 15:17:18.000,2021-08-04 21:55:43.000
11270,CE39,110.0,2180.0,1,2021-05-14 14:51:58.000,2021-05-14 22:07:36.000
18407,CP39,116.0,4060.0,1,2022-02-21 14:56:36.000,2022-02-22 01:04:48.870
9865,CE34,141.0,2300.0,1,2021-03-16 14:18:51.000,2021-03-16 20:58:10.000
8698,CP13,122.0,3020.0,51,2021-01-19 04:51:34.000,2021-01-19 13:13:28.000
32649,,177.0,9240.0,6,2023-06-14 05:55:48.678,2023-06-14 13:35:12.069
30457,,168.0,9240.0,31,2023-04-07 05:49:12.530,2023-04-07 13:12:33.994
34292,,150.0,0.0,3,2023-08-01 06:10:21.761,2023-08-02 08:34:25.135
4846,,126.0,5980.0,1,2020-07-20 05:44:00.000,2020-07-20 14:47:21.000
13159,CE33,148.0,1640.0,1,2021-07-28 14:58:00.000,2021-07-28 22:40:13.000
23378,,176.0,1180.0,15,2022-08-06 13:24:49.000,2022-08-06 19:51:17.836
14160,CP40,50.0,1420.0,1,2021-08-31 17:56:11.000,2021-08-31 21:29:29.000
10998,CE18B,125.0,1560.0,1,2021-05-04 04:55:11.000,2021-05-04 12:07:55.000
8224,CP07,81.0,3220.0,4,2020-12-26 14:48:10.000,2020-12-26 21:07:37.000
3551,CP35,119.0,2700.0,2,2020-05-18 04:49:07.000,2020-05-18 11:53:13.000
2108,,183.0,9960.0,34,2020-02-28 15:55:58.000,2020-02-28 23:05:02.000
26254,,131.0,9260.0,10,2022-11-10 14:59:23.798,2022-11-10 22:15:19.836
38469,,150.0,1880.0,16,2023-11-23 14:50:35.605,2023-11-23 21:58:58.221
32044,CP07,86.0,3700.0,4,2023-05-26 14:59:03.245,2023-05-26 22:02:54.871
19444,CE30B,131.0,1600.0,2,2022-03-30 15:00:32.000,2022-03-30 20:52:32.440
6437,CE04,110.0,1980.0,1,2020-09-30 05:04:15.000,2020-09-30 12:00:57.000
3060,CP23,178.0,2620.0,1,2020-04-22 04:55:57.000,2020-04-22 11:40:52.000
9080,Óbidos CESexta,109.0,1440.0,1,2021-02-05 14:41:29.000,2021-02-05 21:06:05.000
12913,CP07,84.0,3100.0,4,2021-07-19 14:59:21.000,2021-07-19 21:33:18.000
18375,CE01,234.0,1540.0,1,2022-02-19 05:04:55.000,2022-02-19 13:03:21.801
19525,CE01,216.0,2040.0,1,2022-04-01 14:54:06.000,2022-04-01 21:51:42.513
40313,,186.0,3120.0,2,2024-01-16 14:54:55.859,2024-01-16 22:41:13.907
9803,CE41B,113.0,1700.0,1,2021-03-12 04:35:56.000,2021-03-12 11:36:32.000
1592,CE19,125.0,1380.0,1,2020-01-31 05:04:17.000,2020-01-31 12:05:04.000
7612,CE34,146.0,2400.0,1,2020-11-25 14:47:43.000,2020-11-26 00:08:02.000
2120,CP11,152.0,1980.0,11,2020-02-29 13:00:33.000,2020-02-29 22:32:49.000
7576,,172.0,10060.0,3,2020-11-23 06:09:15.000,2020-11-23 13:44:33.000
6975,CE46,93.0,1780.0,1,2020-10-26 04:51:35.000,2020-10-26 10:43:16.000
2410,CP13,118.0,2340.0,21,2020-03-17 15:00:45.000,2020-03-18 15:09:19.000
41312,,159.0,2600.0,15,2024-02-12 14:59:42.208,2024-02-12 22:39:26.819
1888,CP35,83.0,3640.0,1,2020-02-17 04:48:38.000,2020-02-17 11:48:07.000
1910,CP11,161.0,1820.0,11,2020-02-18 15:06:17.000,2020-02-18 22:22:55.000
10463,CE10B,84.0,2220.0,1,2021-04-12 05:04:40.000,2021-04-12 12:04:44.000
23255,CE11,153.0,2040.0,6,2022-08-04 04:46:05.000,2022-08-04 13:10:59.153
7926,CE04,108.0,1660.0,1,2020-12-10 05:10:49.000,2020-12-10 12:12:16.000
10186,,221.0,2280.0,11,2021-03-30 21:09:37.000,2021-03-31 00:37:24.000
9353,CP23,185.0,2300.0,1,2021-02-18 13:48:37.000,2021-02-19 00:02:45.000
11360,CP23,172.0,2080.0,1,2021-05-18 14:15:13.000,2021-05-18 21:42:00.000
26115,CE40,48.0,1380.0,2,2022-11-08 18:57:36.675,2022-11-08 22:21:28.368
7706,Óbidos CE02,116.0,1660.0,1,2020-11-30 14:58:11.000,2020-11-30 22:16:53.000
17135,CE39,97.0,2220.0,2,2021-12-29 14:41:38.000,2021-12-29 22:11:01.000
29361,CE29,125.0,2020.0,1,2023-03-01 04:45:18.992,2023-03-01 12:54:11.660
33733,Óbidos CE01,153.0,1740.0,1,2023-07-17 05:07:31.624,2023-07-17 15:03:11.028
30269,CP39,111.0,4100.0,1,2023-04-03 14:42:45.891,2023-04-03 23:27:07.654
36053,,180.0,1200.0,8,2023-09-15 14:51:48.418,2023-09-15 20:49:46.638
6798,CE41B,112.0,1880.0,1,2020-10-16 05:00:33.000,2020-10-16 12:16:23.000
16493,CE11,157.0,1440.0,6,2021-12-01 12:25:14.000,2021-12-01 19:30:13.000
12410,CE37B,102.0,2040.0,2,2021-06-30 15:36:41.000,2021-06-30 23:32:14.000
32552,,130.0,7800.0,1,2023-06-12 05:53:10.163,2023-06-12 13:59:44.427
7057,CE21B,80.0,2280.0,1,2020-10-29 14:55:30.000,2020-10-29 21:20:09.000
27575,CE46,94.0,1460.0,1,2022-12-28 04:51:21.216,2022-12-28 12:10:21.222
13548,CE15,106.0,1680.0,1,2021-08-10 05:03:45.000,2021-08-10 11:31:28.000
22551,CP07,93.0,1740.0,2,2022-07-13 15:02:39.000,2022-07-14 03:05:56.339
5489,,228.0,9660.0,14,2020-08-17 05:39:44.000,2020-08-17 16:35:53.000
14548,CP32,154.0,2100.0,1,2021-09-14 04:55:09.000,2021-09-14 12:37:49.000
5981,CP14,143.0,2520.0,1,2020-09-08 14:44:29.000,2020-09-08 20:59:15.000
37484,CE38B,129.0,2480.0,1,2023-10-27 14:42:33.177,2023-10-27 21:56:24.164
6368,,46.0,1020.0,1,2020-09-25 12:33:43.000,2020-09-25 15:39:08.000
15225,CE09B,114.0,2340.0,1,2021-10-11 04:38:50.000,2021-10-11 14:08:50.000
11203,CE04,112.0,2040.0,1,2021-05-12 14:52:35.000,2021-05-12 22:13:02.000
18027,CE19,98.0,1400.0,2,2022-02-04 15:01:06.000,2022-02-04 21:14:58.000
17137,CP25B,111.0,3120.0,1,2021-12-29 04:57:07.000,2021-12-29 11:33:32.000
14438,CE26,88.0,2540.0,3,2021-09-10 14:58:28.000,2021-09-10 23:03:48.000
17226,CP26,131.0,4120.0,1,2022-01-03 15:03:09.000,2022-01-03 23:50:03.000
18875,CE09B,114.0,1660.0,1,2022-03-10 05:06:15.000,2022-03-10 13:32:35.820
39916,CP18B,129.0,3220.0,1,2024-01-04 14:58:29.146,2024-01-04 22:40:47.799
26425,CP34,198.0,4080.0,2,2022-11-17 14:59:35.509,2022-11-18 01:33:56.922
5365,CE39,99.0,2260.0,1,2020-08-12 15:02:30.000,2020-08-12 23:33:35.000
12339,CE26,94.0,2620.0,1,2021-06-28 14:36:39.000,2021-06-28 22:32:19.000
14126,CP26,85.0,4360.0,1,2021-08-30 14:53:37.000,2021-08-30 22:24:47.000
19686,CE10B,80.0,1640.0,1,2022-04-07 04:56:14.000,2022-04-07 10:55:03.849
2330,CE35,120.0,2020.0,1,2020-03-12 04:54:09.000,2020-03-12 13:59:34.000
8172,CE21B,128.0,2400.0,1,2020-12-23 14:46:18.000,2020-12-23 23:23:49.000
8833,CE20B,93.0,3200.0,2,2021-01-26 15:07:42.000,2021-01-26 22:55:34.000
9840,CE09B,113.0,2420.0,2,2021-03-15 05:09:27.000,2021-03-15 13:05:30.000
18570,CE09B,107.0,2580.0,1,2022-02-28 04:49:10.000,2022-02-28 11:55:12.123
2186,CP39,111.0,4220.0,1,2020-03-04 14:36:31.000,2020-03-04 23:38:11.000
6478,CP36,122.0,2180.0,1,2020-10-01 04:39:28.000,2020-10-01 11:45:26.000
22928,CP36,127.0,2720.0,1,2022-07-25 04:56:29.000,2022-07-25 12:37:47.790
1055,CP51,114.0,2680.0,1,2020-01-02 05:08:37.000,2020-01-02 12:34:39.000
24525,CP52,189.0,1560.0,1,2022-09-13 05:12:11.678,2022-09-13 12:27:19.902
12300,CP01,215.0,1880.0,1,2021-06-25 05:51:51.000,2021-06-25 14:22:40.000
3136,CE31,209.0,2720.0,2,2020-04-27 14:42:44.000,2020-04-27 23:51:41.000
3686,CE31,228.0,2160.0,2,2020-05-25 15:07:22.000,2020-05-25 22:57:01.000
4673,CE37B,94.0,1900.0,2,2020-07-13 04:48:05.000,2020-07-13 11:06:37.000
15503,CE37B,98.0,2220.0,2,2021-10-21 15:19:21.000,2021-10-21 22:06:27.000
39380,,185.0,2360.0,1,2023-12-19 15:25:11.453,2023-12-19 23:37:35.046
30583,CP18B,126.0,2500.0,1,2023-04-12 14:58:31.659,2023-04-12 22:02:30.769
2565,CE50,141.0,2280.0,1,2020-03-26 05:02:26.000,2020-03-26 12:12:53.000
6052,CE35,129.0,1960.0,1,2020-09-11 04:53:50.000,2020-09-11 13:19:02.000
6420,CP09B,100.0,2640.0,1,2020-09-29 04:51:13.000,2020-09-29 12:47:02.000
13416,CE27,124.0,1500.0,1,2021-08-05 05:19:03.000,2021-08-05 12:19:17.000
7522,CE41B,115.0,1720.0,2,2020-11-20 04:26:18.000,2020-11-20 11:23:24.000
22758,CE26,96.0,2420.0,2,2022-07-20 15:00:05.000,2022-07-20 23:24:55.940
13249,CE26,90.0,1900.0,2,2021-07-30 14:58:02.000,2021-07-30 22:17:01.000
25899,CP39,103.0,3420.0,1,2022-10-31 15:07:47.950,2022-11-01 01:10:11.878
16084,CE16,128.0,1720.0,1,2021-11-13 04:43:27.000,2021-11-13 12:15:26.000
15322,CE09B,102.0,1460.0,1,2021-10-14 04:52:58.000,2021-10-14 13:08:20.000
16427,CE09B,106.0,2540.0,1,2021-11-29 05:02:24.000,2021-11-29 12:41:15.000
2581,CE26,85.0,2760.0,1,2020-03-27 15:06:47.000,2020-03-27 23:40:24.000
39891,,195.0,3180.0,3,2024-01-03 15:03:25.036,2024-01-03 23:24:48.417
5641,CP29,133.0,2660.0,2,2020-08-24 04:59:36.000,2020-08-24 14:03:46.000
16105,CP02,178.0,2020.0,1,2021-11-15 15:23:51.000,2021-11-16 00:29:04.000
11589,CP35,124.0,2980.0,2,2021-05-27 05:05:45.000,2021-05-27 12:09:19.000
33153,,182.0,8880.0,1,2023-06-29 05:49:47.886,2023-06-29 13:56:35.230
38741,CP39,110.0,4380.0,1,2023-12-01 04:52:09.364,2023-12-01 12:57:54.480
10858,CE04,109.0,2160.0,1,2021-04-28 04:54:29.000,2021-04-28 12:47:20.000
14994,CE04,102.0,1420.0,1,2021-10-01 04:43:23.000,2021-10-01 11:10:47.000
6739,CE26,106.0,2120.0,1,2020-10-14 14:44:11.000,2020-10-14 22:11:38.000
3514,CP07,77.0,2220.0,4,2020-05-15 14:55:02.000,2020-05-15 20:59:40.000
19920,CE41B,112.0,1860.0,1,2022-04-15 04:49:17.000,2022-04-15 12:48:01.385
31343,CE04,112.0,1200.0,1,2023-05-05 04:54:02.171,2023-05-05 11:13:39.083
15251,CE15,119.0,1800.0,1,2021-10-12 04:45:17.000,2021-10-12 11:42:42.000
13572,CE20B,97.0,3200.0,2,2021-08-11 14:53:39.000,2021-08-11 21:58:20.000
9852,CP07,89.0,3320.0,4,2021-03-15 13:48:31.000,2021-03-16 00:10:41.000
10363,CP07,83.0,2600.0,3,2021-04-07 05:02:26.000,2021-04-07 12:51:39.000
3143,CP07,76.0,3080.0,4,2020-04-27 14:45:54.000,2020-04-27 22:42:21.000
14110,CE09B,108.0,2620.0,2,2021-08-30 04:59:43.000,2021-08-30 13:16:12.000
22690,CE09B,109.0,2800.0,1,2022-07-18 05:06:55.000,2022-07-18 12:00:36.309
25543,CP35,124.0,2900.0,3,2022-10-18 05:03:12.806,2022-10-18 12:19:53.163
34706,CP39,114.0,3780.0,1,2023-08-11 14:57:49.882,2023-08-11 23:51:32.712
37409,CP39,84.0,3540.0,1,2023-10-25 15:05:24.513,2023-10-25 22:49:45.624
12962,CE10B,84.0,2060.0,1,2021-07-21 14:59:44.000,2021-07-21 21:03:57.000
1487,CE26,90.0,2400.0,1,2020-01-27 15:19:13.000,2020-01-27 23:55:36.000
3540,CE43,116.0,2480.0,1,2020-05-18 05:10:04.000,2020-05-18 12:06:11.000
1385,CE01,231.0,1260.0,2,2020-01-21 04:42:42.000,2020-01-21 11:53:34.000
8764,Óbidos CESexta,99.0,1260.0,1,2021-01-22 14:52:18.000,2021-01-22 20:46:49.000
6002,CE12,126.0,1520.0,1,2020-09-09 04:55:57.000,2020-09-09 11:49:53.000
13170,CP07,82.0,2840.0,2,2021-07-28 14:20:42.000,2021-07-28 23:40:47.000
15175,CE41B,107.0,1520.0,2,2021-10-08 04:52:18.000,2021-10-08 12:36:10.000
18072,CE26,85.0,3280.0,1,2022-02-07 14:55:31.000,2022-02-07 23:47:10.000
19577,CE26,84.0,3060.0,2,2022-04-04 16:03:49.000,2022-04-05 00:33:06.980
11712,CE39,117.0,2820.0,1,2021-06-02 14:45:25.000,2021-06-02 23:16:16.000
12003,CE26,88.0,2800.0,3,2021-06-14 14:26:58.000,2021-06-14 23:04:44.000
22193,CE16,126.0,1260.0,1,2022-07-01 05:07:48.000,2022-07-01 11:06:47.391
20587,CE04,119.0,1660.0,1,2022-05-09 04:49:12.000,2022-05-09 12:21:16.798
27620,CP18B,127.0,3080.0,1,2022-12-29 14:49:53.961,2022-12-29 21:45:50.984
2273,CE01,226.0,1720.0,1,2020-03-10 14:52:52.000,2020-03-10 21:23:22.000
13390,CP29,136.0,2440.0,1,2021-08-04 04:30:26.000,2021-08-04 14:07:30.000
5096,Óbidos CESexta,118.0,1600.0,1,2020-07-31 14:53:19.000,2020-07-31 21:44:14.000
18227,Óbidos CE02,129.0,1680.0,1,2022-02-14 14:24:44.000,2022-02-14 23:49:14.000
11389,CP07,96.0,1420.0,1,2021-05-19 04:43:39.000,2021-05-19 13:46:48.000
13027,CE41B,101.0,1880.0,2,2021-07-23 04:51:41.000,2021-07-23 12:35:41.000
13543,CE41B,98.0,2500.0,2,2021-08-10 04:58:26.000,2021-08-10 15:06:06.000
15755,CE26,104.0,2640.0,1,2021-11-01 14:10:42.000,2021-11-01 23:30:05.000
24181,CE39,95.0,2540.0,2,2022-09-02 14:56:37.000,2022-09-02 22:31:54.269
22693,Óbidos CE01,175.0,1720.0,1,2022-07-18 05:12:29.000,2022-07-18 16:06:46.920
27985,CP26,89.0,3420.0,1,2023-01-11 15:08:45.162,2023-01-11 22:57:43.597
18671,CE16,127.0,1640.0,1,2022-03-03 14:54:41.000,2022-03-03 23:41:10.391
2976,CP02,175.0,1960.0,2,2020-04-17 15:01:10.000,2020-04-17 21:20:41.000
14609,CP18B,178.0,2500.0,1,2021-09-16 14:56:05.000,2021-09-17 00:36:42.000
34543,CP18B,127.0,2660.0,1,2023-08-08 14:38:41.808,2023-08-08 22:54:40.083
1088,CE01,231.0,1900.0,2,2020-01-04 05:01:37.000,2020-01-04 12:43:40.000
3650,Óbidos CESexta,110.0,1320.0,1,2020-05-22 14:54:08.000,2020-05-22 20:19:09.000
2255,CE12,126.0,1940.0,1,2020-03-09 04:58:53.000,2020-03-09 12:24:12.000
11006,CP25B,116.0,2120.0,1,2021-05-04 04:47:40.000,2021-05-04 11:21:36.000
20410,CE41B,107.0,2200.0,1,2022-05-03 04:54:16.000,2022-05-03 11:32:07.047
12237,CP05,18.0,260.0,1,2021-06-23 04:44:51.000,2021-06-23 05:51:50.000
16940,CP26,85.0,4960.0,1,2021-12-20 15:04:54.000,2021-12-21 00:20:28.000
23297,CP26,89.0,3940.0,1,2022-08-05 14:58:52.000,2022-08-05 22:05:41.187
27296,CP26,90.0,5660.0,1,2022-12-19 15:04:50.996,2022-12-20 00:03:49.574
9403,CE09B,104.0,3060.0,2,2021-02-22 04:45:18.000,2021-02-22 11:56:37.000
8124,CE04,115.0,1700.0,1,2020-12-21 04:49:45.000,2020-12-21 11:26:29.000
4926,CE35,134.0,2840.0,1,2020-07-24 04:39:15.000,2020-07-24 11:36:59.000
30493,CP11,157.0,1780.0,5,2023-04-10 04:43:27.427,2023-04-10 11:53:22.734
23066,CE29,131.0,2400.0,1,2022-07-29 04:52:11.000,2022-07-29 12:45:07.602
23359,Óbidos CE01,153.0,2320.0,1,2022-08-08 15:07:01.000,2022-08-09 00:41:25.166
35980,CE29,133.0,2900.0,1,2023-09-14 04:56:11.276,2023-09-14 13:23:14.900
15258,CE41B,105.0,2760.0,2,2021-10-12 04:49:39.000,2021-10-12 13:11:42.000
22477,CE26,89.0,3120.0,2,2022-07-11 14:41:20.000,2022-07-11 22:54:15.918
26989,CP27,139.0,2140.0,1,2022-12-07 14:56:44.773,2022-12-07 22:56:09.240
1432,CE37B,94.0,2320.0,2,2020-01-23 15:14:13.000,2020-01-23 21:47:43.000
8120,CE09B,107.0,2540.0,2,2020-12-21 04:48:25.000,2020-12-21 13:22:14.000
2560,CE37B,92.0,2560.0,1,2020-03-26 14:39:44.000,2020-03-26 21:41:53.000
13308,CE09B,107.0,2540.0,2,2021-08-02 04:53:18.000,2021-08-02 12:40:09.000
13786,CP28,198.0,2700.0,1,2021-08-18 04:51:04.000,2021-08-18 14:26:03.000
3364,,170.0,10000.0,16,2020-05-07 05:46:12.000,2020-05-07 13:37:06.000
7229,CE33,146.0,1480.0,1,2020-11-06 14:09:37.000,2020-11-06 21:07:39.000
16774,CE18B,129.0,1880.0,1,2021-12-14 04:59:41.000,2021-12-14 12:02:56.000
17621,CE08,199.0,1640.0,1,2022-01-19 04:39:11.000,2022-01-19 12:20:37.000
8233,CP19,114.0,2500.0,1,2020-12-26 04:51:29.000,2020-12-26 13:15:46.000
31139,,114.0,9100.0,1,2023-04-28 06:05:52.027,2023-04-28 12:48:01.777
26470,,130.0,8980.0,1,2022-11-18 14:57:18.163,2022-11-18 22:32:28.956
21223,CP11,146.0,2160.0,5,2022-05-30 04:54:41.000,2022-05-30 11:25:29.199
9475,CP07,81.0,2900.0,4,2021-02-24 14:53:39.000,2021-02-24 21:33:08.000
19922,CP07,84.0,3020.0,4,2022-04-15 13:01:05.000,2022-04-15 19:55:51.433
12378,CE17B,101.0,2180.0,1,2021-06-29 05:10:20.000,2021-06-29 13:00:23.000
19682,CE37B,93.0,2040.0,1,2022-04-07 15:06:29.000,2022-04-07 21:34:29.603
2790,CE30B,126.0,1760.0,1,2020-04-08 14:56:15.000,2020-04-08 21:38:49.000
31301,CE11,143.0,2240.0,5,2023-05-04 04:51:45.932,2023-05-04 12:18:51.125
3819,CE07,80.0,1900.0,1,2020-06-01 04:53:33.000,2020-06-01 11:51:13.000
7747,CE34,182.0,2300.0,1,2020-12-02 14:20:57.000,2020-12-02 21:28:31.000
5067,CE31,209.0,2700.0,2,2020-07-30 15:01:30.000,2020-07-30 23:19:13.000
6813,CP40,36.0,2060.0,2,2020-10-15 18:09:35.000,2020-10-15 21:34:45.000
28224,,111.0,9280.0,1,2023-01-18 15:00:00.451,2023-01-18 20:45:16.828
11067,CE33,152.0,1700.0,1,2021-05-06 14:25:59.000,2021-05-06 22:12:28.000
24877,CE46,89.0,1840.0,1,2022-09-24 04:59:21.372,2022-09-24 12:31:15.132
16757,CE20B,94.0,2480.0,2,2021-12-13 14:15:46.000,2021-12-13 21:42:18.000
9872,CE15,108.0,1940.0,1,2021-03-16 04:40:53.000,2021-03-16 12:53:15.000
7414,CE20B,92.0,2480.0,1,2020-11-16 16:00:33.000,2020-11-17 01:08:02.000
15439,CE18B,136.0,2040.0,1,2021-10-19 14:58:50.000,2021-10-19 23:25:51.000
38561,,129.0,1980.0,2,2023-11-27 04:42:43.648,2023-11-27 12:01:23.072
19894,CP35,125.0,2860.0,3,2022-04-14 14:59:10.000,2022-04-14 21:49:58.201
30744,,115.0,9600.0,1,2023-04-17 14:47:40.935,2023-04-17 21:52:56.360
5974,CE51,113.0,2240.0,1,2020-09-08 15:11:25.000,2020-09-08 22:22:31.000
12229,CE51,128.0,2160.0,1,2021-06-23 04:45:01.000,2021-06-23 12:07:52.000
13351,CE51,121.0,2300.0,1,2021-08-03 14:58:49.000,2021-08-03 21:52:44.000
16470,CP29,134.0,3020.0,1,2021-11-30 04:55:22.000,2021-11-30 14:51:39.000
17412,CE15,106.0,1460.0,1,2022-01-11 14:10:38.000,2022-01-11 21:56:38.000
25130,CE20B,98.0,3480.0,1,2022-10-04 14:38:16.715,2022-10-04 21:44:56.415
16938,CP35,95.0,2060.0,1,2021-12-20 06:51:06.000,2021-12-20 13:09:29.000
7171,CP32,129.0,1540.0,1,2020-11-03 05:01:04.000,2020-11-03 14:59:21.000
1372,CP36,137.0,2120.0,1,2020-01-20 04:47:20.000,2020-01-20 11:20:01.000
15860,CP36,118.0,1760.0,1,2021-11-04 14:17:01.000,2021-11-04 22:13:59.000
6712,CE31,210.0,1740.0,2,2020-10-13 15:03:10.000,2020-10-13 21:58:32.000
12061,CE37B,94.0,2240.0,2,2021-06-16 04:58:02.000,2021-06-16 12:25:07.000
21247,CE30B,135.0,1520.0,2,2022-05-31 14:59:04.000,2022-05-31 21:50:04.768
17062,CE11,144.0,1940.0,5,2021-12-27 05:01:16.000,2021-12-27 12:16:01.000
18910,CE11,145.0,1280.0,4,2022-03-11 04:57:33.000,2022-03-11 11:40:39.419
22386,CP31,216.0,2500.0,1,2022-07-07 15:41:15.000,2022-07-08 00:11:11.655
5873,CE46,90.0,2640.0,2,2020-09-03 04:48:06.000,2020-09-03 12:46:40.000
7093,CE41B,108.0,2000.0,1,2020-10-30 04:52:31.000,2020-10-30 12:58:56.000
11949,CE41B,104.0,1840.0,2,2021-06-11 04:39:58.000,2021-06-11 12:25:35.000
28536,,43.0,2840.0,1,2023-01-30 14:50:18.548,2023-01-30 21:54:59.972
27932,CE34,154.0,2320.0,1,2023-01-10 14:59:21.217,2023-01-10 23:27:42.208
10635,CE21B,84.0,2200.0,1,2021-04-19 14:09:29.000,2021-04-19 22:36:46.000
29911,CP40,43.0,1640.0,1,2023-03-21 18:49:56.907,2023-03-21 22:41:00.578
17681,CP07,83.0,2240.0,3,2022-01-21 05:00:34.000,2022-01-21 11:41:09.000
23402,CP52,174.0,1840.0,1,2022-08-09 04:50:32.000,2022-08-09 11:56:45.393
26533,CP52,179.0,1600.0,1,2022-11-22 14:58:10.717,2022-11-22 21:16:06.715
1148,CE17B,101.0,2440.0,1,2020-01-08 05:12:53.000,2020-01-08 12:59:32.000
33220,CE10B,82.0,1780.0,1,2023-07-03 04:42:29.128,2023-07-03 14:23:45.498
41542,,105.0,2900.0,1,2024-02-19 14:53:42.939,2024-02-19 21:49:47.041
28041,CP27,139.0,2280.0,1,2023-01-12 04:53:20.970,2023-01-12 12:19:09.553
30373,CP27,132.0,2360.0,1,2023-04-05 14:55:11.131,2023-04-05 22:10:56.078
4783,CE41B,101.0,1120.0,1,2020-07-17 05:02:25.000,2020-07-17 12:35:18.000
2446,CE37B,93.0,1860.0,2,2020-03-19 05:06:34.000,2020-03-19 12:48:19.000
13905,CE09B,109.0,2740.0,2,2021-08-23 04:58:17.000,2021-08-23 13:02:13.000
5236,CP19,116.0,2400.0,1,2020-08-06 14:54:32.000,2020-08-06 22:10:18.000
14121,CP32,146.0,2200.0,1,2021-08-30 04:42:52.000,2021-08-30 12:06:47.000
13532,CP52,137.0,1080.0,1,2021-08-07 18:17:19.000,2021-08-07 22:06:08.000
10068,CP01,228.0,1540.0,1,2021-03-25 04:45:02.000,2021-03-25 12:04:08.000
13990,CP01,223.0,1040.0,1,2021-08-25 04:28:10.000,2021-08-25 11:42:10.000
2377,CE49,153.0,2020.0,1,2020-03-16 04:32:03.000,2020-03-16 12:14:30.000
2216,CE19,117.0,1500.0,2,2020-03-06 04:53:23.000,2020-03-06 11:25:08.000
4021,CE07,81.0,2580.0,1,2020-06-10 14:03:54.000,2020-06-10 21:31:35.000
7978,CE07,85.0,1900.0,1,2020-12-14 14:43:52.000,2020-12-15 00:23:09.000
12481,CE41B,124.0,1980.0,2,2021-07-02 04:33:10.000,2021-07-02 11:34:13.000
6850,CE24,168.0,1920.0,1,2020-10-20 14:48:05.000,2020-10-20 20:44:40.000
6383,CE09B,101.0,2020.0,2,2020-09-28 04:41:02.000,2020-09-28 12:15:44.000
6770,CE09B,102.0,1120.0,2,2020-10-15 05:31:42.000,2020-10-15 13:13:56.000
29517,CE34,159.0,1820.0,1,2023-03-07 04:52:59.927,2023-03-07 12:02:25.294
6930,CP28,172.0,3880.0,2,2020-10-22 04:53:36.000,2020-10-22 12:32:35.000
8435,CP28,159.0,2520.0,1,2021-01-06 04:41:59.000,2021-01-06 12:17:28.000
19223,CP28,168.0,2560.0,1,2022-03-22 05:01:16.000,2022-03-22 12:56:41.562
19950,,146.0,8220.0,1,2022-04-15 14:30:23.000,2022-04-15 23:41:51.678
6464,CE20B,92.0,2740.0,2,2020-10-01 15:00:17.000,2020-10-01 21:21:19.000
39094,CE20B,102.0,2680.0,1,2023-12-12 04:49:32.474,2023-12-12 15:05:23.135
16162,CP35,126.0,1780.0,1,2021-11-17 04:52:47.000,2021-11-17 12:04:48.000
4683,CE30B,156.0,2840.0,1,2020-07-13 14:50:08.000,2020-07-13 21:49:53.000
29030,CP27,141.0,2000.0,1,2023-02-16 05:02:57.933,2023-02-16 13:36:09.401
40611,,172.0,2800.0,2,2024-01-24 14:55:46.840,2024-01-24 23:23:40.044
3621,CE21B,81.0,2680.0,1,2020-05-21 14:37:20.000,2020-05-21 21:53:05.000
24100,CE33,140.0,1700.0,1,2022-08-31 15:04:22.000,2022-08-31 21:38:53.705
11511,CE51,119.0,2160.0,1,2021-05-25 14:28:05.000,2021-05-25 21:39:07.000
37847,CE20B,103.0,2800.0,1,2023-11-07 05:04:37.375,2023-11-07 12:03:56.655
7502,CP35,118.0,2420.0,1,2020-11-19 04:56:56.000,2020-11-19 12:11:35.000
26098,CP08,195.0,2040.0,1,2022-11-07 15:26:50.696,2022-11-07 22:43:39.189
7539,CP36,121.0,1340.0,1,2020-11-20 04:58:57.000,2020-11-20 12:59:21.000
37927,,156.0,2680.0,2,2023-11-08 15:00:45.532,2023-11-08 22:52:58.649
17634,CP11,148.0,1680.0,5,2022-01-19 04:32:47.000,2022-01-19 12:28:53.000
6837,CE07,80.0,2000.0,1,2020-10-19 04:29:07.000,2020-10-19 11:16:14.000
13647,CE07,101.0,1840.0,1,2021-08-13 05:28:21.000,2021-08-13 11:47:47.000
23063,,130.0,9320.0,1,2022-07-28 15:11:47.000,2022-07-28 20:40:14.929
22154,,166.0,9700.0,2,2022-06-29 15:03:33.000,2022-06-29 22:07:42.470
26767,CE46,90.0,1120.0,1,2022-11-30 04:56:43.733,2022-11-30 12:24:14.236
20196,CE15,106.0,1560.0,1,2022-04-26 15:02:23.000,2022-04-26 21:44:56.129
25371,CE18B,127.0,1860.0,1,2022-10-12 15:01:00.626,2022-10-12 21:41:59.971
9808,CP32,156.0,1540.0,1,2021-03-12 04:38:44.000,2021-03-12 11:42:09.000
14984,CP15,112.0,2160.0,1,2021-09-30 14:49:22.000,2021-09-30 20:51:47.000
30189,CP15,104.0,1160.0,1,2023-03-30 05:06:11.622,2023-03-30 11:32:16.066
3671,CE30B,156.0,2120.0,1,2020-05-23 04:59:03.000,2020-05-23 12:06:42.000
30177,CE19,111.0,1700.0,1,2023-03-30 04:42:16.845,2023-03-30 11:51:47.102
13471,,128.0,9060.0,2,2021-08-06 05:43:16.000,2021-08-06 13:21:12.000
24919,CP35,135.0,3180.0,3,2022-09-26 05:03:59.850,2022-09-26 13:35:33.208
5148,CP28,179.0,2200.0,2,2020-08-03 05:03:02.000,2020-08-03 15:18:09.000
7313,CP15,110.0,2180.0,1,2020-11-10 14:57:17.000,2020-11-10 21:52:02.000
21722,CP01,227.0,1640.0,1,2022-06-15 04:55:10.000,2022-06-15 12:29:36.635
42452,,109.0,2540.0,1,2024-03-14 04:43:32.501,2024-03-14 12:39:01.017
24209,CE11,157.0,1680.0,3,2022-09-03 05:06:31.000,2022-09-03 12:18:16.309
26802,CE19,102.0,1420.0,2,2022-12-01 13:10:33.453,2022-12-01 19:40:15.506
3968,CE09B,101.0,2480.0,2,2020-06-08 04:42:50.000,2020-06-08 12:01:45.000
6922,CE09B,115.0,1280.0,2,2020-10-22 05:08:32.000,2020-10-22 11:43:58.000
8318,CP28,171.0,3720.0,1,2020-12-30 05:03:19.000,2020-12-30 14:04:00.000
31171,CE04,110.0,2360.0,1,2023-05-01 04:58:23.468,2023-05-01 12:20:55.385
8717,CE20B,104.0,2860.0,2,2021-01-20 04:41:52.000,2021-01-20 11:56:35.000
27148,CE18B,128.0,2180.0,1,2022-12-14 05:03:11.827,2022-12-14 11:15:05.329
7793,CP36,126.0,2100.0,1,2020-12-03 04:28:51.000,2020-12-03 11:45:33.000
2637,CP41B,111.0,3380.0,1,2020-03-30 04:53:22.000,2020-03-30 11:02:39.000
20496,CP15,108.0,1280.0,1,2022-05-05 05:07:39.000,2022-05-05 12:07:45.496
2893,CE17B,150.0,1820.0,1,2020-04-14 04:58:02.000,2020-04-14 15:05:07.000
10063,CE16,139.0,2240.0,1,2021-03-25 04:56:16.000,2021-03-25 11:49:49.000
27696,CE09B,118.0,2400.0,1,2023-01-02 04:53:47.275,2023-01-02 13:35:19.147
5380,CP02,191.0,2640.0,2,2020-08-12 14:41:20.000,2020-08-13 01:39:23.000
2856,CP23,182.0,2960.0,1,2020-04-11 05:54:55.000,2020-04-11 12:36:29.000
9287,CE50,139.0,2160.0,1,2021-02-16 13:24:20.000,2021-02-16 21:00:19.000
13058,CE19,102.0,1700.0,1,2021-07-24 13:22:39.000,2021-07-24 19:30:14.000
23969,CP35,130.0,2020.0,3,2022-08-26 04:58:20.000,2022-08-26 11:37:59.265
4063,CE35,122.0,2740.0,2,2020-06-12 04:47:02.000,2020-06-12 11:20:04.000
3379,CE51,119.0,2160.0,1,2020-05-08 14:19:02.000,2020-05-08 21:54:31.000
16619,CE15,102.0,1660.0,1,2021-12-07 14:56:46.000,2021-12-07 23:20:50.000
10104,CP02,182.0,1740.0,1,2021-03-26 04:32:38.000,2021-03-26 12:39:42.000
5662,CE41B,102.0,2820.0,1,2020-08-25 04:52:22.000,2020-08-25 12:27:40.000
16704,CE33,132.0,1400.0,1,2021-12-10 15:02:56.000,2021-12-10 22:03:51.000
30578,CE33,132.0,1580.0,1,2023-04-12 14:56:08.864,2023-04-12 21:38:46.786
30702,CE04,109.0,1740.0,1,2023-04-17 04:54:11.660,2023-04-17 11:48:19.809
15078,CE18B,124.0,1740.0,1,2021-10-05 04:53:13.000,2021-10-05 13:27:32.000
18588,CP52,176.0,1620.0,1,2022-02-28 14:57:11.000,2022-02-28 21:20:34.954
24372,CP15,128.0,1980.0,1,2022-09-08 04:59:27.378,2022-09-08 13:20:40.699
8449,CE30B,150.0,2400.0,1,2021-01-07 14:48:36.000,2021-01-07 21:52:54.000
18162,CE09B,107.0,1560.0,1,2022-02-10 05:01:03.000,2022-02-10 12:10:46.000
2018,CP39,106.0,2960.0,1,2020-02-24 04:49:37.000,2020-02-24 14:39:45.000
7570,CP31,222.0,1960.0,1,2020-11-23 14:24:22.000,2020-11-24 01:13:35.000
42944,,190.0,3200.0,1,2024-03-27 14:51:38.868,2024-03-27 23:30:21.519
20927,CE39,64.0,1600.0,1,2022-05-18 19:41:05.000,2022-05-19 00:21:21.773
16665,CP39,111.0,3040.0,1,2021-12-08 13:33:02.000,2021-12-08 23:05:00.000
20175,CP26,90.0,3700.0,1,2022-04-25 12:41:13.000,2022-04-25 20:32:23.983
23885,CP26,85.0,3080.0,1,2022-08-24 14:57:58.000,2022-08-25 00:12:51.276
18520,CE19,99.0,1460.0,2,2022-02-25 15:07:01.000,2022-02-25 21:18:49.782
2400,CE41B,103.0,2460.0,1,2020-03-17 04:48:23.000,2020-03-17 13:06:04.000
3991,CE41B,110.0,2960.0,1,2020-06-09 04:31:52.000,2020-06-09 13:00:52.000
22801,CE34,153.0,2260.0,1,2022-07-21 15:00:10.000,2022-07-21 23:46:36.611
14530,CE15,114.0,1640.0,1,2021-09-14 04:45:50.000,2021-09-14 11:59:13.000
36794,CP07,85.0,2900.0,3,2023-10-09 15:05:40.134,2023-10-09 21:49:03.420
17967,CE16,127.0,2120.0,2,2022-02-02 14:55:52.000,2022-02-02 22:06:10.000
34809,CP18B,133.0,2680.0,1,2023-08-15 13:58:20.787,2023-08-15 20:41:53.714
21569,CE19,90.0,1360.0,2,2022-06-10 13:53:55.000,2022-06-10 20:33:18.493
30752,CE01,220.0,1560.0,1,2023-04-18 04:51:57.526,2023-04-18 12:47:38.745
6259,CE41B,107.0,2640.0,1,2020-09-22 04:45:29.000,2020-09-22 12:16:54.000
10495,CE41B,105.0,2580.0,1,2021-04-13 04:39:54.000,2021-04-13 12:55:49.000
2064,CE35,123.0,2140.0,1,2020-02-27 04:56:03.000,2020-02-27 11:34:47.000
28357,CP40,51.0,1280.0,1,2023-01-24 14:52:03.427,2023-01-24 18:59:29.402
22001,CP07,84.0,2300.0,1,2022-06-24 14:55:17.000,2022-06-24 21:55:19.995
20942,CP52,169.0,1820.0,1,2022-05-20 04:56:30.000,2022-05-20 11:14:40.763
3037,CP15,111.0,1360.0,1,2020-04-21 05:14:56.000,2020-04-21 12:04:47.000
9614,CP15,108.0,1660.0,1,2021-03-03 04:38:58.000,2021-03-03 12:41:32.000
16142,CP01,215.0,2580.0,1,2021-11-16 14:54:22.000,2021-11-16 23:51:15.000
10383,CE38B,142.0,2160.0,1,2021-04-08 14:35:57.000,2021-04-08 22:43:08.000
2687,CE09B,111.0,1320.0,1,2020-04-02 04:54:15.000,2020-04-02 11:40:07.000
3685,CE12,125.0,1980.0,1,2020-05-25 05:02:53.000,2020-05-25 12:29:15.000
10722,CE12,133.0,2180.0,1,2021-04-22 04:53:04.000,2021-04-22 13:22:18.000
12241,CP39,106.0,3380.0,1,2021-06-23 15:02:47.000,2021-06-24 00:04:53.000
19928,CP26,87.0,3240.0,1,2022-04-15 14:56:43.000,2022-04-15 23:10:18.904
31962,CP39,115.0,3460.0,1,2023-05-24 15:03:49.500,2023-05-24 23:56:56.400
15541,CP12,124.0,1520.0,1,2021-10-22 05:03:20.000,2021-10-22 11:12:11.000
38867,,157.0,2460.0,1,2023-12-05 14:41:49.518,2023-12-05 23:20:45.353
17586,CE40,46.0,940.0,2,2022-01-18 15:00:35.000,2022-01-18 19:32:12.000
12931,CE30B,139.0,1920.0,2,2021-07-20 14:56:21.000,2021-07-20 21:54:42.000
7416,CE07,124.0,2020.0,1,2020-11-16 05:03:18.000,2020-11-16 14:33:04.000
15986,CE46,94.0,1640.0,1,2021-11-10 04:49:48.000,2021-11-10 12:56:40.000
17189,CP52,198.0,2540.0,1,2021-12-30 04:54:59.000,2021-12-30 11:43:26.000
9679,CE30B,152.0,2360.0,1,2021-03-06 04:42:04.000,2021-03-06 13:47:28.000
25293,CE09B,105.0,2500.0,1,2022-10-10 05:06:22.606,2022-10-10 14:44:42.561
17935,CE04,113.0,2140.0,1,2022-02-01 04:49:37.000,2022-02-01 12:38:57.000
11830,Óbidos CE02,119.0,1320.0,1,2021-06-07 14:58:58.000,2021-06-07 21:18:11.000
15211,,129.0,1140.0,1,2021-10-08 14:43:21.000,2021-10-08 21:35:41.000
21510,CP25B,108.0,1700.0,1,2022-06-08 04:40:12.000,2022-06-08 12:58:54.847
18761,CE26,91.0,2860.0,1,2022-03-07 15:01:11.000,2022-03-07 22:42:05.464
38242,Óbidos CE01,129.0,1140.0,1,2023-11-17 04:54:57.556,2023-11-17 10:56:11.674
37650,CP12,123.0,2020.0,1,2023-11-01 05:00:24.979,2023-11-01 11:44:34.724
11526,CE15,103.0,1620.0,1,2021-05-25 14:58:39.000,2021-05-25 21:53:40.000
3329,CP36,122.0,1960.0,1,2020-05-06 04:59:27.000,2020-05-06 11:38:23.000
8097,CP36,125.0,2660.0,1,2020-12-18 04:51:09.000,2020-12-18 12:56:10.000
3006,CP41B,100.0,3980.0,1,2020-04-20 04:59:37.000,2020-04-20 12:20:13.000
18569,CE39,105.0,2540.0,1,2022-02-28 14:47:15.000,2022-02-28 22:55:29.556
28804,CE39,99.0,2740.0,1,2023-02-08 15:08:02.084,2023-02-08 23:39:56.255
1285,CE43,119.0,1720.0,1,2020-01-15 15:09:38.000,2020-01-15 20:18:18.000
37039,CP18B,126.0,2180.0,1,2023-10-16 04:48:51.448,2023-10-16 12:11:34.409
9895,CE27,125.0,2220.0,1,2021-03-17 15:00:10.000,2021-03-17 21:47:48.000
12082,CE29,138.0,3040.0,1,2021-06-17 04:57:32.000,2021-06-17 12:40:05.000
14983,CP18B,136.0,3460.0,1,2021-09-30 04:47:58.000,2021-09-30 13:13:43.000
31137,CP29,128.0,2820.0,1,2023-04-28 05:06:48.191,2023-04-28 13:36:31.935
14699,CP39,113.0,4980.0,1,2021-09-20 14:59:59.000,2021-09-21 00:30:39.000
35676,CP26,96.0,4540.0,1,2023-09-06 14:56:08.615,2023-09-06 23:55:41.284
3911,CE37B,99.0,2440.0,1,2020-06-04 14:40:54.000,2020-06-04 22:48:21.000
3809,CE43,126.0,1800.0,1,2020-05-30 04:54:56.000,2020-05-30 12:36:01.000
27195,CP18B,129.0,2120.0,1,2022-12-15 14:56:06.248,2022-12-15 21:29:59.809
20258,CP39,117.0,3900.0,1,2022-04-27 14:56:34.000,2022-04-27 23:07:46.371
33742,CP26,86.0,4560.0,1,2023-07-17 15:15:00.019,2023-07-17 22:44:05.007
20002,CE30B,132.0,1620.0,2,2022-04-19 14:57:07.000,2022-04-19 22:01:14.477
19288,CE24,182.0,1760.0,1,2022-03-24 14:41:53.000,2022-03-24 21:38:30.546
14781,CE38B,147.0,1680.0,1,2021-09-23 15:01:44.000,2021-09-23 23:17:03.000
17804,CE04,111.0,2400.0,1,2022-01-26 04:56:48.000,2022-01-26 11:54:45.000
30899,CP29,147.0,3260.0,1,2023-04-21 04:53:07.806,2023-04-21 14:24:33.073
5900,CE39,100.0,2080.0,1,2020-09-04 14:52:37.000,2020-09-04 22:13:03.000
22944,CE41B,107.0,2040.0,2,2022-07-26 04:54:40.000,2022-07-26 12:47:13.119
12901,CE29,144.0,2800.0,1,2021-07-19 05:04:21.000,2021-07-19 13:48:48.000
4982,CE07,79.0,2220.0,1,2020-07-27 14:36:13.000,2020-07-27 21:02:13.000
19995,CE50,140.0,1920.0,1,2022-04-19 14:41:36.000,2022-04-19 22:20:47.218
1393,CP10B,58.0,2200.0,1,2020-01-21 04:48:18.000,2020-01-21 09:59:49.000
1853,CE05,126.0,1660.0,2,2020-02-14 05:04:18.000,2020-02-14 11:31:33.000
5870,CE05,127.0,2020.0,2,2020-09-03 04:41:06.000,2020-09-03 12:21:31.000
1111,CP26,84.0,5180.0,1,2020-01-06 15:03:12.000,2020-01-07 00:36:04.000
19091,CP18B,133.0,2080.0,1,2022-03-17 15:48:49.000,2022-03-17 21:44:35.297
12871,CE19,99.0,1540.0,1,2021-07-17 05:10:22.000,2021-07-17 11:25:14.000
14142,CE40,51.0,1280.0,1,2021-08-31 14:53:22.000,2021-08-31 17:55:35.000
4257,Óbidos CE02,118.0,960.0,1,2020-06-22 05:07:54.000,2020-06-22 11:44:47.000
3998,CP09B,101.0,2580.0,1,2020-06-09 04:55:54.000,2020-06-09 11:29:25.000
20750,CP39,63.0,2040.0,1,2022-05-12 15:00:40.000,2022-05-12 22:05:43.619
2753,CE14,173.0,2280.0,1,2020-04-06 05:02:38.000,2020-04-06 13:35:17.000
2812,CE37B,97.0,2580.0,1,2020-04-09 04:46:57.000,2020-04-09 12:19:20.000
25613,CE19,112.0,1240.0,1,2022-10-20 04:54:27.102,2022-10-20 11:25:57.089
6973,Óbidos CE02,113.0,1600.0,1,2020-10-26 14:58:21.000,2020-10-26 22:27:58.000
14558,CE27,126.0,1300.0,1,2021-09-15 05:21:55.000,2021-09-15 12:32:30.000
23822,CP39,115.0,3700.0,1,2022-08-22 14:42:33.000,2022-08-23 00:40:18.545
10416,CE19,114.0,1960.0,1,2021-04-09 15:12:10.000,2021-04-09 23:26:52.000
5431,CP29,131.0,2100.0,1,2020-08-14 05:04:04.000,2020-08-14 12:46:18.000
8246,Óbidos CE02,138.0,1120.0,1,2020-12-28 15:03:48.000,2020-12-28 23:28:51.000
9396,CE24,153.0,1860.0,1,2021-02-19 14:21:59.000,2021-02-19 21:29:19.000
21103,CE24,171.0,1280.0,1,2022-05-26 14:58:44.000,2022-05-26 21:25:22.296
14738,CE34,146.0,2480.0,1,2021-09-22 14:57:06.000,2021-09-22 21:58:42.000
19080,CE34,149.0,2080.0,1,2022-03-17 14:56:38.000,2022-03-17 22:50:09.936
32372,CP18B,128.0,2440.0,1,2023-06-06 04:36:57.410,2023-06-06 12:04:34.347
8456,CE12,132.0,1980.0,1,2021-01-07 04:40:32.000,2021-01-07 11:52:53.000
19912,CE01,217.0,1840.0,1,2022-04-15 12:52:03.000,2022-04-15 22:42:06.673
13698,CE29,120.0,3000.0,1,2021-08-16 04:30:34.000,2021-08-16 13:13:24.000
33182,CE29,135.0,1880.0,1,2023-06-30 04:44:53.650,2023-06-30 11:32:27.889
34334,CP39,110.0,4980.0,1,2023-08-02 15:09:11.090,2023-08-02 23:29:08.097
7521,CE07,82.0,1420.0,1,2020-11-20 04:57:59.000,2020-11-20 12:42:53.000
31546,CE34,150.0,2920.0,1,2023-05-12 14:57:07.378,2023-05-12 21:51:04.214
10148,CP23,179.0,2360.0,1,2021-03-29 14:39:35.000,2021-03-29 21:29:07.000
21331,CP18B,127.0,2300.0,1,2022-06-02 14:43:41.000,2022-06-02 21:50:02.659
24979,CE01,224.0,1760.0,1,2022-09-28 05:05:06.634,2022-09-28 12:51:29.031
29696,CP26,84.0,4200.0,1,2023-03-13 14:58:23.628,2023-03-14 00:06:47.441
18944,CP12,131.0,1860.0,1,2022-03-12 05:00:21.000,2022-03-12 11:53:14.696
6438,CE07,78.0,2600.0,1,2020-09-30 04:48:14.000,2020-09-30 10:46:58.000
10752,CE07,84.0,1040.0,1,2021-04-23 05:12:47.000,2021-04-23 11:26:01.000
23929,CE50,137.0,2320.0,1,2022-08-25 05:01:50.000,2022-08-25 11:45:14.311
18889,CP18B,124.0,2380.0,1,2022-03-10 05:03:08.000,2022-03-10 11:45:31.932
2777,CP09B,107.0,2720.0,1,2020-04-07 05:15:53.000,2020-04-07 11:52:17.000
18358,CP26,85.0,3540.0,1,2022-02-18 14:25:37.000,2022-02-18 21:40:59.262
17481,CE10B,79.0,2420.0,1,2022-01-13 13:46:45.000,2022-01-13 19:50:35.000
33001,CE21B,98.0,2260.0,1,2023-06-26 14:48:03.989,2023-06-26 22:52:30.110
28674,CP12,132.0,1880.0,1,2023-02-03 05:09:00.273,2023-02-03 12:20:15.957
4402,CE07,94.0,1600.0,1,2020-06-29 14:49:27.000,2020-06-29 22:55:22.000
11212,CE07,80.0,2040.0,1,2021-05-12 04:57:56.000,2021-05-12 12:12:58.000
11434,CE24,175.0,1700.0,1,2021-05-21 04:52:52.000,2021-05-21 12:36:54.000
21531,CE24,175.0,1380.0,1,2022-06-09 05:10:14.000,2022-06-09 12:19:39.464
1883,CE31,232.0,2460.0,1,2020-02-17 04:44:16.000,2020-02-17 12:07:47.000
35666,CE33,139.0,1100.0,1,2023-09-06 14:52:12.849,2023-09-06 21:58:09.267
3825,CE51,122.0,2080.0,1,2020-06-01 04:40:54.000,2020-06-01 11:35:19.000
5681,,156.0,8880.0,1,2020-08-25 06:18:25.000,2020-08-25 13:50:59.000
2556,CP32,149.0,1040.0,1,2020-03-25 04:51:16.000,2020-03-25 11:32:25.000
17036,CP15,115.0,2180.0,1,2021-12-23 14:51:24.000,2021-12-23 22:20:39.000
2525,CE17B,90.0,1820.0,1,2020-03-24 04:56:33.000,2020-03-24 13:24:10.000
19021,CP40,54.0,1340.0,1,2022-03-15 15:05:12.000,2022-03-15 19:15:58.789
25313,CP08,218.0,3920.0,1,2022-10-10 04:43:09.460,2022-10-10 16:03:32.724
9357,CP32,157.0,2080.0,1,2021-02-18 14:52:43.000,2021-02-18 21:26:37.000
2699,CP49,152.0,2100.0,1,2020-04-02 15:08:18.000,2020-04-02 22:10:52.000
15681,CP52,197.0,2240.0,1,2021-10-28 14:59:36.000,2021-10-28 21:26:02.000
27724,CE33,133.0,1720.0,1,2023-01-03 15:03:23.097,2023-01-03 21:42:34.122
17858,CP35,118.0,1740.0,1,2022-01-28 05:03:13.000,2022-01-28 11:15:02.000
10398,CP36,128.0,2080.0,1,2021-04-08 05:10:46.000,2021-04-08 12:45:06.000
39004,,122.0,2200.0,1,2023-12-08 13:05:06.502,2023-12-08 20:27:28.832
22700,CE04,111.0,1740.0,1,2022-07-18 14:49:32.000,2022-07-18 22:47:02.935
21877,CE18B,127.0,2060.0,1,2022-06-21 05:05:39.000,2022-06-21 12:25:25.867
1181,CP28,161.0,2300.0,1,2020-01-09 04:53:43.000,2020-01-09 13:07:11.000
23089,CP36,140.0,2180.0,1,2022-07-29 15:01:56.000,2022-07-30 00:28:29.599
6102,CP10B,87.0,2360.0,1,2020-09-14 04:48:57.000,2020-09-14 11:11:31.000
29785,CE33,140.0,1620.0,1,2023-03-16 15:02:04.174,2023-03-16 21:41:30.660
8864,CE51,117.0,2720.0,1,2021-01-27 14:33:56.000,2021-01-27 21:52:35.000
14706,CE18B,124.0,1860.0,1,2021-09-21 04:58:05.000,2021-09-21 12:21:01.000
2513,CP34,153.0,4460.0,1,2020-03-23 14:21:43.000,2020-03-23 21:59:41.000
10001,CP02,185.0,3080.0,1,2021-03-22 04:37:09.000,2021-03-22 13:30:27.000
22638,CP52,176.0,2040.0,1,2022-07-15 05:00:48.000,2022-07-15 12:18:34.393
4882,CE04,96.0,1260.0,1,2020-07-22 05:04:00.000,2020-07-22 15:00:00.000
9597,CE04,106.0,2120.0,1,2021-03-03 04:59:25.000,2021-03-03 12:00:28.000
3179,CE26,89.0,2460.0,1,2020-04-29 14:58:17.000,2020-04-29 21:28:42.000
29280,CE39,94.0,3860.0,1,2023-02-27 14:54:10.604,2023-02-27 23:06:26.473
29802,CP18B,128.0,2400.0,1,2023-03-16 14:57:38.967,2023-03-16 21:44:34.865
31450,CP18B,130.0,2580.0,1,2023-05-09 15:11:05.273,2023-05-09 22:41:59.795
33262,,109.0,7500.0,1,2023-07-03 14:52:45.396,2023-07-03 22:12:49.833
30569,CE04,106.0,1160.0,1,2023-04-12 04:45:20.254,2023-04-12 11:31:30.539
1538,CE51,122.0,2240.0,1,2020-01-29 14:57:00.000,2020-01-29 21:52:04.000
10762,CP36,193.0,2380.0,1,2021-04-23 14:29:41.000,2021-04-24 00:15:54.000
2019,CP15,114.0,1660.0,1,2020-02-24 15:09:58.000,2020-02-24 22:00:48.000
16987,CE30B,135.0,1560.0,2,2021-12-22 15:29:29.000,2021-12-22 21:53:55.000
6184,CP19,128.0,1540.0,1,2020-09-17 14:56:45.000,2020-09-17 22:59:02.000
1042,CE15,116.0,1560.0,1,2020-01-02 04:44:01.000,2020-01-02 12:11:55.000
5229,CE15,111.0,1520.0,1,2020-08-06 05:03:07.000,2020-08-06 12:19:18.000
2104,CP36,113.0,1520.0,1,2020-02-28 05:06:43.000,2020-02-28 10:57:32.000
2574,CP41B,104.0,2520.0,1,2020-03-26 05:03:03.000,2020-03-26 11:22:15.000
9804,CE30B,163.0,1780.0,1,2021-03-12 14:58:42.000,2021-03-12 22:43:21.000
26918,CE46,97.0,2200.0,1,2022-12-06 04:38:06.383,2022-12-06 11:42:44.442
18059,,147.0,8080.0,1,2022-02-04 14:54:25.000,2022-02-04 21:38:33.000
4202,CE51,117.0,1940.0,1,2020-06-18 14:47:42.000,2020-06-18 22:46:53.000
7639,CE20B,98.0,2200.0,1,2020-11-26 15:03:48.000,2020-11-26 21:58:28.000
10598,CP32,144.0,1800.0,1,2021-04-16 04:55:49.000,2021-04-16 11:16:41.000
24055,CE38B,143.0,1940.0,1,2022-08-30 04:47:28.000,2022-08-30 13:45:28.992
9045,CE16,142.0,2780.0,1,2021-02-04 14:54:33.000,2021-02-04 22:31:05.000
20483,CE09B,108.0,1500.0,1,2022-05-05 06:54:24.000,2022-05-05 13:43:45.710
7221,CP19,109.0,1420.0,1,2020-11-05 15:18:38.000,2020-11-05 23:56:17.000
6335,CP28,207.0,2120.0,1,2020-09-24 05:01:36.000,2020-09-24 13:46:50.000
17220,CE51,118.0,2700.0,1,2022-01-03 14:56:52.000,2022-01-03 22:59:57.000
19638,CE51,121.0,2240.0,1,2022-04-06 14:54:00.000,2022-04-06 22:37:03.102
23095,CP32,143.0,1660.0,1,2022-07-29 04:51:54.000,2022-07-29 12:09:05.911
3216,CP51,116.0,2360.0,1,2020-04-30 15:05:04.000,2020-04-30 21:56:01.000
1282,CE27,155.0,2080.0,1,2020-01-15 05:00:40.000,2020-01-18 05:02:09.000
2173,CE26,90.0,2040.0,1,2020-03-04 14:59:17.000,2020-03-04 22:00:07.000
8711,,111.0,4580.0,1,2021-01-19 14:33:24.000,2021-01-19 19:08:59.000
24074,CP40,50.0,1540.0,1,2022-08-30 05:11:49.000,2022-08-30 09:16:28.503
1281,CE15,116.0,1340.0,1,2020-01-15 05:15:44.000,2020-01-15 11:53:43.000
35890,CE20B,98.0,2920.0,1,2023-09-12 04:55:37.038,2023-09-12 12:13:14.595
8101,CE30B,225.0,2220.0,1,2020-12-19 12:43:10.000,2020-12-20 00:10:24.000
23876,CE39,109.0,2940.0,1,2022-08-24 15:06:56.000,2022-08-24 23:09:38.925
8102,CE44,123.0,1700.0,44,2020-12-19 04:45:45.000,2020-12-19 13:09:36.000
29710,,184.0,2400.0,54,2023-03-13 14:56:33.826,2023-03-13 22:29:30.388
11577,,185.0,2040.0,34,2021-05-26 15:07:23.000,2021-05-26 22:50:30.000
24462,,202.0,3200.0,64,2022-09-10 05:05:33.905,2022-09-10 13:48:56.530
8839,CE06,188.0,1540.0,36,2021-01-26 04:30:50.000,2021-01-26 11:33:45.000
19964,,229.0,3240.0,61,2022-04-16 04:55:49.000,2022-04-16 17:07:23.065
16253,,253.0,2820.0,62,2021-11-19 15:10:27.000,2021-11-20 01:19:17.000
6617,CE09B,103.0,2740.0,2,2020-10-08 04:26:08.000,2020-10-08 11:20:29.000
23355,CE09B,114.0,2400.0,1,2022-08-08 05:02:57.000,2022-08-08 13:36:06.877
14747,CE04,105.0,1860.0,1,2021-09-22 04:54:22.000,2021-09-22 12:10:55.000
9111,CE26,88.0,2980.0,1,2021-02-08 14:24:22.000,2021-02-08 23:34:49.000
4198,CE13,118.0,2320.0,54,2020-06-18 14:27:41.000,2020-06-18 21:47:12.000
7729,CE13,123.0,1980.0,60,2020-12-01 04:36:15.000,2020-12-01 12:30:37.000
17714,,180.0,2120.0,44,2022-01-21 15:02:01.000,2022-01-21 23:19:40.000
37584,,179.0,3080.0,24,2023-10-30 16:09:08.535,2023-10-31 01:30:02.592
20875,,190.0,2380.0,40,2022-05-17 14:15:17.000,2022-05-18 00:59:35.441
33283,CP18B,128.0,2160.0,1,2023-07-04 04:38:03.251,2023-07-04 12:55:26.280
5758,CP06,189.0,2280.0,41,2020-08-28 14:55:09.000,2020-08-28 23:16:41.000
38617,,187.0,3120.0,20,2023-11-28 14:58:37.997,2023-11-28 23:10:54.601
38382,,180.0,2220.0,40,2023-11-21 16:12:51.941,2023-11-22 00:29:07.609
15929,Óbidos CE02,125.0,1720.0,1,2021-11-08 14:27:31.000,2021-11-08 22:04:39.000
24713,,205.0,2960.0,64,2022-09-17 14:05:55.639,2022-09-17 22:54:54.284
14458,,188.0,2300.0,37,2021-09-09 15:15:49.000,2021-09-10 00:22:41.000
23369,CP35,141.0,2720.0,4,2022-08-08 04:54:56.000,2022-08-08 13:41:23.437
21241,,211.0,2740.0,45,2022-05-30 14:09:55.000,2022-05-31 00:56:25.596
39374,,185.0,3220.0,30,2023-12-19 15:09:51.852,2023-12-19 23:00:57.917
25281,,201.0,2800.0,57,2022-10-07 15:33:16.908,2022-10-07 23:28:52.063
8081,CE26,87.0,2180.0,1,2020-12-18 14:25:41.000,2020-12-18 21:24:12.000
16432,CP39,96.0,3600.0,1,2021-11-29 14:14:01.000,2021-11-30 00:23:27.000
28405,CP26,88.0,3680.0,1,2023-01-25 14:58:36.658,2023-01-25 22:38:21.422
40045,CP39,65.0,1140.0,1,2024-01-08 16:01:29.411,2024-01-08 20:04:25.286
31929,,157.0,2880.0,51,2023-05-23 14:59:02.459,2023-05-23 22:08:42.035
22556,,226.0,3500.0,56,2022-07-12 14:55:58.000,2022-07-13 01:42:11.619
34582,,149.0,2300.0,11,2023-08-08 15:40:20.020,2023-08-09 00:07:14.308
39741,,182.0,2540.0,46,2023-12-29 15:07:52.978,2023-12-29 23:17:17.639
41319,,162.0,7060.0,12,2024-02-12 15:24:50.896,2024-02-12 21:30:00.209
39116,,184.0,3080.0,25,2023-12-12 14:48:38.678,2023-12-13 00:14:34.489
8149,CE13,128.0,2080.0,53,2020-12-22 15:01:41.000,2020-12-22 21:49:52.000
15740,,192.0,2500.0,49,2021-10-29 15:02:58.000,2021-10-30 00:00:21.000
20435,,228.0,2020.0,30,2022-05-03 14:39:26.000,2022-05-04 00:17:44.491
7952,CP06,191.0,1520.0,19,2020-12-11 04:44:25.000,2020-12-11 11:25:52.000
27897,,193.0,2200.0,48,2023-01-06 15:00:09.649,2023-01-06 23:00:38.279
10341,,171.0,10500.0,21,2021-04-06 06:07:28.000,2021-04-06 12:52:41.000
13635,,203.0,9760.0,21,2021-08-12 15:37:28.000,2021-08-12 23:54:31.000
16744,,154.0,10560.0,20,2021-12-10 15:13:40.000,2021-12-10 21:53:56.000
23829,,247.0,2640.0,47,2022-08-22 14:15:35.000,2022-08-23 00:17:18.322
32561,,182.0,3500.0,38,2023-06-12 15:11:24.579,2023-06-13 00:32:35.786
40891,,139.0,8320.0,11,2024-01-31 15:35:25.281,2024-01-31 22:43:54.563
26880,,193.0,2700.0,45,2022-12-02 14:46:55.898,2022-12-02 23:41:21.517
10246,CE46,111.0,1500.0,1,2021-04-02 04:34:22.000,2021-04-02 11:20:27.000
10092,CE51,117.0,2740.0,1,2021-03-26 14:20:19.000,2021-03-26 22:24:24.000
6500,CP07,80.0,2600.0,2,2020-10-02 04:48:49.000,2020-10-02 10:27:44.000
10775,,180.0,1640.0,30,2021-04-23 16:18:36.000,2021-04-24 01:07:53.000
10034,,166.0,11100.0,13,2021-03-23 14:57:00.000,2021-03-23 21:36:25.000
23058,,135.0,9000.0,22,2022-07-27 20:00:15.000,2022-07-28 01:05:27.251
14259,CP32,147.0,1340.0,1,2021-09-03 04:44:43.000,2021-09-03 11:32:41.000
42066,,162.0,2420.0,29,2024-03-04 14:53:08.254,2024-03-04 23:13:33.163
6666,CP44,126.0,1780.0,26,2020-10-10 04:58:06.000,2020-10-10 14:33:21.000
33082,,160.0,1960.0,9,2023-06-27 15:06:44.069,2023-06-27 23:52:18.255
36828,,150.0,2340.0,24,2023-10-09 15:01:53.876,2023-10-09 22:28:56.747
20020,,266.0,2480.0,48,2022-04-18 15:16:13.000,2022-04-19 02:10:03.398
18617,,202.0,1740.0,37,2022-02-28 14:56:02.000,2022-02-28 23:59:00.000
22886,CP52,188.0,2300.0,1,2022-07-23 05:08:19.000,2022-07-23 13:03:04.348
26950,CE11,143.0,1960.0,7,2022-12-07 14:52:28.084,2022-12-07 21:51:59.071
32682,CE11,153.0,1700.0,8,2023-06-15 14:34:47.838,2023-06-15 23:37:17.134
16153,CE30B,150.0,1400.0,1,2021-11-17 15:24:29.000,2021-11-17 22:26:21.000
24631,CE30B,135.0,2160.0,3,2022-09-16 14:57:47.401,2022-09-16 22:19:37.590
31678,CE11,141.0,2520.0,7,2023-05-16 15:07:51.547,2023-05-16 23:25:45.304
36773,,139.0,1760.0,29,2023-10-06 15:16:01.836,2023-10-06 23:21:01.240
40039,,165.0,2880.0,22,2024-01-08 15:00:00.479,2024-01-08 22:51:41.518
34448,,161.0,1920.0,19,2023-08-04 15:00:37.171,2023-08-04 22:00:51.600
1936,CP39,87.0,4100.0,1,2020-02-19 14:50:41.000,2020-02-19 23:14:32.000
26927,CE40,50.0,1100.0,2,2022-12-06 08:32:45.741,2022-12-06 11:47:29.676
13807,,199.0,1960.0,52,2021-08-18 14:56:59.000,2021-08-18 22:18:27.000
4236,CP09B,99.0,1980.0,1,2020-06-19 04:59:43.000,2020-06-19 13:01:04.000
5042,CP07,80.0,2960.0,2,2020-07-29 14:45:57.000,2020-07-29 20:58:27.000
28467,CP11,156.0,1160.0,2,2023-01-27 15:01:59.401,2023-01-27 22:42:13.313
40447,,163.0,3280.0,20,2024-01-19 15:07:27.568,2024-01-19 21:32:46.444
9200,CE01,221.0,1820.0,1,2021-02-11 14:56:16.000,2021-02-11 23:17:15.000
25535,CE16,128.0,1820.0,2,2022-10-18 15:11:08.399,2022-10-18 23:33:20.027
37449,CP12,127.0,2180.0,1,2023-10-26 04:59:59.672,2023-10-26 13:06:21.081
23712,CE21B,92.0,2440.0,1,2022-08-18 05:05:39.000,2022-08-18 12:00:16.856
32772,CP07,84.0,3420.0,4,2023-06-19 14:59:09.576,2023-06-19 21:51:18.139
36345,,168.0,2260.0,3,2023-09-25 14:43:10.374,2023-09-25 21:13:02.156
25588,,241.0,2860.0,60,2022-10-18 14:36:12.124,2022-10-19 02:58:34.224
18834,CE30B,134.0,1460.0,3,2022-03-09 15:03:57.000,2022-03-09 21:35:36.712
1563,CE37B,93.0,1880.0,2,2020-01-30 14:20:16.000,2020-01-30 22:48:31.000
12673,CE24,171.0,1680.0,1,2021-07-10 04:37:20.000,2021-07-10 13:07:25.000
1060,CE19,135.0,1880.0,2,2020-01-03 14:54:49.000,2020-01-03 23:09:30.000
19526,CE08,190.0,1960.0,1,2022-04-01 05:04:09.000,2022-04-01 12:37:39.362
20765,,230.0,2900.0,51,2022-05-13 15:02:43.000,2022-05-14 00:22:11.336
8287,CP40,54.0,1500.0,2,2020-12-29 14:55:33.000,2020-12-29 21:03:48.000
21683,CP35,118.0,2780.0,2,2022-06-14 04:59:41.000,2022-06-14 11:23:33.696
4627,,199.0,10620.0,21,2020-07-08 15:17:12.000,2020-07-08 23:58:51.000
12888,,150.0,1120.0,18,2021-07-17 13:50:06.000,2021-07-17 19:26:13.000
22617,,227.0,2400.0,28,2022-07-14 15:10:44.000,2022-07-15 00:27:08.159
22294,CE20B,93.0,2760.0,1,2022-07-05 14:42:05.000,2022-07-05 21:49:54.203
1461,CP07,78.0,2300.0,3,2020-01-24 14:55:19.000,2020-01-24 22:05:07.000
27865,CP07,83.0,2500.0,2,2023-01-06 14:56:53.329,2023-01-06 20:41:27.561
34085,CP07,86.0,3360.0,4,2023-07-26 14:23:37.447,2023-07-26 23:23:58.752
1215,,149.0,10100.0,26,2020-01-11 05:53:15.000,2020-01-11 13:36:54.000
24040,CP07,85.0,3060.0,4,2022-08-29 15:04:33.000,2022-08-29 21:47:02.442
20706,CP15,108.0,1880.0,1,2022-05-12 14:57:36.000,2022-05-12 21:59:28.160
15403,CE11,149.0,1860.0,5,2021-10-18 15:02:51.000,2021-10-18 22:36:21.000
41105,,164.0,1720.0,5,2024-02-06 15:04:44.454,2024-02-06 22:06:07.901
11890,CE04,100.0,1540.0,1,2021-06-09 04:53:22.000,2021-06-09 10:56:07.000
14894,,211.0,2880.0,44,2021-09-27 16:40:12.000,2021-09-28 01:38:46.000
36080,CP18B,129.0,1840.0,1,2023-09-18 14:38:31.160,2023-09-18 21:36:32.285
15108,,220.0,4120.0,57,2021-10-05 13:48:18.000,2021-10-06 01:24:07.000
10683,,176.0,3360.0,44,2021-04-19 14:08:02.000,2021-04-19 23:40:05.000
13451,CE39,103.0,2000.0,1,2021-08-06 14:57:56.000,2021-08-06 23:06:59.000
15359,CP26,85.0,3700.0,1,2021-10-15 14:57:24.000,2021-10-15 22:31:04.000
34086,CP12,127.0,2420.0,1,2023-07-26 05:08:18.336,2023-07-26 12:41:03.107
3558,CP44,124.0,2760.0,38,2020-05-18 05:08:22.000,2020-05-18 11:49:27.000
1156,CP39,107.0,3500.0,1,2020-01-08 15:00:34.000,2020-01-09 00:58:00.000
13540,CE40,46.0,1120.0,1,2021-08-10 14:46:28.000,2021-08-10 18:23:12.000
3265,CE12,124.0,1720.0,1,2020-05-04 04:52:08.000,2020-05-04 12:06:20.000
19259,CP07,85.0,3480.0,2,2022-03-23 14:18:35.000,2022-03-23 23:24:50.327
9721,CE34,147.0,2100.0,1,2021-03-09 14:58:20.000,2021-03-09 21:52:18.000
13382,CE34,141.0,2360.0,1,2021-08-04 14:37:25.000,2021-08-04 20:52:15.000
19678,CE34,149.0,2060.0,1,2022-04-07 15:36:46.000,2022-04-07 22:45:17.691
35799,,208.0,2100.0,22,2023-09-08 15:06:39.692,2023-09-08 23:19:18.528
34147,,133.0,8140.0,24,2023-07-27 15:16:58.400,2023-07-27 22:36:40.581
24695,CE46,96.0,1500.0,1,2022-09-19 05:02:53.020,2022-09-19 11:48:04.890
26627,,141.0,9980.0,4,2022-11-24 05:42:24.788,2022-11-24 13:05:20.730
3157,CE20B,93.0,3360.0,2,2020-04-28 15:00:29.000,2020-04-28 21:46:00.000
27741,CP40,42.0,1480.0,1,2023-01-03 18:00:09.923,2023-01-03 21:23:47.157
13349,CE15,118.0,1260.0,1,2021-08-03 05:09:22.000,2021-08-03 13:40:52.000
20179,CP07,82.0,2960.0,4,2022-04-25 05:12:22.000,2022-04-25 13:06:46.282
30075,CP07,86.0,2480.0,4,2023-03-27 14:58:54.668,2023-03-27 23:09:51.089
5243,,159.0,10540.0,10,2020-08-06 05:55:58.000,2020-08-06 12:50:53.000
25414,CP32,162.0,1980.0,1,2022-10-13 05:07:45.632,2022-10-13 13:17:40.523
5651,CP41B,100.0,4180.0,1,2020-08-24 05:17:57.000,2020-08-24 12:29:25.000
11272,,176.0,2360.0,30,2021-05-13 14:50:21.000,2021-05-13 22:37:50.000
24603,CP15,113.0,2000.0,1,2022-09-15 05:05:06.493,2022-09-15 11:06:28.226
39320,,150.0,3500.0,20,2023-12-18 14:55:20.455,2023-12-18 21:58:22.688
7466,CE05,120.0,1520.0,1,2020-11-18 14:46:10.000,2020-11-18 22:18:06.000
3239,CP02,173.0,1860.0,2,2020-05-01 13:48:40.000,2020-05-01 21:04:28.000
3595,CE50,137.0,1860.0,1,2020-05-20 14:35:19.000,2020-05-20 21:26:50.000
27614,CE19,107.0,1400.0,2,2022-12-29 14:59:04.564,2022-12-29 21:36:43.497
5636,CE35,135.0,3180.0,1,2020-08-24 04:58:44.000,2020-08-24 14:02:08.000
7953,CP09B,102.0,2180.0,1,2020-12-11 04:44:01.000,2020-12-11 11:48:37.000
12381,CE41B,126.0,2560.0,2,2021-06-29 04:36:06.000,2021-06-29 12:51:55.000
36731,CP39,112.0,3680.0,1,2023-10-06 15:02:49.896,2023-10-06 23:00:33.862
26995,CE19,104.0,1540.0,1,2022-12-08 14:49:21.886,2022-12-08 21:20:29.834
7000,CE41B,113.0,3100.0,1,2020-10-27 04:42:38.000,2020-10-27 13:58:39.000
24368,CE50,137.0,2160.0,1,2022-09-08 14:48:04.488,2022-09-08 21:26:59.853
11239,CE24,180.0,1980.0,1,2021-05-13 05:09:13.000,2021-05-13 13:22:21.000
1759,CP06,178.0,1300.0,28,2020-02-10 05:03:28.000,2020-02-10 12:24:27.000
40034,,160.0,2840.0,9,2024-01-08 15:09:10.078,2024-01-08 23:04:58.598
23774,CP11,151.0,2140.0,4,2022-08-20 04:46:30.000,2022-08-20 13:08:01.528
35736,,178.0,8700.0,2,2023-09-07 05:59:35.999,2023-09-07 13:17:07.902
14771,,219.0,1400.0,26,2021-09-22 15:08:39.000,2021-09-22 22:59:27.000
27167,CP07,105.0,4020.0,3,2022-12-14 15:07:51.540,2022-12-15 00:47:19.426
37294,CP07,84.0,3740.0,4,2023-10-23 15:04:48.597,2023-10-23 23:35:39.143
3395,,170.0,9900.0,21,2020-05-08 14:40:50.000,2020-05-08 22:33:34.000
11099,CP36,118.0,2460.0,1,2021-05-07 14:30:20.000,2021-05-07 22:55:09.000
2156,CP15,113.0,1860.0,1,2020-03-03 15:02:56.000,2020-03-03 21:16:27.000
4808,CE37B,56.0,2080.0,2,2020-07-18 14:06:44.000,2020-07-18 16:01:15.000
12172,CE11,152.0,1920.0,4,2021-06-21 14:57:15.000,2021-06-21 22:56:17.000
4658,CE05,126.0,2080.0,1,2020-07-11 08:00:17.000,2020-07-11 14:04:41.000
19772,CE09B,110.0,2620.0,1,2022-04-11 04:40:14.000,2022-04-11 13:15:56.896
4998,CE04,92.0,1820.0,1,2020-07-28 04:50:45.000,2020-07-28 11:47:08.000
13373,CE26,88.0,2040.0,3,2021-08-04 14:50:25.000,2021-08-05 00:52:23.000
8745,CE01,231.0,2720.0,1,2021-01-21 14:56:54.000,2021-01-22 01:30:16.000
11432,CE26,87.0,2680.0,3,2021-05-21 15:14:32.000,2021-05-21 22:43:49.000
29408,CP12,118.0,2000.0,1,2023-03-02 04:56:03.528,2023-03-02 12:03:16.150
2835,CE46,92.0,2340.0,1,2020-04-10 04:56:52.000,2020-04-10 11:36:03.000
8767,CE19,104.0,1640.0,1,2021-01-22 14:33:10.000,2021-01-22 22:13:55.000
10294,CE07,85.0,2500.0,1,2021-04-05 04:26:35.000,2021-04-05 13:12:11.000
6175,CE37B,91.0,1900.0,1,2020-09-17 15:25:13.000,2020-09-17 21:51:15.000
22013,CE24,184.0,2060.0,1,2022-06-25 05:03:53.000,2022-06-25 13:36:26.377
27313,CE34,146.0,2420.0,1,2022-12-20 14:58:10.914,2022-12-20 21:32:23.392
14753,CP28,198.0,1940.0,1,2021-09-22 04:28:27.000,2021-09-22 12:43:16.000
24111,CP35,125.0,2500.0,4,2022-08-31 05:04:24.000,2022-08-31 14:03:59.316
37546,CP35,120.0,3180.0,2,2023-10-30 05:48:41.749,2023-10-30 12:34:21.926
8912,,151.0,5100.0,8,2021-01-27 17:12:48.000,2021-01-27 22:58:59.000
28219,,174.0,10140.0,10,2023-01-18 06:04:58.901,2023-01-18 13:46:42.545
12337,CE46,92.0,2240.0,1,2021-06-28 05:01:27.000,2021-06-28 12:20:33.000
16386,CE51,117.0,2120.0,1,2021-11-26 04:32:15.000,2021-11-26 12:50:39.000
7070,CP35,123.0,1900.0,1,2020-10-29 04:41:47.000,2020-10-29 13:00:46.000
24623,CE37B,106.0,1540.0,1,2022-09-16 14:58:44.667,2022-09-16 22:25:43.129
1803,CE30B,156.0,1520.0,1,2020-02-12 14:21:17.000,2020-02-12 21:38:27.000
14742,CE11,150.0,1520.0,4,2021-09-22 04:58:58.000,2021-09-22 11:57:01.000
16592,CE39,119.0,3700.0,2,2021-12-06 15:02:16.000,2021-12-07 04:16:26.000
14346,CE40,52.0,1080.0,1,2021-09-07 15:00:25.000,2021-09-07 18:31:50.000
16778,CE40,50.0,1300.0,2,2021-12-14 18:38:23.000,2021-12-14 22:41:29.000
32395,CP35,123.0,2240.0,3,2023-06-07 04:41:43.546,2023-06-07 11:54:22.904
22331,CP25B,120.0,1900.0,1,2022-07-06 04:50:59.000,2022-07-06 12:52:42.873
17853,CE41B,123.0,1600.0,2,2022-01-28 04:58:11.000,2022-01-28 11:30:05.000
15397,CE26,89.0,2280.0,2,2021-10-18 04:55:25.000,2021-10-18 13:11:06.000
17332,CE39,107.0,2720.0,2,2022-01-07 15:07:38.000,2022-01-07 22:46:49.000
30093,CE40,55.0,1340.0,2,2023-03-28 14:56:25.638,2023-03-28 19:14:42.463
11721,CP08,184.0,1860.0,1,2021-06-02 04:12:11.000,2021-06-02 12:03:13.000
27146,CE11,145.0,1440.0,3,2022-12-14 15:16:56.808,2022-12-14 22:02:40.103
1656,CE29,130.0,1720.0,1,2020-02-04 04:47:58.000,2020-02-04 19:38:20.000
11206,CE38B,141.0,1500.0,1,2021-05-12 14:37:07.000,2021-05-12 22:31:08.000
29641,CE38B,139.0,1440.0,1,2023-03-10 14:36:03.824,2023-03-10 21:35:43.088
1900,CE17B,95.0,1280.0,1,2020-02-18 05:05:58.000,2020-02-18 11:16:48.000
14705,CE17B,98.0,2380.0,1,2021-09-21 04:30:35.000,2021-09-21 13:01:37.000
15201,CE11,151.0,1700.0,6,2021-10-09 04:53:44.000,2021-10-09 11:44:20.000
28671,CE11,138.0,1320.0,7,2023-02-03 05:09:31.731,2023-02-03 13:38:10.648
2505,CE30B,157.0,2500.0,1,2020-03-23 14:37:30.000,2020-03-23 21:32:39.000
29474,CE11,153.0,1780.0,5,2023-03-06 14:50:28.759,2023-03-06 23:11:50.984
26760,CE39,91.0,2400.0,1,2022-11-30 14:43:33.013,2022-11-30 22:21:18.403
14634,CE41B,114.0,2140.0,2,2021-09-17 04:46:48.000,2021-09-17 12:32:36.000
22303,CE41B,122.0,2360.0,2,2022-07-05 05:06:59.000,2022-07-05 13:38:18.846
21951,CE01,216.0,1800.0,1,2022-06-23 14:55:03.000,2022-06-23 22:45:24.371
34025,CP05,153.0,3140.0,1,2023-07-25 14:14:40.103,2023-07-26 00:21:08.659
24045,CP26,91.0,3620.0,1,2022-08-29 15:01:59.000,2022-08-30 01:30:47.884
24037,CP12,123.0,2060.0,1,2022-08-29 04:55:55.000,2022-08-29 13:51:30.613
11982,CE33,140.0,1280.0,1,2021-06-12 04:50:06.000,2021-06-12 12:27:00.000
9275,CP07,81.0,3880.0,3,2021-02-15 15:00:15.000,2021-02-15 22:16:13.000
11495,CP07,74.0,2460.0,3,2021-05-24 05:00:30.000,2021-05-24 12:54:59.000
19488,CE09B,121.0,2160.0,1,2022-03-31 05:07:40.000,2022-03-31 12:10:23.999
26595,CE09B,103.0,1880.0,1,2022-11-24 04:53:35.984,2022-11-24 13:16:41.771
4108,CE26,85.0,3400.0,1,2020-06-15 14:21:51.000,2020-06-15 22:49:05.000
31853,CE39,85.0,3640.0,1,2023-05-22 14:08:04.158,2023-05-22 22:45:16.425
5455,CP30B,162.0,2040.0,1,2020-08-15 05:04:00.000,2020-08-15 11:55:55.000
39421,,148.0,2480.0,1,2023-12-20 14:36:11.930,2023-12-20 21:21:14.172
30898,Óbidos CE01,124.0,1180.0,1,2023-04-21 05:05:27.768,2023-04-21 11:14:51.438
5294,CP32,210.0,1840.0,1,2020-08-10 05:06:04.000,2020-08-10 14:07:08.000
20286,CP32,138.0,2080.0,1,2022-04-28 04:30:22.000,2022-04-28 12:14:49.957
10366,CP15,120.0,1820.0,1,2021-04-07 04:33:38.000,2021-04-07 11:26:25.000
21759,CP15,102.0,1420.0,1,2022-06-16 14:20:32.000,2022-06-16 20:57:37.199
1877,CE09B,106.0,2360.0,2,2020-02-17 04:32:08.000,2020-02-17 12:45:27.000
21326,CE09B,103.0,1420.0,1,2022-06-02 05:01:15.000,2022-06-02 12:14:17.892
5005,CP35,140.0,3220.0,3,2020-07-28 05:01:52.000,2020-07-28 14:28:37.000
24663,CE39,99.0,2940.0,2,2022-09-17 04:49:25.788,2022-09-17 12:21:08.928
29105,Óbidos CE01,155.0,2220.0,1,2023-02-20 14:14:53.645,2023-02-21 00:36:02.182
11527,CE16,123.0,2000.0,2,2021-05-25 14:54:55.000,2021-05-25 21:32:20.000
13987,CP26,87.0,3420.0,1,2021-08-25 14:45:55.000,2021-08-25 22:50:05.000
30191,CP29,165.0,2560.0,1,2023-03-30 05:05:01.394,2023-03-30 15:14:09.393
15990,CE26,89.0,2340.0,2,2021-11-10 15:02:05.000,2021-11-10 22:53:27.000
28946,CE01,197.0,660.0,1,2023-02-14 16:17:58.503,2023-02-14 21:34:49.380
29200,CE16,129.0,1900.0,1,2023-02-23 04:46:06.631,2023-02-23 12:11:57.672
13921,CP39,111.0,3540.0,1,2021-08-23 15:14:11.000,2021-08-24 00:10:10.000
11653,CE09B,136.0,2320.0,2,2021-05-31 04:59:22.000,2021-05-31 15:25:55.000
11919,CE12,122.0,2580.0,1,2021-06-10 05:09:52.000,2021-06-10 13:21:28.000
12614,CE12,131.0,2220.0,1,2021-07-08 04:56:11.000,2021-07-08 12:43:17.000
33679,CP35,133.0,2220.0,3,2023-07-14 04:50:58.181,2023-07-14 11:43:12.286
3578,CP09B,100.0,2800.0,1,2020-05-19 04:50:57.000,2020-05-19 10:38:34.000
29425,CE16,124.0,1560.0,1,2023-03-03 04:45:28.506,2023-03-03 12:37:06.895
11449,CP39,109.0,4360.0,1,2021-05-21 15:10:19.000,2021-05-22 00:51:53.000
31810,CP39,110.0,3160.0,1,2023-05-19 15:05:23.847,2023-05-19 23:38:02.874
16516,CE10B,77.0,1900.0,1,2021-12-02 05:07:23.000,2021-12-02 11:19:43.000
3102,CE35,122.0,2780.0,2,2020-04-24 04:56:49.000,2020-04-24 11:35:16.000
13701,CE12,121.0,2980.0,1,2021-08-16 04:45:06.000,2021-08-16 13:19:20.000
8567,CE39,109.0,2540.0,1,2021-01-13 13:58:35.000,2021-01-14 00:50:14.000
5676,CP09B,114.0,3160.0,1,2020-08-25 04:59:43.000,2020-08-25 12:49:51.000
17194,CE26,90.0,2180.0,2,2021-12-31 04:46:43.000,2021-12-31 10:54:51.000
13657,CP39,88.0,3960.0,1,2021-08-13 15:07:39.000,2021-08-13 22:59:33.000
11167,CP23,177.0,2020.0,1,2021-05-10 05:25:50.000,2021-05-10 12:22:50.000
32815,CP18B,95.0,1180.0,1,2023-06-20 04:51:43.954,2023-06-20 09:18:34.412
3804,CP07,78.0,1920.0,2,2020-05-29 14:36:41.000,2020-05-29 21:01:02.000
13582,CE39,99.0,2700.0,1,2021-08-11 15:07:28.000,2021-08-11 22:21:14.000
14681,CE26,108.0,3380.0,2,2021-09-20 14:53:43.000,2021-09-21 00:27:01.000
25770,CE26,132.0,2140.0,1,2022-10-26 14:59:30.886,2022-10-26 22:46:29.543
7392,CP09B,109.0,1960.0,1,2020-11-13 05:01:57.000,2020-11-13 13:22:29.000
17006,CP25B,118.0,1820.0,1,2021-12-22 04:43:44.000,2021-12-22 18:34:40.000
18139,CP07,85.0,2980.0,2,2022-02-09 14:58:15.000,2022-02-10 01:19:37.000
12838,CE41B,108.0,1900.0,2,2021-07-16 05:03:33.000,2021-07-16 14:57:55.000
21638,CE26,87.0,2700.0,2,2022-06-13 15:16:26.000,2022-06-13 22:54:00.373
16014,CE10B,77.0,2100.0,1,2021-11-11 14:40:57.000,2021-11-11 21:08:34.000
4344,CE09B,106.0,1420.0,2,2020-06-25 04:55:24.000,2020-06-25 13:11:11.000
4403,CE26,95.0,3300.0,1,2020-06-29 15:11:56.000,2020-06-30 00:31:50.000
16384,CE39,114.0,2280.0,2,2021-11-26 15:04:11.000,2021-11-26 23:48:09.000
21916,CE26,92.0,1840.0,1,2022-06-22 15:00:34.000,2022-06-22 22:35:48.828
17402,CP39,107.0,4660.0,1,2022-01-10 14:55:05.000,2022-01-10 23:26:50.000
20045,CP26,90.0,3360.0,1,2022-04-20 15:04:00.000,2022-04-21 01:35:36.463
27516,CP39,60.0,840.0,1,2022-12-26 15:13:36.598,2022-12-26 17:40:08.468
25275,CP39,109.0,4240.0,1,2022-10-08 05:00:08.460,2022-10-08 13:19:03.792
18002,CE10B,76.0,2400.0,1,2022-02-03 14:53:59.000,2022-02-03 22:04:09.000
3354,CP28,169.0,2660.0,2,2020-05-07 04:33:37.000,2020-05-07 10:21:26.000
15639,CE11,146.0,1540.0,5,2021-10-27 15:00:27.000,2021-10-27 21:12:17.000
8508,CE09B,106.0,2300.0,2,2021-01-11 04:54:17.000,2021-01-11 13:09:25.000
18506,CP11,153.0,880.0,2,2022-02-24 14:36:18.000,2022-02-24 21:46:39.569
1920,CE21B,82.0,1880.0,1,2020-02-19 14:57:28.000,2020-02-19 21:11:20.000
31212,CP40,48.0,1120.0,1,2023-05-02 18:45:36.339,2023-05-02 22:54:01.995
3072,CE15,111.0,1280.0,1,2020-04-23 04:59:18.000,2020-04-23 11:01:26.000
14379,CP07,89.0,3000.0,4,2021-09-08 15:13:01.000,2021-09-08 23:40:39.000
28186,CE18B,133.0,2240.0,1,2023-01-18 15:04:34.153,2023-01-18 21:24:58.261
2210,,235.0,8160.0,2,2020-03-05 06:05:13.000,2020-03-05 14:32:13.000
26688,CE11,151.0,2020.0,3,2022-11-28 14:55:13.420,2022-11-28 21:22:32.253
2906,CE24,181.0,2020.0,1,2020-04-14 15:11:56.000,2020-04-14 21:56:36.000
4738,CP50,146.0,1760.0,1,2020-07-15 04:54:16.000,2020-07-15 13:31:01.000
9024,CP36,119.0,3020.0,1,2021-02-03 14:40:27.000,2021-02-03 21:32:27.000
2016,CP41B,99.0,3280.0,1,2020-02-24 04:33:56.000,2020-02-24 12:21:55.000
1982,CP07,83.0,2960.0,2,2020-02-21 14:59:19.000,2020-02-21 22:26:40.000
6719,CP01,239.0,2420.0,1,2020-10-13 15:00:38.000,2020-10-13 23:37:48.000
12645,CE17B,102.0,1520.0,1,2021-07-09 04:51:41.000,2021-07-09 12:17:44.000
8521,CE07,81.0,1920.0,1,2021-01-11 04:53:57.000,2021-01-11 12:35:38.000
9801,CE07,81.0,1780.0,1,2021-03-12 15:06:14.000,2021-03-12 22:41:09.000
2523,CE41B,97.0,2320.0,1,2020-03-24 05:06:31.000,2020-03-24 11:39:35.000
27525,CE34,144.0,2220.0,1,2022-12-27 14:47:54.158,2022-12-27 20:58:12.606
2945,CP28,167.0,2940.0,2,2020-04-16 04:55:37.000,2020-04-16 13:18:41.000
30655,CE46,91.0,1320.0,1,2023-04-14 04:42:17.416,2023-04-14 11:58:22.764
7212,CE51,123.0,2520.0,1,2020-11-05 14:31:29.000,2020-11-05 22:53:44.000
5990,CP40,43.0,1160.0,3,2020-09-08 18:38:16.000,2020-09-08 22:46:16.000
15957,CE15,115.0,1400.0,1,2021-11-09 04:55:05.000,2021-11-09 11:48:09.000
1245,CP35,128.0,3580.0,1,2020-01-13 05:00:34.000,2020-01-13 13:09:46.000
9252,,29.0,460.0,1,2021-02-12 20:10:28.000,2021-02-12 21:30:16.000
15381,CP11,147.0,1520.0,1,2021-10-16 05:02:38.000,2021-10-16 12:41:44.000
36184,CP35,123.0,2600.0,2,2023-09-20 04:58:13.849,2023-09-20 12:27:47.280
12612,CE33,140.0,1520.0,1,2021-07-08 15:02:02.000,2021-07-08 21:31:38.000
7985,CE20B,95.0,2260.0,2,2020-12-14 14:14:33.000,2020-12-14 21:29:08.000
15433,CE15,113.0,1820.0,1,2021-10-19 04:58:16.000,2021-10-19 12:46:05.000
35333,CE20B,145.0,2880.0,1,2023-08-29 04:59:45.191,2023-08-29 13:45:38.328
9102,,160.0,9660.0,1,2021-02-05 14:47:29.000,2021-02-05 23:10:07.000
14296,,154.0,9920.0,1,2021-09-04 06:46:59.000,2021-09-04 15:09:15.000
15321,CE37B,104.0,2380.0,2,2021-10-14 15:03:23.000,2021-10-14 23:06:15.000
27590,CP07,113.0,4380.0,4,2022-12-28 14:57:41.498,2022-12-29 01:45:30.529
4071,CE19,102.0,1860.0,1,2020-06-12 14:58:22.000,2020-06-12 21:22:12.000
14678,CE07,83.0,2500.0,1,2021-09-20 14:39:47.000,2021-09-20 22:06:21.000
2889,CE41B,104.0,2220.0,1,2020-04-14 04:54:42.000,2020-04-14 11:41:02.000
5164,CE41B,107.0,3040.0,1,2020-08-04 04:46:26.000,2020-08-04 12:42:09.000
5850,CP32,152.0,1640.0,2,2020-09-02 04:32:01.000,2020-09-02 12:31:56.000
38769,,112.0,1380.0,1,2023-12-01 13:27:05.382,2023-12-01 20:11:49.189
9074,CE30B,148.0,1600.0,1,2021-02-05 15:02:06.000,2021-02-05 22:04:47.000
5590,CE41B,110.0,1640.0,1,2020-08-21 04:46:16.000,2020-08-21 11:53:32.000
33844,,74.0,9020.0,1,2023-07-19 05:44:10.099,2023-07-19 12:34:33.394
4992,CP32,152.0,1620.0,1,2020-07-27 04:57:33.000,2020-07-27 12:15:04.000
9640,CP14,147.0,2380.0,1,2021-03-04 05:07:47.000,2021-03-04 12:11:33.000
13716,CP01,211.0,1540.0,1,2021-08-16 14:47:34.000,2021-08-16 21:18:34.000
29230,CE38B,135.0,1880.0,1,2023-02-24 04:49:42.768,2023-02-24 11:56:26.156
7778,CE19,109.0,1320.0,1,2020-12-03 14:21:06.000,2020-12-03 21:44:33.000
13480,CE11,131.0,1380.0,4,2021-08-07 05:14:40.000,2021-08-07 12:15:00.000
12588,CE07,83.0,2800.0,1,2021-07-07 14:56:13.000,2021-07-07 22:02:24.000
4283,CE41B,143.0,2480.0,1,2020-06-23 05:03:15.000,2020-06-23 13:32:19.000
8252,CE24,161.0,2580.0,1,2020-12-28 05:04:51.000,2020-12-28 12:04:57.000
21335,CP35,118.0,1960.0,2,2022-06-02 04:50:44.000,2022-06-02 11:51:04.155
4676,CE21B,85.0,2160.0,1,2020-07-13 14:45:15.000,2020-07-13 21:08:17.000
32648,,89.0,7820.0,1,2023-06-14 05:55:37.122,2023-06-14 13:10:34.330
1638,CP35,127.0,3960.0,1,2020-02-03 05:00:31.000,2020-02-03 14:28:37.000
3437,CP32,146.0,1680.0,1,2020-05-12 15:00:41.000,2020-05-12 21:18:49.000
25607,CE50,139.0,1940.0,1,2022-10-20 15:05:41.689,2022-10-20 21:39:43.509
28602,CP35,122.0,1860.0,2,2023-02-01 05:12:02.924,2023-02-01 11:56:20.191
13000,CE46,93.0,1800.0,1,2021-07-22 04:48:03.000,2021-07-22 12:02:47.000
4929,CE20B,95.0,2720.0,2,2020-07-24 15:00:33.000,2020-07-24 23:04:03.000
17603,CP40,40.0,800.0,1,2022-01-18 19:33:55.000,2022-01-18 22:55:28.000
9195,CE20B,97.0,2900.0,1,2021-02-11 14:23:01.000,2021-02-11 21:07:55.000
7302,CE37B,99.0,2020.0,2,2020-11-10 15:05:39.000,2020-11-10 21:05:23.000
5200,CE37B,105.0,1320.0,1,2020-08-05 04:51:19.000,2020-08-05 12:50:34.000
14307,CE24,157.0,2740.0,1,2021-09-06 15:04:39.000,2021-09-06 23:25:37.000
12394,CP11,146.0,1440.0,1,2021-06-29 14:27:27.000,2021-06-29 20:52:40.000
39693,,160.0,3180.0,3,2023-12-28 15:01:59.798,2023-12-28 23:22:09.637
26117,CE46,90.0,2060.0,1,2022-11-08 04:49:18.746,2022-11-08 11:16:33.565
11534,CP40,49.0,1720.0,1,2021-05-25 18:24:42.000,2021-05-25 21:46:44.000
4443,CP32,147.0,1600.0,1,2020-06-30 04:57:01.000,2020-06-30 11:21:34.000
4097,CP36,133.0,3200.0,1,2020-06-13 14:08:07.000,2020-06-13 21:55:39.000
2647,CP15,110.0,2140.0,1,2020-03-31 14:53:50.000,2020-03-31 21:28:44.000
20086,CP15,105.0,1700.0,1,2022-04-21 14:37:26.000,2022-04-21 21:06:48.487
1256,CE41B,94.0,2880.0,1,2020-01-14 04:46:40.000,2020-01-14 10:29:28.000
16542,CE08,190.0,1480.0,1,2021-12-03 14:54:15.000,2021-12-03 21:40:00.000
37100,CE20B,99.0,3820.0,1,2023-10-17 05:11:20.331,2023-10-17 13:03:46.214
3221,CP28,167.0,3160.0,2,2020-04-30 04:44:07.000,2020-04-30 12:47:07.000
11961,CP36,132.0,1700.0,1,2021-06-11 15:15:48.000,2021-06-12 00:31:43.000
2208,CP51,116.0,1560.0,1,2020-03-05 14:49:06.000,2020-03-05 21:52:48.000
9325,CP15,112.0,1480.0,1,2021-02-17 04:43:01.000,2021-02-17 12:51:48.000
7608,CE38B,142.0,1760.0,1,2020-11-25 04:43:16.000,2020-11-25 11:58:42.000
24635,CP12,128.0,1920.0,1,2022-09-16 04:36:38.850,2022-09-16 11:37:35.404
9013,CE07,92.0,2500.0,1,2021-02-03 15:01:52.000,2021-02-03 22:21:28.000
3709,CE41B,110.0,2680.0,1,2020-05-26 04:37:01.000,2020-05-26 13:15:17.000
13085,CE09B,109.0,2360.0,2,2021-07-26 04:55:02.000,2021-07-26 13:21:33.000
4581,CE46,102.0,2020.0,2,2020-07-08 04:20:29.000,2020-07-08 11:46:27.000
10694,CE46,91.0,2180.0,1,2021-04-21 04:53:34.000,2021-04-21 12:00:57.000
17742,,97.0,9360.0,1,2022-01-24 14:54:47.000,2022-01-24 21:39:20.000
30112,CP40,50.0,1460.0,1,2023-03-28 19:15:05.894,2023-03-28 23:08:07.775
9494,CP29,121.0,2860.0,2,2021-02-25 15:01:21.000,2021-02-25 21:33:39.000
24057,CE18B,128.0,2040.0,1,2022-08-30 05:12:32.000,2022-08-30 12:12:37.201
5857,CP10B,85.0,2360.0,2,2020-09-02 05:11:46.000,2020-09-02 11:32:50.000
24071,CP52,181.0,2000.0,1,2022-08-30 14:52:12.000,2022-08-30 21:57:48.857
4438,CP15,107.0,1800.0,1,2020-06-30 14:52:28.000,2020-06-30 22:01:59.000
14598,CE09B,110.0,1760.0,2,2021-09-16 04:42:53.000,2021-09-16 12:04:58.000
17390,CE09B,104.0,2160.0,1,2022-01-10 05:06:06.000,2022-01-10 15:19:01.000
24803,CE09B,106.0,1500.0,1,2022-09-22 04:52:57.047,2022-09-22 12:52:03.981
9157,,135.0,8760.0,1,2021-02-09 05:53:52.000,2021-02-09 13:31:15.000
5044,CP02,181.0,2700.0,2,2020-07-29 14:48:29.000,2020-07-29 23:23:05.000
17047,CP07,81.0,2820.0,3,2021-12-24 05:10:52.000,2021-12-24 11:44:19.000
5140,CE39,103.0,3540.0,1,2020-08-03 15:05:33.000,2020-08-04 00:46:55.000
19816,CP40,40.0,1340.0,1,2022-04-12 18:03:24.000,2022-04-12 21:05:45.636
6532,CP29,136.0,2800.0,2,2020-10-05 04:48:16.000,2020-10-05 13:45:24.000
34530,CE20B,99.0,3160.0,1,2023-08-08 04:50:12.946,2023-08-08 11:34:01.065
2775,CP14,138.0,2400.0,1,2020-04-07 05:06:19.000,2020-04-07 12:07:30.000
4867,CP15,110.0,1960.0,1,2020-07-21 14:57:27.000,2020-07-21 23:20:15.000
2220,CE46,94.0,1220.0,1,2020-03-06 05:06:42.000,2020-03-06 11:11:52.000
29564,CE30B,148.0,1680.0,1,2023-03-08 14:57:12.962,2023-03-08 21:34:23.256
4853,CE41B,112.0,3040.0,1,2020-07-21 04:47:51.000,2020-07-21 13:05:00.000
6411,CE41B,108.0,2180.0,1,2020-09-29 05:03:38.000,2020-09-29 12:21:34.000
3210,CE37B,93.0,2500.0,1,2020-04-30 14:54:27.000,2020-04-30 22:04:56.000
15283,CE34,145.0,2160.0,1,2021-10-13 15:00:22.000,2021-10-13 22:20:14.000
13025,CE33,140.0,1060.0,1,2021-07-23 15:01:19.000,2021-07-23 21:21:42.000
3212,CE15,111.0,1680.0,1,2020-04-30 04:51:42.000,2020-04-30 11:59:58.000
6258,CE05,120.0,2980.0,2,2020-09-22 14:22:12.000,2020-09-22 22:09:29.000
16826,CP35,121.0,2060.0,2,2021-12-15 04:56:27.000,2021-12-15 11:45:50.000
1821,,158.0,8640.0,1,2020-02-12 05:48:18.000,2020-02-12 13:46:13.000
25469,,131.0,8740.0,1,2022-10-13 15:13:35.734,2022-10-13 22:00:49.484
24485,CP29,156.0,3980.0,1,2022-09-12 05:10:39.352,2022-09-12 16:09:16.319
7905,CP43,137.0,1460.0,2,2020-12-09 04:52:21.000,2020-12-09 10:45:46.000
30580,CE10B,78.0,2340.0,1,2023-04-12 05:06:36.695,2023-04-12 11:21:56.941
37648,CP07,84.0,2520.0,2,2023-11-01 04:51:07.958,2023-11-01 11:49:42.224
32259,CP11,154.0,1800.0,2,2023-06-02 15:09:42.564,2023-06-02 22:59:55.841
3397,CE21B,82.0,2040.0,1,2020-05-09 05:01:27.000,2020-05-09 11:34:37.000
18068,CE51,115.0,2120.0,1,2022-02-07 14:14:01.000,2022-02-07 22:17:29.000
1684,CP28,161.0,2160.0,1,2020-02-05 04:48:24.000,2020-02-05 13:28:07.000
14026,CP36,117.0,3000.0,1,2021-08-26 04:59:52.000,2021-08-26 12:45:04.000
10155,CP07,82.0,2940.0,3,2021-03-29 04:55:04.000,2021-03-29 13:46:14.000
32324,CP07,82.0,2840.0,3,2023-06-05 15:05:24.224,2023-06-05 22:56:51.561
26091,CE09B,110.0,2780.0,1,2022-11-07 04:47:28.404,2022-11-07 12:31:34.690
18710,CE04,105.0,1340.0,1,2022-03-04 04:47:12.000,2022-03-04 11:11:28.007
19245,CE04,102.0,2080.0,1,2022-03-23 05:03:04.000,2022-03-23 12:00:42.669
11517,CE40,50.0,1360.0,1,2021-05-25 14:45:00.000,2021-05-25 18:23:19.000
14999,CE19,92.0,1560.0,1,2021-10-01 14:56:22.000,2021-10-01 22:04:28.000
19613,CE40,50.0,1260.0,2,2022-04-05 14:44:40.000,2022-04-05 18:18:27.028
9454,CE27,135.0,1800.0,1,2021-02-24 05:20:32.000,2021-02-24 12:56:09.000
18355,CE41B,108.0,1800.0,1,2022-02-18 04:40:18.000,2022-02-18 11:43:40.852
14019,CP05,125.0,1520.0,1,2021-08-26 14:15:53.000,2021-08-26 22:20:59.000
11151,CP26,87.0,4560.0,1,2021-05-10 15:02:30.000,2021-05-10 22:35:15.000
24113,CP39,104.0,3380.0,1,2022-08-31 14:59:12.000,2022-09-01 03:51:25.067
23123,,80.0,8300.0,1,2022-07-29 19:15:00.000,2022-07-29 23:37:03.205
19445,CE46,95.0,1740.0,1,2022-03-30 05:06:28.000,2022-03-30 12:05:27.313
20014,CP40,63.0,1060.0,1,2022-04-19 09:54:14.000,2022-04-19 14:02:00.151
2051,CP07,83.0,2980.0,3,2020-02-26 15:03:06.000,2020-02-26 23:12:12.000
28529,CP07,84.0,3300.0,4,2023-01-30 14:58:49.314,2023-01-30 21:05:12.488
16714,CP35,119.0,1520.0,1,2021-12-10 04:46:30.000,2021-12-10 11:35:30.000
23538,CP32,140.0,1640.0,1,2022-08-12 04:58:00.000,2022-08-12 12:08:30.141
12261,CE04,114.0,2400.0,1,2021-06-24 04:54:25.000,2021-06-24 12:49:44.000
13737,CE27,130.0,1500.0,1,2021-08-17 04:40:58.000,2021-08-17 12:46:45.000
12896,CE39,107.0,3160.0,1,2021-07-19 14:56:16.000,2021-07-19 22:33:16.000
16679,CE29,129.0,2340.0,1,2021-12-09 04:49:56.000,2021-12-09 12:41:26.000
13735,CE30B,135.0,2040.0,2,2021-08-17 14:59:41.000,2021-08-17 21:20:39.000
7892,CE07,84.0,2940.0,1,2020-12-09 15:00:48.000,2020-12-10 00:14:40.000
15405,CE07,88.0,1800.0,1,2021-10-18 04:55:27.000,2021-10-18 12:55:45.000
18973,CE08,183.0,1900.0,1,2022-03-14 14:58:23.000,2022-03-14 21:42:50.612
8785,,231.0,9960.0,1,2021-01-22 06:10:24.000,2021-01-22 15:04:26.000
37622,,143.0,8660.0,1,2023-10-31 06:07:53.520,2023-10-31 14:24:13.387
9169,CE33,150.0,1640.0,1,2021-02-10 14:26:19.000,2021-02-10 21:39:23.000
11539,,224.0,9760.0,1,2021-05-24 14:39:34.000,2021-05-24 22:36:48.000
12669,,164.0,10560.0,1,2021-07-09 05:54:05.000,2021-07-09 12:40:11.000
15828,CP07,84.0,2620.0,3,2021-11-03 04:56:13.000,2021-11-03 11:20:49.000
8756,CP35,133.0,2000.0,1,2021-01-21 04:45:33.000,2021-01-21 13:51:59.000
17434,CP08,189.0,2440.0,1,2022-01-11 04:51:48.000,2022-01-11 11:27:11.000
1660,CP36,124.0,2180.0,1,2020-02-04 04:58:06.000,2020-02-04 11:51:36.000
5458,CP14,152.0,2280.0,1,2020-08-15 05:03:31.000,2020-08-15 11:59:28.000
38246,CE38B,139.0,2220.0,1,2023-11-17 05:02:45.215,2023-11-17 12:27:58.620
4677,CE26,88.0,2860.0,1,2020-07-13 15:20:37.000,2020-07-14 00:49:41.000
17556,Óbidos CE02,119.0,1180.0,1,2022-01-17 14:55:22.000,2022-01-17 21:17:01.000
10970,CE26,90.0,3240.0,1,2021-05-03 14:54:07.000,2021-05-04 00:01:46.000
28463,CE04,110.0,1220.0,1,2023-01-27 05:01:42.904,2023-01-27 12:16:23.743
24944,CE15,108.0,1220.0,1,2022-09-27 05:03:35.537,2022-09-27 12:02:32.360
27773,CE18B,105.0,1520.0,1,2023-01-04 04:45:49.106,2023-01-06 04:51:07.457
20503,CP37B,120.0,1140.0,1,2022-05-04 14:52:10.000,2022-05-05 00:55:41.357
17140,CP32,137.0,2480.0,1,2021-12-29 04:57:17.000,2021-12-29 12:41:52.000
3291,CE38B,137.0,1880.0,1,2020-05-05 14:27:28.000,2020-05-05 21:22:02.000
6370,CE30B,147.0,1980.0,1,2020-09-26 04:56:43.000,2020-09-26 12:10:10.000
2039,CE05,120.0,2080.0,1,2020-02-26 14:39:29.000,2020-02-26 20:50:38.000
11996,CE09B,110.0,2300.0,1,2021-06-14 04:55:57.000,2021-06-14 13:18:24.000
9010,CE04,95.0,2000.0,1,2021-02-03 04:47:14.000,2021-02-03 11:28:17.000
7584,CE43,120.0,1760.0,1,2020-11-24 15:07:51.000,2020-11-24 21:18:24.000
9038,CE12,125.0,1900.0,1,2021-02-04 04:47:39.000,2021-02-04 14:18:10.000
7822,CP09B,111.0,3240.0,1,2020-12-04 04:56:45.000,2020-12-04 12:17:51.000
34223,Óbidos CE01,160.0,1900.0,1,2023-07-31 04:47:15.601,2023-07-31 15:22:52.861
31863,CP26,94.0,3960.0,1,2023-05-22 14:50:54.700,2023-05-22 22:58:40.640
10162,CE50,140.0,2660.0,1,2021-03-30 20:47:02.000,2021-03-30 21:51:56.000
16056,CE12,127.0,1540.0,1,2021-11-12 04:54:43.000,2021-11-12 12:26:57.000
6211,CE39,110.0,2440.0,1,2020-09-18 14:59:28.000,2020-09-18 23:31:08.000
17871,CE01,215.0,1900.0,1,2022-01-28 14:59:08.000,2022-01-28 23:03:38.000
30494,CP21B,91.0,3020.0,1,2023-04-10 15:00:20.137,2023-04-10 21:47:32.296
36104,,183.0,1820.0,1,2023-09-18 14:49:56.404,2023-09-18 21:59:20.130
8921,CE07,86.0,1820.0,1,2021-01-29 14:44:47.000,2021-01-29 21:51:19.000
10496,CE34,147.0,2060.0,1,2021-04-13 14:51:38.000,2021-04-13 21:53:21.000
2244,CE31,221.0,2820.0,1,2020-03-09 15:01:45.000,2020-03-10 00:56:49.000
11638,CE08,183.0,2180.0,1,2021-05-29 04:56:21.000,2021-05-29 14:06:18.000
4854,CE30B,150.0,1760.0,1,2020-07-21 15:03:46.000,2020-07-21 21:39:21.000
10273,CE05,126.0,1960.0,1,2021-04-03 04:45:32.000,2021-04-03 13:26:37.000
3457,CE16,130.0,2820.0,1,2020-05-13 04:47:28.000,2020-05-13 12:37:03.000
22042,CE16,128.0,2220.0,2,2022-06-25 12:43:06.000,2022-06-25 19:50:56.231
29403,CP18B,120.0,2460.0,1,2023-03-02 15:27:24.860,2023-03-02 22:04:15.148
9513,CE07,95.0,1920.0,1,2021-02-26 15:19:15.000,2021-02-26 21:47:12.000
10946,CE05,128.0,1420.0,1,2021-05-01 04:47:53.000,2021-05-01 11:42:48.000
1186,CP23,182.0,1760.0,1,2020-01-09 15:18:28.000,2020-01-09 22:01:33.000
16027,CP18B,124.0,2020.0,1,2021-11-11 04:48:52.000,2021-11-11 12:09:27.000
5584,CE12,128.0,2000.0,1,2020-08-21 04:42:14.000,2020-08-21 11:26:20.000
5692,CE39,109.0,2180.0,1,2020-08-26 15:26:01.000,2020-08-26 23:41:49.000
14562,CE26,88.0,2320.0,1,2021-09-15 14:25:42.000,2021-09-15 21:48:37.000
22467,CE29,131.0,2320.0,1,2022-07-11 04:51:36.000,2022-07-11 12:03:09.629
29652,CP39,111.0,3800.0,1,2023-03-10 14:56:12.588,2023-03-10 23:27:48.539
8720,CE07,81.0,2480.0,1,2021-01-20 14:57:41.000,2021-01-20 22:23:40.000
17066,CE24,179.0,1700.0,1,2021-12-27 14:15:03.000,2021-12-27 21:55:43.000
3169,CP15,109.0,2760.0,1,2020-04-28 15:01:52.000,2020-04-28 21:08:49.000
25223,CP15,108.0,1780.0,1,2022-10-06 15:06:05.994,2022-10-06 22:12:52.383
17333,CE16,127.0,1660.0,1,2022-01-07 05:06:17.000,2022-01-07 12:13:58.000
1642,CP26,86.0,5260.0,1,2020-02-03 15:00:49.000,2020-02-03 22:06:51.000
20902,CP18B,125.0,1820.0,1,2022-05-19 14:29:42.000,2022-05-19 22:36:52.624
28243,CP18B,128.0,1860.0,1,2023-01-19 05:09:32.841,2023-01-19 12:41:43.134
39348,CP18B,128.0,1820.0,1,2023-12-19 05:07:45.995,2023-12-19 11:50:57.097
17244,Óbidos CE03,130.0,2840.0,1,2022-01-04 15:52:40.000,2022-01-04 22:57:52.000
3982,CP30B,152.0,2360.0,1,2020-06-08 14:59:57.000,2020-06-08 21:44:17.000
6263,CP09B,125.0,3000.0,1,2020-09-22 04:23:34.000,2020-09-22 11:41:05.000
12978,CP12,129.0,1860.0,1,2021-07-21 04:51:02.000,2021-07-21 12:36:17.000
24629,CE41B,150.0,1940.0,1,2022-09-16 04:50:06.899,2022-09-16 12:22:27.926
5398,CE19,115.0,2120.0,1,2020-08-13 05:04:03.000,2020-08-13 12:09:55.000
18798,CE50,127.0,1900.0,1,2022-03-08 15:32:28.000,2022-03-08 22:02:01.581
25768,CE24,175.0,1620.0,1,2022-10-26 04:36:14.029,2022-10-26 11:45:43.998
26764,CE24,172.0,2040.0,1,2022-11-30 14:47:47.345,2022-11-30 22:10:51.591
14674,Óbidos CE02,130.0,1640.0,1,2021-09-20 05:06:07.000,2021-09-20 11:39:55.000
15717,CP07,80.0,2420.0,1,2021-10-29 14:57:12.000,2021-10-29 22:39:25.000
12309,CP26,84.0,3980.0,1,2021-06-25 14:51:33.000,2021-06-25 23:58:29.000
14698,CP12,147.0,2360.0,1,2021-09-20 04:57:54.000,2021-09-20 12:34:15.000
3406,CE12,126.0,1740.0,1,2020-05-11 04:43:31.000,2020-05-11 10:51:38.000
3867,CP09B,105.0,2780.0,1,2020-06-02 05:07:45.000,2020-06-02 11:53:12.000
20053,CP05,128.0,2800.0,1,2022-04-20 04:54:52.000,2022-04-20 12:56:04.808
4221,CE41B,152.0,1760.0,1,2020-06-19 04:32:37.000,2020-06-19 12:21:50.000
16783,CE41B,103.0,2160.0,1,2021-12-14 05:04:12.000,2021-12-14 15:18:53.000
13776,CE34,146.0,2200.0,1,2021-08-18 15:04:52.000,2021-08-18 21:26:57.000
7331,CE50,142.0,2280.0,1,2020-11-11 15:31:16.000,2020-11-11 22:11:36.000
5565,CE19,113.0,2000.0,1,2020-08-20 14:49:12.000,2020-08-20 23:06:22.000
15608,CE41B,97.0,2680.0,1,2021-10-26 04:35:40.000,2021-10-26 12:56:47.000
11484,Óbidos CE02,120.0,1800.0,1,2021-05-24 05:05:11.000,2021-05-24 12:47:11.000
21539,CP11,142.0,2120.0,1,2022-06-09 14:53:11.000,2022-06-09 22:02:37.053
18712,CP26,99.0,3440.0,1,2022-03-04 14:57:12.000,2022-03-04 23:25:00.136
29062,CP26,88.0,4120.0,1,2023-02-17 05:01:37.810,2023-02-17 12:12:26.519
3230,CE41B,95.0,2060.0,1,2020-05-01 04:49:52.000,2020-05-01 12:23:27.000
21959,CE50,136.0,2520.0,1,2022-06-23 14:43:16.000,2022-06-23 21:09:42.925
1292,CP26,88.0,3120.0,1,2020-01-15 14:55:19.000,2020-01-15 22:28:05.000
29213,CP18B,137.0,1600.0,1,2023-02-23 04:54:40.160,2023-02-23 12:28:36.171
10780,CE21B,91.0,1220.0,1,2021-04-24 04:51:46.000,2021-04-24 11:39:29.000
5394,CE15,104.0,1680.0,1,2020-08-13 15:02:07.000,2020-08-13 21:20:36.000
11864,CE15,99.0,1420.0,1,2021-06-08 05:01:52.000,2021-06-08 11:44:36.000
38917,,119.0,2240.0,1,2023-12-06 14:43:53.533,2023-12-06 20:58:07.060
1658,CP09B,101.0,2460.0,1,2020-02-04 04:33:12.000,2020-02-04 12:24:08.000
11285,CP32,145.0,1680.0,1,2021-05-14 04:52:53.000,2021-05-14 12:10:07.000
1645,CP33,150.0,2180.0,1,2020-02-03 04:49:12.000,2020-02-03 12:30:55.000
13206,CP36,129.0,3020.0,1,2021-07-29 14:56:58.000,2021-07-29 23:43:15.000
25106,CE04,109.0,2320.0,1,2022-10-03 04:48:40.403,2022-10-03 11:33:18.570
12248,,116.0,9360.0,1,2021-06-22 15:05:45.000,2021-06-22 22:20:49.000
1830,CE15,124.0,1100.0,1,2020-02-13 14:47:17.000,2020-02-13 22:55:04.000
22845,CP07,87.0,3520.0,2,2022-07-22 14:51:54.000,2022-07-23 00:45:07.097
6838,CP35,121.0,3360.0,1,2020-10-19 05:00:36.000,2020-10-19 12:50:03.000
3447,CP51,117.0,2280.0,1,2020-05-12 14:54:21.000,2020-05-12 21:16:26.000
5982,CP10B,86.0,2320.0,1,2020-09-08 04:50:51.000,2020-09-08 11:29:36.000
28429,CP01,213.0,2020.0,1,2023-01-26 14:54:34.674,2023-01-26 22:18:18.303
8896,CE10B,94.0,2080.0,1,2021-01-28 05:06:52.000,2021-01-28 12:26:32.000
1242,CP50,145.0,3280.0,1,2020-01-13 04:55:20.000,2020-01-13 13:29:58.000
1399,CP50,141.0,1940.0,1,2020-01-21 15:05:58.000,2020-01-21 21:52:46.000
3079,CP50,138.0,2540.0,1,2020-04-23 14:49:35.000,2020-04-23 20:36:46.000
2539,,216.0,8380.0,1,2020-03-25 06:05:27.000,2020-03-25 14:24:11.000
15047,CE51,111.0,2440.0,1,2021-10-04 14:55:52.000,2021-10-04 22:37:35.000
27947,CP22,125.0,1620.0,1,2023-01-10 14:42:09.055,2023-01-10 21:56:38.756
4812,CP36,139.0,2160.0,1,2020-07-18 14:59:49.000,2020-07-18 22:11:06.000
36030,CP07,86.0,2460.0,2,2023-09-15 15:05:32.920,2023-09-15 22:27:40.760
18503,CP15,111.0,1620.0,1,2022-02-24 15:03:39.000,2022-02-24 21:34:53.524
28441,,144.0,8420.0,1,2023-01-25 15:04:58.245,2023-01-25 23:50:20.298
18896,,137.0,8860.0,1,2022-03-10 05:38:04.000,2022-03-10 12:48:31.929
11068,CP35,112.0,3080.0,1,2021-05-06 05:01:45.000,2021-05-06 13:21:34.000
10484,,105.0,9640.0,1,2021-04-12 05:53:23.000,2021-04-12 12:22:49.000
10984,CP02,175.0,2760.0,1,2021-05-03 04:57:41.000,2021-05-03 11:47:46.000
43835,,185.0,2160.0,1,2024-04-18 14:39:07.029,2024-04-18 23:23:01.261
6466,CE21B,84.0,2440.0,1,2020-10-01 15:22:41.000,2020-10-01 23:34:16.000
21361,CE46,97.0,1340.0,1,2022-06-03 05:04:59.000,2022-06-03 11:17:34.224
1919,,102.0,9000.0,1,2020-02-18 15:15:16.000,2020-02-18 22:11:24.000
10545,,88.0,9140.0,1,2021-04-14 05:49:48.000,2021-04-14 10:36:48.000
17943,CE15,107.0,1200.0,1,2022-02-01 04:57:40.000,2022-02-01 12:02:26.000
4772,CP41B,128.0,2860.0,1,2020-07-16 05:00:28.000,2020-07-16 15:36:41.000
11044,CP15,109.0,1820.0,1,2021-05-05 14:27:21.000,2021-05-05 20:41:53.000
4284,CE38B,138.0,1900.0,1,2020-06-23 15:00:28.000,2020-06-23 22:23:19.000
28712,CE09B,109.0,2680.0,1,2023-02-06 05:01:37.848,2023-02-06 13:19:01.567
5578,,114.0,9040.0,1,2020-08-20 05:41:20.000,2020-08-20 13:48:33.000
32896,CE18B,130.0,2020.0,1,2023-06-22 05:07:05.972,2023-06-22 11:46:35.053
33873,CP15,115.0,1760.0,1,2023-07-20 04:42:09.780,2023-07-20 11:51:58.248
1486,CE09B,103.0,1640.0,2,2020-01-27 04:49:08.000,2020-01-27 11:39:33.000
39666,CE38B,136.0,1840.0,1,2023-12-28 05:00:00.214,2023-12-28 11:57:24.735
25212,CE09B,103.0,1540.0,1,2022-10-06 04:50:13.226,2022-10-06 11:06:25.257
28313,CE09B,111.0,2420.0,1,2023-01-23 04:52:19.954,2023-01-23 13:11:38.864
8984,CE50,142.0,2060.0,1,2021-02-02 14:56:05.000,2021-02-02 22:09:16.000
27571,CE18B,126.0,2460.0,1,2022-12-28 14:50:58.209,2022-12-28 21:30:09.817
22044,,45.0,800.0,1,2022-06-27 10:22:20.000,2022-06-27 13:33:51.230
2610,CP03,101.0,2460.0,1,2020-03-28 14:42:47.000,2020-03-28 21:46:37.000
10898,CP14,140.0,1600.0,1,2021-04-29 05:06:17.000,2021-04-29 11:42:07.000
13340,CE04,105.0,2120.0,1,2021-08-03 04:41:59.000,2021-08-03 12:25:25.000
17279,CE46,98.0,2060.0,1,2022-01-05 04:55:30.000,2022-01-05 12:21:15.000
5760,CP34,150.0,2900.0,1,2020-08-28 15:30:32.000,2020-08-28 22:34:22.000
19494,CP36,131.0,1700.0,1,2022-03-31 15:01:03.000,2022-03-31 23:47:13.275
18010,CP36,123.0,2020.0,1,2022-02-03 04:36:28.000,2022-02-03 12:46:38.000
10027,CP14,147.0,2000.0,1,2021-03-23 04:54:28.000,2021-03-23 11:15:28.000
33140,CP15,114.0,1980.0,1,2023-06-29 04:47:02.444,2023-06-29 12:05:34.371
32130,CE38B,144.0,2360.0,1,2023-05-30 04:50:28.537,2023-05-30 12:33:05.963
35335,CE38B,133.0,1500.0,1,2023-08-29 04:50:06.613,2023-08-29 12:17:00.824
15933,CE04,111.0,1980.0,1,2021-11-08 04:59:56.000,2021-11-08 13:35:02.000
6061,CE26,88.0,2620.0,1,2020-09-11 14:54:40.000,2020-09-11 23:12:52.000
13521,CP28,205.0,2820.0,1,2021-08-09 04:21:44.000,2021-08-09 12:18:30.000
14062,CP28,195.0,2320.0,1,2021-08-27 04:55:14.000,2021-08-27 13:04:40.000
15973,CP28,168.0,2700.0,1,2021-11-09 05:05:48.000,2021-11-09 13:43:52.000
1130,CE51,115.0,2320.0,1,2020-01-07 15:02:03.000,2020-01-07 23:42:52.000
18565,CE18B,161.0,1560.0,1,2022-02-28 05:05:32.000,2022-02-28 12:00:18.941
11311,CE09B,122.0,2400.0,1,2021-05-17 05:00:48.000,2021-05-17 13:40:06.000
6150,CE44,123.0,2160.0,51,2020-09-16 14:35:33.000,2020-09-16 21:47:28.000
18313,,77.0,2060.0,54,2022-02-15 20:24:08.000,2022-02-16 00:10:00.000
24319,,181.0,2520.0,46,2022-09-06 14:57:58.265,2022-09-07 00:06:25.200
19665,,183.0,1760.0,39,2022-04-05 17:18:55.000,2022-04-06 00:12:48.868
7209,CE13,121.0,1860.0,50,2020-11-05 04:53:35.000,2020-11-05 11:47:52.000
7462,CE13,118.0,1600.0,59,2020-11-18 04:36:29.000,2020-11-18 13:02:47.000
36744,,177.0,1500.0,30,2023-10-05 15:04:31.264,2023-10-05 22:48:57.657
1122,CE27,131.0,1780.0,1,2020-01-07 05:04:13.000,2020-01-07 12:20:07.000
11942,CE16,128.0,1420.0,1,2021-06-11 04:53:18.000,2021-06-11 13:40:51.000
7705,CE09B,107.0,2280.0,2,2020-11-30 05:07:01.000,2020-11-30 12:34:32.000
27188,CE09B,111.0,1720.0,1,2022-12-15 05:00:41.594,2022-12-15 11:50:13.130
17153,,314.0,3360.0,69,2021-12-28 14:59:11.000,2021-12-29 04:12:50.000
25167,,141.0,9060.0,22,2022-10-04 14:40:10.445,2022-10-04 21:14:12.690
27676,,202.0,2920.0,58,2022-12-30 15:44:58.152,2022-12-31 03:30:58.197
18224,,187.0,2820.0,58,2022-02-11 15:02:42.000,2022-02-11 23:25:43.000
33804,,184.0,3020.0,35,2023-07-18 15:42:24.999,2023-07-18 23:53:05.654
6392,CP11,154.0,3100.0,17,2020-09-28 14:51:35.000,2020-09-28 22:38:14.000
11509,,167.0,2720.0,46,2021-05-24 15:02:51.000,2021-05-24 23:13:10.000
43205,,184.0,3340.0,42,2024-04-03 15:08:15.877,2024-04-04 00:23:52.453
23906,,187.0,2540.0,53,2022-08-23 14:57:09.000,2022-08-23 23:22:29.732
24972,,204.0,2600.0,56,2022-09-27 15:03:46.311,2022-09-28 00:05:24.616
12767,CE12,129.0,1880.0,1,2021-07-14 04:56:57.000,2021-07-14 12:02:54.000
22964,,189.0,2740.0,48,2022-07-25 14:54:11.000,2022-07-26 00:40:23.108
7834,CP11,157.0,1860.0,12,2020-12-05 05:02:09.000,2020-12-05 13:18:37.000
41736,,192.0,2600.0,30,2024-02-23 15:02:58.195,2024-02-23 22:26:11.972
7964,,167.0,10220.0,14,2020-12-11 06:04:01.000,2020-12-11 12:58:58.000
21229,,156.0,9180.0,23,2022-05-30 05:41:19.000,2022-05-30 13:31:50.859
29670,,165.0,2180.0,39,2023-03-10 15:08:19.480,2023-03-10 22:42:23.420
16913,,217.0,3400.0,43,2021-12-18 10:16:33.000,2021-12-18 20:59:41.000
19720,CP39,114.0,3460.0,1,2022-04-08 14:59:36.000,2022-04-08 23:28:17.151
30903,CP39,88.0,3140.0,1,2023-04-21 15:02:42.197,2023-04-21 22:48:23.370
33965,CP39,112.0,3840.0,1,2023-07-24 15:27:11.494,2023-07-24 23:21:30.111
24491,,137.0,9720.0,18,2022-09-12 05:46:08.998,2022-09-12 14:15:21.070
33510,,166.0,3020.0,26,2023-07-10 14:49:40.266,2023-07-10 22:30:40.180
26379,CP07,87.0,3440.0,4,2022-11-16 15:00:38.675,2022-11-16 21:40:20.880
34513,,167.0,2500.0,39,2023-08-07 15:35:25.185,2023-08-08 00:26:49.573
36437,,166.0,1500.0,18,2023-09-27 14:54:05.745,2023-09-27 21:28:29.905
3404,CE24,156.0,2880.0,1,2020-05-11 05:04:22.000,2020-05-11 11:35:41.000
9711,,209.0,2840.0,37,2021-03-08 15:55:33.000,2021-03-09 02:03:11.000
40080,,206.0,2820.0,47,2024-01-09 14:46:54.951,2024-01-10 00:08:25.321
4388,CP44,135.0,2420.0,49,2020-06-27 04:42:50.000,2020-06-27 13:16:36.000
32986,,193.0,1780.0,23,2023-06-23 15:03:17.097,2023-06-23 23:13:24.469
4441,CP13,136.0,2420.0,40,2020-06-30 15:00:35.000,2020-06-30 22:22:26.000
3604,CP06,180.0,1440.0,29,2020-05-20 04:52:24.000,2020-05-20 11:51:33.000
3439,CP13,120.0,2340.0,40,2020-05-12 15:02:21.000,2020-05-12 22:47:43.000
25585,,143.0,9500.0,7,2022-10-18 15:29:21.969,2022-10-18 22:03:11.959
7395,,189.0,6900.0,11,2020-11-13 06:09:02.000,2020-11-13 12:52:40.000
5344,CP13,124.0,2280.0,53,2020-08-11 05:06:41.000,2020-08-11 12:07:52.000
5396,CE13,130.0,1980.0,51,2020-08-13 14:57:10.000,2020-08-13 21:01:01.000
2252,CE33,145.0,1440.0,1,2020-03-09 04:45:16.000,2020-03-09 11:43:59.000
33028,,174.0,2700.0,19,2023-06-26 15:05:30.685,2023-06-27 00:31:15.809
16748,,226.0,3220.0,62,2021-12-11 04:50:06.000,2021-12-11 15:39:39.000
28942,CE20B,96.0,3060.0,1,2023-02-14 14:47:54.222,2023-02-14 22:50:36.071
17466,,231.0,3960.0,80,2022-01-11 15:57:52.000,2022-01-12 03:56:53.000
27786,CP35,136.0,3860.0,2,2023-01-04 04:47:49.856,2023-01-04 13:16:48.332
32100,CP35,123.0,2240.0,2,2023-05-29 05:01:43.843,2023-05-29 12:08:30.377
35134,,119.0,9220.0,14,2023-08-23 05:58:39.238,2023-08-23 11:03:14.742
6863,CP44,119.0,1800.0,34,2020-10-20 05:00:57.000,2020-10-20 12:07:04.000
14956,CP08,194.0,1300.0,1,2021-09-29 15:08:21.000,2021-09-29 21:45:55.000
28430,CP08,198.0,1980.0,1,2023-01-26 05:02:38.562,2023-01-26 12:34:37.374
14697,CP32,146.0,2420.0,1,2021-09-20 04:58:11.000,2021-09-20 13:27:24.000
14415,CP36,131.0,2100.0,1,2021-09-09 05:01:07.000,2021-09-09 13:49:10.000
29142,,174.0,2340.0,53,2023-02-21 04:40:47.508,2023-02-21 12:31:48.693
40557,,193.0,1240.0,25,2024-01-23 14:41:16.845,2024-01-23 23:04:19.260
33898,,197.0,2220.0,24,2023-07-20 15:18:43.914,2023-07-20 23:37:20.057
8286,CP11,158.0,2500.0,12,2020-12-29 14:22:10.000,2020-12-29 22:17:18.000
10314,,206.0,3280.0,49,2021-04-05 14:15:36.000,2021-04-06 01:22:29.000
16832,CP07,82.0,4100.0,4,2021-12-15 14:49:53.000,2021-12-15 22:55:29.000
29958,CP07,87.0,3500.0,4,2023-03-22 14:09:31.267,2023-03-22 23:41:15.827
15923,,211.0,3180.0,41,2021-11-06 13:09:24.000,2021-11-06 22:02:33.000
2808,CE13,117.0,1740.0,45,2020-04-09 14:56:26.000,2020-04-09 22:50:10.000
16409,,223.0,2380.0,51,2021-11-26 14:58:08.000,2021-11-27 01:12:01.000
5871,CE09B,108.0,2180.0,2,2020-09-03 04:48:20.000,2020-09-03 12:03:40.000
14008,CE04,103.0,1700.0,1,2021-08-26 04:53:20.000,2021-08-26 11:42:56.000
24278,,171.0,3200.0,47,2022-09-05 15:04:17.000,2022-09-06 00:14:11.768
16194,CP18B,130.0,1700.0,1,2021-11-18 04:56:16.000,2021-11-18 11:40:40.000
5695,CP35,135.0,2940.0,3,2020-08-26 05:03:04.000,2020-08-26 12:54:13.000
23815,CP35,127.0,2820.0,2,2022-08-22 05:02:31.000,2022-08-22 12:16:54.239
33974,CP35,125.0,3000.0,3,2023-07-24 04:38:18.209,2023-07-24 11:55:43.449
5068,CE13,137.0,2200.0,52,2020-07-30 15:00:22.000,2020-07-30 22:36:19.000
4259,CE12,126.0,1940.0,1,2020-06-22 04:44:59.000,2020-06-22 11:04:33.000
29875,CP11,159.0,1800.0,3,2023-03-20 14:23:19.459,2023-03-20 22:13:48.937
5158,,258.0,2100.0,6,2020-08-01 11:44:00.000,2020-08-01 15:18:00.000
19504,CE26,91.0,2580.0,1,2022-03-31 05:06:24.000,2022-03-31 13:12:51.055
13024,CE29,134.0,2220.0,1,2021-07-23 05:03:13.000,2021-07-23 12:34:24.000
37641,CE29,133.0,2520.0,1,2023-11-01 04:49:03.858,2023-11-01 12:43:55.289
21489,,224.0,2100.0,46,2022-06-07 15:01:10.000,2022-06-07 22:47:42.035
21140,CE19,109.0,1600.0,2,2022-05-27 14:58:21.000,2022-05-27 22:02:58.299
29799,CP27,135.0,2060.0,1,2023-03-16 14:57:35.066,2023-03-16 21:19:22.752
39087,,148.0,2120.0,14,2023-12-11 16:03:14.670,2023-12-11 23:31:56.526
13775,CE07,80.0,2700.0,1,2021-08-18 04:50:05.000,2021-08-18 11:08:33.000
2319,CE13,126.0,1720.0,51,2020-03-12 15:05:23.000,2020-03-12 22:42:11.000
8126,CE11,152.0,2720.0,17,2020-12-21 14:45:47.000,2020-12-22 00:49:01.000
10738,CE11,132.0,2020.0,3,2021-04-22 14:51:14.000,2021-04-22 23:14:23.000
32314,CE11,152.0,1680.0,5,2023-06-05 04:37:54.658,2023-06-05 11:18:56.652
9924,CE09B,106.0,1720.0,2,2021-03-18 05:14:48.000,2021-03-18 11:46:30.000
3321,CE44,125.0,2320.0,46,2020-05-06 04:33:27.000,2020-05-06 11:20:43.000
4007,CP13,125.0,2420.0,40,2020-06-09 15:03:30.000,2020-06-09 23:15:56.000
12518,,235.0,2340.0,48,2021-07-03 04:53:03.000,2021-07-03 14:29:53.000
27645,CP35,153.0,2660.0,2,2022-12-30 05:10:02.261,2022-12-30 12:51:13.271
9130,,177.0,9380.0,24,2021-02-08 05:47:46.000,2021-02-08 14:08:40.000
4240,,150.0,7960.0,7,2020-06-19 05:43:08.000,2020-06-19 14:18:59.000
33116,,155.0,2540.0,26,2023-06-28 15:02:59.840,2023-06-28 23:18:39.939
31594,,169.0,2320.0,53,2023-05-12 14:57:24.291,2023-05-12 21:55:06.917
1389,CE51,122.0,1820.0,1,2020-01-21 14:58:14.000,2020-01-21 22:44:51.000
24285,CE18B,128.0,2280.0,1,2022-09-06 14:59:18.228,2022-09-06 21:53:37.859
4525,CP35,121.0,2240.0,2,2020-07-04 05:01:30.000,2020-07-04 11:47:58.000
2955,,145.0,10360.0,11,2020-04-16 16:16:40.000,2020-04-16 23:50:59.000
8072,,218.0,8760.0,38,2020-12-17 05:43:54.000,2020-12-17 15:57:38.000
37755,,147.0,9580.0,16,2023-11-03 06:00:27.242,2023-11-03 13:11:20.983
8383,CP32,142.0,4040.0,1,2021-01-04 04:38:37.000,2021-01-04 12:13:07.000
24051,,207.0,2460.0,37,2022-08-29 15:41:10.000,2022-08-30 00:01:27.845
15195,CP11,151.0,1960.0,4,2021-10-08 04:51:44.000,2021-10-08 11:28:49.000
5172,CP14,144.0,2520.0,1,2020-08-04 04:40:11.000,2020-08-04 10:44:50.000
34112,CP15,116.0,1820.0,1,2023-07-27 04:44:09.635,2023-07-27 11:21:01.673
11854,CE38B,135.0,1880.0,1,2021-06-08 14:36:06.000,2021-06-08 21:19:00.000
14405,CE09B,106.0,1980.0,2,2021-09-09 05:02:47.000,2021-09-09 12:01:53.000
17901,CE09B,107.0,2360.0,1,2022-01-31 04:45:50.000,2022-01-31 12:44:03.000
34391,,174.0,2720.0,32,2023-08-03 14:50:25.239,2023-08-03 22:46:52.793
13060,CP23,203.0,1680.0,1,2021-07-24 04:47:26.000,2021-07-24 12:08:43.000
3392,CP09B,106.0,2460.0,1,2020-05-08 15:02:13.000,2020-05-08 21:01:32.000
6274,CP13,122.0,3160.0,50,2020-09-22 14:18:03.000,2020-09-22 22:07:16.000
19713,CE12,132.0,1840.0,1,2022-04-08 04:55:48.000,2022-04-08 12:30:20.441
20365,CE26,89.0,2880.0,1,2022-05-02 15:09:23.000,2022-05-02 23:14:57.960
32485,CP26,89.0,3420.0,1,2023-06-09 14:57:09.801,2023-06-09 22:49:24.979
37335,CP26,78.0,4600.0,1,2023-10-23 15:08:06.565,2023-10-23 23:40:53.593
17230,CP12,131.0,3260.0,1,2022-01-03 04:09:30.000,2022-01-03 12:51:14.000
21450,CE40,55.0,1000.0,2,2022-06-07 15:01:26.000,2022-06-07 19:51:08.501
4321,CP43,116.0,1420.0,2,2020-06-24 14:57:37.000,2020-06-24 21:55:26.000
10053,CP07,82.0,2540.0,2,2021-03-24 04:37:59.000,2021-03-24 12:11:21.000
21662,CE29,118.0,2680.0,1,2022-06-14 04:50:01.000,2022-06-14 12:56:17.388
38442,,188.0,2260.0,20,2023-11-22 15:12:26.730,2023-11-22 23:14:15.640
11435,CE07,104.0,840.0,1,2021-05-21 05:04:06.000,2021-05-21 12:52:35.000
4640,CE31,199.0,2180.0,2,2020-07-10 15:08:52.000,2020-07-10 22:09:35.000
9148,CP40,48.0,900.0,2,2021-02-09 19:36:03.000,2021-02-09 22:57:43.000
32669,,192.0,2580.0,27,2023-06-14 14:56:35.144,2023-06-15 00:56:06.533
36153,,151.0,2340.0,23,2023-09-19 14:59:25.576,2023-09-19 22:04:27.928
11623,CP29,120.0,3720.0,2,2021-05-28 05:10:10.000,2021-05-28 14:19:40.000
33659,,149.0,9120.0,3,2023-07-13 15:25:45.552,2023-07-13 22:09:52.813
16625,CE18B,126.0,1540.0,1,2021-12-07 04:51:44.000,2021-12-07 12:20:54.000
11739,,163.0,10000.0,17,2021-06-02 05:42:39.000,2021-06-02 12:58:32.000
4271,CP02,175.0,2200.0,2,2020-06-22 04:46:09.000,2020-06-22 12:57:15.000
19758,CP08,181.0,1820.0,1,2022-04-09 05:00:15.000,2022-04-09 12:21:15.037
1243,CP32,152.0,2360.0,1,2020-01-13 04:40:35.000,2020-01-13 13:34:27.000
5510,CP33,140.0,2220.0,2,2020-08-18 15:04:30.000,2020-08-18 21:52:42.000
1265,CP11,161.0,2140.0,12,2020-01-14 15:40:34.000,2020-01-14 22:31:35.000
19000,CP11,149.0,1960.0,4,2022-03-14 15:03:14.000,2022-03-14 21:58:43.046
36102,,171.0,1520.0,2,2023-09-18 14:21:40.309,2023-09-18 21:55:15.993
6104,CP07,84.0,2680.0,4,2020-09-14 14:59:48.000,2020-09-14 23:13:34.000
13813,CE38B,147.0,1960.0,1,2021-08-19 14:50:37.000,2021-08-19 22:15:20.000
4361,CE16,124.0,1780.0,1,2020-06-26 15:10:20.000,2020-06-26 22:28:35.000
18758,CE09B,105.0,2100.0,1,2022-03-07 05:00:39.000,2022-03-07 13:10:36.168
13972,CE12,129.0,1880.0,1,2021-08-25 04:54:34.000,2021-08-25 11:46:56.000
16547,CE41B,106.0,1440.0,2,2021-12-03 05:01:54.000,2021-12-03 11:18:17.000
11798,CP39,111.0,3100.0,1,2021-06-04 14:55:24.000,2021-06-05 00:02:06.000
39426,,168.0,2780.0,39,2023-12-20 15:03:14.307,2023-12-20 21:53:55.931
41641,,174.0,2520.0,3,2024-02-21 14:51:59.924,2024-02-21 22:06:48.450
33870,CE47,106.0,1700.0,1,2023-07-20 15:02:09.538,2023-07-20 20:53:04.005
18028,CE41B,101.0,1480.0,2,2022-02-04 04:46:08.000,2022-02-04 11:31:55.000
35635,,139.0,8580.0,20,2023-09-05 05:57:53.323,2023-09-05 13:20:11.180
12858,,143.0,9480.0,15,2021-07-16 05:55:56.000,2021-07-16 13:39:00.000
7297,CE46,94.0,2060.0,1,2020-11-10 04:46:39.000,2020-11-10 12:43:36.000
33234,CP07,85.0,3420.0,3,2023-07-03 14:57:49.543,2023-07-03 23:00:37.219
28404,CP07,84.0,2620.0,3,2023-01-25 15:25:43.843,2023-01-25 22:36:52.939
4666,CP11,149.0,2020.0,14,2020-07-11 13:52:13.000,2020-07-11 21:09:20.000
22939,CE11,144.0,2460.0,6,2022-07-26 04:51:13.000,2022-07-26 11:56:51.600
2869,CE38B,138.0,2520.0,1,2020-04-13 14:51:57.000,2020-04-13 23:40:14.000
5393,CE30B,152.0,1860.0,1,2020-08-13 04:58:50.000,2020-08-13 12:02:23.000
7183,CE30B,154.0,1480.0,1,2020-11-04 14:07:32.000,2020-11-04 21:15:18.000
10891,CE09B,108.0,1780.0,2,2021-04-29 04:43:44.000,2021-04-29 12:41:33.000
27279,CE09B,113.0,2600.0,1,2022-12-19 04:50:13.969,2022-12-19 11:54:48.277
37127,,140.0,2620.0,6,2023-10-17 15:24:35.824,2023-10-17 23:46:46.737
25221,CP35,122.0,2940.0,4,2022-10-06 04:57:05.091,2022-10-06 12:53:43.699
15465,CE12,122.0,1640.0,1,2021-10-20 05:02:22.000,2021-10-20 11:53:14.000
18718,CP11,132.0,1640.0,3,2022-03-04 14:52:05.000,2022-03-04 21:28:16.699
7275,CE39,105.0,3420.0,1,2020-11-09 15:04:11.000,2020-11-10 00:33:20.000
21781,CE41B,113.0,1880.0,1,2022-06-17 05:35:36.000,2022-06-17 13:26:32.853
12840,CE26,89.0,1980.0,2,2021-07-16 14:23:10.000,2021-07-16 23:20:34.000
15190,CP39,115.0,3860.0,1,2021-10-08 14:58:42.000,2021-10-08 23:58:03.000
1278,CE49,164.0,1760.0,1,2020-01-15 14:20:20.000,2020-01-15 21:11:43.000
3794,CE41B,109.0,1900.0,1,2020-05-29 04:37:59.000,2020-05-29 12:10:53.000
4192,CE37B,98.0,2240.0,2,2020-06-18 14:34:13.000,2020-06-18 22:04:31.000
9873,CE24,169.0,2460.0,1,2021-03-16 04:41:26.000,2021-03-16 12:02:47.000
23477,CE34,143.0,2360.0,1,2022-08-11 15:06:45.000,2022-08-11 21:17:17.079
7367,CP19,116.0,1660.0,1,2020-11-12 14:54:50.000,2020-11-12 21:38:12.000
7929,CE33,140.0,2160.0,1,2020-12-10 05:09:27.000,2020-12-10 12:16:13.000
5434,CP11,147.0,1920.0,7,2020-08-14 14:35:19.000,2020-08-15 00:03:53.000
5174,CP11,155.0,2360.0,11,2020-08-04 04:42:28.000,2020-08-04 12:56:53.000
23619,CP52,187.0,2820.0,1,2022-08-16 05:38:10.000,2022-08-16 15:04:23.881
22070,CP01,223.0,1580.0,1,2022-06-27 04:46:58.000,2022-06-27 11:56:43.479
13615,CE38B,143.0,1820.0,1,2021-08-12 14:34:15.000,2021-08-12 23:06:19.000
24335,CE16,127.0,1260.0,1,2022-09-07 04:49:29.337,2022-09-07 11:30:51.213
3270,CE09B,121.0,2440.0,2,2020-05-04 04:57:47.000,2020-05-04 12:08:25.000
28915,CE39,102.0,3640.0,1,2023-02-13 15:03:04.634,2023-02-14 00:00:40.481
32165,CE39,95.0,2620.0,1,2023-05-31 15:02:23.660,2023-05-31 22:22:59.001
29243,CP29,130.0,2380.0,1,2023-02-24 04:51:18.436,2023-02-24 12:14:19.702
33436,CP29,143.0,1940.0,1,2023-07-07 04:40:30.964,2023-07-07 11:05:35.646
3244,CP30B,164.0,2280.0,1,2020-05-01 04:51:52.000,2020-05-01 12:27:38.000
7534,CP09B,106.0,3180.0,1,2020-11-20 04:58:53.000,2020-11-20 12:00:12.000
5795,CE39,100.0,3720.0,1,2020-08-31 15:00:55.000,2020-09-01 00:07:55.000
26768,CE29,126.0,2100.0,1,2022-11-30 04:49:33.010,2022-11-30 12:50:44.239
36786,CP26,83.0,3960.0,1,2023-10-09 14:59:32.804,2023-10-09 23:31:12.653
30562,CP12,122.0,1860.0,1,2023-04-11 07:55:59.087,2023-04-11 14:20:40.930
14842,CP32,144.0,1500.0,1,2021-09-25 04:57:57.000,2021-09-25 12:10:47.000
10206,CP15,109.0,2200.0,1,2021-03-31 15:19:01.000,2021-03-31 22:42:11.000
2813,CE09B,100.0,1540.0,1,2020-04-09 05:11:33.000,2020-04-09 12:07:52.000
25057,CE39,99.0,2400.0,2,2022-09-30 14:55:37.138,2022-09-30 23:15:47.173
2629,CP02,173.0,3260.0,1,2020-03-30 15:00:05.000,2020-03-30 22:36:54.000
2836,CE35,120.0,2580.0,2,2020-04-10 04:51:29.000,2020-04-10 12:47:26.000
7273,CE21B,103.0,1780.0,1,2020-11-09 14:22:00.000,2020-11-09 23:53:55.000
13810,CE46,101.0,1800.0,1,2021-08-19 04:50:13.000,2021-08-19 12:17:08.000
13944,CE46,96.0,1660.0,1,2021-08-24 04:59:21.000,2021-08-24 11:28:18.000
19149,CE51,118.0,1500.0,1,2022-03-19 05:03:46.000,2022-03-19 12:12:00.412
3417,CP40,38.0,1280.0,2,2020-05-11 19:38:49.000,2020-05-12 00:24:08.000
6109,CP29,139.0,2820.0,2,2020-09-14 04:55:17.000,2020-09-14 14:36:22.000
10193,CE20B,137.0,1580.0,1,2021-03-31 04:42:27.000,2021-03-31 15:51:28.000
15502,CE20B,95.0,2840.0,2,2021-10-21 14:48:18.000,2021-10-21 21:36:48.000
10831,CE18B,127.0,2100.0,1,2021-04-27 14:55:21.000,2021-04-27 22:36:02.000
4081,CP02,177.0,2380.0,2,2020-06-12 15:05:59.000,2020-06-12 23:19:48.000
6209,CE50,145.0,2400.0,1,2020-09-18 14:45:17.000,2020-09-18 22:32:34.000
7197,CP29,131.0,2400.0,2,2020-11-04 05:00:11.000,2020-11-04 13:45:42.000
7850,CP07,83.0,3040.0,3,2020-12-07 15:03:26.000,2020-12-07 23:43:01.000
7589,CE41B,111.0,2880.0,2,2020-11-24 04:56:43.000,2020-11-24 13:33:55.000
12232,CE26,88.0,2320.0,3,2021-06-23 15:08:34.000,2021-06-23 21:47:05.000
15678,CE01,217.0,1420.0,1,2021-10-28 14:17:54.000,2021-10-28 21:45:35.000
12486,CP52,184.0,2480.0,1,2021-07-02 14:52:23.000,2021-07-02 22:08:01.000
1400,CP15,113.0,2100.0,1,2020-01-21 15:05:00.000,2020-01-21 22:36:28.000
14014,CP15,133.0,2840.0,1,2021-08-26 05:00:19.000,2021-08-26 11:52:12.000
10144,CE10B,79.0,2200.0,1,2021-03-29 04:41:29.000,2021-03-29 11:41:08.000
22087,CE37B,120.0,2420.0,1,2022-06-28 15:06:14.000,2022-06-28 23:22:59.459
10061,CE05,121.0,2460.0,1,2021-03-25 14:16:32.000,2021-03-25 21:59:24.000
16462,CE16,132.0,1580.0,2,2021-11-30 16:43:52.000,2021-11-30 23:59:00.000
12263,CE09B,111.0,1540.0,2,2021-06-24 05:04:10.000,2021-06-24 14:24:30.000
28635,CP18B,130.0,1960.0,1,2023-02-02 14:58:49.149,2023-02-02 22:11:59.472
4730,CE50,155.0,2360.0,1,2020-07-15 14:53:51.000,2020-07-15 21:35:02.000
36287,,189.0,3660.0,3,2023-09-22 15:01:12.653,2023-09-23 00:14:10.486
19766,CE39,107.0,2920.0,2,2022-04-11 15:01:43.000,2022-04-11 22:18:19.862
19842,CP39,111.0,4340.0,1,2022-04-13 15:21:44.000,2022-04-14 00:48:01.132
33682,CP39,113.0,3780.0,1,2023-07-14 14:58:24.695,2023-07-15 01:34:56.080
3409,CE09B,106.0,2560.0,2,2020-05-11 04:53:09.000,2020-05-11 11:23:06.000
11088,CE19,131.0,1560.0,2,2021-05-07 14:52:14.000,2021-05-07 21:51:31.000
34426,CP29,128.0,2840.0,1,2023-08-04 04:44:12.559,2023-08-04 11:54:16.803
13321,CP35,138.0,3440.0,4,2021-08-02 04:44:56.000,2021-08-02 13:50:39.000
17785,CP25B,108.0,1740.0,1,2022-01-26 04:55:59.000,2022-01-26 10:58:02.000
16186,CE01,210.0,1560.0,1,2021-11-18 14:58:43.000,2021-11-18 22:22:23.000
14257,CP26,85.0,3680.0,1,2021-09-03 14:59:19.000,2021-09-03 22:40:16.000
30000,CP18B,123.0,2240.0,1,2023-03-23 14:50:10.088,2023-03-23 21:58:00.404
23452,CP29,131.0,2360.0,1,2022-08-10 05:35:25.000,2022-08-10 12:48:22.505
4833,CP07,80.0,3080.0,3,2020-07-20 14:47:39.000,2020-07-20 21:28:47.000
13640,Óbidos CE01,136.0,1860.0,1,2021-08-13 15:07:56.000,2021-08-13 22:23:20.000
9972,CE21B,82.0,1980.0,1,2021-03-20 04:46:21.000,2021-03-20 12:56:10.000
8402,CE33,149.0,1580.0,1,2021-01-05 04:47:41.000,2021-01-05 12:13:43.000
18378,CE33,133.0,1280.0,1,2022-02-19 04:49:27.000,2022-02-19 11:35:17.716
2624,CE21B,87.0,2440.0,1,2020-03-30 15:05:55.000,2020-03-30 22:47:27.000
9301,CP40,48.0,1100.0,2,2021-02-16 19:08:04.000,2021-02-16 22:37:49.000
7868,CE20B,92.0,2200.0,1,2020-12-08 14:44:07.000,2020-12-08 22:51:20.000
8061,CE09B,108.0,1760.0,2,2020-12-17 05:02:14.000,2020-12-17 13:48:48.000
1415,CE26,93.0,2040.0,1,2020-01-22 14:38:09.000,2020-01-22 22:24:15.000
4932,Óbidos CESexta,114.0,1620.0,1,2020-07-24 05:03:25.000,2020-07-24 12:13:02.000
18208,CE01,218.0,2300.0,1,2022-02-12 05:01:15.000,2022-02-12 12:01:11.000
18614,CP12,130.0,2100.0,1,2022-03-01 04:48:36.000,2022-03-01 13:14:48.398
11728,CP23,175.0,1840.0,1,2021-06-02 14:43:48.000,2021-06-02 22:07:02.000
13883,CE19,111.0,2060.0,1,2021-08-21 04:52:29.000,2021-08-21 11:52:25.000
5308,CP35,128.0,3720.0,2,2020-08-08 04:48:45.000,2020-08-08 13:36:36.000
12650,CE27,132.0,1920.0,1,2021-07-09 04:48:47.000,2021-07-09 12:43:29.000
20463,CP26,89.0,3620.0,1,2022-05-04 15:09:59.000,2022-05-05 00:10:18.161
25854,CP26,90.0,3860.0,1,2022-10-28 14:55:57.189,2022-10-28 23:01:23.378
42059,,131.0,2400.0,1,2024-03-04 14:52:56.902,2024-03-04 22:00:13.025
25504,CE09B,114.0,2560.0,1,2022-10-17 05:01:45.836,2022-10-17 13:26:48.112
5532,CP29,131.0,2680.0,2,2020-08-19 05:04:45.000,2020-08-19 13:15:03.000
12422,CP35,139.0,2780.0,4,2021-06-30 04:58:19.000,2021-06-30 12:49:55.000
28871,CP29,148.0,2900.0,1,2023-02-10 05:09:17.079,2023-02-10 12:49:05.042
3237,Óbidos CESexta,110.0,1660.0,1,2020-05-01 05:02:28.000,2020-05-01 11:09:24.000
23966,CP39,149.0,3040.0,1,2022-08-26 14:57:52.000,2022-08-27 02:38:54.550
20893,CE09B,107.0,1680.0,1,2022-05-19 05:38:18.000,2022-05-19 12:17:15.018
4380,CP07,78.0,2300.0,4,2020-06-26 14:50:52.000,2020-06-26 20:51:16.000
7469,CE39,81.0,2040.0,1,2020-11-18 15:04:39.000,2020-11-18 22:09:30.000
7380,CE41B,113.0,1780.0,2,2020-11-13 04:46:14.000,2020-11-13 13:07:20.000
29162,CP26,91.0,3100.0,1,2023-02-22 04:57:20.574,2023-02-22 12:51:37.636
20467,CP12,126.0,1540.0,1,2022-05-04 05:03:17.000,2022-05-04 13:29:39.571
2277,CE27,126.0,1740.0,1,2020-03-10 04:31:06.000,2020-03-10 11:34:41.000
4914,CE09B,116.0,1620.0,2,2020-07-23 04:57:20.000,2020-07-23 12:24:44.000
21019,CE04,71.0,1460.0,1,2022-05-23 10:31:14.000,2022-05-23 14:29:35.201
27004,CP18B,134.0,2520.0,1,2022-12-08 14:38:02.487,2022-12-08 21:29:07.828
40537,CP18B,123.0,2820.0,1,2024-01-23 04:58:45.191,2024-01-23 12:17:15.089
9192,CP07,83.0,2080.0,2,2021-02-10 15:25:55.000,2021-02-11 02:02:25.000
15759,CE27,124.0,1760.0,1,2021-11-01 04:58:18.000,2021-11-01 11:26:56.000
24147,CP42,194.0,2040.0,1,2022-09-01 15:16:25.000,2022-09-02 00:42:01.779
2834,CE19,123.0,2680.0,1,2020-04-10 14:40:58.000,2020-04-10 22:50:57.000
7496,CE19,117.0,1480.0,1,2020-11-19 15:03:15.000,2020-11-20 00:01:20.000
8688,CE41B,118.0,2760.0,2,2021-01-19 04:41:37.000,2021-01-19 12:38:52.000
10038,CE37B,108.0,2220.0,2,2021-03-24 14:45:42.000,2021-03-24 21:36:12.000
9222,CE24,160.0,2160.0,1,2021-02-12 05:03:50.000,2021-02-12 11:03:39.000
6094,CE31,211.0,2220.0,2,2020-09-14 04:32:45.000,2020-09-14 13:30:28.000
17763,CP28,168.0,2040.0,1,2022-01-25 04:45:11.000,2022-01-25 18:08:36.304
10167,CE15,121.0,1760.0,1,2021-03-30 20:57:44.000,2021-03-30 22:31:36.000
27533,CE20B,106.0,3460.0,1,2022-12-27 15:04:26.573,2022-12-28 01:29:01.922
6375,CP35,126.0,2440.0,1,2020-09-26 04:56:01.000,2020-09-26 12:16:26.000
27030,CP07,84.0,2960.0,1,2022-12-09 14:54:57.344,2022-12-09 22:29:50.773
1924,CE46,100.0,1500.0,1,2020-02-19 05:04:42.000,2020-02-19 12:48:23.000
20663,CP11,142.0,980.0,3,2022-05-11 04:36:20.000,2022-05-11 11:57:40.286
17846,,137.0,9360.0,2,2022-01-27 06:06:45.000,2022-01-27 12:50:01.000
4204,CP28,171.0,2820.0,2,2020-06-18 04:59:09.000,2020-06-18 12:22:17.000
19910,CE11,144.0,1240.0,4,2022-04-15 14:33:03.000,2022-04-15 21:21:56.445
3413,CE46,93.0,2760.0,1,2020-05-11 04:50:21.000,2020-05-11 12:59:39.000
6942,CE07,80.0,1420.0,1,2020-10-23 04:28:52.000,2020-10-23 10:37:58.000
17900,CE24,173.0,1860.0,1,2022-01-31 04:45:58.000,2022-01-31 12:51:14.000
2712,CE19,124.0,1420.0,2,2020-04-03 04:57:46.000,2020-04-03 12:13:59.000
27018,CP35,129.0,3060.0,2,2022-12-08 05:02:09.371,2022-12-08 14:33:48.894
40448,,140.0,3420.0,1,2024-01-19 14:55:36.790,2024-01-19 23:11:53.287
2764,,116.0,9840.0,1,2020-04-06 14:48:46.000,2020-04-06 22:20:01.000
4671,CE20B,90.0,1880.0,2,2020-07-13 04:18:28.000,2020-07-13 09:55:24.000
41036,,165.0,2200.0,1,2024-02-05 15:03:05.965,2024-02-05 23:18:05.654
9662,CE19,108.0,1940.0,1,2021-03-05 14:46:56.000,2021-03-05 22:01:16.000
6558,CE41B,105.0,2820.0,1,2020-10-06 05:00:19.000,2020-10-06 12:30:28.000
4094,CE21B,80.0,2200.0,1,2020-06-13 05:07:43.000,2020-06-13 11:25:37.000
33692,,190.0,8820.0,1,2023-07-14 15:02:01.773,2023-07-14 22:19:58.116
4463,CP07,76.0,2760.0,2,2020-07-01 14:42:11.000,2020-07-01 21:32:21.000
23976,,147.0,9320.0,2,2022-08-25 15:05:59.000,2022-08-25 21:33:38.689
5291,CP41B,105.0,3480.0,1,2020-08-10 04:30:28.000,2020-08-10 12:21:02.000
1493,CP03,107.0,2540.0,1,2020-01-27 05:06:31.000,2020-01-27 12:03:53.000
33636,CP15,156.0,2200.0,1,2023-07-13 11:17:32.470,2023-07-13 11:18:37.846
12648,CE11,144.0,2000.0,4,2021-07-09 14:57:47.000,2021-07-10 00:03:14.000
9257,CE05,115.0,2500.0,1,2021-02-15 15:00:29.000,2021-02-15 21:37:33.000
25447,CP07,85.0,2760.0,3,2022-10-14 04:51:06.966,2022-10-14 13:09:22.143
2710,CE41B,96.0,1880.0,1,2020-04-03 04:49:17.000,2020-04-03 11:10:21.000
28260,,63.0,1520.0,1,2023-01-19 14:48:30.790,2023-01-19 22:09:00.128
27967,CE46,95.0,1020.0,1,2023-01-11 05:05:13.209,2023-01-11 11:21:00.559
8837,CE15,110.0,1640.0,1,2021-01-26 05:07:39.000,2021-01-26 11:41:16.000
1104,CP35,82.0,3520.0,1,2020-01-06 04:49:50.000,2020-01-06 11:39:59.000
23525,CE41B,107.0,1920.0,2,2022-08-12 05:00:35.000,2022-08-12 11:42:20.552
7031,CE07,85.0,2360.0,1,2020-10-28 04:37:06.000,2020-10-28 15:50:35.000
4048,CE37B,77.0,1360.0,1,2020-06-11 13:45:48.000,2020-06-11 18:13:31.000
6829,CE09B,106.0,2200.0,2,2020-10-19 05:08:59.000,2020-10-19 12:09:51.000
10169,CE34,149.0,2320.0,1,2021-03-30 20:50:47.000,2021-03-30 22:58:30.000
12187,CP08,188.0,1880.0,1,2021-06-21 04:47:19.000,2021-06-21 11:53:41.000
5855,CP01,246.0,1560.0,1,2020-09-02 14:34:14.000,2020-09-02 21:55:06.000
11119,CP31,268.0,2300.0,1,2021-05-08 04:49:34.000,2021-05-08 14:05:59.000
6120,CE38B,145.0,1500.0,1,2020-09-15 15:12:23.000,2020-09-15 23:09:51.000
6058,CE07,83.0,1120.0,1,2020-09-11 04:53:13.000,2020-09-11 12:13:22.000
10090,CE07,85.0,1800.0,1,2021-03-26 04:24:22.000,2021-03-26 11:36:58.000
27736,CE30B,133.0,1920.0,1,2023-01-03 15:02:45.059,2023-01-03 22:01:53.008
8771,CE24,169.0,2300.0,1,2021-01-22 05:01:00.000,2021-01-22 12:13:30.000
15323,CE20B,91.0,2220.0,2,2021-10-14 04:49:17.000,2021-10-14 11:56:00.000
7304,CE20B,93.0,2440.0,1,2020-11-10 15:02:29.000,2020-11-10 21:39:16.000
35619,CE20B,100.0,3440.0,1,2023-09-05 04:51:06.819,2023-09-05 11:20:48.937
4436,CP34,148.0,2580.0,1,2020-06-30 15:05:01.000,2020-06-30 22:14:29.000
36553,CP35,125.0,3040.0,2,2023-10-02 04:38:25.735,2023-10-02 12:19:36.319
3577,CP32,178.0,1080.0,1,2020-05-19 05:04:36.000,2020-05-19 12:17:09.000
3496,CP33,141.0,1960.0,1,2020-05-14 14:56:21.000,2020-05-14 21:27:29.000
21339,CP15,109.0,1520.0,1,2022-06-02 14:57:01.000,2022-06-02 21:59:22.582
40266,,126.0,3380.0,1,2024-01-15 15:00:14.932,2024-01-15 21:47:35.757
1511,CE31,229.0,3020.0,1,2020-01-28 14:53:43.000,2020-01-28 23:42:37.000
17764,CP40,46.0,1180.0,1,2022-01-25 19:04:38.000,2022-01-25 22:31:23.000
2349,CE07,80.0,1020.0,1,2020-03-13 04:53:55.000,2020-03-13 11:37:39.000
25017,CE50,149.0,1800.0,1,2022-09-29 14:58:37.191,2022-09-29 21:26:43.569
3071,CE09B,99.0,1320.0,2,2020-04-23 05:03:07.000,2020-04-23 11:31:46.000
14864,CE08,200.0,2040.0,1,2021-09-27 14:56:39.000,2021-09-27 22:38:48.000
10055,CP28,163.0,2420.0,1,2021-03-24 04:58:18.000,2021-03-24 11:30:43.000
5490,,189.0,10660.0,1,2020-08-17 06:02:53.000,2020-08-17 12:46:00.000
14207,,146.0,10880.0,1,2021-09-01 15:47:31.000,2021-09-01 23:23:26.000
27335,,149.0,8540.0,1,2022-12-19 15:38:31.108,2022-12-19 23:42:43.308
22311,CP40,45.0,1420.0,1,2022-07-05 20:53:04.000,2022-07-06 02:03:58.608
19999,CE15,111.0,1660.0,1,2022-04-19 15:07:35.000,2022-04-19 21:34:31.079
6626,CP36,125.0,1900.0,1,2020-10-08 05:00:34.000,2020-10-08 12:27:12.000
2047,CP14,139.0,2080.0,1,2020-02-26 15:03:00.000,2020-02-26 21:16:14.000
8453,CE09B,108.0,1420.0,2,2021-01-07 04:48:12.000,2021-01-07 12:18:40.000
10725,CE09B,108.0,1680.0,2,2021-04-22 04:57:07.000,2021-04-22 12:42:14.000
31641,CP35,122.0,1820.0,3,2023-05-15 04:52:40.991,2023-05-15 11:09:51.770
35548,CP35,128.0,2620.0,2,2023-09-04 04:46:10.125,2023-09-04 12:31:12.821
5890,,211.0,10100.0,2,2020-09-03 05:52:51.000,2020-09-03 12:52:05.000
18422,,142.0,10420.0,1,2022-02-21 14:52:38.000,2022-02-21 21:28:42.689
23880,CE04,106.0,1480.0,1,2022-08-24 14:21:49.000,2022-08-24 21:38:08.703
11390,CP11,149.0,1280.0,2,2021-05-19 14:32:44.000,2021-05-19 21:08:06.000
2163,CP10B,82.0,1960.0,1,2020-03-03 04:56:06.000,2020-03-03 10:31:44.000
9894,CE37B,92.0,2360.0,2,2021-03-17 14:56:46.000,2021-03-17 22:03:49.000
6356,CE24,196.0,2440.0,1,2020-09-25 14:50:38.000,2020-09-25 22:16:21.000
14189,CP28,199.0,1840.0,1,2021-09-01 04:58:40.000,2021-09-01 14:15:03.000
19622,CP28,168.0,2880.0,1,2022-04-05 04:54:06.000,2022-04-05 12:25:31.591
23442,CE04,105.0,1080.0,1,2022-08-10 14:30:59.000,2022-08-10 21:36:23.595
11013,CP40,41.0,1560.0,2,2021-05-04 22:44:31.000,2021-05-05 01:28:26.000
15081,CE15,113.0,1260.0,1,2021-10-05 04:56:16.000,2021-10-05 11:13:15.000
16779,CE15,104.0,1460.0,1,2021-12-14 14:33:53.000,2021-12-14 21:50:44.000
6254,,141.0,8400.0,1,2020-09-21 05:58:11.000,2020-09-21 13:19:13.000
3610,CP02,185.0,2960.0,2,2020-05-20 15:13:13.000,2020-05-21 00:11:14.000
4842,CP41B,109.0,3960.0,1,2020-07-20 04:49:36.000,2020-07-20 12:40:33.000
1807,CP49,165.0,1660.0,1,2020-02-12 14:30:45.000,2020-02-12 20:39:57.000
1896,CP03,101.0,2060.0,1,2020-02-17 04:48:35.000,2020-02-17 12:40:33.000
30413,CP15,106.0,2260.0,1,2023-04-06 14:33:56.263,2023-04-06 21:15:12.829
4120,CP01,223.0,1720.0,1,2020-06-15 14:42:42.000,2020-06-16 00:26:20.000
33818,CE38B,140.0,1960.0,1,2023-07-19 15:01:37.983,2023-07-19 22:13:15.866
1754,CE26,71.0,3420.0,2,2020-02-10 14:31:53.000,2020-02-10 23:15:00.000
27822,CP18B,129.0,2140.0,1,2023-01-05 04:44:58.471,2023-01-05 13:04:03.206
12564,CE40,52.0,1340.0,1,2021-07-06 15:01:51.000,2021-07-06 17:55:44.000
6646,CP30B,162.0,2000.0,1,2020-10-09 14:22:30.000,2020-10-09 20:48:08.000
13457,CP07,59.0,3040.0,4,2021-08-06 15:13:50.000,2021-08-06 21:18:29.000
21728,,129.0,10520.0,1,2022-06-15 06:03:05.000,2022-06-15 13:13:51.373
25342,CE15,100.0,1440.0,1,2022-10-11 05:03:04.146,2022-10-11 11:47:30.299
2653,CP34,143.0,3460.0,1,2020-03-31 14:58:56.000,2020-03-31 20:55:07.000
25222,CP32,146.0,2720.0,1,2022-10-06 04:57:18.081,2022-10-06 13:06:10.289
17633,CP52,196.0,1840.0,1,2022-01-19 14:54:51.000,2022-01-19 21:31:40.000
16847,CE37B,96.0,2080.0,2,2021-12-16 15:01:17.000,2021-12-16 22:17:42.000
1198,CE41B,104.0,1500.0,1,2020-01-10 04:33:44.000,2020-01-10 11:32:27.000
2085,CE31,224.0,2660.0,1,2020-02-28 15:04:11.000,2020-02-29 01:47:38.000
20044,CP11,144.0,1480.0,4,2022-04-20 15:39:35.000,2022-04-20 22:20:17.922
5730,CP50,191.0,3240.0,1,2020-08-27 17:39:06.000,2020-08-28 02:31:18.000
29421,CE46,91.0,1080.0,1,2023-03-03 04:53:35.103,2023-03-03 11:36:13.944
17114,CP40,51.0,2040.0,1,2021-12-28 14:45:41.000,2021-12-28 18:57:52.000
22519,CP35,101.0,1000.0,1,2022-07-12 08:02:24.000,2022-07-12 12:34:35.859
1952,CP36,126.0,2060.0,1,2020-02-20 04:51:11.000,2020-02-20 12:22:06.000
3773,CP41B,115.0,2680.0,1,2020-05-28 04:32:34.000,2020-05-28 12:53:48.000
3034,CP49,171.0,2480.0,1,2020-04-21 14:33:50.000,2020-04-21 20:30:54.000
21530,CE16,118.0,1940.0,2,2022-06-09 04:47:59.000,2022-06-09 11:33:53.866
17168,CE09B,108.0,1720.0,1,2021-12-30 04:59:26.000,2021-12-30 12:52:47.000
17650,CE04,110.0,2120.0,1,2022-01-20 05:03:22.000,2022-01-20 13:04:39.000
15528,CE19,97.0,1700.0,2,2021-10-22 14:18:17.000,2021-10-22 20:57:14.000
35891,CP05,131.0,2660.0,1,2023-09-12 15:03:20.369,2023-09-13 00:16:31.239
27031,CP26,86.0,3420.0,1,2022-12-09 14:54:58.736,2022-12-09 23:06:39.146
36658,CP12,126.0,1960.0,1,2023-10-04 04:47:34.254,2023-10-04 12:43:00.373
16129,CE40,50.0,1400.0,2,2021-11-16 14:12:04.000,2021-11-16 18:10:09.000
34692,CE21B,101.0,2300.0,1,2023-08-11 14:28:10.381,2023-08-11 22:19:15.427
20696,CE34,145.0,1880.0,1,2022-05-12 14:55:59.000,2022-05-12 22:13:53.529
5879,CE33,143.0,1520.0,1,2020-09-03 14:54:59.000,2020-09-03 21:44:26.000
12411,CE33,147.0,2620.0,1,2021-06-30 14:51:04.000,2021-06-30 23:12:48.000
2219,CE21B,86.0,1820.0,1,2020-03-06 15:02:17.000,2020-03-06 21:51:11.000
18595,CE15,104.0,1680.0,1,2022-03-01 14:20:58.000,2022-03-01 20:30:10.005
5025,CP15,109.0,1360.0,1,2020-07-28 14:58:49.000,2020-07-28 21:21:26.000
4197,CE30B,166.0,1820.0,1,2020-06-18 14:48:18.000,2020-06-18 23:14:20.000
14145,CE30B,137.0,2060.0,2,2021-08-31 15:04:07.000,2021-08-31 23:12:05.000
5882,CP43,121.0,2060.0,4,2020-09-03 14:57:12.000,2020-09-03 21:12:07.000
5571,CP23,178.0,3760.0,1,2020-08-20 05:04:46.000,2020-08-20 13:09:48.000
3440,CP09B,100.0,1940.0,1,2020-05-12 04:48:44.000,2020-05-12 09:59:18.000
4664,CP33,157.0,1940.0,2,2020-07-11 05:04:01.000,2020-07-11 13:09:17.000
24908,Óbidos CE01,156.0,1720.0,1,2022-09-26 05:06:52.493,2022-09-26 14:33:02.217
26502,CP26,86.0,4560.0,1,2022-11-21 14:53:40.403,2022-11-21 23:20:50.287
41450,,113.0,2020.0,1,2024-02-15 15:07:13.165,2024-02-15 22:54:58.937
17502,CE19,103.0,1120.0,2,2022-01-14 14:50:00.000,2022-01-14 20:52:08.000
8922,CE19,121.0,1440.0,1,2021-01-29 05:11:49.000,2021-01-29 12:21:40.000
33117,,139.0,1580.0,3,2023-06-28 15:19:00.566,2023-06-28 22:29:20.197
9108,CE07,91.0,2240.0,1,2021-02-08 14:40:33.000,2021-02-08 23:02:16.000
28554,CE20B,99.0,3000.0,1,2023-01-31 14:55:13.233,2023-01-31 22:13:37.818
26561,CE18B,132.0,1980.0,1,2022-11-23 04:55:28.159,2022-11-23 12:02:34.553
12188,CP07,75.0,1880.0,3,2021-06-21 15:09:20.000,2021-06-21 22:04:10.000
1140,CP09B,104.0,2800.0,1,2020-01-07 04:50:18.000,2020-01-07 11:22:21.000
18339,CP36,137.0,2080.0,1,2022-02-17 14:59:06.000,2022-02-17 22:12:38.832
21982,CE19,106.0,1380.0,2,2022-06-24 14:59:26.000,2022-06-24 21:45:11.905
8370,Óbidos CE02,133.0,1520.0,1,2021-01-04 05:01:53.000,2021-01-04 13:00:15.000
6115,CE12,121.0,2380.0,1,2020-09-15 05:01:30.000,2020-09-15 12:37:12.000
31642,CP05,129.0,2920.0,1,2023-05-15 15:12:29.664,2023-05-15 23:39:05.780
7807,CE07,81.0,1620.0,1,2020-12-04 04:41:57.000,2020-12-04 11:49:19.000
5772,CE34,166.0,2140.0,1,2020-08-29 05:02:57.000,2020-08-29 14:18:33.000
3676,CP50,137.0,2040.0,1,2020-05-23 05:01:08.000,2020-05-23 12:53:55.000
33914,CE33,142.0,980.0,1,2023-07-21 14:59:23.061,2023-07-21 21:31:05.753
22322,CE46,93.0,1580.0,1,2022-07-06 15:03:05.000,2022-07-06 21:53:44.504
17647,CE51,118.0,2540.0,1,2022-01-20 15:00:24.000,2022-01-20 22:13:52.000
22434,,161.0,8700.0,1,2022-07-08 05:59:19.000,2022-07-08 13:42:50.506
10498,CE15,106.0,2140.0,1,2021-04-13 14:58:27.000,2021-04-13 21:07:52.000
27291,CP07,83.0,3600.0,3,2022-12-19 14:39:46.042,2022-12-19 21:26:34.497
22702,CP07,103.0,1860.0,2,2022-07-18 15:26:21.000,2022-07-19 02:37:36.270
12444,CE38B,206.0,1800.0,1,2021-07-01 14:41:47.000,2021-07-02 01:47:03.000
2619,CE12,122.0,1460.0,1,2020-03-30 15:17:04.000,2020-03-30 21:47:47.000
14251,CE39,106.0,2540.0,1,2021-09-03 14:51:20.000,2021-09-03 21:40:48.000
14872,CE39,103.0,2900.0,1,2021-09-27 14:58:29.000,2021-09-27 23:22:48.000
13583,CE29,131.0,3000.0,1,2021-08-11 05:02:17.000,2021-08-11 12:47:58.000
29245,CP39,115.0,4180.0,1,2023-02-24 05:00:04.863,2023-02-24 13:53:37.650
36492,CP26,121.0,4600.0,1,2023-09-29 14:58:34.751,2023-09-29 23:51:03.082
36650,CP26,87.0,4240.0,1,2023-10-04 14:58:59.947,2023-10-04 22:40:08.140
23849,CP31,212.0,2080.0,1,2022-08-23 14:36:41.000,2022-08-23 22:39:38.310
38700,,144.0,7520.0,1,2023-11-30 05:40:26.022,2023-11-30 12:28:02.091
11782,CE21B,82.0,2580.0,1,2021-06-04 04:52:41.000,2021-06-04 11:31:30.000
1928,CE33,150.0,1620.0,1,2020-02-19 04:31:34.000,2020-02-19 12:42:09.000
18280,CP40,45.0,1280.0,1,2022-02-15 18:40:26.000,2022-02-15 22:07:31.255
39933,,161.0,2540.0,2,2024-01-04 14:46:07.729,2024-01-04 23:13:52.697
6597,CP02,186.0,2660.0,1,2020-10-07 15:11:01.000,2020-10-07 23:12:26.000
27984,CP32,143.0,1880.0,1,2023-01-11 04:41:59.145,2023-01-11 11:30:51.977
6714,CE38B,164.0,1800.0,1,2020-10-13 04:59:06.000,2020-10-13 14:30:55.000
13414,CE38B,141.0,2380.0,1,2021-08-05 14:58:18.000,2021-08-05 22:21:42.000
12383,CE05,120.0,2160.0,1,2021-06-29 14:21:01.000,2021-06-29 22:03:52.000
26411,CE09B,105.0,1580.0,1,2022-11-17 05:03:34.494,2022-11-17 12:45:24.696
17906,CE39,102.0,2760.0,1,2022-01-31 15:00:42.000,2022-01-31 23:22:15.000
8749,CE43,118.0,1880.0,1,2021-01-21 15:02:40.000,2021-01-21 21:45:24.000
8661,Óbidos CE02,111.0,1460.0,1,2021-01-18 14:43:02.000,2021-01-18 21:27:00.000
13910,CE27,138.0,1960.0,1,2021-08-23 14:57:26.000,2021-08-23 21:25:55.000
20454,CE35,124.0,1660.0,1,2022-05-04 04:59:02.000,2022-05-04 12:06:08.189
27478,CP26,63.0,3440.0,1,2022-12-23 18:57:56.152,2022-12-24 00:24:10.784
5225,CE09B,113.0,1620.0,1,2020-08-06 04:44:56.000,2020-08-06 12:25:46.000
6035,CE09B,102.0,1100.0,1,2020-09-10 05:07:11.000,2020-09-10 11:31:48.000
26803,CE09B,109.0,1460.0,1,2022-12-01 05:05:32.159,2022-12-01 12:13:25.853
3456,CE50,141.0,2280.0,1,2020-05-13 15:02:16.000,2020-05-13 21:34:15.000
26370,CP26,88.0,3560.0,1,2022-11-16 15:06:22.160,2022-11-17 00:10:18.445
36033,CP26,86.0,3960.0,1,2023-09-15 15:05:01.802,2023-09-15 23:28:02.048
1921,CE07,79.0,2020.0,1,2020-02-19 14:57:30.000,2020-02-19 22:58:17.000
7607,CE07,88.0,4100.0,1,2020-11-25 04:51:40.000,2020-11-25 13:16:33.000
1705,CE09B,105.0,1460.0,2,2020-02-06 04:53:56.000,2020-02-06 11:20:41.000
27033,CP12,125.0,1520.0,1,2022-12-09 05:05:05.157,2022-12-09 11:36:18.913
6059,CE41B,114.0,1680.0,1,2020-09-11 04:22:20.000,2020-09-11 12:20:47.000
3162,CE17B,89.0,1960.0,1,2020-04-28 14:57:18.000,2020-04-28 22:28:55.000
13574,CE12,133.0,2160.0,1,2021-08-11 05:26:43.000,2021-08-11 13:35:58.000
17791,CP05,121.0,1440.0,1,2022-01-26 05:00:49.000,2022-01-26 11:28:48.000
18324,CE16,127.0,1480.0,2,2022-02-17 14:49:32.000,2022-02-17 21:03:11.697
4218,CE07,80.0,1580.0,1,2020-06-19 15:05:12.000,2020-06-19 22:47:17.000
32452,CP15,120.0,1500.0,1,2023-06-08 04:46:14.452,2023-06-08 12:05:19.068
7684,CE04,105.0,1500.0,1,2020-11-28 04:53:33.000,2020-11-28 12:51:37.000
2917,CE26,87.0,2180.0,1,2020-04-15 14:55:57.000,2020-04-15 21:24:06.000
39614,CP18B,127.0,3380.0,1,2023-12-27 04:55:13.947,2023-12-27 13:47:17.700
9631,CE12,136.0,1980.0,1,2021-03-04 04:40:42.000,2021-03-04 12:07:20.000
11489,CP12,139.0,3240.0,2,2021-05-24 05:00:58.000,2021-05-24 15:03:27.000
22547,CP12,125.0,2100.0,1,2022-07-13 05:12:24.000,2022-07-13 12:06:51.094
2727,CE46,98.0,1320.0,1,2020-04-04 04:57:10.000,2020-04-04 11:39:33.000
8179,CE07,84.0,2660.0,1,2020-12-23 15:01:52.000,2020-12-23 22:53:51.000
25657,CP29,145.0,3420.0,1,2022-10-21 04:49:59.216,2022-10-21 14:09:08.163
28043,CP12,127.0,1900.0,1,2023-01-12 04:54:30.700,2023-01-12 12:13:10.817
24937,CE10B,80.0,2640.0,1,2022-09-27 14:57:53.037,2022-09-27 20:57:53.286
9072,CE19,113.0,1880.0,1,2021-02-05 15:02:12.000,2021-02-05 21:41:18.000
16817,CE30B,132.0,1640.0,2,2021-12-15 14:58:18.000,2021-12-15 23:43:02.000
2423,CE24,172.0,1700.0,1,2020-03-18 04:34:37.000,2020-03-18 12:52:45.000
15700,CE24,170.0,2540.0,1,2021-10-29 05:04:12.000,2021-10-29 12:10:08.000
12932,CE40,64.0,1320.0,1,2021-07-20 14:37:01.000,2021-07-20 18:48:02.000
17060,Óbidos CE02,128.0,1780.0,1,2021-12-27 15:00:56.000,2021-12-27 23:29:39.000
2872,CP30B,161.0,1620.0,1,2020-04-13 14:26:11.000,2020-04-13 23:51:13.000
30412,CP29,132.0,3080.0,1,2023-04-06 04:51:03.671,2023-04-06 14:09:48.424
4852,CE12,143.0,2140.0,1,2020-07-21 04:38:05.000,2020-07-21 11:05:22.000
18759,Óbidos CE01,144.0,1660.0,1,2022-03-07 15:08:08.000,2022-03-07 23:38:32.586
26241,CP26,88.0,3300.0,1,2022-11-11 15:01:40.803,2022-11-11 23:54:52.594
28918,CP26,86.0,4380.0,1,2023-02-13 14:59:55.980,2023-02-14 01:25:50.419
19805,CE40,51.0,1200.0,2,2022-04-12 15:02:17.000,2022-04-12 18:03:08.808
3119,CE07,79.0,2220.0,1,2020-04-25 05:08:45.000,2020-04-25 12:22:57.000
5449,CE34,142.0,2080.0,1,2020-08-15 05:02:08.000,2020-08-15 13:50:27.000
22619,CE34,144.0,2200.0,1,2022-07-14 15:27:09.000,2022-07-14 23:49:41.167
5896,Óbidos CESexta,110.0,1320.0,1,2020-09-04 05:02:00.000,2020-09-04 11:50:52.000
17720,CE12,129.0,1560.0,1,2022-01-24 04:57:51.000,2022-01-24 12:57:34.000
30103,CE16,134.0,2020.0,1,2023-03-28 14:54:53.717,2023-03-28 22:14:49.851
34232,CP26,82.0,4300.0,1,2023-07-31 15:08:40.702,2023-07-31 23:25:58.114
27368,CP12,123.0,1660.0,1,2022-12-21 04:58:14.198,2022-12-21 12:23:10.224
12449,CE12,123.0,2260.0,1,2021-07-01 04:39:53.000,2021-07-01 12:53:15.000
17615,CE12,135.0,1280.0,1,2022-01-19 04:48:59.000,2022-01-19 12:37:14.000
19629,CE35,122.0,1900.0,1,2022-04-05 05:03:01.000,2022-04-05 12:03:53.722
27654,CP05,125.0,2080.0,1,2022-12-30 15:02:35.180,2022-12-31 00:14:25.664
20789,CP39,108.0,3940.0,1,2022-05-16 15:12:00.000,2022-05-16 23:16:54.882
21645,CP39,114.0,3700.0,1,2022-06-13 14:39:06.000,2022-06-13 23:34:07.424
32326,CP26,84.0,3740.0,1,2023-06-05 15:10:05.849,2023-06-05 22:52:39.185
27963,,57.0,2940.0,1,2023-01-10 14:56:37.622,2023-01-10 22:11:48.201
36218,CE33,142.0,1920.0,1,2023-09-21 14:42:38.218,2023-09-21 21:27:29.786
7627,,147.0,7980.0,1,2020-11-25 06:05:08.000,2020-11-25 13:02:56.000
22103,CP40,40.0,1100.0,1,2022-06-28 19:51:56.000,2022-06-29 00:05:46.309
1523,CP34,147.0,3360.0,1,2020-01-28 14:51:26.000,2020-01-28 21:18:32.000
15589,CP35,122.0,2220.0,2,2021-10-25 05:10:05.000,2021-10-25 12:56:29.000
11105,CP32,153.0,1700.0,1,2021-05-07 04:34:33.000,2021-05-07 12:35:30.000
5650,CP10B,83.0,2420.0,1,2020-08-24 15:01:26.000,2020-08-24 21:40:25.000
17128,CE38B,137.0,2620.0,1,2021-12-29 14:55:09.000,2021-12-29 22:54:04.000
24690,,75.0,7380.0,1,2022-09-16 20:04:11.759,2022-09-16 23:22:10.291
15408,CP52,180.0,2280.0,1,2021-10-18 05:01:44.000,2021-10-18 12:08:12.000
2068,CE09B,105.0,1600.0,2,2020-02-27 04:36:56.000,2020-02-27 11:36:37.000
5387,,237.0,10720.0,1,2020-08-12 15:02:02.000,2020-08-12 23:30:39.000
6828,CE51,127.0,2040.0,1,2020-10-19 14:49:22.000,2020-10-19 21:15:12.000
16473,CP40,52.0,1760.0,1,2021-11-30 15:05:40.000,2021-11-30 19:10:00.000
4376,CP29,127.0,3640.0,1,2020-06-26 04:41:49.000,2020-06-26 12:56:28.000
25032,CP31,253.0,2720.0,1,2022-09-29 14:56:37.942,2022-09-30 01:17:55.349
4904,CE21B,97.0,2320.0,1,2020-07-23 22:05:11.000,2020-07-23 22:12:35.000
18636,CE46,91.0,1740.0,1,2022-03-02 04:41:16.000,2022-03-02 13:31:08.046
17757,CE18B,126.0,1920.0,1,2022-01-25 05:01:31.000,2022-01-25 18:08:32.266
13331,,177.0,9540.0,1,2021-08-02 05:58:33.000,2021-08-02 13:38:33.000
8585,CP15,112.0,2000.0,1,2021-01-13 04:56:38.000,2021-01-13 11:38:17.000
3952,CE51,115.0,1780.0,1,2020-06-06 04:57:01.000,2020-06-06 11:52:36.000
31686,CP40,50.0,1520.0,1,2023-05-16 19:22:54.079,2023-05-16 23:49:56.096
9241,CP02,172.0,2300.0,1,2021-02-12 04:54:33.000,2021-02-12 11:38:09.000
5507,CP36,128.0,1860.0,1,2020-08-18 15:06:19.000,2020-08-18 23:16:08.000
4590,CE50,141.0,1700.0,1,2020-07-08 14:53:27.000,2020-07-08 21:43:29.000
2461,CP19,126.0,1760.0,1,2020-03-19 04:50:53.000,2020-03-19 13:03:17.000
4770,CP19,116.0,2200.0,1,2020-07-16 15:23:33.000,2020-07-16 23:06:48.000
8107,CE46,93.0,1620.0,1,2020-12-19 04:47:47.000,2020-12-19 12:15:25.000
22399,CE04,107.0,780.0,1,2022-07-08 04:36:41.000,2022-07-08 11:41:49.578
25647,CE46,94.0,1300.0,1,2022-10-21 04:55:49.104,2022-10-21 11:37:14.265
7948,CE51,122.0,2240.0,1,2020-12-11 04:52:40.000,2020-12-11 13:36:05.000
21890,CP40,46.0,1240.0,1,2022-06-21 19:39:57.000,2022-06-21 23:16:45.005
17136,CP35,122.0,2900.0,1,2021-12-29 04:55:58.000,2021-12-29 11:59:08.000
14700,CP08,188.0,1860.0,1,2021-09-20 14:50:01.000,2021-09-20 22:34:46.000
9591,CP11,134.0,2180.0,1,2021-03-02 14:55:28.000,2021-03-02 21:50:15.000
5924,CE17B,100.0,1880.0,1,2020-09-05 04:51:46.000,2020-09-05 13:12:11.000
18873,CE37B,92.0,1900.0,1,2022-03-10 05:05:17.000,2022-03-10 11:36:57.048
17722,CE09B,105.0,2260.0,1,2022-01-24 05:01:44.000,2022-01-24 12:27:06.000
24769,CE39,88.0,2040.0,1,2022-09-21 14:53:36.818,2022-09-21 22:07:59.138
9160,CE31,227.0,1400.0,1,2021-02-09 15:21:43.000,2021-02-10 01:14:57.000
13544,CE08,188.0,2800.0,1,2021-08-10 14:56:39.000,2021-08-10 22:46:48.000
31966,,112.0,6380.0,1,2023-05-24 05:56:22.575,2023-05-24 10:44:47.815
22135,CE04,114.0,1140.0,1,2022-06-29 05:01:34.000,2022-06-29 15:06:20.150
19423,CP40,49.0,1440.0,1,2022-03-29 18:11:21.000,2022-03-29 21:12:52.386
21044,CP40,47.0,1440.0,1,2022-05-24 18:11:34.000,2022-05-24 21:40:31.151
1541,CE43,126.0,1340.0,1,2020-01-29 14:58:36.000,2020-01-29 20:43:38.000
4226,CE21B,81.0,2460.0,1,2020-06-19 14:27:28.000,2020-06-19 21:28:09.000
2303,CP14,145.0,1720.0,1,2020-03-11 14:57:49.000,2020-03-11 20:14:10.000
18488,CE37B,91.0,1340.0,1,2022-02-24 14:50:15.000,2022-02-24 21:16:22.981
9070,CE46,94.0,1460.0,1,2021-02-05 04:47:57.000,2021-02-05 11:28:17.000
22954,CP40,42.0,1560.0,1,2022-07-26 22:05:32.000,2022-07-27 01:32:53.285
6508,CP35,128.0,3360.0,1,2020-10-02 14:34:05.000,2020-10-03 02:11:11.000
1861,CP32,154.0,1540.0,1,2020-02-14 04:52:27.000,2020-02-14 11:57:34.000
9756,CP15,110.0,1820.0,1,2021-03-10 04:19:42.000,2021-03-10 11:34:45.000
15690,CP15,109.0,2020.0,1,2021-10-28 14:42:59.000,2021-10-28 21:40:18.000
13166,CP01,214.0,1100.0,1,2021-07-28 14:59:09.000,2021-07-28 22:42:09.000
22302,CE38B,135.0,1260.0,1,2022-07-05 04:49:01.000,2022-07-05 13:30:25.609
8789,CE11,218.0,1500.0,11,2021-01-23 05:00:31.000,2021-01-23 12:14:44.000
13639,,219.0,2100.0,55,2021-08-12 14:47:07.000,2021-08-13 00:49:03.000
36106,,162.0,2080.0,40,2023-09-18 14:45:22.402,2023-09-18 22:54:48.598
13113,CE30B,133.0,1920.0,2,2021-07-27 14:57:37.000,2021-07-27 22:54:47.000
7692,CE44,121.0,1920.0,48,2020-11-30 04:35:46.000,2020-11-30 11:01:41.000
41642,,160.0,2640.0,17,2024-02-21 15:05:11.855,2024-02-21 22:51:22.404
41269,,143.0,1980.0,20,2024-02-09 15:17:27.511,2024-02-09 22:33:48.020
22252,,231.0,2620.0,61,2022-07-02 05:09:33.000,2022-07-02 14:41:41.491
15954,,244.0,2440.0,44,2021-11-08 15:03:41.000,2021-11-09 01:15:09.000
2237,CE44,141.0,1300.0,40,2020-03-07 05:06:49.000,2020-03-07 12:38:34.000
7891,CE44,148.0,1340.0,34,2020-12-09 05:13:21.000,2020-12-09 12:54:17.000
13370,,216.0,2740.0,64,2021-08-03 15:14:16.000,2021-08-04 05:47:20.000
41402,,188.0,2500.0,32,2024-02-14 15:24:55.890,2024-02-14 22:15:42.410
10131,,169.0,2340.0,25,2021-03-26 14:36:38.000,2021-03-26 21:40:47.000
13109,,177.0,2780.0,42,2021-07-26 14:58:28.000,2021-07-27 01:13:05.000
7040,CP43,115.0,1780.0,4,2020-10-28 15:00:33.000,2020-10-28 21:44:38.000
22047,,205.0,2360.0,43,2022-06-25 14:07:15.000,2022-06-25 22:27:25.386
12583,,181.0,2240.0,44,2021-07-06 14:58:55.000,2021-07-06 23:47:58.000
24723,,168.0,2560.0,46,2022-09-19 15:14:31.092,2022-09-19 23:17:40.337
18226,,222.0,2540.0,47,2022-02-12 05:00:29.000,2022-02-12 16:59:39.000
19377,CE12,131.0,2160.0,1,2022-03-28 04:47:44.000,2022-03-28 12:24:12.655
17507,CE41B,112.0,1600.0,2,2022-01-14 05:02:30.000,2022-01-14 14:44:10.000
21867,CE41B,131.0,2440.0,1,2022-06-21 04:51:07.000,2022-06-21 13:34:29.006
36317,CP26,126.0,4620.0,1,2023-09-25 15:00:34.841,2023-09-26 00:15:02.506
12195,,163.0,2060.0,30,2021-06-21 15:33:56.000,2021-06-21 22:44:47.000
35697,,134.0,2140.0,11,2023-09-06 15:08:15.262,2023-09-06 21:42:35.093
29669,,170.0,2100.0,48,2023-03-10 15:10:55.459,2023-03-10 23:45:57.743
9739,,187.0,3020.0,59,2021-03-09 14:51:41.000,2021-03-10 01:14:22.000
12152,CE07,84.0,2500.0,1,2021-06-19 12:07:36.000,2021-06-19 19:07:19.000
10343,,178.0,2440.0,47,2021-04-06 14:42:01.000,2021-04-06 23:26:58.000
17613,,223.0,2640.0,44,2022-01-18 14:51:17.000,2022-01-19 00:22:09.000
7465,CE06,191.0,1700.0,44,2020-11-18 04:55:42.000,2020-11-18 12:18:04.000
41454,,172.0,2200.0,3,2024-02-15 14:57:53.950,2024-02-15 22:35:47.397
40565,,170.0,1260.0,42,2024-01-23 15:00:42.873,2024-01-23 22:42:46.702
35957,,164.0,2380.0,20,2023-09-13 15:09:31.774,2023-09-13 21:49:15.170
30181,CP11,156.0,2000.0,6,2023-03-30 14:31:35.318,2023-03-30 21:53:26.443
31051,,199.0,2100.0,49,2023-04-25 14:03:31.635,2023-04-25 22:08:20.739
5441,,159.0,9120.0,12,2020-08-14 05:47:41.000,2020-08-14 14:20:55.000
12317,,131.0,9940.0,14,2021-06-25 15:07:20.000,2021-06-25 22:30:09.000
20395,,192.0,2240.0,34,2022-05-02 14:48:49.000,2022-05-02 23:11:02.878
42736,,141.0,2840.0,44,2024-03-21 15:32:47.635,2024-03-22 00:02:06.664
33511,,195.0,2600.0,47,2023-07-10 15:00:14.779,2023-07-10 23:41:27.874
29920,,221.0,2420.0,61,2023-03-20 14:54:00.784,2023-03-21 01:23:25.071
13277,CE46,92.0,1320.0,1,2021-07-31 04:55:36.000,2021-07-31 11:30:30.000
4663,CP44,136.0,2040.0,40,2020-07-11 12:56:37.000,2020-07-11 20:21:42.000
21009,CP07,84.0,3160.0,2,2022-05-23 15:01:12.000,2022-05-23 21:31:20.562
31071,CE18B,138.0,2360.0,1,2023-04-27 15:14:09.431,2023-04-27 21:56:31.747
32221,CE18B,131.0,2180.0,1,2023-06-01 14:53:37.415,2023-06-01 21:52:45.782
41622,,154.0,2280.0,30,2024-02-21 04:54:10.218,2024-02-21 12:16:54.793
14640,CP35,140.0,2020.0,1,2021-09-17 04:43:36.000,2021-09-17 12:17:29.000
18685,CP32,143.0,2140.0,1,2022-03-03 05:07:53.000,2022-03-03 12:29:58.186
4944,CP44,125.0,2180.0,46,2020-07-24 14:57:19.000,2020-07-24 21:39:29.000
40872,,137.0,2860.0,37,2024-01-31 15:00:12.215,2024-01-31 22:14:28.160
7955,CP44,123.0,1840.0,28,2020-12-11 14:56:46.000,2020-12-11 20:50:34.000
6471,CE37B,95.0,2160.0,2,2020-10-01 15:10:19.000,2020-10-01 21:56:08.000
6224,CE11,146.0,2660.0,17,2020-09-19 04:43:52.000,2020-09-19 13:38:18.000
34145,,191.0,2240.0,35,2023-07-27 15:06:32.768,2023-07-27 23:54:33.690
3536,CE11,150.0,2100.0,12,2020-05-16 06:48:27.000,2020-05-16 15:27:12.000
1488,CE11,157.0,1700.0,13,2020-01-27 14:22:47.000,2020-01-27 21:17:49.000
3734,CE05,124.0,2580.0,2,2020-05-27 04:45:55.000,2020-05-27 10:50:19.000
12144,,176.0,1740.0,35,2021-06-18 14:56:47.000,2021-06-18 22:30:13.000
5162,CE44,139.0,1720.0,39,2020-08-03 15:31:26.000,2020-08-03 22:56:31.000
19240,,229.0,2000.0,32,2022-03-22 15:20:45.000,2022-03-22 23:28:34.902
16454,,240.0,1900.0,43,2021-11-29 15:01:02.000,2021-11-30 02:04:34.000
5302,CE04,91.0,1280.0,1,2020-08-08 14:11:40.000,2020-08-08 20:12:06.000
4186,,117.0,8740.0,30,2020-06-17 05:42:33.000,2020-06-17 13:54:44.000
34669,,155.0,2140.0,15,2023-08-10 15:09:22.379,2023-08-10 23:27:58.484
8641,CP23,179.0,1720.0,1,2021-01-15 04:41:33.000,2021-01-15 11:45:49.000
18008,CP18B,128.0,2000.0,1,2022-02-03 05:28:25.000,2022-02-03 14:22:59.000
9794,,175.0,2760.0,41,2021-03-11 14:32:47.000,2021-03-12 00:35:18.000
16066,CP23,180.0,1660.0,1,2021-11-12 14:51:44.000,2021-11-12 22:08:09.000
18539,,158.0,9520.0,6,2022-02-24 15:13:41.000,2022-02-24 21:07:54.150
22202,CE41B,105.0,1720.0,1,2022-07-01 04:49:59.000,2022-07-01 11:48:14.261
17378,CP26,85.0,4300.0,1,2022-01-07 16:11:40.000,2022-01-07 23:46:53.000
2013,CP13,126.0,2200.0,58,2020-02-24 15:03:00.000,2020-02-24 22:50:09.000
18065,,233.0,2200.0,46,2022-02-05 04:50:14.000,2022-02-05 15:44:32.000
31752,,144.0,8540.0,17,2023-05-17 15:30:10.779,2023-05-17 23:17:59.434
20511,,209.0,9020.0,12,2022-05-05 05:34:35.000,2022-05-05 15:32:32.895
14103,,180.0,2680.0,35,2021-08-28 12:55:17.000,2021-08-28 21:44:19.000
36286,,164.0,1360.0,18,2023-09-22 14:53:33.051,2023-09-22 22:08:05.497
22722,CE18B,126.0,2080.0,1,2022-07-19 04:45:13.000,2022-07-19 14:48:13.127
4077,CP07,95.0,2220.0,4,2020-06-12 15:01:28.000,2020-06-12 22:06:42.000
13529,CP12,145.0,3280.0,2,2021-08-09 05:08:10.000,2021-08-09 14:57:05.000
3366,,114.0,11020.0,23,2020-05-07 14:34:28.000,2020-05-07 22:54:39.000
1347,,135.0,10200.0,13,2020-01-17 14:45:27.000,2020-01-17 21:02:27.000
1334,CP09B,98.0,1700.0,1,2020-01-17 05:09:31.000,2020-01-17 11:20:15.000
9204,CP32,153.0,1120.0,1,2021-02-11 14:45:29.000,2021-02-11 21:40:45.000
20152,,224.0,2960.0,51,2022-04-22 15:04:24.000,2022-04-23 00:10:04.753
40819,,187.0,2180.0,5,2024-01-30 14:58:55.695,2024-01-30 23:32:21.583
19300,CP01,219.0,1820.0,1,2022-03-24 15:03:47.000,2022-03-24 21:52:08.075
27266,,228.0,2360.0,50,2022-12-16 14:55:26.563,2022-12-17 01:34:34.727
4515,CE11,152.0,2360.0,13,2020-07-04 12:55:57.000,2020-07-04 20:48:25.000
11914,,207.0,1560.0,29,2021-06-09 15:26:21.000,2021-06-09 23:19:47.000
18493,CE16,161.0,1860.0,2,2022-02-24 14:45:00.000,2022-02-24 23:48:35.411
16016,CE09B,106.0,1640.0,1,2021-11-11 04:43:07.000,2021-11-11 11:57:38.000
5803,CP02,172.0,2600.0,2,2020-08-31 14:58:14.000,2020-08-31 22:53:55.000
41636,,178.0,3440.0,16,2024-02-21 14:54:56.001,2024-02-22 00:05:12.610
8317,CP23,192.0,3540.0,1,2020-12-30 14:47:10.000,2020-12-30 22:55:01.000
14712,CE40,48.0,1220.0,1,2021-09-21 19:15:32.000,2021-09-21 22:30:56.000
22720,CE40,42.0,1360.0,2,2022-07-19 19:09:44.000,2022-07-19 22:39:19.079
18603,CP29,127.0,2880.0,1,2022-03-01 04:50:58.000,2022-03-01 13:49:06.950
37634,,171.0,3060.0,28,2023-10-31 14:51:49.899,2023-10-31 23:25:43.363
9370,Óbidos CESexta,96.0,1860.0,1,2021-02-19 05:00:23.000,2021-02-19 11:21:05.000
42321,,157.0,2520.0,15,2024-03-11 14:59:35.947,2024-03-11 21:26:58.941
28704,,196.0,2400.0,52,2023-02-03 14:58:22.801,2023-02-04 00:24:35.827
6160,CP33,141.0,1640.0,2,2020-09-16 04:46:11.000,2020-09-16 11:45:04.000
23253,CE21B,89.0,2360.0,1,2022-08-04 05:03:13.000,2022-08-04 11:46:56.162
37976,,206.0,2360.0,4,2023-11-09 15:10:30.997,2023-11-10 00:14:51.815
2239,CE11,159.0,1180.0,7,2020-03-07 04:56:37.000,2020-03-07 12:08:01.000
35989,CP35,186.0,2980.0,3,2023-09-14 05:09:24.350,2023-09-14 14:57:49.682
16654,CE26,93.0,1940.0,1,2021-12-08 13:02:22.000,2021-12-08 22:56:24.000
13720,CP26,132.0,3900.0,1,2021-08-16 14:58:48.000,2021-08-16 23:29:35.000
30904,CP12,129.0,1580.0,1,2023-04-21 04:55:23.526,2023-04-21 12:21:17.616
3768,CE46,104.0,2400.0,1,2020-05-28 04:46:33.000,2020-05-28 11:46:28.000
23252,CE30B,131.0,2020.0,3,2022-08-04 14:56:25.000,2022-08-04 20:47:41.049
5500,CE41B,110.0,2880.0,1,2020-08-18 04:48:13.000,2020-08-18 13:38:03.000
16711,CE41B,122.0,2060.0,2,2021-12-10 05:07:25.000,2021-12-10 13:45:12.000
8706,CP11,149.0,1860.0,11,2021-01-19 14:59:52.000,2021-01-19 21:31:28.000
10099,CP19,111.0,1780.0,2,2021-03-26 15:01:00.000,2021-03-26 22:02:42.000
20548,CE46,86.0,1520.0,1,2022-05-06 15:02:35.000,2022-05-06 20:33:50.551
6902,CP13,107.0,1880.0,22,2020-10-20 18:30:21.000,2020-10-20 23:33:25.000
5406,CP34,147.0,2720.0,1,2020-08-13 14:30:21.000,2020-08-13 21:57:07.000
5607,,126.0,9500.0,11,2020-08-21 05:53:52.000,2020-08-21 11:40:28.000
5343,CP33,145.0,2480.0,2,2020-08-11 14:54:29.000,2020-08-11 21:17:21.000
29746,,166.0,3440.0,48,2023-03-14 15:13:54.925,2023-03-14 22:20:18.322
1711,CP51,120.0,2060.0,1,2020-02-06 04:51:39.000,2020-02-06 11:56:46.000
2261,CP41B,101.0,3720.0,1,2020-03-09 04:51:31.000,2020-03-09 12:34:46.000
1737,CP07,86.0,2540.0,3,2020-02-07 15:00:53.000,2020-02-07 22:56:21.000
5763,,115.0,1380.0,1,2020-08-29 07:48:45.000,2020-08-29 12:35:35.000
20375,CP52,175.0,2140.0,1,2022-05-02 05:01:37.000,2022-05-02 11:52:24.078
2904,CP15,112.0,2280.0,1,2020-04-14 14:58:14.000,2020-04-14 21:31:29.000
33599,,210.0,2160.0,35,2023-07-12 15:05:41.868,2023-07-12 23:11:22.219
9799,CE26,109.0,2580.0,2,2021-03-12 14:45:39.000,2021-03-12 22:16:38.000
5063,CE50,146.0,2280.0,1,2020-07-30 14:54:05.000,2020-07-30 21:17:30.000
24282,CE40,54.0,1260.0,2,2022-09-06 15:01:59.517,2022-09-06 19:08:29.110
23112,,162.0,2700.0,1,2022-07-30 04:58:03.000,2022-07-30 14:05:28.408
16754,Óbidos CE02,129.0,1340.0,1,2021-12-13 05:10:30.000,2021-12-13 11:57:14.000
35801,,116.0,1400.0,15,2023-09-08 15:03:05.564,2023-09-08 20:28:07.059
4516,CE12,126.0,1760.0,1,2020-07-04 04:55:21.000,2020-07-04 11:49:02.000
3415,CP30B,166.0,2560.0,1,2020-05-11 04:51:11.000,2020-05-11 12:58:17.000
9227,CE26,87.0,2260.0,1,2021-02-12 15:01:59.000,2021-02-12 23:58:45.000
16281,CE16,129.0,1860.0,2,2021-11-22 15:05:24.000,2021-11-22 23:28:25.000
26741,CP12,127.0,2660.0,1,2022-11-29 05:03:39.159,2022-11-29 12:35:57.714
28944,CE40,52.0,1240.0,2,2023-02-14 15:26:37.501,2023-02-14 18:50:05.954
32639,CP07,85.0,2840.0,3,2023-06-14 14:56:38.889,2023-06-14 22:20:20.913
10245,CE19,119.0,2140.0,1,2021-04-02 14:12:45.000,2021-04-02 21:32:05.000
16675,CE37B,94.0,2140.0,1,2021-12-09 14:55:09.000,2021-12-09 21:32:19.000
7060,CE09B,103.0,1380.0,2,2020-10-29 05:10:13.000,2020-10-29 12:30:27.000
24347,CP11,165.0,1440.0,2,2022-09-07 14:35:11.650,2022-09-07 22:40:12.329
15620,CP28,167.0,3540.0,1,2021-10-26 04:44:14.000,2021-10-26 13:54:12.000
11225,,164.0,9720.0,2,2021-05-11 15:28:36.000,2021-05-11 22:12:15.000
26996,CE04,108.0,1860.0,1,2022-12-08 04:37:51.200,2022-12-08 12:24:28.228
30895,CE04,108.0,1160.0,1,2023-04-21 05:01:03.848,2023-04-21 12:15:32.005
10032,,170.0,10540.0,2,2021-03-23 06:02:20.000,2021-03-23 13:20:03.000
6865,CP40,39.0,1140.0,2,2020-10-20 20:20:02.000,2020-10-20 23:20:47.000
5779,CP29,134.0,2940.0,2,2020-08-29 05:09:04.000,2020-08-29 14:34:38.000
12979,CP29,144.0,3040.0,1,2021-07-21 04:40:55.000,2021-07-21 15:21:03.000
15131,CP35,121.0,1760.0,2,2021-10-06 05:01:08.000,2021-10-06 11:43:36.000
3108,CP11,158.0,2380.0,9,2020-04-24 14:52:04.000,2020-04-24 21:19:30.000
1290,CP03,110.0,2180.0,1,2020-01-15 04:55:44.000,2020-01-15 11:07:06.000
5952,CE16,134.0,2720.0,1,2020-09-07 14:21:12.000,2020-09-07 22:54:22.000
12803,CE50,141.0,1960.0,1,2021-07-15 04:55:52.000,2021-07-15 11:56:02.000
21573,CE41B,121.0,1960.0,1,2022-06-10 05:04:57.000,2022-06-10 13:11:52.695
23612,CE41B,109.0,2760.0,2,2022-08-16 04:54:16.000,2022-08-16 12:24:49.180
12191,CP12,152.0,3760.0,1,2021-06-21 04:54:36.000,2021-06-21 13:33:31.000
15881,CE19,93.0,2040.0,2,2021-11-05 15:35:02.000,2021-11-05 21:36:19.000
23894,CP07,82.0,3440.0,4,2022-08-24 14:32:30.000,2022-08-24 22:17:32.976
30002,CP27,131.0,2400.0,1,2023-03-23 14:52:19.551,2023-03-23 22:15:59.350
15435,CE41B,115.0,2400.0,2,2021-10-19 04:10:30.000,2021-10-19 11:57:09.000
11035,CE37B,98.0,2080.0,2,2021-05-05 04:56:59.000,2021-05-05 11:51:07.000
19747,CE24,179.0,1340.0,1,2022-04-09 05:06:55.000,2022-04-09 12:32:57.148
7307,CP40,48.0,1640.0,2,2020-11-10 18:45:36.000,2020-11-10 22:02:08.000
10509,CP40,42.0,1300.0,2,2021-04-13 18:02:24.000,2021-04-13 21:53:47.000
30825,,94.0,2040.0,32,2023-04-18 19:20:00.756,2023-04-19 00:59:35.566
4959,CP28,195.0,2240.0,1,2020-07-25 04:38:13.000,2020-07-25 11:23:32.000
18508,CP36,129.0,1680.0,1,2022-02-24 04:52:24.000,2022-02-24 12:38:39.311
2913,CE29,120.0,1760.0,2,2020-04-15 04:35:50.000,2020-04-15 11:09:39.000
12965,CE37B,103.0,1540.0,2,2021-07-21 04:38:55.000,2021-07-21 12:07:28.000
8814,CE05,123.0,2380.0,1,2021-01-25 04:57:18.000,2021-01-25 11:20:40.000
16844,CE09B,108.0,1580.0,1,2021-12-16 05:12:34.000,2021-12-16 11:52:07.000
24322,CE39,94.0,2800.0,1,2022-09-07 15:04:08.092,2022-09-07 22:52:43.901
33589,CP29,132.0,2880.0,1,2023-07-12 04:55:19.596,2023-07-12 14:30:18.069
11060,CE12,129.0,2080.0,1,2021-05-06 04:45:26.000,2021-05-06 12:02:35.000
14045,CE26,96.0,1880.0,3,2021-08-27 14:58:09.000,2021-08-27 22:45:20.000
19620,CP12,129.0,2100.0,1,2022-04-05 05:09:47.000,2022-04-05 12:16:19.208
33556,,150.0,2460.0,21,2023-07-11 14:57:46.192,2023-07-11 22:16:26.280
8878,CP36,119.0,1900.0,1,2021-01-27 04:41:11.000,2021-01-27 12:01:54.000
13765,CP52,162.0,1340.0,1,2021-08-17 08:37:36.000,2021-08-17 13:13:21.000
6142,CP15,79.0,1660.0,1,2020-09-15 16:35:04.000,2020-09-15 23:10:31.000
3432,CE17B,91.0,2020.0,1,2020-05-12 04:59:26.000,2020-05-12 11:47:02.000
14176,CE37B,104.0,2000.0,1,2021-09-01 14:55:16.000,2021-09-01 22:20:44.000
9317,CE27,107.0,1320.0,1,2021-02-17 04:50:28.000,2021-02-17 12:08:50.000
17096,CE40,42.0,1420.0,2,2021-12-28 19:00:31.000,2021-12-28 22:33:39.000
3163,CE21B,86.0,2500.0,1,2020-04-28 15:00:04.000,2020-04-28 22:58:48.000
12586,CE46,94.0,2060.0,1,2021-07-07 05:11:14.000,2021-07-07 12:23:58.000
14746,CE51,121.0,2060.0,1,2021-09-22 05:06:00.000,2021-09-22 12:08:07.000
22734,CP40,46.0,1160.0,1,2022-07-19 15:03:44.000,2022-07-19 19:04:10.963
18983,CP07,85.0,3100.0,3,2022-03-14 04:45:05.000,2022-03-14 12:20:39.461
28284,CP07,86.0,3220.0,4,2023-01-20 14:56:36.882,2023-01-20 22:41:37.200
12528,CE09B,109.0,2560.0,1,2021-07-05 04:44:17.000,2021-07-05 13:32:46.000
19251,CE39,89.0,1980.0,1,2022-03-23 15:05:42.000,2022-03-23 23:19:16.382
1366,CP26,86.0,4740.0,1,2020-01-20 15:16:51.000,2020-01-21 00:48:31.000
29402,CE19,107.0,1220.0,2,2023-03-02 14:54:08.754,2023-03-02 21:13:50.010
5234,CP30B,145.0,2080.0,1,2020-08-06 15:07:25.000,2020-08-06 21:29:45.000
12348,CP39,111.0,3740.0,1,2021-06-28 14:44:50.000,2021-06-29 01:56:56.000
31259,CP12,126.0,1800.0,1,2023-05-03 04:47:59.086,2023-05-03 11:29:16.135
13830,CP36,125.0,2820.0,1,2021-08-19 14:53:22.000,2021-08-20 00:07:10.000
19294,CP36,126.0,2420.0,1,2022-03-24 14:35:07.000,2022-03-24 22:47:02.576
7421,CP11,158.0,1560.0,13,2020-11-16 14:35:05.000,2020-11-16 21:40:18.000
24150,CP15,108.0,1640.0,1,2022-09-01 04:37:37.000,2022-09-01 11:40:47.005
13589,CP01,230.0,1680.0,1,2021-08-11 14:56:37.000,2021-08-12 00:09:32.000
15270,CP01,229.0,1780.0,1,2021-10-12 04:48:39.000,2021-10-12 13:16:16.000
1293,CP02,177.0,2900.0,1,2020-01-15 16:08:19.000,2020-01-16 01:09:16.000
22591,CP18B,124.0,1920.0,1,2022-07-14 04:53:07.000,2022-07-14 11:44:57.478
1851,CE01,242.0,2800.0,2,2020-02-14 14:45:20.000,2020-02-15 00:58:14.000
6949,CE04,104.0,1120.0,1,2020-10-23 14:56:47.000,2020-10-23 21:15:40.000
9606,CP25B,77.0,2440.0,1,2021-03-03 15:07:33.000,2021-03-03 21:28:54.000
8584,CP07,84.0,2700.0,2,2021-01-13 14:25:36.000,2021-01-13 22:07:28.000
12959,CE27,134.0,2180.0,1,2021-07-21 05:09:33.000,2021-07-21 12:38:46.000
15677,CE10B,77.0,2320.0,1,2021-10-28 05:05:36.000,2021-10-28 11:41:07.000
7128,CE09B,111.0,2420.0,2,2020-11-02 04:52:21.000,2020-11-02 13:00:40.000
24594,CE09B,113.0,1720.0,1,2022-09-15 05:08:32.554,2022-09-15 13:23:09.709
18172,CP18B,121.0,2120.0,1,2022-02-10 14:51:19.000,2022-02-10 21:59:12.000
31208,CP18B,139.0,3080.0,1,2023-05-02 15:17:35.381,2023-05-03 00:35:33.760
3539,CE12,113.0,1760.0,1,2020-05-18 05:08:33.000,2020-05-18 12:36:51.000
13646,CE41B,110.0,1560.0,1,2021-08-13 04:57:33.000,2021-08-13 13:47:08.000
11896,CP39,118.0,3840.0,1,2021-06-09 15:02:37.000,2021-06-10 00:02:51.000
26837,CP39,116.0,3900.0,1,2022-12-02 14:24:54.019,2022-12-03 00:40:58.962
37423,,160.0,2300.0,1,2023-10-25 15:04:51.431,2023-10-25 22:03:29.166
16899,CE46,77.0,1460.0,1,2021-12-18 05:28:06.000,2021-12-18 11:41:25.000
9340,CE51,110.0,3060.0,1,2021-02-18 15:02:05.000,2021-02-18 22:48:28.000
12736,CE18B,129.0,2100.0,1,2021-07-13 04:53:55.000,2021-07-13 12:16:17.000
11307,CE04,110.0,1820.0,1,2021-05-17 04:51:57.000,2021-05-17 11:18:06.000
5091,CE26,93.0,1680.0,1,2020-07-31 14:59:40.000,2020-07-31 22:32:37.000
10284,,113.0,1600.0,1,2021-04-02 13:09:55.000,2021-04-02 19:11:00.000
7067,CE12,133.0,1380.0,1,2020-10-29 04:45:04.000,2020-10-29 12:23:10.000
7352,CE12,107.0,740.0,1,2020-11-12 04:58:20.000,2020-11-12 10:37:12.000
5515,CP09B,101.0,2760.0,1,2020-08-18 04:52:38.000,2020-08-18 12:18:37.000
19886,CP25B,126.0,2600.0,1,2022-04-14 04:49:56.000,2022-04-14 11:54:13.741
20937,CE26,92.0,2040.0,1,2022-05-20 14:53:14.000,2022-05-20 22:52:41.015
14756,CP26,88.0,3380.0,1,2021-09-22 14:59:35.000,2021-09-23 00:26:12.000
19790,CE04,79.0,700.0,1,2022-04-11 11:08:12.000,2022-04-11 15:43:31.629
21330,CP25B,111.0,2180.0,1,2022-06-02 04:52:22.000,2022-06-02 11:16:07.660
18029,CE01,225.0,1300.0,1,2022-02-04 05:07:12.000,2022-02-04 12:03:28.000
17278,CE26,84.0,2300.0,1,2022-01-05 15:40:07.000,2022-01-05 23:10:35.000
22912,CE12,146.0,2820.0,1,2022-07-25 05:05:59.000,2022-07-25 13:55:03.527
17146,CP26,87.0,4540.0,1,2021-12-29 14:42:23.000,2021-12-29 23:20:26.000
21755,CP12,142.0,2580.0,1,2022-06-16 05:08:45.000,2022-06-16 12:26:49.011
23587,CE09B,118.0,2440.0,1,2022-08-15 05:08:08.000,2022-08-15 13:22:03.222
17789,CP07,83.0,3500.0,3,2022-01-26 15:14:18.000,2022-01-27 00:29:38.000
34843,CE12,147.0,2360.0,1,2023-08-16 05:04:57.394,2023-08-16 14:17:24.939
28346,CE16,127.0,2020.0,1,2023-01-24 15:09:45.678,2023-01-24 23:43:54.155
28527,CP26,96.0,4200.0,1,2023-01-30 14:57:52.821,2023-01-30 23:33:04.443
1590,CE16,141.0,1600.0,1,2020-01-31 04:40:50.000,2020-01-31 13:12:13.000
9675,CP23,185.0,1960.0,1,2021-03-05 15:00:00.000,2021-03-05 22:15:12.000
9713,CE50,140.0,2020.0,1,2021-03-09 04:59:56.000,2021-03-09 12:14:26.000
23291,CE01,208.0,1040.0,1,2022-08-05 15:08:05.000,2022-08-06 00:09:39.473
21102,CE29,126.0,2560.0,1,2022-05-26 05:02:32.000,2022-05-26 13:21:38.395
18922,CP39,123.0,4040.0,1,2022-03-11 15:06:05.000,2022-03-12 01:12:39.178
11339,CE10B,81.0,2100.0,1,2021-05-18 04:57:45.000,2021-05-18 11:56:42.000
13392,CP12,162.0,2580.0,1,2021-08-04 05:13:22.000,2021-08-04 14:09:57.000
25571,CE39,86.0,2700.0,2,2022-10-19 14:30:09.764,2022-10-19 22:13:35.715
25739,CE40,50.0,1300.0,2,2022-10-25 05:05:12.328,2022-10-25 08:39:32.657
28354,CE01,219.0,1860.0,1,2023-01-24 14:52:03.547,2023-01-24 23:22:52.882
21359,CE26,89.0,2560.0,2,2022-06-03 15:05:07.000,2022-06-03 23:02:05.601
25214,CE01,221.0,2040.0,1,2022-10-06 04:56:55.236,2022-10-06 13:52:11.207
28556,CE16,129.0,1420.0,1,2023-01-31 04:39:39.745,2023-01-31 12:19:57.055
22504,CE24,187.0,2480.0,1,2022-07-12 15:03:33.000,2022-07-12 23:10:21.666
26329,CE34,146.0,2440.0,1,2022-11-15 15:04:24.056,2022-11-15 22:38:21.354
19612,CE33,143.0,1460.0,1,2022-04-05 14:55:51.000,2022-04-05 21:29:34.389
2522,CE20B,89.0,2560.0,2,2020-03-24 04:55:55.000,2020-03-24 12:41:52.000
21281,CE20B,93.0,2300.0,1,2022-06-01 05:03:53.000,2022-06-01 12:35:08.618
13724,CP07,93.0,3840.0,3,2021-08-16 14:31:18.000,2021-08-16 22:11:14.000
33925,CP07,84.0,2960.0,3,2023-07-21 14:58:32.627,2023-07-21 21:39:34.048
8468,CP35,132.0,3020.0,1,2021-01-07 04:49:21.000,2021-01-07 11:14:26.000
20699,CE24,176.0,1600.0,1,2022-05-12 04:53:07.000,2022-05-12 12:32:32.866
9186,,110.0,9140.0,13,2021-02-10 05:52:40.000,2021-02-10 12:31:18.000
5206,CP32,155.0,2100.0,1,2020-08-05 04:33:04.000,2020-08-05 12:49:27.000
2724,CP51,119.0,2440.0,1,2020-04-03 15:08:22.000,2020-04-03 21:45:23.000
23596,CP07,85.0,3180.0,2,2022-08-15 15:19:28.000,2022-08-15 23:26:29.192
18688,CP15,105.0,1660.0,1,2022-03-03 14:43:16.000,2022-03-03 20:57:59.542
1437,CE38B,141.0,1820.0,1,2020-01-23 15:00:47.000,2020-01-23 23:19:41.000
24800,CE37B,109.0,1960.0,1,2022-09-22 04:49:45.676,2022-09-22 13:07:06.466
5224,CE30B,147.0,1880.0,1,2020-08-06 15:01:15.000,2020-08-06 21:24:03.000
33869,CE34,152.0,2280.0,2,2023-07-20 15:02:49.456,2023-07-20 22:09:38.623
35596,,147.0,2700.0,22,2023-09-04 15:33:49.016,2023-09-04 22:59:59.234
21455,CE30B,136.0,1980.0,3,2022-06-07 14:56:00.000,2022-06-07 21:51:01.575
9747,CE31,212.0,2260.0,1,2021-03-10 15:16:50.000,2021-03-11 00:04:57.000
20371,CE46,96.0,1920.0,1,2022-05-02 05:12:07.000,2022-05-02 12:14:14.769
25927,CE20B,93.0,2780.0,1,2022-11-01 13:14:38.858,2022-11-01 20:08:13.265
34860,CP35,137.0,2500.0,4,2023-08-16 04:32:41.054,2023-08-16 13:35:43.072
39799,,121.0,2360.0,1,2023-12-30 13:32:09.046,2023-12-30 20:43:17.203
17389,CE08,191.0,2000.0,1,2022-01-10 04:52:17.000,2022-01-10 11:45:44.000
11585,CE33,134.0,1540.0,1,2021-05-27 14:21:32.000,2021-05-27 22:46:06.000
9457,CE46,93.0,2460.0,1,2021-02-24 04:56:58.000,2021-02-24 12:24:35.000
14132,CP07,93.0,3260.0,2,2021-08-30 15:08:38.000,2021-08-30 22:32:42.000
2102,CP34,142.0,2640.0,1,2020-02-28 15:00:29.000,2020-02-28 21:52:50.000
6191,CP36,126.0,1940.0,1,2020-09-17 14:54:45.000,2020-09-17 22:15:59.000
16533,CP36,137.0,1780.0,1,2021-12-02 14:57:28.000,2021-12-02 21:48:32.000
18844,CP52,181.0,1780.0,1,2022-03-09 04:50:40.000,2022-03-09 12:10:07.988
24949,CP52,178.0,2320.0,1,2022-09-27 15:08:23.121,2022-09-27 22:39:53.203
17021,CE37B,108.0,2080.0,1,2021-12-23 05:09:26.000,2021-12-23 11:58:14.000
21979,CE34,146.0,2160.0,1,2022-06-23 15:10:03.000,2022-06-23 22:10:10.320
3881,CE31,213.0,2280.0,2,2020-06-03 14:38:58.000,2020-06-03 21:27:43.000
6485,,180.0,9280.0,1,2020-10-01 05:56:11.000,2020-10-01 15:56:53.000
8022,CP40,45.0,980.0,2,2020-12-15 09:17:12.000,2020-12-15 12:36:57.000
29533,CP40,52.0,1160.0,1,2023-03-07 18:58:45.396,2023-03-07 23:10:45.236
6154,CP11,147.0,2580.0,12,2020-09-16 14:12:04.000,2020-09-17 01:15:16.000
10628,CP19,46.0,880.0,1,2021-04-16 19:46:09.000,2021-04-16 21:57:25.000
8726,CP28,168.0,2360.0,1,2021-01-20 04:53:58.000,2021-01-20 14:23:54.000
5809,,138.0,11240.0,3,2020-08-31 06:02:17.000,2020-08-31 13:17:40.000
20079,CP32,143.0,2120.0,1,2022-04-21 04:53:01.000,2022-04-21 11:17:10.851
5757,CP10B,88.0,920.0,1,2020-08-28 04:48:03.000,2020-08-28 13:57:20.000
14493,CE09B,121.0,2840.0,2,2021-09-13 04:49:03.000,2021-09-13 13:14:55.000
16652,CE34,153.0,1560.0,1,2021-12-08 05:06:52.000,2021-12-08 12:05:12.000
19253,CP11,140.0,1300.0,2,2022-03-23 05:03:11.000,2022-03-23 10:48:34.739
10362,CP28,176.0,2560.0,1,2021-04-07 04:59:30.000,2021-04-07 12:17:43.000
37749,CP35,123.0,1340.0,2,2023-11-03 04:47:08.085,2023-11-03 11:22:40.142
3522,,97.0,9400.0,1,2020-05-15 05:59:21.000,2020-05-15 12:24:35.000
40915,,201.0,7520.0,1,2024-02-01 05:57:01.469,2024-02-01 13:09:37.717
24859,,118.0,10080.0,1,2022-09-22 15:07:05.802,2022-09-22 22:18:09.507
9485,CE21B,80.0,2780.0,1,2021-02-25 15:02:49.000,2021-02-25 21:34:52.000
28860,CE04,109.0,1360.0,1,2023-02-10 05:05:21.378,2023-02-10 12:13:04.568
19799,CE15,115.0,1320.0,1,2022-04-12 14:59:25.000,2022-04-12 22:01:22.323
22293,CE15,104.0,1480.0,1,2022-07-05 15:03:35.000,2022-07-05 22:09:56.099
12925,CE20B,91.0,3340.0,2,2021-07-20 14:56:04.000,2021-07-20 22:34:47.000
17382,,180.0,9280.0,1,2022-01-08 10:39:46.000,2022-01-08 18:02:01.000
13010,CP36,130.0,3240.0,1,2021-07-22 04:47:19.000,2021-07-22 12:40:13.000
8970,CP07,84.0,3420.0,3,2021-02-01 14:38:39.000,2021-02-01 21:30:38.000
4154,CP15,112.0,2440.0,1,2020-06-16 14:54:15.000,2020-06-16 22:01:00.000
29806,CP15,102.0,1920.0,1,2023-03-16 15:00:25.737,2023-03-16 21:07:27.216
6031,CE30B,154.0,1600.0,1,2020-09-10 14:56:05.000,2020-09-10 21:17:29.000
6767,CE19,119.0,1780.0,1,2020-10-15 16:08:31.000,2020-10-16 00:31:01.000
10921,CE41B,111.0,1960.0,2,2021-04-30 04:42:56.000,2021-04-30 12:59:43.000
5616,CE24,172.0,1680.0,1,2020-08-22 04:39:38.000,2020-08-22 12:26:47.000
28318,CE34,148.0,1500.0,1,2023-01-23 14:50:31.901,2023-01-23 21:37:10.354
10774,,135.0,9240.0,1,2021-04-23 15:23:20.000,2021-04-23 22:38:26.000
5548,,149.0,10300.0,1,2020-08-19 05:50:31.000,2020-08-19 12:32:00.000
8302,CE51,116.0,3120.0,1,2020-12-30 05:11:40.000,2020-12-30 12:16:30.000
3492,CP34,166.0,2740.0,1,2020-05-14 13:52:13.000,2020-05-14 21:32:04.000
18086,CP35,121.0,2060.0,1,2022-02-07 05:03:01.000,2022-02-07 13:22:12.000
37160,CP35,131.0,2000.0,2,2023-10-18 04:58:13.384,2023-10-18 11:56:46.079
4024,CP32,154.0,1400.0,1,2020-06-10 04:57:45.000,2020-06-10 11:06:37.000
2476,CP51,121.0,2900.0,1,2020-03-20 04:48:29.000,2020-03-20 11:25:10.000
10296,CE10B,80.0,2320.0,1,2021-04-05 04:54:03.000,2021-04-05 11:28:33.000
6096,CE09B,107.0,2540.0,2,2020-09-14 04:48:56.000,2020-09-14 12:49:46.000
8598,CE09B,108.0,1500.0,2,2021-01-14 05:00:43.000,2021-01-14 12:42:41.000
13958,CP40,45.0,980.0,1,2021-08-24 19:23:35.000,2021-08-24 22:32:29.000
7365,CP35,124.0,3160.0,1,2020-11-12 05:01:11.000,2020-11-12 13:35:00.000
10726,CP35,134.0,3340.0,1,2021-04-22 04:59:38.000,2021-04-22 12:16:17.000
5782,CP32,165.0,1800.0,1,2020-08-29 04:57:30.000,2020-08-29 15:23:42.000
23816,CP32,147.0,1360.0,1,2022-08-22 05:06:38.000,2022-08-22 12:09:59.137
39528,,227.0,2560.0,1,2023-12-22 15:04:29.788,2023-12-22 23:59:44.888
2411,CP03,109.0,1760.0,1,2020-03-17 05:08:32.000,2020-03-17 11:36:14.000
1241,CP15,118.0,1600.0,1,2020-01-13 05:07:10.000,2020-01-13 11:48:42.000
23608,CE38B,142.0,1740.0,1,2022-08-16 04:43:04.000,2022-08-16 11:54:24.830
32032,CE10B,93.0,1140.0,1,2023-05-26 14:46:16.070,2023-05-26 21:10:22.135
34371,CE47,107.0,1620.0,1,2023-08-03 14:18:48.992,2023-08-03 21:21:24.624
9232,CE19,106.0,1620.0,1,2021-02-12 14:59:05.000,2021-02-12 22:29:27.000
11089,CE07,84.0,2140.0,1,2021-05-07 14:42:24.000,2021-05-07 21:20:55.000
5746,CE41B,116.0,2420.0,1,2020-08-28 14:26:26.000,2020-08-28 22:53:18.000
6472,CE09B,101.0,1700.0,2,2020-10-01 04:36:19.000,2020-10-01 12:49:08.000
7766,CP28,155.0,2380.0,1,2020-12-02 04:59:24.000,2020-12-02 12:40:38.000
4708,CE46,91.0,2200.0,2,2020-07-14 04:55:25.000,2020-07-14 11:35:02.000
31201,CE20B,99.0,3360.0,1,2023-05-02 05:02:39.974,2023-05-02 13:12:11.944
4839,CP02,176.0,2080.0,2,2020-07-20 15:05:38.000,2020-07-21 02:08:38.000
8361,CP02,178.0,3080.0,1,2021-01-02 13:57:31.000,2021-01-02 22:19:52.000
22843,CP08,186.0,2800.0,1,2022-07-22 14:57:34.000,2022-07-22 23:11:52.053
19645,CP52,182.0,1760.0,1,2022-04-06 14:08:50.000,2022-04-06 22:06:47.871
27161,CP01,216.0,1460.0,1,2022-12-14 14:47:52.303,2022-12-14 20:55:40.117
3023,CE38B,135.0,1880.0,1,2020-04-21 04:58:18.000,2020-04-21 11:17:54.000
36078,CP12,131.0,2760.0,1,2023-09-18 05:05:49.950,2023-09-18 12:31:03.498
18349,CE19,99.0,1360.0,2,2022-02-18 14:55:58.000,2022-02-18 21:12:44.138
33088,CE10B,92.0,1580.0,1,2023-06-28 04:46:56.153,2023-06-28 11:42:11.853
2936,CE46,92.0,2380.0,1,2020-04-16 05:04:10.000,2020-04-16 11:23:48.000
4777,CE07,90.0,1660.0,1,2020-07-17 06:30:03.000,2020-07-17 12:20:24.000
8410,CP40,39.0,1440.0,2,2021-01-05 18:31:48.000,2021-01-05 21:51:01.000
17346,CP19,104.0,2260.0,1,2022-01-07 14:57:43.000,2022-01-07 20:34:01.000
1050,CP29,127.0,2520.0,1,2020-01-02 05:00:16.000,2020-01-02 13:30:56.000
1307,CE20B,113.0,2360.0,2,2020-01-16 14:38:45.000,2020-01-16 23:41:47.000
34267,CE20B,103.0,3180.0,1,2023-08-01 05:05:04.842,2023-08-01 12:01:08.010
18887,CP01,219.0,1860.0,1,2022-03-10 14:53:46.000,2022-03-10 22:21:06.330
8502,CE16,136.0,1200.0,1,2021-01-09 04:48:56.000,2021-01-09 13:47:09.000
11962,CP29,124.0,3500.0,2,2021-06-11 04:58:24.000,2021-06-11 12:39:19.000
32698,CP29,125.0,3320.0,1,2023-06-15 15:43:14.007,2023-06-16 00:53:36.371
26830,CE04,113.0,1620.0,1,2022-12-02 05:01:03.898,2022-12-02 12:13:16.457
15742,,158.0,8120.0,1,2021-10-29 15:31:28.000,2021-10-29 22:48:26.000
12944,CP40,65.0,1480.0,1,2021-07-20 19:05:33.000,2021-07-20 22:42:36.000
2837,CE20B,116.0,2620.0,1,2020-04-10 14:57:51.000,2020-04-10 22:05:03.000
39211,,120.0,2140.0,1,2023-12-14 15:01:53.465,2023-12-14 21:49:54.044
10430,CP32,150.0,1800.0,1,2021-04-09 04:17:40.000,2021-04-09 11:02:47.000
18296,CP11,142.0,1620.0,3,2022-02-16 15:08:17.000,2022-02-16 22:08:58.782
17243,CE24,153.0,920.0,1,2022-01-03 15:10:20.000,2022-01-03 19:59:05.000
25344,CP40,46.0,1360.0,1,2022-10-11 17:59:49.268,2022-10-11 21:05:04.844
25139,CE15,107.0,1440.0,1,2022-10-04 14:59:15.201,2022-10-04 22:50:04.236
3103,CE05,126.0,1820.0,2,2020-04-24 05:04:55.000,2020-04-24 13:20:57.000
3658,CP33,153.0,1620.0,1,2020-05-22 14:18:49.000,2020-05-22 20:42:12.000
10668,CE40,50.0,1280.0,1,2021-04-20 14:46:53.000,2021-04-20 18:24:12.000
21255,CE40,52.0,940.0,2,2022-05-31 14:38:58.000,2022-05-31 19:15:49.955
29904,CE40,54.0,1220.0,2,2023-03-21 14:57:39.919,2023-03-21 18:49:11.304
4840,CP40,30.0,560.0,1,2020-07-20 22:03:47.000,2020-07-21 00:21:29.000
20123,CP12,142.0,1940.0,1,2022-04-22 04:55:21.000,2022-04-22 12:45:47.417
25540,CE40,49.0,1300.0,2,2022-10-18 08:42:45.599,2022-10-18 12:26:01.675
35118,CP07,84.0,3020.0,3,2023-08-23 15:02:15.458,2023-08-23 22:45:11.337
12089,CE08,184.0,2340.0,1,2021-06-17 14:22:39.000,2021-06-17 22:02:01.000
1408,CE21B,83.0,1900.0,1,2020-01-22 15:00:54.000,2020-01-22 21:25:15.000
7989,CE46,94.0,2260.0,1,2020-12-14 04:51:02.000,2020-12-14 11:54:11.000
6504,CP34,142.0,2620.0,1,2020-10-02 14:52:14.000,2020-10-02 21:42:33.000
26783,CP32,143.0,1580.0,1,2022-11-30 05:02:18.968,2022-11-30 13:10:27.776
3637,CP47,134.0,1920.0,1,2020-05-21 04:54:00.000,2020-05-21 12:40:08.000
8217,CE38B,144.0,2280.0,1,2020-12-26 16:41:18.000,2020-12-27 00:23:07.000
8566,CE04,139.0,2020.0,1,2021-01-13 04:41:07.000,2021-01-13 12:37:30.000
32141,CP18B,133.0,2400.0,1,2023-05-30 05:01:48.185,2023-05-30 11:53:50.612
31894,CE40,42.0,1440.0,2,2023-05-23 19:12:09.333,2023-05-23 22:42:50.295
13512,Óbidos CE02,128.0,1680.0,1,2021-08-09 05:05:11.000,2021-08-09 12:15:16.000
6446,CP30B,150.0,1920.0,1,2020-09-30 15:00:31.000,2020-09-30 21:43:33.000
4552,CP40,45.0,420.0,1,2020-07-06 21:05:43.000,2020-07-07 00:38:01.000
12969,CP28,197.0,2340.0,1,2021-07-21 04:52:21.000,2021-07-21 14:19:36.000
14030,,90.0,9280.0,1,2021-08-25 15:10:18.000,2021-08-25 22:03:30.000
29447,,121.0,8340.0,1,2023-03-03 05:44:01.513,2023-03-03 11:49:10.919
22470,CE33,139.0,1260.0,1,2022-07-11 14:39:48.000,2022-07-11 21:46:01.765
28974,CE33,134.0,1680.0,1,2023-02-15 15:48:44.838,2023-02-15 22:53:37.089
14268,,162.0,9840.0,1,2021-09-03 05:49:48.000,2021-09-03 14:28:24.000
7843,CE15,109.0,1480.0,1,2020-12-07 14:34:11.000,2020-12-07 23:02:06.000
5079,CP41B,107.0,2480.0,1,2020-07-30 05:01:51.000,2020-07-30 12:27:07.000
31302,CP15,106.0,1260.0,1,2023-05-04 14:22:12.904,2023-05-04 21:08:12.201
3148,CP01,234.0,2980.0,1,2020-04-27 04:41:01.000,2020-04-27 13:23:10.000
14727,CP01,223.0,2220.0,1,2021-09-21 15:08:47.000,2021-09-22 00:22:50.000
2865,CE09B,104.0,2540.0,1,2020-04-13 04:43:18.000,2020-04-13 12:22:50.000
3574,CE04,91.0,1720.0,1,2020-05-19 04:50:24.000,2020-05-19 11:35:33.000
1033,CE43,122.0,2100.0,1,2020-01-02 14:30:33.000,2020-01-02 20:38:31.000
1497,CP39,111.0,4120.0,1,2020-01-27 14:51:34.000,2020-01-28 00:24:51.000
6028,CE50,138.0,1540.0,1,2020-09-10 14:52:54.000,2020-09-10 21:14:45.000
20412,CP29,132.0,3400.0,1,2022-05-03 04:57:41.000,2022-05-03 12:39:10.800
23153,CP29,143.0,2280.0,1,2022-08-01 04:58:20.000,2022-08-01 12:33:40.414
10502,CP25B,109.0,2140.0,1,2021-04-13 04:55:15.000,2021-04-13 10:49:45.000
30363,CE29,128.0,2740.0,1,2023-04-05 04:53:21.571,2023-04-05 12:42:02.317
39022,Óbidos CE01,160.0,2060.0,1,2023-12-11 04:59:55.949,2023-12-11 13:41:27.214
11665,CP39,112.0,4800.0,1,2021-05-31 15:19:23.000,2021-05-31 23:59:00.000
24921,CP26,85.0,4280.0,1,2022-09-26 15:01:54.875,2022-09-26 22:14:12.732
27238,CP39,111.0,4440.0,1,2022-12-16 15:24:03.873,2022-12-17 01:58:04.013
4782,CE19,130.0,2060.0,1,2020-07-17 14:32:14.000,2020-07-17 23:10:20.000
10258,CP19,114.0,2000.0,1,2021-04-02 14:30:44.000,2021-04-02 21:54:47.000
11018,,152.0,9900.0,3,2021-05-04 05:52:22.000,2021-05-04 13:38:03.000
6143,CE33,142.0,1660.0,1,2020-09-16 04:43:16.000,2020-09-16 11:43:30.000
23293,CE04,108.0,1400.0,1,2022-08-05 14:58:05.000,2022-08-05 21:29:28.635
16464,CE15,104.0,1200.0,1,2021-11-30 14:50:33.000,2021-11-30 22:23:34.000
30946,CP07,87.0,2880.0,3,2023-04-24 14:55:32.784,2023-04-24 23:07:20.106
11257,CP08,189.0,1180.0,1,2021-05-13 04:34:12.000,2021-05-13 12:06:12.000
5103,CP32,141.0,1360.0,1,2020-07-31 05:02:27.000,2020-07-31 11:36:53.000
11959,CP32,143.0,2300.0,1,2021-06-11 05:10:50.000,2021-06-11 12:56:37.000
3166,CP10B,79.0,2660.0,1,2020-04-28 04:44:53.000,2020-04-28 10:38:06.000
18071,CE04,106.0,2280.0,1,2022-02-07 04:53:31.000,2022-02-07 11:17:20.000
30521,CE39,96.0,3000.0,1,2023-04-10 15:16:00.972,2023-04-10 22:55:49.246
15402,Óbidos CE02,125.0,1620.0,1,2021-10-18 04:57:40.000,2021-10-18 12:19:13.000
15966,CE40,48.0,1120.0,2,2021-11-09 19:28:03.000,2021-11-09 23:05:07.000
22716,CE41B,116.0,2740.0,2,2022-07-19 04:50:08.000,2022-07-19 13:07:47.546
6325,CE37B,89.0,2040.0,1,2020-09-24 14:44:23.000,2020-09-24 21:13:32.000
23283,CE24,170.0,1720.0,1,2022-08-04 14:57:54.000,2022-08-04 22:41:07.578
14084,CE46,93.0,1320.0,1,2021-08-28 04:35:31.000,2021-08-28 11:03:12.000
3398,CE20B,89.0,1940.0,1,2020-05-09 04:53:11.000,2020-05-09 11:52:11.000
22765,CP32,157.0,2420.0,1,2022-07-20 05:06:20.000,2022-07-20 13:47:43.479
33431,CP07,83.0,2840.0,3,2023-07-07 15:13:18.897,2023-07-07 23:04:03.127
27168,CP52,310.0,1140.0,1,2022-12-14 15:04:22.657,2022-12-15 01:19:32.552
15446,CP01,228.0,1280.0,1,2021-10-19 14:58:10.000,2021-10-19 22:28:23.000
27616,CE38B,140.0,1740.0,1,2022-12-29 04:59:50.790,2022-12-29 12:58:26.463
21980,CE30B,132.0,2440.0,2,2022-06-23 15:24:38.000,2022-06-23 21:46:20.710
20215,CP29,123.0,3760.0,1,2022-04-26 05:10:18.000,2022-04-26 14:10:43.090
6986,CP30B,147.0,2320.0,1,2020-10-26 14:57:57.000,2020-10-26 22:40:01.000
8798,CP25B,113.0,1940.0,1,2021-01-23 04:49:23.000,2021-01-23 13:01:30.000
13519,CP25B,109.0,2300.0,1,2021-08-09 04:57:48.000,2021-08-09 11:41:39.000
8656,CE39,109.0,3220.0,1,2021-01-18 14:36:13.000,2021-01-18 22:29:21.000
14169,CE01,225.0,1100.0,1,2021-09-01 04:54:29.000,2021-09-01 12:33:59.000
19749,CP05,123.0,1840.0,1,2022-04-09 05:00:05.000,2022-04-09 11:57:59.003
23800,CE29,147.0,3360.0,1,2022-08-22 05:00:58.000,2022-08-22 13:43:02.625
16756,CE09B,112.0,2200.0,1,2021-12-13 04:58:45.000,2021-12-13 12:37:33.000
31771,CE19,108.0,1560.0,1,2023-05-18 15:50:36.483,2023-05-18 21:47:08.090
17284,CP25B,118.0,1840.0,1,2022-01-05 05:09:17.000,2022-01-05 11:40:23.000
22396,CE01,212.0,1120.0,1,2022-07-08 15:03:31.000,2022-07-08 22:04:26.106
13385,CP39,109.0,4100.0,1,2021-08-04 15:04:18.000,2021-08-05 00:39:42.000
21673,CE50,143.0,2000.0,1,2022-06-14 14:41:30.000,2022-06-14 21:33:31.621
13778,CE37B,112.0,2000.0,1,2021-08-18 14:53:56.000,2021-08-18 23:04:10.000
21108,CE09B,102.0,1260.0,1,2022-05-26 05:09:36.000,2022-05-26 11:20:33.247
25522,,91.0,9400.0,2,2022-10-17 15:26:38.123,2022-10-17 21:28:56.071
33427,CE39,94.0,2500.0,1,2023-07-07 14:41:53.250,2023-07-07 21:21:46.498
10552,CE27,133.0,2540.0,1,2021-04-15 14:24:45.000,2021-04-15 22:59:07.000
27201,CP27,112.0,2020.0,1,2022-12-15 14:52:01.924,2022-12-15 21:18:36.693
19248,CE38B,137.0,1860.0,1,2022-03-23 15:09:01.000,2022-03-23 21:47:51.454
34279,CP18B,130.0,2720.0,1,2023-08-01 04:34:25.065,2023-08-01 12:53:41.161
13502,Óbidos CE01,150.0,2080.0,1,2021-08-09 15:05:54.000,2021-08-09 23:54:12.000
25190,CP26,86.0,3920.0,1,2022-10-05 14:21:33.573,2022-10-06 00:15:15.204
36183,CP26,89.0,3980.0,1,2023-09-20 14:59:52.271,2023-09-21 00:14:38.091
1730,CE46,63.0,1560.0,1,2020-02-07 04:54:21.000,2020-02-07 10:23:01.000
6145,CE07,151.0,840.0,1,2020-09-16 04:49:36.000,2020-09-16 16:30:33.000
16166,CP52,196.0,2320.0,1,2021-11-17 14:56:13.000,2021-11-17 22:58:59.000
20408,CE30B,132.0,1520.0,2,2022-05-03 14:37:29.000,2022-05-03 21:10:24.308
1435,CE27,131.0,2040.0,1,2020-01-23 14:50:02.000,2020-01-23 21:37:53.000
14626,CE04,101.0,1540.0,1,2021-09-17 04:42:10.000,2021-09-17 11:17:32.000
1991,CE50,136.0,1760.0,1,2020-02-22 04:53:39.000,2020-02-22 12:04:41.000
25995,CE19,102.0,1060.0,1,2022-11-03 04:56:44.547,2022-11-03 11:13:54.445
18066,CP26,57.0,980.0,1,2022-02-05 11:20:00.000,2022-02-05 15:14:13.000
30142,CE10B,79.0,1520.0,1,2023-03-29 05:04:33.585,2023-03-29 11:03:33.153
3927,CE07,84.0,1720.0,1,2020-06-05 05:00:26.000,2020-06-05 13:17:34.000
4685,Óbidos CE02,115.0,1300.0,1,2020-07-13 14:40:10.000,2020-07-13 22:17:05.000
8343,Óbidos CESexta,113.0,2460.0,1,2021-01-02 13:48:30.000,2021-01-02 21:25:49.000
6266,CP01,246.0,2260.0,1,2020-09-22 14:38:03.000,2020-09-22 22:16:44.000
20946,CP11,148.0,1460.0,1,2022-05-20 05:00:00.000,2022-05-20 11:56:18.999
30083,CP26,86.0,4320.0,1,2023-03-27 14:54:24.468,2023-03-27 23:27:05.375
34422,CP12,130.0,2560.0,1,2023-08-04 04:52:11.331,2023-08-04 12:22:36.397
19014,CE50,143.0,1780.0,1,2022-03-15 14:59:15.000,2022-03-15 21:52:32.103
10142,Óbidos CE02,117.0,1680.0,1,2021-03-29 15:04:49.000,2021-03-29 21:43:07.000
12346,CE01,226.0,1720.0,1,2021-06-28 05:01:52.000,2021-06-28 13:16:20.000
11132,CE39,114.0,3280.0,1,2021-05-10 15:00:41.000,2021-05-10 23:07:50.000
12488,CP39,84.0,2900.0,1,2021-07-02 14:52:31.000,2021-07-03 00:10:10.000
24818,CP12,127.0,2280.0,1,2022-09-22 04:47:46.228,2022-09-22 13:10:09.098
12960,CE07,82.0,2640.0,1,2021-07-21 15:00:02.000,2021-07-21 21:22:27.000
27618,CP29,129.0,3380.0,1,2022-12-29 04:54:32.971,2022-12-29 14:00:06.065
33247,CP29,144.0,2720.0,1,2023-07-03 04:47:18.024,2023-07-03 14:00:22.927
11783,CE27,130.0,2120.0,1,2021-06-04 04:58:06.000,2021-06-04 12:33:21.000
14101,CE27,108.0,1100.0,1,2021-08-28 08:12:30.000,2021-08-28 12:49:46.000
15176,CE27,134.0,1640.0,1,2021-10-08 14:50:30.000,2021-10-08 22:19:53.000
12596,CP39,118.0,3540.0,1,2021-07-07 15:21:54.000,2021-07-08 01:11:51.000
15297,CP39,106.0,3580.0,1,2021-10-13 14:59:47.000,2021-10-13 22:23:06.000
4927,CE19,118.0,1920.0,1,2020-07-24 15:01:30.000,2020-07-24 22:06:21.000
6201,Óbidos CESexta,119.0,1520.0,1,2020-09-18 04:54:54.000,2020-09-18 11:48:24.000
14632,CE39,103.0,2520.0,1,2021-09-17 14:38:39.000,2021-09-17 21:12:20.000
13079,Óbidos CE01,153.0,1900.0,1,2021-07-26 15:06:25.000,2021-07-27 01:12:44.000
37483,CE29,132.0,2080.0,1,2023-10-27 05:12:00.375,2023-10-27 13:39:07.888
16226,CP39,112.0,3600.0,1,2021-11-19 15:09:01.000,2021-11-20 00:39:33.000
34846,CE21B,95.0,2700.0,1,2023-08-16 15:00:57.058,2023-08-16 22:38:13.520
2555,CE49,157.0,2260.0,1,2020-03-25 14:35:59.000,2020-03-25 22:03:06.000
13503,CE37B,102.0,2200.0,1,2021-08-09 15:21:23.000,2021-08-09 23:24:31.000
8216,Óbidos CESexta,130.0,2340.0,1,2020-12-26 05:02:20.000,2020-12-26 11:40:13.000
27029,CE16,125.0,1860.0,1,2022-12-09 05:03:11.351,2022-12-09 12:21:37.973
14559,CE24,198.0,2320.0,1,2021-09-15 14:49:03.000,2021-09-15 21:53:41.000
14450,CP12,117.0,1780.0,1,2021-09-10 05:00:37.000,2021-09-10 12:26:11.000
4639,CE19,117.0,1940.0,1,2020-07-10 14:55:42.000,2020-07-10 22:58:21.000
4881,CE37B,105.0,1140.0,1,2020-07-22 05:03:43.000,2020-07-22 12:43:50.000
10735,CP28,165.0,2720.0,1,2021-04-22 04:43:34.000,2021-04-22 13:04:26.000
10833,CE51,119.0,2440.0,1,2021-04-27 04:51:02.000,2021-04-27 12:19:41.000
14211,CE51,125.0,3240.0,1,2021-09-02 14:43:30.000,2021-09-02 22:27:16.000
1532,CP09B,103.0,3820.0,1,2020-01-28 05:18:20.000,2020-01-28 12:01:18.000
8740,CE10B,85.0,2060.0,1,2021-01-21 14:58:44.000,2021-01-21 21:23:33.000
15758,CE46,92.0,2140.0,1,2021-11-01 05:06:48.000,2021-11-01 12:12:51.000
6394,CP02,173.0,2620.0,1,2020-09-28 04:39:39.000,2020-09-28 13:01:30.000
29406,CP01,220.0,1500.0,1,2023-03-02 04:45:58.667,2023-03-02 13:34:45.598
19416,CP28,163.0,2360.0,1,2022-03-29 04:51:30.000,2022-03-29 11:57:19.566
10587,CE46,94.0,1420.0,1,2021-04-16 04:56:44.000,2021-04-16 11:53:58.000
31386,CE46,94.0,1860.0,1,2023-05-08 04:56:57.761,2023-05-08 12:17:14.532
2506,CP35,123.0,2140.0,1,2020-03-23 04:55:39.000,2020-03-23 11:32:39.000
19983,CP08,108.0,1940.0,1,2022-04-18 05:37:22.000,2022-04-18 14:17:04.610
6071,CP28,207.0,2220.0,1,2020-09-11 04:46:10.000,2020-09-11 14:11:29.000
28074,CE04,110.0,1500.0,1,2023-01-13 05:05:32.267,2023-01-13 11:55:56.567
19475,,217.0,8440.0,1,2022-03-30 05:56:32.000,2022-03-30 12:39:00.596
13460,CP32,148.0,1940.0,1,2021-08-06 05:06:03.000,2021-08-06 11:41:32.000
5773,CP36,123.0,1720.0,1,2020-08-29 15:09:34.000,2020-08-29 21:09:44.000
16686,CP15,116.0,1540.0,1,2021-12-09 15:08:09.000,2021-12-10 00:29:55.000
7267,CE05,121.0,2080.0,1,2020-11-09 14:29:24.000,2020-11-09 21:27:46.000
2389,CP26,86.0,3900.0,1,2020-03-16 14:49:48.000,2020-03-16 22:17:09.000
28044,CP18B,132.0,2560.0,1,2023-01-12 04:52:31.936,2023-01-12 11:54:27.685
40295,CP18B,103.0,2060.0,1,2024-01-16 05:03:42.261,2024-01-16 15:05:38.731
4320,CP50,141.0,2000.0,1,2020-06-24 14:46:48.000,2020-06-24 21:49:25.000
24062,CE15,108.0,1380.0,1,2022-08-30 04:39:18.000,2022-08-30 11:30:44.750
19106,,138.0,9540.0,1,2022-03-17 06:04:17.000,2022-03-17 13:15:39.706
8029,CE04,122.0,1920.0,1,2020-12-16 04:38:01.000,2020-12-16 13:17:49.000
17222,CE04,116.0,2620.0,1,2022-01-03 05:02:22.000,2022-01-03 15:49:58.000
28194,CE04,114.0,1480.0,1,2023-01-18 05:04:08.642,2023-01-18 12:28:07.958
29756,CE04,112.0,1280.0,1,2023-03-15 04:56:14.619,2023-03-15 12:01:56.488
7770,,89.0,4440.0,1,2020-12-01 15:34:12.000,2020-12-01 20:23:11.000
18330,CP32,142.0,1360.0,1,2022-02-17 04:48:55.000,2022-02-17 10:30:23.120
37193,CE38B,143.0,2480.0,1,2023-10-19 04:50:29.805,2023-10-19 13:31:54.412
15102,CP28,156.0,2780.0,1,2021-10-05 05:02:14.000,2021-10-05 12:08:58.000
5887,,119.0,9040.0,1,2020-09-02 15:03:13.000,2020-09-02 23:19:32.000
26945,,196.0,8840.0,1,2022-12-06 06:00:12.340,2022-12-06 13:46:56.036
23591,CE04,106.0,1580.0,1,2022-08-15 14:25:20.000,2022-08-15 23:32:19.118
25626,CP32,146.0,2280.0,1,2022-10-20 15:33:37.612,2022-10-20 23:00:45.406
8765,CE30B,150.0,1960.0,1,2021-01-22 15:03:21.000,2021-01-22 21:06:28.000
1036,CE26,89.0,2660.0,1,2020-01-02 14:48:32.000,2020-01-02 23:45:56.000
17359,CE04,119.0,1700.0,1,2022-01-08 05:14:38.000,2022-01-08 14:22:01.000
11421,CP28,158.0,3080.0,1,2021-05-20 04:40:51.000,2021-05-20 11:57:23.000
5566,CE33,144.0,1540.0,1,2020-08-20 05:03:37.000,2020-08-20 12:47:05.000
17102,CE15,105.0,1560.0,1,2021-12-28 04:58:20.000,2021-12-28 10:43:41.000
13278,CE20B,99.0,2480.0,1,2021-07-31 15:37:00.000,2021-08-01 01:48:20.000
6041,CP34,172.0,1800.0,1,2020-09-10 14:50:15.000,2020-09-10 21:05:22.000
28033,CP15,102.0,1960.0,1,2023-01-12 14:53:35.847,2023-01-12 22:02:23.795
5306,CE16,138.0,2200.0,1,2020-08-08 04:53:48.000,2020-08-08 12:44:00.000
17217,CE09B,107.0,2460.0,1,2022-01-03 04:44:04.000,2022-01-03 13:18:51.000
9231,CE04,99.0,1200.0,1,2021-02-12 05:06:37.000,2021-02-12 11:15:15.000
19380,CE39,109.0,3440.0,1,2022-03-28 14:56:01.000,2022-03-28 23:37:58.443
6339,,153.0,8760.0,1,2020-09-24 14:55:51.000,2020-09-25 00:34:59.000
23392,CE15,103.0,1420.0,1,2022-08-09 15:04:37.000,2022-08-09 22:30:13.340
23968,CP32,147.0,1920.0,1,2022-08-26 05:11:43.000,2022-08-26 12:39:18.906
24735,CE38B,145.0,2700.0,1,2022-09-20 15:13:04.407,2022-09-20 23:40:10.074
6079,CE04,91.0,1400.0,1,2020-09-12 04:53:39.000,2020-09-12 11:55:05.000
14033,,193.0,2120.0,40,2021-08-25 14:59:38.000,2021-08-25 23:15:39.000
14970,CE11,146.0,1600.0,6,2021-09-30 14:54:18.000,2021-09-30 21:25:11.000
11159,CE11,153.0,2000.0,4,2021-05-10 14:56:30.000,2021-05-10 21:37:05.000
18478,,216.0,2340.0,44,2022-02-22 14:35:56.000,2022-02-23 00:53:05.286
34299,,169.0,2120.0,31,2023-08-01 15:04:13.842,2023-08-01 22:48:46.972
35091,,184.0,3040.0,35,2023-08-22 15:01:10.299,2023-08-23 00:15:37.377
41803,,149.0,2360.0,44,2024-02-26 14:55:03.922,2024-02-26 21:03:54.558
40517,,148.0,3300.0,25,2024-01-22 15:36:58.794,2024-01-22 23:52:32.680
9251,,209.0,2160.0,27,2021-02-12 15:18:35.000,2021-02-13 00:17:37.000
1121,CE11,160.0,1960.0,13,2020-01-07 04:52:28.000,2020-01-07 11:59:59.000
40273,,203.0,2620.0,45,2024-01-15 15:20:25.419,2024-01-15 23:10:25.081
8791,CE44,124.0,2100.0,42,2021-01-23 04:49:29.000,2021-01-23 12:16:44.000
4450,CE44,153.0,1760.0,40,2020-07-01 05:01:15.000,2020-07-01 13:28:44.000
30299,,177.0,2460.0,42,2023-04-03 15:04:49.470,2023-04-04 00:21:35.156
39472,,166.0,2240.0,9,2023-12-21 15:20:25.236,2023-12-21 22:19:40.664
8289,CP13,128.0,3600.0,55,2020-12-29 14:51:07.000,2020-12-29 21:53:30.000
15281,,225.0,2460.0,35,2021-10-12 15:03:28.000,2021-10-12 23:09:30.000
12249,,177.0,2460.0,56,2021-06-22 15:24:31.000,2021-06-22 23:33:55.000
26151,,203.0,3500.0,56,2022-11-08 15:05:19.803,2022-11-09 00:43:38.508
38337,,158.0,2900.0,18,2023-11-20 15:01:54.172,2023-11-20 23:16:13.243
44179,,128.0,1740.0,20,2024-04-26 14:56:18.770,2024-04-26 21:46:57.704
12145,,157.0,2180.0,31,2021-06-18 15:02:52.000,2021-06-18 22:25:49.000
23228,CP35,123.0,2640.0,4,2022-08-03 04:37:31.000,2022-08-03 11:49:13.034
27555,,194.0,3540.0,35,2022-12-27 14:55:35.534,2022-12-28 02:44:04.100
5198,CE35,126.0,3640.0,1,2020-08-05 04:50:31.000,2020-08-05 13:48:17.000
11582,CE12,125.0,2180.0,1,2021-05-27 05:05:47.000,2021-05-27 12:55:56.000
6445,CP43,119.0,2560.0,4,2020-09-30 15:04:28.000,2020-09-30 20:38:17.000
1864,CP30B,157.0,1960.0,2,2020-02-14 14:53:44.000,2020-02-14 21:29:02.000
36953,CP35,116.0,2320.0,3,2023-10-12 05:05:31.960,2023-10-12 11:38:26.697
2825,CP06,182.0,1760.0,28,2020-04-09 14:47:30.000,2020-04-09 21:41:12.000
17548,,230.0,2360.0,42,2022-01-15 04:41:43.000,2022-01-15 15:08:22.000
26589,,146.0,10100.0,27,2022-11-23 06:06:11.132,2022-11-23 12:38:34.503
12475,CE26,72.0,2340.0,3,2021-07-02 15:23:39.000,2021-07-02 22:18:08.000
10632,CE01,222.0,2960.0,1,2021-04-19 14:53:06.000,2021-04-19 22:42:56.000
16890,CP05,127.0,1340.0,1,2021-12-17 14:32:35.000,2021-12-17 21:57:05.000
28292,,225.0,3020.0,37,2023-01-20 14:55:26.977,2023-01-20 23:27:13.850
18210,CE26,90.0,2340.0,2,2022-02-12 04:55:28.000,2022-02-12 11:44:52.000
24400,CE29,126.0,1720.0,1,2022-09-09 04:58:38.825,2022-09-09 12:26:11.255
36360,CE29,127.0,2940.0,1,2023-09-26 05:05:12.935,2023-09-26 13:32:02.215
14704,,194.0,2580.0,53,2021-09-20 14:58:20.000,2021-09-21 00:21:05.000
29953,CP26,90.0,4300.0,1,2023-03-22 15:02:09.224,2023-03-22 22:43:53.087
41979,,170.0,7880.0,18,2024-03-01 06:23:44.384,2024-03-01 12:16:37.329
26355,,215.0,2940.0,48,2022-11-15 15:08:19.899,2022-11-16 01:20:51.471
36131,CE10B,95.0,2520.0,1,2023-09-19 14:32:38.758,2023-09-19 21:44:02.459
36877,,142.0,2120.0,27,2023-10-10 14:59:37.590,2023-10-10 22:21:34.399
29854,,150.0,2540.0,53,2023-03-17 15:10:12.389,2023-03-17 22:07:59.372
8062,CE19,113.0,1600.0,1,2020-12-17 14:58:07.000,2020-12-17 21:18:38.000
16615,,219.0,2180.0,48,2021-12-06 15:03:57.000,2021-12-06 23:46:25.000
2469,CE19,119.0,1820.0,2,2020-03-20 05:22:20.000,2020-03-20 13:33:15.000
3026,CP13,194.0,2060.0,41,2020-04-21 14:38:08.000,2020-04-22 00:10:13.000
17242,,172.0,4540.0,45,2022-01-03 15:10:56.000,2022-01-04 00:39:10.000
17885,,221.0,2980.0,52,2022-01-28 14:17:09.000,2022-01-29 02:02:49.000
8702,CP40,49.0,1140.0,2,2021-01-19 21:15:52.000,2021-01-20 00:33:44.000
12876,CP11,161.0,1780.0,3,2021-07-17 13:21:13.000,2021-07-17 20:27:07.000
22343,CP11,145.0,1720.0,4,2022-07-06 15:01:05.000,2022-07-06 21:37:15.177
26974,,172.0,9760.0,25,2022-12-06 14:53:06.883,2022-12-06 21:46:34.997
22555,,149.0,9320.0,13,2022-07-12 15:03:39.000,2022-07-12 22:05:07.020
11296,,207.0,2360.0,29,2021-05-14 14:53:00.000,2021-05-14 23:27:29.000
24903,,179.0,2120.0,54,2022-09-24 04:59:25.127,2022-09-24 14:01:04.411
27144,CE04,112.0,1760.0,1,2022-12-14 05:02:26.788,2022-12-14 11:06:10.285
39830,,182.0,2720.0,25,2024-01-02 16:43:21.106,2024-01-03 00:51:25.165
42962,,179.0,2900.0,17,2024-03-27 15:42:28.922,2024-03-27 23:19:39.101
15745,,215.0,2500.0,39,2021-10-30 04:42:36.000,2021-10-30 12:36:25.000
28499,,242.0,2820.0,43,2023-01-27 15:06:22.861,2023-01-28 00:19:53.426
32513,,157.0,2180.0,38,2023-06-09 14:58:43.804,2023-06-09 21:33:15.594
17055,,202.0,10620.0,1,2021-12-24 05:57:50.000,2021-12-24 13:12:03.000
28563,CP40,47.0,1260.0,1,2023-01-31 18:14:11.824,2023-01-31 21:44:00.276
28956,CP40,41.0,1500.0,1,2023-02-14 18:50:21.851,2023-02-14 22:03:13.080
8219,CE20B,103.0,2840.0,1,2020-12-26 14:36:46.000,2020-12-27 01:28:43.000
12307,CP07,35.0,3040.0,1,2021-06-25 15:03:15.000,2021-06-25 19:22:17.000
6721,CP35,123.0,2840.0,2,2020-10-13 05:00:33.000,2020-10-13 11:45:18.000
5051,,166.0,9480.0,9,2020-07-29 05:39:44.000,2020-07-29 13:50:53.000
27875,,170.0,8760.0,8,2023-01-06 05:57:19.577,2023-01-06 12:31:08.383
2783,CP44,126.0,3540.0,39,2020-04-07 15:00:06.000,2020-04-07 21:46:12.000
29076,,208.0,2040.0,51,2023-02-17 14:57:31.672,2023-02-18 00:39:13.128
1394,CP13,122.0,2500.0,48,2020-01-21 14:44:06.000,2020-01-21 22:58:41.000
6623,CP11,187.0,1500.0,7,2020-10-08 14:47:12.000,2020-10-08 21:43:33.000
1312,CP44,153.0,2000.0,30,2020-01-16 14:12:28.000,2020-01-16 22:00:41.000
8138,CP07,84.0,3600.0,4,2020-12-21 14:58:23.000,2020-12-21 23:24:04.000
19689,CP15,102.0,1680.0,1,2022-04-07 15:04:06.000,2022-04-07 22:25:31.778
43716,,177.0,2160.0,22,2024-04-16 15:08:08.185,2024-04-17 00:33:54.816
12264,CE38B,142.0,2180.0,1,2021-06-24 14:51:28.000,2021-06-24 22:41:52.000
24433,CE11,142.0,1660.0,7,2022-09-10 05:12:41.642,2022-09-10 11:40:06.817
26047,CE11,145.0,1280.0,5,2022-11-04 05:00:12.613,2022-11-04 12:36:26.604
44074,,191.0,2060.0,43,2024-04-24 14:58:20.815,2024-04-24 23:33:54.358
20000,CE16,122.0,1760.0,1,2022-04-19 14:51:14.000,2022-04-19 22:09:22.873
8660,CE09B,110.0,2040.0,2,2021-01-18 05:09:01.000,2021-01-18 13:39:44.000
18706,CE39,105.0,2680.0,2,2022-03-04 14:48:35.000,2022-03-04 23:10:36.181
22691,CE39,112.0,2820.0,2,2022-07-18 15:10:58.000,2022-07-18 23:21:25.727
7636,CE50,143.0,2180.0,1,2020-11-26 15:00:52.000,2020-11-26 23:01:00.000
9776,CE12,125.0,1960.0,1,2021-03-11 04:50:18.000,2021-03-11 11:29:02.000
9530,,166.0,2640.0,34,2021-02-25 13:35:36.000,2021-02-25 23:41:58.000
5805,CP35,135.0,2560.0,3,2020-08-31 04:43:00.000,2020-08-31 11:30:59.000
4942,CP07,79.0,2640.0,3,2020-07-24 14:55:23.000,2020-07-24 21:36:23.000
4731,CE39,122.0,2100.0,2,2020-07-15 14:59:34.000,2020-07-16 00:16:07.000
19919,CE12,147.0,2120.0,1,2022-04-15 04:57:08.000,2022-04-15 13:16:45.427
9068,,200.0,1660.0,40,2021-02-04 14:22:57.000,2021-02-04 23:36:40.000
8371,CE01,236.0,3480.0,1,2021-01-04 04:50:51.000,2021-01-04 12:13:29.000
26231,CE01,218.0,1780.0,1,2022-11-11 14:46:42.267,2022-11-11 22:57:48.187
16055,CE39,105.0,2640.0,2,2021-11-12 15:01:35.000,2021-11-13 00:13:42.000
14065,CP12,119.0,2140.0,1,2021-08-27 04:55:59.000,2021-08-27 11:32:07.000
18148,CP12,116.0,1400.0,1,2022-02-09 05:02:28.000,2022-02-09 11:45:11.000
26424,CP12,129.0,2140.0,1,2022-11-17 05:00:34.515,2022-11-17 12:13:38.704
28588,CE10B,82.0,2040.0,1,2023-02-01 04:38:17.691,2023-02-01 11:55:35.924
11382,CE11,146.0,1540.0,3,2021-05-19 14:32:39.000,2021-05-19 21:15:02.000
3647,CE07,91.0,1480.0,1,2020-05-22 04:52:24.000,2020-05-22 12:20:37.000
29900,CE34,145.0,1840.0,1,2023-03-21 05:02:58.263,2023-03-21 11:46:26.180
13898,,184.0,2660.0,35,2021-08-21 11:02:40.000,2021-08-21 18:47:16.000
3310,CP13,120.0,2520.0,45,2020-05-05 15:04:20.000,2020-05-05 22:14:59.000
1912,CP13,118.0,2760.0,41,2020-02-18 14:55:55.000,2020-02-18 22:49:18.000
8557,CP40,53.0,900.0,2,2021-01-12 14:35:11.000,2021-01-12 19:02:52.000
19991,,175.0,9540.0,21,2022-04-18 06:07:58.000,2022-04-18 13:33:31.261
39836,,154.0,2740.0,35,2024-01-02 15:12:35.161,2024-01-03 00:13:01.910
2341,CE06,182.0,1320.0,39,2020-03-13 14:50:00.000,2020-03-13 22:28:17.000
32670,,165.0,2180.0,31,2023-06-14 15:01:09.899,2023-06-14 23:33:46.840
2633,CP43,115.0,2240.0,2,2020-03-30 15:03:38.000,2020-03-30 21:44:16.000
11051,,139.0,8880.0,2,2021-05-05 05:54:41.000,2021-05-05 13:10:48.000
20219,,199.0,2700.0,44,2022-04-25 15:01:07.000,2022-04-26 03:28:10.927
24746,CP40,53.0,1600.0,1,2022-09-20 15:02:18.143,2022-09-20 19:35:32.604
34715,,183.0,1860.0,12,2023-08-11 14:47:33.060,2023-08-11 23:04:12.718
7590,CE18B,143.0,2180.0,1,2020-11-24 14:56:43.000,2020-11-24 22:02:08.000
3566,,147.0,10720.0,1,2020-05-18 14:52:50.000,2020-05-18 21:02:48.000
14980,CP36,128.0,2440.0,1,2021-09-30 15:01:37.000,2021-09-30 22:30:31.000
24920,CP11,189.0,1740.0,4,2022-09-26 15:04:11.338,2022-09-26 22:47:48.598
3390,CP49,177.0,2640.0,1,2020-05-08 14:57:29.000,2020-05-08 21:13:41.000
14417,CP15,97.0,1780.0,1,2021-09-09 14:16:14.000,2021-09-09 21:35:55.000
19499,CP01,215.0,2280.0,1,2022-03-31 14:58:41.000,2022-03-31 22:36:39.731
14280,CE11,148.0,1600.0,4,2021-09-04 09:35:49.000,2021-09-04 16:45:34.000
27767,CE11,160.0,1440.0,6,2023-01-04 15:02:53.216,2023-01-04 22:00:43.147
4317,CE11,152.0,2000.0,13,2020-06-24 04:53:54.000,2020-06-24 13:57:58.000
23650,,213.0,3200.0,60,2022-08-16 15:01:08.000,2022-08-17 01:42:53.780
16842,CE16,124.0,1520.0,1,2021-12-16 04:45:40.000,2021-12-16 12:08:35.000
21415,CE09B,106.0,2660.0,1,2022-06-06 04:55:21.000,2022-06-06 12:38:52.403
1692,CP39,103.0,4140.0,1,2020-02-05 15:05:06.000,2020-02-05 22:13:12.000
17035,CP18B,127.0,2420.0,1,2021-12-23 15:01:14.000,2021-12-23 22:22:20.000
38312,CP18B,132.0,1740.0,1,2023-11-20 05:09:24.995,2023-11-20 13:01:28.357
22924,CP35,124.0,2700.0,3,2022-07-25 04:52:00.000,2022-07-25 13:01:05.303
13087,Óbidos CE02,130.0,1300.0,1,2021-07-26 05:02:23.000,2021-07-26 11:59:59.000
14111,Óbidos CE02,165.0,1980.0,1,2021-08-30 15:03:45.000,2021-08-30 23:19:08.000
25931,CE41B,106.0,3480.0,2,2022-11-01 05:06:43.284,2022-11-01 12:57:08.489
23897,CE01,252.0,1660.0,1,2022-08-24 14:32:14.000,2022-08-25 01:33:58.003
31486,CP39,107.0,3720.0,1,2023-05-10 15:47:58.001,2023-05-11 00:35:45.689
39646,,107.0,2220.0,1,2023-12-27 15:49:11.939,2023-12-27 22:16:01.623
11791,CE19,108.0,1520.0,1,2021-06-04 05:06:13.000,2021-06-04 11:45:57.000
36629,,166.0,2120.0,39,2023-10-03 15:10:03.548,2023-10-03 23:00:12.010
12173,Óbidos CE02,117.0,1240.0,1,2021-06-21 16:37:20.000,2021-06-21 22:36:28.000
16265,Óbidos CE02,127.0,1780.0,1,2021-11-22 14:58:11.000,2021-11-22 21:24:14.000
40397,,152.0,2760.0,15,2024-01-18 14:57:34.665,2024-01-18 22:49:20.703
7394,CE12,131.0,2280.0,1,2020-11-13 17:16:50.000,2020-11-14 00:31:08.000
39477,,165.0,1240.0,14,2023-12-21 15:46:47.216,2023-12-21 22:13:34.956
6725,CP09B,105.0,3240.0,1,2020-10-13 04:59:23.000,2020-10-13 13:49:23.000
8122,CE39,107.0,3340.0,1,2020-12-21 14:56:52.000,2020-12-22 00:36:57.000
26578,CP12,124.0,1740.0,1,2022-11-23 04:54:01.926,2022-11-23 12:17:41.094
29574,CP12,124.0,1980.0,1,2023-03-08 04:53:03.612,2023-03-08 11:26:20.599
27155,CE10B,82.0,2120.0,1,2022-12-14 04:55:41.989,2022-12-14 11:17:11.098
31848,CE10B,81.0,1700.0,1,2023-05-22 14:11:32.224,2023-05-22 21:13:32.451
3264,CE07,82.0,2000.0,1,2020-05-04 04:49:50.000,2020-05-04 11:34:28.000
9284,CE34,144.0,2620.0,2,2021-02-16 14:58:09.000,2021-02-16 21:25:35.000
2311,CP07,83.0,2520.0,3,2020-03-11 15:06:40.000,2020-03-12 02:14:10.000
13692,CP11,153.0,1620.0,4,2021-08-14 04:50:52.000,2021-08-14 11:28:47.000
7904,CP28,168.0,2260.0,1,2020-12-09 04:38:45.000,2020-12-09 12:37:40.000
14041,,156.0,10820.0,1,2021-08-26 15:03:18.000,2021-08-26 22:13:35.000
2933,CE13,119.0,2060.0,48,2020-04-16 15:00:12.000,2020-04-16 21:05:56.000
12938,CE18B,127.0,1980.0,1,2021-07-20 06:33:49.000,2021-07-20 14:09:51.000
16288,CE18B,131.0,1860.0,1,2021-11-23 04:43:35.000,2021-11-23 12:18:21.000
39813,,115.0,2680.0,1,2024-01-02 05:19:36.989,2024-01-02 12:22:20.702
4950,,191.0,9900.0,11,2020-07-24 06:17:46.000,2020-07-24 15:42:17.000
3757,,164.0,9400.0,21,2020-05-27 14:32:36.000,2020-05-27 22:26:42.000
38868,,133.0,1940.0,15,2023-12-05 14:52:27.388,2023-12-05 21:46:55.574
40167,,138.0,1980.0,18,2024-01-11 15:03:18.946,2024-01-11 21:34:24.163
37233,,202.0,2240.0,10,2023-10-19 15:28:46.386,2023-10-20 01:03:59.563
7004,CE38B,140.0,2020.0,1,2020-10-27 14:59:20.000,2020-10-28 00:57:28.000
11979,CE11,140.0,1660.0,6,2021-06-12 05:02:07.000,2021-06-12 13:46:11.000
17266,CP29,130.0,3480.0,1,2022-01-04 04:41:49.000,2022-01-04 13:35:25.000
11892,CP35,122.0,2320.0,2,2021-06-09 04:43:29.000,2021-06-09 11:55:20.000
5913,CP11,149.0,1900.0,11,2020-09-04 14:53:41.000,2020-09-04 22:04:24.000
14707,CE27,128.0,1820.0,1,2021-09-21 04:59:45.000,2021-09-21 12:14:40.000
26046,CE41B,108.0,2080.0,2,2022-11-04 05:03:46.912,2022-11-04 12:10:33.320
25250,CE41B,112.0,1540.0,2,2022-10-07 04:57:23.631,2022-10-07 12:47:13.920
13378,CE37B,108.0,1780.0,1,2021-08-04 04:51:43.000,2021-08-04 12:44:19.000
26323,CE30B,124.0,1520.0,2,2022-11-15 15:21:50.829,2022-11-15 21:25:37.350
40928,,118.0,1740.0,16,2024-02-01 14:52:29.693,2024-02-01 21:01:03.439
8113,CP50,153.0,2520.0,1,2020-12-19 04:56:32.000,2020-12-19 13:19:07.000
35371,,172.0,2460.0,23,2023-08-29 15:06:44.564,2023-08-29 22:49:46.474
43181,,153.0,7900.0,13,2024-04-03 05:37:46.043,2024-04-03 13:08:46.765
36675,CP07,85.0,4660.0,3,2023-10-04 15:11:53.767,2023-10-04 23:26:48.367
4916,CP11,149.0,2180.0,16,2020-07-23 14:51:43.000,2020-07-23 21:58:13.000
10263,CP32,144.0,1460.0,1,2021-04-02 04:42:15.000,2021-04-02 12:37:39.000
6244,CP10B,86.0,2420.0,1,2020-09-21 05:08:38.000,2020-09-21 12:59:11.000
1914,CP15,112.0,1660.0,1,2020-02-18 14:31:51.000,2020-02-18 21:43:06.000
42902,,147.0,3040.0,1,2024-03-26 14:56:55.491,2024-03-26 21:48:00.976
6200,CE30B,150.0,2160.0,1,2020-09-18 14:39:50.000,2020-09-18 23:12:52.000
35956,,139.0,1520.0,4,2023-09-13 15:05:08.484,2023-09-13 21:43:40.852
1410,CE16,147.0,1900.0,1,2020-01-22 14:47:20.000,2020-01-23 00:34:55.000
24034,CE09B,117.0,2380.0,1,2022-08-29 04:49:13.000,2022-08-29 11:56:01.510
29029,CP18B,136.0,2260.0,1,2023-02-16 14:59:53.564,2023-02-16 21:17:18.643
2032,CP30B,162.0,1680.0,2,2020-02-25 04:48:02.000,2020-02-25 14:34:25.000
6118,CE46,92.0,2340.0,2,2020-09-15 04:46:41.000,2020-09-15 11:27:51.000
18764,CE24,181.0,2100.0,1,2022-03-07 14:53:48.000,2022-03-07 22:39:31.049
15820,CE34,175.0,2020.0,1,2021-11-03 15:19:35.000,2021-11-03 23:12:47.000
19481,CE34,148.0,2020.0,1,2022-03-31 14:59:24.000,2022-03-31 21:43:42.429
3831,CP40,40.0,1460.0,2,2020-06-01 08:41:43.000,2020-06-01 12:54:00.000
28922,CP35,125.0,2980.0,3,2023-02-13 04:41:54.982,2023-02-13 13:26:45.956
9502,,156.0,10540.0,1,2021-02-24 15:14:35.000,2021-02-24 22:54:27.000
15633,CE20B,91.0,1940.0,2,2021-10-27 04:46:48.000,2021-10-27 11:52:37.000
18048,CE20B,96.0,2080.0,2,2022-02-05 04:59:57.000,2022-02-05 13:05:20.000
3625,CE20B,95.0,2800.0,2,2020-05-21 05:11:57.000,2020-05-21 12:04:57.000
6291,CP02,170.0,3440.0,1,2020-09-23 05:02:22.000,2020-09-23 12:39:26.000
16994,CP32,142.0,1640.0,1,2021-12-22 04:53:11.000,2021-12-22 12:08:09.000
19090,CP32,142.0,1960.0,1,2022-03-17 14:53:17.000,2022-03-17 22:09:47.756
12231,CE37B,96.0,2580.0,2,2021-06-23 05:01:41.000,2021-06-23 12:07:48.000
17997,CE37B,92.0,1860.0,2,2022-02-03 14:45:20.000,2022-02-03 20:49:47.000
4560,CE20B,117.0,3320.0,1,2020-07-07 15:07:07.000,2020-07-08 00:37:50.000
4401,CE09B,103.0,2180.0,2,2020-06-29 04:54:47.000,2020-06-29 12:08:26.000
9260,CE09B,110.0,2760.0,2,2021-02-15 04:43:35.000,2021-02-15 14:27:33.000
22169,CE09B,107.0,1760.0,1,2022-06-30 04:53:35.000,2022-06-30 11:38:52.260
32213,,178.0,1700.0,23,2023-05-31 15:09:00.457,2023-05-31 23:28:42.915
13612,CE04,107.0,2000.0,1,2021-08-12 04:32:10.000,2021-08-12 11:12:25.000
26423,CP18B,124.0,1980.0,1,2022-11-17 14:34:13.565,2022-11-17 21:30:14.785
24408,CP35,124.0,2180.0,4,2022-09-09 04:47:25.645,2022-09-09 11:51:52.253
14502,CE12,141.0,2140.0,1,2021-09-13 04:52:10.000,2021-09-13 13:03:58.000
5141,CE04,105.0,2080.0,1,2020-08-03 14:54:14.000,2020-08-03 22:49:56.000
1229,CE26,103.0,3860.0,2,2020-01-13 14:40:09.000,2020-01-14 01:24:17.000
18964,Óbidos CE02,121.0,1400.0,1,2022-03-14 14:55:57.000,2022-03-14 21:26:51.899
25258,CP05,121.0,1640.0,1,2022-10-07 04:57:28.194,2022-10-07 12:16:04.064
15579,CE39,106.0,2720.0,2,2021-10-25 15:04:26.000,2021-10-25 23:09:37.000
36072,CP39,106.0,4040.0,1,2023-09-18 15:02:18.278,2023-09-18 23:24:56.250
25851,CP19,107.0,1680.0,1,2022-10-28 04:50:03.137,2022-10-28 11:39:56.219
17358,CE51,124.0,1820.0,1,2022-01-08 05:09:00.000,2022-01-08 12:15:00.000
14565,CE20B,102.0,2380.0,2,2021-09-15 04:46:25.000,2021-09-15 11:51:31.000
34796,CE20B,149.0,2640.0,1,2023-08-15 04:43:13.756,2023-08-15 13:38:05.165
25930,CE18B,121.0,2220.0,1,2022-11-01 05:25:59.714,2022-11-01 11:23:10.526
1371,CP34,149.0,2740.0,1,2020-01-20 15:00:53.000,2020-01-20 21:50:57.000
6528,CE35,126.0,2920.0,1,2020-10-05 05:01:25.000,2020-10-05 12:24:01.000
3661,CP09B,101.0,1740.0,1,2020-05-22 04:59:29.000,2020-05-22 10:39:23.000
34959,CP26,90.0,3000.0,1,2023-08-18 14:56:18.296,2023-08-18 23:05:28.035
23474,CE19,106.0,1540.0,2,2022-08-11 14:25:29.000,2022-08-11 21:28:22.085
12495,CP36,129.0,1980.0,1,2021-07-02 14:21:40.000,2021-07-02 22:58:37.000
2077,CP41B,110.0,2040.0,1,2020-02-27 04:51:02.000,2020-02-27 11:26:51.000
7754,CE30B,92.0,680.0,1,2020-12-02 15:10:43.000,2020-12-02 19:30:33.000
19655,CP07,81.0,3160.0,3,2022-04-06 14:12:02.000,2022-04-06 23:55:38.093
20322,CE41B,112.0,2160.0,1,2022-04-29 05:07:29.000,2022-04-29 13:32:05.249
16677,CE01,217.0,1220.0,1,2021-12-09 14:39:00.000,2021-12-09 21:34:11.000
25108,CE26,92.0,2760.0,1,2022-10-03 15:05:15.177,2022-10-04 00:05:54.465
39287,Óbidos CE01,156.0,1820.0,1,2023-12-18 04:52:36.605,2023-12-18 14:24:45.382
15699,CE16,130.0,1720.0,2,2021-10-29 04:50:03.000,2021-10-29 12:21:35.000
21446,CP12,109.0,1140.0,1,2022-06-06 17:07:23.000,2022-06-07 00:11:03.152
26903,CP12,113.0,1320.0,1,2022-12-05 04:59:28.358,2022-12-05 12:25:56.312
27536,CP12,127.0,2080.0,1,2022-12-27 04:47:59.447,2022-12-27 12:19:25.927
21925,CP31,63.0,2120.0,1,2022-06-22 15:08:22.000,2022-06-23 00:06:45.622
27813,CE09B,119.0,1540.0,1,2023-01-05 04:52:39.573,2023-01-05 13:47:05.868
26629,CE39,95.0,2380.0,1,2022-11-25 15:00:31.788,2022-11-25 23:21:28.802
17219,CE35,124.0,3100.0,1,2022-01-03 04:49:01.000,2022-01-03 13:37:48.000
18680,CE09B,108.0,1620.0,1,2022-03-03 04:51:04.000,2022-03-03 13:24:19.611
6970,CE43,121.0,1580.0,1,2020-10-26 15:16:11.000,2020-10-26 21:54:18.000
2536,CP30B,147.0,1900.0,2,2020-03-24 14:38:39.000,2020-03-24 23:35:12.000
21013,CP35,119.0,2620.0,3,2022-05-23 04:51:28.000,2022-05-23 11:34:20.315
20290,CP25B,107.0,2240.0,1,2022-04-28 14:50:45.000,2022-04-28 20:53:10.404
11995,CE01,212.0,1540.0,1,2021-06-14 05:25:04.000,2021-06-14 12:15:01.000
38745,,171.0,8800.0,1,2023-12-01 05:31:54.128,2023-12-01 13:56:40.333
22533,CE04,107.0,1580.0,1,2022-07-13 05:04:55.000,2022-07-13 11:23:06.951
30113,CP35,124.0,2400.0,2,2023-03-28 05:03:07.870,2023-03-28 13:04:25.674
40494,,134.0,9200.0,5,2024-01-22 06:11:19.423,2024-01-22 13:24:54.276
16683,CE09B,111.0,1580.0,1,2021-12-09 04:45:06.000,2021-12-09 12:38:10.000
16918,CE09B,107.0,2880.0,1,2021-12-20 04:47:14.000,2021-12-20 13:47:07.000
18573,Óbidos CE02,131.0,1660.0,1,2022-02-28 15:01:16.000,2022-02-28 22:52:55.047
6236,CE12,133.0,2180.0,1,2020-09-21 05:03:37.000,2020-09-21 12:52:23.000
6018,CP35,133.0,2000.0,4,2020-09-09 05:02:07.000,2020-09-09 13:06:50.000
7247,CP09B,100.0,2520.0,1,2020-11-06 04:54:41.000,2020-11-06 12:25:17.000
18714,CP05,128.0,1500.0,1,2022-03-04 15:07:58.000,2022-03-04 21:36:44.784
22406,CP12,145.0,1720.0,1,2022-07-08 04:47:12.000,2022-07-08 13:13:13.142
22266,CE39,111.0,3340.0,2,2022-07-04 14:57:54.000,2022-07-04 23:34:51.267
3935,Óbidos CESexta,113.0,1400.0,1,2020-06-05 14:51:33.000,2020-06-05 20:56:02.000
13863,CP07,95.0,2840.0,2,2021-08-20 14:56:33.000,2021-08-20 21:11:47.000
8030,CE39,115.0,2320.0,1,2020-12-16 14:41:12.000,2020-12-16 21:32:11.000
8772,CE41B,112.0,1700.0,2,2021-01-22 04:36:04.000,2021-01-22 12:26:14.000
19038,CE26,123.0,2040.0,2,2022-03-16 14:47:32.000,2022-03-16 23:53:28.044
21776,CE01,217.0,720.0,1,2022-06-17 05:02:22.000,2022-06-17 13:39:02.410
11884,CE30B,149.0,1700.0,1,2021-06-09 14:50:32.000,2021-06-09 23:06:03.000
8803,CE04,117.0,2240.0,1,2021-01-25 04:40:53.000,2021-01-25 11:57:01.000
2227,CP02,166.0,1680.0,1,2020-03-06 14:58:36.000,2020-03-07 00:04:58.000
12781,CP35,123.0,3040.0,4,2021-07-14 04:57:02.000,2021-07-14 11:54:03.000
12652,CE39,105.0,2520.0,1,2021-07-09 15:00:35.000,2021-07-09 23:34:12.000
6823,CE16,130.0,3480.0,1,2020-10-19 14:25:11.000,2020-10-19 23:26:17.000
1859,CP39,115.0,3900.0,1,2020-02-14 14:51:36.000,2020-02-15 01:02:38.000
12093,CP23,184.0,1520.0,1,2021-06-17 15:00:28.000,2021-06-17 22:22:24.000
18360,CP07,83.0,2180.0,2,2022-02-18 04:57:25.000,2022-02-18 12:53:11.833
11769,CP05,115.0,1860.0,1,2021-06-03 12:16:13.000,2021-06-03 18:27:00.000
11482,CE39,104.0,2880.0,1,2021-05-24 14:54:07.000,2021-05-24 21:46:51.000
25497,CE26,109.0,3160.0,1,2022-10-17 14:39:45.404,2022-10-17 23:22:02.848
29508,CP39,111.0,3940.0,1,2023-03-06 16:24:50.452,2023-03-07 00:45:05.966
6382,Óbidos CE02,114.0,1540.0,1,2020-09-28 14:55:36.000,2020-09-28 21:48:55.000
11297,,110.0,1420.0,1,2021-05-14 14:51:27.000,2021-05-14 21:04:47.000
18499,CE35,120.0,2220.0,1,2022-02-24 05:02:15.000,2022-02-24 12:58:12.341
9870,CE41B,110.0,3120.0,2,2021-03-16 04:33:50.000,2021-03-16 13:27:32.000
9368,CE01,234.0,3380.0,1,2021-02-19 14:53:42.000,2021-02-19 23:06:56.000
12134,CP39,109.0,3960.0,1,2021-06-18 14:09:29.000,2021-06-19 00:09:07.000
36987,CP26,90.0,4420.0,1,2023-10-13 14:54:56.898,2023-10-14 00:07:50.167
25649,CE26,86.0,1920.0,1,2022-10-21 14:47:16.653,2022-10-21 21:36:03.870
16789,CP34,159.0,2340.0,1,2021-12-14 14:30:55.000,2021-12-14 23:38:02.000
28359,CP12,134.0,2880.0,1,2023-01-24 04:54:04.874,2023-01-24 12:55:55.910
40508,,122.0,3880.0,1,2024-01-22 15:03:56.159,2024-01-22 23:17:40.167
21536,CE34,148.0,2000.0,1,2022-06-09 14:41:48.000,2022-06-09 21:05:20.306
26517,CE34,151.0,1880.0,1,2022-11-22 14:58:44.228,2022-11-22 22:20:34.581
6929,CP19,145.0,1600.0,1,2020-10-22 15:01:52.000,2020-10-22 22:03:54.000
4680,CE07,84.0,1980.0,1,2020-07-13 05:09:31.000,2020-07-13 11:46:12.000
17311,CE37B,100.0,2100.0,1,2022-01-06 05:05:05.000,2022-01-06 12:07:00.000
4016,CE34,150.0,2820.0,1,2020-06-10 15:01:43.000,2020-06-10 23:50:59.000
8579,CP28,156.0,2700.0,1,2021-01-13 05:06:14.000,2021-01-13 12:31:05.000
8801,,188.0,10220.0,3,2021-01-23 13:46:06.000,2021-01-23 21:51:25.000
4477,CE46,92.0,2080.0,2,2020-07-02 04:54:03.000,2020-07-02 12:40:07.000
7344,,151.0,8580.0,1,2020-11-11 05:55:39.000,2020-11-11 13:29:17.000
2386,CP40,48.0,1020.0,2,2020-03-16 08:51:33.000,2020-03-16 12:25:41.000
7345,,215.0,9120.0,2,2020-11-11 06:01:20.000,2020-11-11 14:00:46.000
40498,,147.0,2320.0,3,2024-01-22 04:50:18.618,2024-01-22 11:42:53.244
4999,CE41B,103.0,2640.0,1,2020-07-28 04:58:16.000,2020-07-28 13:50:42.000
2197,CE37B,91.0,1740.0,2,2020-03-05 14:53:10.000,2020-03-05 21:36:37.000
3789,CE24,170.0,2320.0,1,2020-05-29 15:01:16.000,2020-05-29 22:17:06.000
13427,CP36,124.0,2880.0,1,2021-08-05 05:06:39.000,2021-08-05 13:20:33.000
20867,CP07,83.0,3800.0,4,2022-05-18 15:29:17.000,2022-05-18 23:46:14.531
2937,CE37B,97.0,2200.0,1,2020-04-16 14:59:55.000,2020-04-16 21:46:47.000
10465,CE09B,112.0,2560.0,2,2021-04-12 04:45:21.000,2021-04-12 13:00:31.000
4161,CE34,149.0,1620.0,1,2020-06-17 05:03:23.000,2020-06-17 12:21:48.000
8875,CP28,167.0,1500.0,1,2021-01-27 14:27:58.000,2021-01-27 20:33:10.000
34331,CP35,142.0,2160.0,4,2023-08-02 05:07:18.085,2023-08-02 12:58:10.910
15386,CP07,85.0,2560.0,2,2021-10-16 04:49:07.000,2021-10-16 13:27:29.000
19803,CE18B,126.0,1580.0,1,2022-04-12 05:07:21.000,2022-04-12 11:45:12.443
31247,CE10B,87.0,1960.0,1,2023-05-03 04:54:29.292,2023-05-03 12:11:00.088
14605,CP28,192.0,3100.0,1,2021-09-16 04:53:08.000,2021-09-16 13:58:51.000
4091,CE20B,107.0,2220.0,1,2020-06-13 14:11:02.000,2020-06-14 00:56:35.000
29905,CE20B,107.0,2580.0,1,2023-03-21 15:01:50.807,2023-03-21 22:10:21.653
28770,CP35,115.0,2740.0,2,2023-02-07 04:55:12.473,2023-02-07 12:57:45.689
36851,CE10B,83.0,2600.0,1,2023-10-10 15:00:04.654,2023-10-10 22:17:51.020
13001,CE08,189.0,2140.0,1,2021-07-22 04:45:03.000,2021-07-22 13:10:13.000
1369,CP07,81.0,3020.0,3,2020-01-20 14:41:33.000,2020-01-21 02:37:13.000
28397,CE46,93.0,1200.0,1,2023-01-25 04:59:38.525,2023-01-25 11:55:30.126
19490,CE51,123.0,2000.0,1,2022-03-31 14:59:27.000,2022-03-31 21:57:58.099
12026,CE18B,129.0,2140.0,1,2021-06-15 04:56:16.000,2021-06-15 11:43:09.000
4275,CP35,122.0,3360.0,1,2020-06-22 04:48:42.000,2020-06-22 13:06:39.000
16741,,91.0,8200.0,2,2021-12-10 14:47:03.000,2021-12-10 21:33:17.000
7384,CP36,127.0,2160.0,1,2020-11-13 14:57:34.000,2020-11-13 21:41:41.000
22148,CP31,203.0,840.0,1,2022-06-29 14:56:03.000,2022-06-29 21:38:20.104
5723,CE09B,101.0,1320.0,2,2020-08-27 05:17:44.000,2020-08-27 12:14:33.000
15401,CE09B,93.0,1560.0,2,2021-10-18 04:50:23.000,2021-10-18 12:25:18.000
12937,CE34,142.0,2380.0,1,2021-07-20 14:25:40.000,2021-07-20 21:27:20.000
29318,CE34,145.0,2360.0,1,2023-02-28 14:43:49.558,2023-02-28 21:08:37.627
5305,CE31,203.0,1800.0,2,2020-08-08 05:05:24.000,2020-08-08 13:11:22.000
9816,CP19,114.0,1720.0,2,2021-03-12 14:37:51.000,2021-03-12 20:47:23.000
4050,CP28,162.0,2120.0,2,2020-06-11 04:51:33.000,2020-06-11 12:47:50.000
4919,CP41B,107.0,3480.0,1,2020-07-23 04:50:51.000,2020-07-23 12:41:39.000
3311,CP01,227.0,2540.0,1,2020-05-05 14:27:21.000,2020-05-05 23:03:31.000
11231,,78.0,840.0,1,2021-05-12 12:39:42.000,2021-05-12 15:17:15.000
4041,CE09B,99.0,1720.0,2,2020-06-11 05:07:02.000,2020-06-11 12:08:02.000
9040,CE09B,74.0,1560.0,2,2021-02-04 05:40:34.000,2021-02-04 12:07:46.000
11165,CP11,150.0,1880.0,3,2021-05-10 15:01:07.000,2021-05-10 21:39:42.000
3043,CE21B,84.0,2380.0,1,2020-04-22 14:39:50.000,2020-04-22 21:35:39.000
8960,CE46,95.0,2440.0,1,2021-02-01 04:43:46.000,2021-02-01 11:43:32.000
11335,,135.0,10780.0,1,2021-05-17 14:43:04.000,2021-05-17 22:01:00.000
3859,CE20B,96.0,3260.0,2,2020-06-02 14:55:13.000,2020-06-02 23:17:05.000
3487,CE51,118.0,2160.0,1,2020-05-14 14:56:18.000,2020-05-14 21:31:42.000
12114,CP32,142.0,2800.0,1,2021-06-17 14:57:51.000,2021-06-17 23:27:54.000
25572,CP52,179.0,1780.0,1,2022-10-19 05:04:42.673,2022-10-19 12:16:03.143
13825,CP15,116.0,3040.0,1,2021-08-19 04:47:20.000,2021-08-19 11:57:53.000
7951,CP01,242.0,1560.0,1,2020-12-11 14:56:46.000,2020-12-12 00:03:11.000
6410,CE38B,140.0,1780.0,1,2020-09-29 15:07:17.000,2020-09-29 23:40:19.000
5464,CE17B,100.0,2240.0,1,2020-08-17 05:07:03.000,2020-08-17 12:09:40.000
3790,CE19,118.0,1640.0,1,2020-05-29 05:01:58.000,2020-05-29 13:44:01.000
5303,CE24,171.0,2060.0,1,2020-08-08 04:44:06.000,2020-08-08 12:43:25.000
1306,CE21B,93.0,1700.0,1,2020-01-16 14:41:37.000,2020-01-16 21:34:05.000
22810,CP15,107.0,1960.0,1,2022-07-21 15:05:50.000,2022-07-21 21:04:51.366
14006,CE38B,135.0,1640.0,1,2021-08-26 05:03:09.000,2021-08-26 11:33:48.000
24226,CP12,112.0,480.0,1,2022-09-02 17:32:57.000,2022-09-02 21:20:52.575
28343,CE30B,132.0,1340.0,1,2023-01-24 14:35:00.049,2023-01-24 21:27:26.792
3949,CE24,161.0,1560.0,1,2020-06-06 05:01:01.000,2020-06-06 11:34:07.000
9436,CE34,145.0,2060.0,1,2021-02-23 04:55:54.000,2021-02-23 12:42:01.000
34067,CE33,137.0,1560.0,1,2023-07-26 15:14:31.069,2023-07-26 22:06:11.555
13542,CE46,93.0,1700.0,1,2021-08-10 04:53:38.000,2021-08-10 12:11:24.000
17977,CE46,103.0,1780.0,1,2022-02-02 04:52:07.000,2022-02-02 11:53:39.000
4074,CE51,121.0,2420.0,1,2020-06-12 15:00:26.000,2020-06-12 21:43:02.000
18792,CE51,122.0,2080.0,1,2022-03-08 14:47:03.000,2022-03-08 21:57:42.860
9866,CE20B,100.0,2420.0,1,2021-03-16 14:56:14.000,2021-03-16 23:11:44.000
14439,CE07,70.0,1900.0,1,2021-09-10 16:00:27.000,2021-09-11 00:09:43.000
2111,CE24,163.0,1960.0,1,2020-02-29 04:34:43.000,2020-02-29 12:11:06.000
10803,CE24,160.0,2660.0,1,2021-04-26 14:57:01.000,2021-04-26 21:50:25.000
38150,CP35,125.0,2240.0,3,2023-11-15 05:07:17.400,2023-11-15 12:56:20.704
9266,CE21B,85.0,2780.0,1,2021-02-15 15:18:17.000,2021-02-15 22:38:13.000
20934,CE46,114.0,1360.0,1,2022-05-20 04:40:01.000,2022-05-20 11:39:30.261
22994,CE04,110.0,1480.0,1,2022-07-27 14:26:07.000,2022-07-27 21:36:44.475
2052,CP29,137.0,2300.0,1,2020-02-26 04:52:59.000,2020-02-26 12:18:46.000
11350,CE20B,107.0,2800.0,2,2021-05-18 15:06:15.000,2021-05-18 21:57:37.000
25536,CE20B,92.0,3200.0,1,2022-10-18 15:10:46.275,2022-10-18 20:55:35.912
7005,CP32,157.0,1120.0,1,2020-10-27 04:51:06.000,2020-10-27 14:45:49.000
10066,CE38B,141.0,1800.0,1,2021-03-25 15:09:28.000,2021-03-25 22:03:08.000
33336,CE38B,135.0,2200.0,1,2023-07-05 14:55:53.929,2023-07-05 23:49:34.996
25939,CP12,124.0,2520.0,1,2022-11-01 04:50:05.993,2022-11-01 11:44:38.806
32899,CE34,140.0,2200.0,2,2023-06-22 04:38:13.766,2023-06-22 12:03:46.705
6174,CE09B,110.0,1620.0,2,2020-09-17 04:50:00.000,2020-09-17 13:18:26.000
7984,CE09B,103.0,2200.0,2,2020-12-14 04:55:50.000,2020-12-14 12:58:41.000
10391,CE09B,101.0,1600.0,2,2021-04-08 04:56:02.000,2021-04-08 11:32:55.000
10040,CE33,148.0,1880.0,1,2021-03-24 04:17:41.000,2021-03-24 11:22:24.000
8016,CP29,133.0,3040.0,1,2020-12-15 04:44:07.000,2020-12-15 12:12:06.000
42043,,116.0,3040.0,1,2024-03-04 04:48:05.572,2024-03-04 12:08:36.357
16393,CP35,121.0,1160.0,1,2021-11-26 04:49:21.000,2021-11-26 14:35:45.000
20698,CE37B,102.0,2420.0,1,2022-05-12 15:06:43.000,2022-05-12 22:02:08.573
4878,CE16,138.0,2020.0,1,2020-07-22 04:45:39.000,2020-07-22 12:33:23.000
15932,CE39,104.0,2680.0,2,2021-11-08 15:17:17.000,2021-11-08 22:47:03.000
12798,CE27,156.0,1760.0,1,2021-07-15 05:09:25.000,2021-07-15 11:36:53.000
36389,,162.0,9840.0,1,2023-09-26 15:06:21.066,2023-09-26 21:37:33.610
24550,CE20B,101.0,2560.0,1,2022-09-14 14:58:25.415,2022-09-14 21:47:46.074
2879,CP02,177.0,2300.0,2,2020-04-13 04:52:22.000,2020-04-13 12:57:45.000
16685,CP32,145.0,1500.0,1,2021-12-09 05:08:03.000,2021-12-09 11:40:34.000
4865,CP14,147.0,2660.0,1,2020-07-21 15:00:28.000,2020-07-21 21:35:01.000
6608,CE19,118.0,1680.0,1,2020-10-08 04:54:23.000,2020-10-08 11:55:30.000
9311,CE37B,94.0,3200.0,1,2021-02-17 15:02:42.000,2021-02-17 21:24:05.000
31952,CE34,143.0,2480.0,1,2023-05-24 15:05:47.850,2023-05-24 22:41:22.878
9320,CP28,164.0,2380.0,1,2021-02-17 04:42:37.000,2021-02-17 11:41:36.000
35031,,42.0,5040.0,1,2023-08-21 10:25:37.815,2023-08-21 12:57:23.858
27804,,117.0,9220.0,1,2023-01-04 14:58:37.700,2023-01-04 21:50:08.916
16126,CE33,127.0,1760.0,1,2021-11-16 15:02:11.000,2021-11-16 21:32:33.000
35831,CP07,86.0,3040.0,4,2023-09-11 15:07:19.955,2023-09-11 23:39:19.946
11415,CP35,130.0,2860.0,1,2021-05-20 05:01:18.000,2021-05-20 12:41:00.000
2817,CP32,176.0,1800.0,1,2020-04-09 04:51:33.000,2020-04-09 11:47:37.000
21541,CP32,159.0,2760.0,1,2022-06-09 04:37:47.000,2022-06-09 13:51:12.304
18201,CP01,221.0,2220.0,1,2022-02-11 04:51:42.000,2022-02-11 12:03:35.000
30401,CE38B,140.0,1460.0,1,2023-04-06 15:02:16.601,2023-04-06 22:57:27.349
24508,CE40,47.0,1100.0,2,2022-09-13 15:36:33.278,2022-09-13 20:12:58.887
32777,CP29,142.0,2000.0,1,2023-06-19 04:37:54.632,2023-06-19 13:35:52.279
5738,Óbidos CESexta,132.0,1560.0,1,2020-08-28 15:01:57.000,2020-08-28 21:59:21.000
15349,CE12,118.0,1240.0,1,2021-10-15 05:00:41.000,2021-10-15 12:17:47.000
14950,CP12,127.0,1740.0,1,2021-09-29 04:51:51.000,2021-09-29 11:45:04.000
15780,CE40,40.0,1260.0,2,2021-11-02 18:59:27.000,2021-11-02 22:16:48.000
5095,CE41B,105.0,1560.0,1,2020-07-31 04:56:36.000,2020-07-31 11:54:48.000
14972,CE37B,117.0,2240.0,1,2021-09-30 14:55:57.000,2021-09-30 23:55:55.000
3424,CP43,178.0,1560.0,2,2020-05-11 04:55:50.000,2020-05-11 13:42:59.000
17585,CE15,102.0,1780.0,1,2022-01-18 14:52:24.000,2022-01-18 21:57:31.000
8474,CE20B,101.0,2320.0,1,2021-01-07 15:00:05.000,2021-01-07 21:59:09.000
13738,CE20B,95.0,2860.0,1,2021-08-17 04:42:14.000,2021-08-17 11:49:42.000
18760,CE18B,125.0,2320.0,1,2022-03-07 05:04:21.000,2022-03-07 12:36:55.008
1764,CP35,141.0,3080.0,1,2020-02-10 04:54:51.000,2020-02-10 13:49:30.000
16596,CP35,119.0,1960.0,1,2021-12-06 04:44:45.000,2021-12-06 11:55:39.000
7188,CP02,166.0,2420.0,1,2020-11-04 14:44:20.000,2020-11-05 01:54:46.000
9526,CP02,173.0,3200.0,1,2021-02-26 14:49:42.000,2021-02-26 23:20:05.000
27197,CP32,154.0,1800.0,1,2022-12-15 15:51:57.486,2022-12-15 22:41:45.194
22382,CP15,108.0,1820.0,1,2022-07-07 14:58:43.000,2022-07-07 21:33:16.274
2999,CE04,91.0,2100.0,1,2020-04-20 05:33:02.000,2020-04-20 12:01:19.000
5423,Óbidos CESexta,109.0,1620.0,1,2020-08-14 14:48:46.000,2020-08-14 22:16:00.000
21846,CP25B,193.0,1200.0,1,2022-06-20 04:43:49.000,2022-06-20 13:35:49.606
21576,CP05,120.0,1580.0,1,2022-06-10 14:33:38.000,2022-06-10 21:30:45.177
26451,CP39,100.0,3500.0,1,2022-11-18 14:57:34.165,2022-11-22 04:49:05.865
41782,,106.0,3140.0,1,2024-02-26 04:35:03.204,2024-02-26 11:55:38.294
10997,CE34,146.0,2020.0,1,2021-05-04 14:28:09.000,2021-05-04 21:52:55.000
27085,CE46,97.0,2660.0,1,2022-12-12 04:57:15.310,2022-12-12 11:55:08.411
28316,CE04,111.0,2200.0,1,2023-01-23 04:59:36.556,2023-01-23 13:08:07.960
3629,CE15,110.0,1940.0,1,2020-05-21 05:04:37.000,2020-05-21 11:26:54.000
40986,,142.0,2240.0,1,2024-02-02 14:56:27.717,2024-02-02 21:36:52.308
1820,CP34,119.0,2260.0,1,2020-02-12 04:54:42.000,2020-02-12 12:00:30.000
18177,CP32,138.0,1280.0,1,2022-02-10 04:53:07.000,2022-02-10 11:57:59.000
15192,CP52,181.0,2200.0,1,2021-10-08 04:58:51.000,2021-10-08 11:41:57.000
11391,CP15,99.0,1500.0,1,2021-05-19 14:15:08.000,2021-05-19 21:49:19.000
20731,CE04,116.0,1600.0,1,2022-05-13 04:46:06.000,2022-05-13 12:09:53.914
11081,CE40,29.0,520.0,1,2021-05-05 19:43:38.000,2021-05-05 22:07:24.000
12290,CE19,101.0,1720.0,1,2021-06-25 14:59:37.000,2021-06-25 21:43:18.000
31674,CE40,53.0,1200.0,2,2023-05-16 15:05:16.245,2023-05-16 19:18:01.799
34605,CP29,121.0,2520.0,1,2023-08-09 04:54:06.825,2023-08-09 14:16:59.262
13707,Óbidos CE02,120.0,2020.0,1,2021-08-16 14:59:15.000,2021-08-16 21:53:05.000
4647,CP43,116.0,2200.0,3,2020-07-10 15:02:40.000,2020-07-10 21:08:33.000
17182,CP11,156.0,2360.0,3,2021-12-30 04:56:17.000,2021-12-30 11:51:02.000
18598,CE41B,112.0,2420.0,1,2022-03-01 04:49:46.000,2022-03-01 12:28:03.388
13092,CE26,92.0,2400.0,1,2021-07-26 14:44:44.000,2021-07-26 22:03:15.000
30183,CP12,132.0,1960.0,1,2023-03-30 05:42:50.219,2023-03-30 13:45:01.336
6703,CE41B,125.0,2860.0,1,2020-10-13 05:00:10.000,2020-10-13 13:33:23.000
17948,CP28,164.0,2360.0,1,2022-02-01 14:54:14.000,2022-02-01 23:27:52.000
2406,CE51,115.0,2940.0,1,2020-03-17 15:02:52.000,2020-03-17 22:16:23.000
23456,CP07,99.0,3660.0,3,2022-08-10 15:06:39.000,2022-08-10 23:59:18.556
14467,CE38B,107.0,1220.0,1,2021-09-11 14:24:06.000,2021-09-11 18:58:26.000
20076,CE09B,113.0,1380.0,1,2022-04-21 04:58:51.000,2022-04-21 12:26:49.447
7698,CE26,87.0,2640.0,2,2020-11-30 14:34:26.000,2020-11-30 23:39:58.000
2851,CE50,141.0,2480.0,1,2020-04-11 12:19:25.000,2020-04-11 12:19:25.000
8427,CE50,139.0,2180.0,1,2021-01-06 14:58:18.000,2021-01-06 21:30:38.000
16426,CE35,121.0,1700.0,1,2021-11-29 04:54:57.000,2021-11-29 11:50:14.000
9954,CE01,218.0,2260.0,1,2021-03-19 04:52:02.000,2021-03-19 13:35:46.000
10749,CE19,112.0,1820.0,2,2021-04-23 14:50:51.000,2021-04-23 21:01:46.000
5514,CP43,116.0,1780.0,3,2020-08-18 14:54:05.000,2020-08-18 21:06:25.000
15792,CP40,51.0,1440.0,1,2021-11-02 15:01:17.000,2021-11-02 18:58:46.000
27938,CE20B,95.0,3380.0,1,2023-01-10 04:48:41.793,2023-01-10 12:04:20.042
16274,CP35,120.0,2600.0,2,2021-11-22 04:48:31.000,2021-11-22 12:33:27.000
19087,CP36,124.0,1680.0,1,2022-03-17 04:55:13.000,2022-03-17 12:45:00.078
22588,CP15,108.0,1820.0,1,2022-07-14 15:02:21.000,2022-07-14 21:55:29.188
31600,CE38B,147.0,2260.0,1,2023-05-13 04:52:05.516,2023-05-13 12:37:00.288
12147,CE05,122.0,2460.0,1,2021-06-19 04:59:05.000,2021-06-19 11:30:04.000
21971,CP18B,125.0,1760.0,1,2022-06-23 05:08:35.000,2022-06-23 12:06:36.745
24395,CE26,87.0,2280.0,1,2022-09-09 14:57:18.119,2022-09-09 22:50:58.725
3458,CE04,92.0,2260.0,1,2020-05-13 04:46:34.000,2020-05-13 11:45:15.000
12532,CE04,105.0,2000.0,1,2021-07-05 05:06:35.000,2021-07-05 13:13:41.000
5894,,161.0,9860.0,1,2020-09-03 15:00:27.000,2020-09-04 01:12:19.000
14745,CE12,141.0,1580.0,1,2021-09-22 04:58:02.000,2021-09-22 12:31:56.000
18523,CE41B,115.0,1640.0,1,2022-02-25 04:50:13.000,2022-02-25 11:50:54.047
26827,CE01,220.0,2400.0,1,2022-12-02 05:04:50.283,2022-12-02 12:50:14.453
29409,CP27,137.0,1880.0,1,2023-03-02 04:41:33.969,2023-03-02 11:42:32.987
5421,CE41B,108.0,1640.0,1,2020-08-14 04:21:44.000,2020-08-14 11:22:15.000
12649,CE05,126.0,1980.0,1,2021-07-09 15:00:03.000,2021-07-09 21:58:18.000
18970,CE09B,108.0,2560.0,1,2022-03-14 04:47:37.000,2022-03-14 12:58:03.820
29473,CE09B,117.0,2500.0,1,2023-03-06 05:07:48.913,2023-03-06 12:43:12.461
26895,CE39,95.0,3300.0,1,2022-12-05 14:37:10.833,2022-12-05 21:29:02.039
3882,CE50,136.0,2020.0,1,2020-06-03 14:45:45.000,2020-06-03 21:27:29.000
5591,Óbidos CESexta,112.0,1300.0,1,2020-08-21 14:51:28.000,2020-08-21 21:41:13.000
25058,CE41B,109.0,1920.0,2,2022-09-30 05:04:49.339,2022-09-30 12:41:57.222
31354,CP35,117.0,1520.0,1,2023-05-05 04:54:34.270,2023-05-05 10:57:26.957
26893,CE09B,124.0,2540.0,1,2022-12-05 04:53:15.180,2022-12-05 12:48:50.896
10755,CE04,101.0,1340.0,1,2021-04-23 05:04:31.000,2021-04-23 11:31:08.000
3970,Óbidos CE02,121.0,1380.0,1,2020-06-08 04:57:46.000,2020-06-08 11:22:11.000
17645,CE29,132.0,2220.0,1,2022-01-20 04:42:55.000,2022-01-20 13:44:28.000
25775,CE10B,90.0,2180.0,1,2022-10-26 05:06:57.812,2022-10-26 15:36:41.653
4114,CE07,82.0,1860.0,1,2020-06-15 14:53:34.000,2020-06-15 22:40:00.000
3322,CE27,128.0,2140.0,1,2020-05-06 04:50:41.000,2020-05-06 11:49:38.000
13959,CP23,171.0,1780.0,1,2021-08-24 15:03:47.000,2021-08-24 21:45:36.000
17317,CP18B,125.0,1820.0,1,2022-01-06 14:51:44.000,2022-01-06 22:27:19.000
35346,CP18B,127.0,2900.0,1,2023-08-29 14:58:06.535,2023-08-29 23:29:48.586
5715,CE50,143.0,2200.0,1,2020-08-27 04:58:11.000,2020-08-27 12:35:01.000
15430,CE40,47.0,1120.0,1,2021-10-19 19:19:32.000,2021-10-19 23:27:23.000
17903,Óbidos CE02,116.0,1400.0,1,2022-01-31 15:01:03.000,2022-01-31 21:27:08.000
17448,CE35,123.0,1480.0,1,2022-01-12 04:47:26.000,2022-01-12 12:17:31.000
17072,CP12,129.0,2700.0,1,2021-12-27 05:05:44.000,2021-12-27 13:34:51.000
33480,CE21B,96.0,2440.0,1,2023-07-10 16:20:02.704,2023-07-10 23:27:40.069
40924,,130.0,1920.0,1,2024-02-01 14:57:47.730,2024-02-01 21:59:12.404
30641,CP27,134.0,2960.0,1,2023-04-13 15:01:14.077,2023-04-13 22:02:02.481
2465,CE41B,96.0,1860.0,1,2020-03-20 04:36:28.000,2020-03-20 12:21:38.000
28149,CE30B,137.0,1740.0,1,2023-01-17 15:02:56.390,2023-01-17 22:17:50.377
16248,CP23,216.0,1260.0,1,2021-11-20 12:49:57.000,2021-11-20 20:48:53.000
18701,CE41B,109.0,1760.0,1,2022-03-04 04:51:06.000,2022-03-04 12:49:03.846
14116,CE29,131.0,3100.0,1,2021-08-30 04:51:44.000,2021-08-30 13:45:20.000
21251,CE50,143.0,2080.0,1,2022-05-31 14:52:49.000,2022-05-31 21:40:08.015
15468,CE34,142.0,2100.0,1,2021-10-20 04:58:38.000,2021-10-20 13:02:35.000
20935,CE19,104.0,1820.0,2,2022-05-20 14:37:29.000,2022-05-20 21:11:11.448
23167,CE40,53.0,1300.0,2,2022-08-02 14:54:43.000,2022-08-02 18:32:28.104
27809,CE19,105.0,1400.0,2,2023-01-05 15:02:09.625,2023-01-05 21:45:47.815
8809,Óbidos CE02,109.0,1520.0,1,2021-01-25 14:38:52.000,2021-01-25 21:31:41.000
22102,CP11,146.0,1460.0,1,2022-06-28 14:54:23.000,2022-06-28 20:55:43.504
17206,CP39,106.0,2760.0,1,2021-12-31 04:59:04.000,2021-12-31 11:42:11.000
29204,CE19,123.0,1840.0,2,2023-02-23 15:07:07.406,2023-02-23 23:24:33.195
20492,CP18B,123.0,2100.0,1,2022-05-05 14:52:53.000,2022-05-05 21:46:54.267
27442,CP29,123.0,3120.0,1,2022-12-23 04:55:18.785,2022-12-23 13:42:56.948
22546,CP26,85.0,2720.0,1,2022-07-13 15:09:06.000,2022-07-14 00:34:44.986
35173,CE47,100.0,1900.0,1,2023-08-24 15:02:46.127,2023-08-24 21:16:27.167
28436,CP18B,130.0,2260.0,1,2023-01-26 05:01:23.048,2023-01-26 12:32:10.552
8957,Óbidos CE02,109.0,1740.0,1,2021-02-01 14:45:48.000,2021-02-01 21:01:23.000
16696,CP25B,113.0,1880.0,1,2021-12-09 04:44:45.000,2021-12-09 11:45:25.000
4535,CE39,98.0,2640.0,1,2020-07-06 14:54:05.000,2020-07-06 22:52:41.000
21499,CE26,88.0,2260.0,1,2022-06-08 14:57:54.000,2022-06-08 21:35:57.378
17794,CP26,86.0,4160.0,1,2022-01-26 15:02:45.000,2022-01-26 23:40:09.000
6290,CE39,110.0,2540.0,1,2020-09-23 14:11:19.000,2020-09-23 22:53:43.000
9992,CE07,83.0,1920.0,1,2021-03-22 05:03:16.000,2021-03-22 12:11:55.000
10414,CE07,101.0,1920.0,1,2021-04-09 04:53:17.000,2021-04-09 12:55:41.000
20403,CE50,145.0,1900.0,1,2022-05-03 05:02:21.000,2022-05-03 11:54:55.414
14561,CE34,143.0,2380.0,1,2021-09-15 14:59:23.000,2021-09-15 22:23:15.000
17419,CE46,100.0,2140.0,1,2022-01-11 04:58:02.000,2022-01-11 12:46:28.000
19775,CE20B,97.0,2680.0,1,2022-04-11 14:55:54.000,2022-04-11 21:30:40.445
10229,CE51,118.0,2520.0,1,2021-04-01 15:02:59.000,2021-04-01 21:58:10.000
14349,CE15,68.0,1740.0,1,2021-09-07 14:15:46.000,2021-09-07 21:50:49.000
18692,CP36,139.0,2360.0,1,2022-03-03 05:10:19.000,2022-03-03 15:37:59.399
26687,CE04,208.0,1780.0,1,2022-11-28 05:07:05.947,2022-11-28 14:23:13.691
32378,CP40,42.0,1260.0,1,2023-06-06 17:47:13.596,2023-06-06 20:55:22.858
39594,,93.0,3320.0,1,2023-12-26 15:04:25.403,2023-12-26 22:28:09.274
2521,CE21B,89.0,2460.0,2,2020-03-24 15:01:26.000,2020-03-25 00:35:19.000
17976,CE33,131.0,1320.0,1,2022-02-02 05:05:14.000,2022-02-02 11:40:50.000
4303,,122.0,9640.0,1,2020-06-23 05:56:58.000,2020-06-23 12:48:04.000
2448,CE15,114.0,1880.0,1,2020-03-19 15:11:14.000,2020-03-19 23:34:38.000
14248,CE33,157.0,1120.0,1,2021-09-03 14:53:05.000,2021-09-03 22:17:15.000
19509,,141.0,9420.0,1,2022-03-30 17:46:52.000,2022-03-31 00:09:47.682
18721,CP35,120.0,2580.0,1,2022-03-04 04:49:21.000,2022-03-04 12:21:30.694
1983,CP09B,101.0,1720.0,1,2020-02-21 04:49:19.000,2020-02-21 10:34:59.000
5177,CP33,149.0,1720.0,2,2020-08-04 05:01:34.000,2020-08-04 12:50:27.000
1073,CP36,128.0,2080.0,1,2020-01-03 14:52:49.000,2020-01-03 23:41:29.000
26243,,71.0,8360.0,1,2022-11-10 11:10:22.666,2022-11-10 14:27:20.175
23730,,117.0,9360.0,1,2022-08-18 15:04:08.000,2022-08-18 21:38:53.989
9722,CE15,111.0,1820.0,1,2021-03-09 04:21:21.000,2021-03-09 11:42:36.000
1667,CP34,159.0,2160.0,1,2020-02-04 14:42:45.000,2020-02-04 22:39:57.000
1069,CP09B,100.0,1900.0,1,2020-01-03 04:35:01.000,2020-01-03 10:54:59.000
19299,CP15,110.0,1460.0,1,2022-03-24 14:43:49.000,2022-03-24 20:59:41.840
41485,,147.0,1640.0,1,2024-02-16 14:57:20.825,2024-02-16 21:41:46.189
18835,CE04,110.0,2000.0,1,2022-03-09 04:53:19.000,2022-03-09 12:11:26.442
18335,CP18B,125.0,1740.0,1,2022-02-17 04:59:28.000,2022-02-17 11:50:47.856
27278,CE33,134.0,1200.0,1,2022-12-19 14:52:09.047,2022-12-19 21:43:19.493
3484,CE15,118.0,1520.0,1,2020-05-14 04:53:06.000,2020-05-14 12:44:52.000
4219,CE20B,91.0,2100.0,1,2020-06-19 04:56:23.000,2020-06-19 11:02:49.000
8558,CP36,126.0,2540.0,1,2021-01-12 14:12:39.000,2021-01-12 22:16:29.000
1110,CP15,115.0,2360.0,1,2020-01-06 14:56:48.000,2020-01-06 22:02:09.000
1433,CE09B,103.0,1780.0,2,2020-01-23 14:36:02.000,2020-01-23 21:54:16.000
22257,CE37B,109.0,2120.0,1,2022-07-04 15:03:57.000,2022-07-04 22:14:55.858
14939,CE30B,134.0,1980.0,2,2021-09-29 14:53:16.000,2021-09-29 21:41:17.000
19911,CE04,120.0,1480.0,1,2022-04-15 04:53:56.000,2022-04-15 13:13:07.004
6555,CE43,116.0,2240.0,1,2020-10-06 14:47:39.000,2020-10-07 00:50:06.000
6588,CE33,151.0,1620.0,1,2020-10-07 14:16:36.000,2020-10-07 20:31:50.000
25614,CE33,135.0,2100.0,1,2022-10-20 05:02:22.236,2022-10-20 11:51:28.358
39691,,129.0,2620.0,1,2023-12-28 15:02:05.964,2023-12-28 22:04:01.878
9642,CP32,162.0,1840.0,1,2021-03-04 13:41:44.000,2021-03-04 22:45:36.000
19688,CP32,151.0,1680.0,1,2022-04-07 04:53:40.000,2022-04-07 11:45:54.763
29805,CP01,217.0,1940.0,1,2023-03-16 04:37:29.911,2023-03-16 13:40:42.179
23522,CE17B,95.0,2500.0,1,2022-08-12 04:52:16.000,2022-08-12 11:21:45.815
7399,CE21B,83.0,1620.0,1,2020-11-14 04:34:30.000,2020-11-14 12:46:58.000
25020,CE46,91.0,1220.0,1,2022-09-29 05:03:30.436,2022-09-29 11:57:29.735
15035,,121.0,9000.0,1,2021-10-01 14:58:46.000,2021-10-01 21:55:00.000
19608,CE15,106.0,1300.0,1,2022-04-05 15:07:08.000,2022-04-05 22:18:38.727
15011,CP35,118.0,2200.0,1,2021-10-01 04:42:06.000,2021-10-01 11:49:31.000
25021,CE09B,113.0,1720.0,1,2022-09-29 05:08:26.981,2022-09-29 12:39:56.704
29287,CE09B,111.0,1940.0,1,2023-02-27 05:01:08.420,2023-02-27 12:32:58.362
10634,CE04,103.0,2000.0,1,2021-04-19 04:59:19.000,2021-04-19 11:40:24.000
30227,CE39,84.0,2520.0,1,2023-03-31 14:46:06.593,2023-03-31 22:57:58.855
4210,CP19,122.0,1900.0,1,2020-06-18 14:54:19.000,2020-06-18 22:03:43.000
18115,CP28,167.0,1960.0,1,2022-02-08 05:00:50.000,2022-02-08 13:26:42.000
16620,CE20B,94.0,2880.0,1,2021-12-07 14:53:29.000,2021-12-07 21:36:03.000
26004,CP32,138.0,1880.0,1,2022-11-03 15:09:35.396,2022-11-03 21:29:11.782
16733,CE08,188.0,1420.0,1,2021-12-11 04:58:47.000,2021-12-11 13:07:32.000
40801,,110.0,1160.0,1,2024-01-30 05:17:17.295,2024-01-30 10:27:06.355
20243,CE46,91.0,1800.0,1,2022-04-27 05:01:39.000,2022-04-27 11:20:52.580
29865,CE04,108.0,2220.0,1,2023-03-20 04:59:27.513,2023-03-20 12:38:56.184
2006,CE21B,92.0,1500.0,1,2020-02-24 14:49:14.000,2020-02-24 22:23:39.000
25747,CP40,44.0,1420.0,1,2022-10-25 08:39:52.685,2022-10-25 11:53:08.594
28799,CE18B,135.0,1960.0,1,2023-02-08 04:51:46.127,2023-02-08 11:32:59.187
27589,CP01,219.0,2320.0,1,2022-12-28 04:58:23.247,2022-12-28 13:02:28.426
30005,CP01,217.0,1580.0,1,2023-03-23 04:56:33.957,2023-03-23 12:59:02.067
12997,CE38B,138.0,2240.0,1,2021-07-22 14:56:31.000,2021-07-22 23:32:09.000
12800,CE09B,100.0,1420.0,1,2021-07-15 04:58:40.000,2021-07-15 12:30:25.000
9898,CE04,111.0,2100.0,1,2021-03-17 04:39:29.000,2021-03-17 11:44:03.000
40127,,168.0,2680.0,35,2024-01-10 15:00:59.315,2024-01-10 23:08:37.376
5586,CE11,161.0,2460.0,9,2020-08-21 16:35:03.000,2020-08-22 01:17:48.000
9477,,203.0,3000.0,71,2021-02-23 15:00:53.000,2021-02-24 01:31:30.000
17963,,209.0,1920.0,42,2022-02-01 14:53:04.000,2022-02-02 00:45:40.000
26909,,195.0,2580.0,47,2022-12-05 14:56:18.793,2022-12-06 00:24:02.522
11809,,207.0,1980.0,39,2021-06-04 14:54:35.000,2021-06-04 23:06:00.000
4115,CE11,152.0,1920.0,12,2020-06-15 14:54:51.000,2020-06-15 22:07:26.000
19861,,253.0,2380.0,45,2022-04-12 14:57:51.000,2022-04-13 00:02:27.338
1708,CE13,120.0,1680.0,48,2020-02-06 04:55:59.000,2020-02-06 12:17:05.000
26314,,214.0,2420.0,48,2022-11-14 14:51:12.248,2022-11-15 00:41:57.080
43493,,176.0,2040.0,40,2024-04-10 15:11:12.879,2024-04-10 22:22:02.440
39545,,185.0,1980.0,22,2023-12-22 15:53:06.209,2023-12-23 00:42:38.984
22113,,241.0,2240.0,46,2022-06-28 14:48:19.000,2022-06-29 02:41:47.715
10438,,168.0,1940.0,30,2021-04-09 14:39:55.000,2021-04-09 22:19:51.000
11369,,157.0,1660.0,14,2021-05-18 15:09:08.000,2021-05-18 22:30:32.000
30781,,177.0,1580.0,37,2023-04-17 18:44:15.931,2023-04-18 01:41:04.637
33471,,227.0,1900.0,16,2023-07-07 14:55:34.067,2023-07-07 23:52:05.189
26879,,203.0,2540.0,54,2022-12-02 15:01:44.974,2022-12-03 00:36:15.687
28540,,203.0,2180.0,47,2023-01-30 14:59:34.312,2023-01-31 00:21:30.222
42060,,161.0,2060.0,38,2024-03-04 15:12:10.254,2024-03-04 23:21:21.529
10944,CE16,139.0,2000.0,2,2021-05-01 04:54:03.000,2021-05-01 13:33:46.000
24224,,182.0,3020.0,55,2022-09-02 15:01:20.000,2022-09-02 22:37:13.251
1153,CE26,87.0,1920.0,2,2020-01-08 15:01:38.000,2020-01-08 23:02:54.000
7532,CP44,125.0,1580.0,44,2020-11-20 04:56:54.000,2020-11-20 11:03:43.000
29601,CP18B,122.0,1700.0,1,2023-03-09 15:00:41.381,2023-03-09 22:07:51.110
33314,,133.0,2080.0,21,2023-07-04 15:09:03.362,2023-07-04 21:13:36.955
13606,,200.0,2320.0,44,2021-08-11 15:14:53.000,2021-08-12 00:28:04.000
42534,,153.0,2680.0,7,2024-03-15 14:55:09.706,2024-03-15 21:31:57.783
6915,CE13,125.0,2220.0,51,2020-10-22 05:00:17.000,2020-10-22 11:41:59.000
31167,,201.0,1700.0,40,2023-04-28 15:07:00.898,2023-04-28 23:34:46.579
15216,,218.0,3140.0,50,2021-10-09 05:06:16.000,2021-10-09 14:06:09.000
28085,,199.0,2560.0,47,2023-01-13 12:52:09.237,2023-01-13 22:18:30.687
18390,,179.0,2660.0,41,2022-02-18 14:58:13.000,2022-02-18 22:05:22.334
33941,,155.0,1880.0,21,2023-07-21 14:58:32.343,2023-07-21 21:29:45.643
13535,,176.0,2440.0,59,2021-08-09 14:54:56.000,2021-08-10 00:48:49.000
9579,CE41B,111.0,3160.0,2,2021-03-02 04:42:06.000,2021-03-02 13:20:46.000
29851,,214.0,10300.0,12,2023-03-17 15:01:38.654,2023-03-17 23:15:57.512
20574,,196.0,2880.0,62,2022-05-07 04:58:46.000,2022-05-07 15:46:20.921
33759,,96.0,2460.0,12,2023-07-17 22:07:38.326,2023-07-17 22:08:57.583
31207,CP11,160.0,2280.0,6,2023-05-02 04:59:49.640,2023-05-02 13:32:29.878
33162,,143.0,2180.0,34,2023-06-29 15:06:38.669,2023-06-29 22:16:31.894
3074,CE06,188.0,2020.0,42,2020-04-23 05:03:00.000,2020-04-23 12:10:46.000
1850,CE07,84.0,1540.0,1,2020-02-14 14:50:32.000,2020-02-14 21:14:02.000
21277,,219.0,2920.0,53,2022-05-31 14:44:35.000,2022-06-01 01:41:25.361
37126,,159.0,2900.0,28,2023-10-17 15:20:04.670,2023-10-18 00:26:20.321
28886,,191.0,2320.0,60,2023-02-10 15:03:54.456,2023-02-11 00:05:32.026
11835,CE24,171.0,2700.0,1,2021-06-07 04:55:23.000,2021-06-07 13:19:19.000
7650,CP11,171.0,2080.0,10,2020-11-26 15:07:12.000,2020-11-26 23:19:18.000
3874,CP06,182.0,1920.0,50,2020-06-02 15:01:58.000,2020-06-02 22:30:49.000
16639,CP28,165.0,2280.0,1,2021-12-07 04:49:48.000,2021-12-07 12:06:20.000
29541,,83.0,8000.0,1,2023-03-07 05:48:52.070,2023-03-07 12:27:49.806
17011,,171.0,9700.0,27,2021-12-22 14:55:00.000,2021-12-22 23:03:50.000
10109,,181.0,2260.0,42,2021-03-25 15:20:18.000,2021-03-25 23:24:24.000
37123,,131.0,2620.0,24,2023-10-17 15:02:11.765,2023-10-17 21:08:17.254
15553,,170.0,10240.0,22,2021-10-22 15:13:55.000,2021-10-22 22:06:49.000
18445,CP40,58.0,1020.0,1,2022-02-22 04:41:25.000,2022-02-22 11:56:57.509
24557,CP35,120.0,2800.0,4,2022-09-14 05:04:50.280,2022-09-14 12:58:43.171
21438,,159.0,10020.0,24,2022-06-06 06:03:59.000,2022-06-06 13:16:27.734
12956,,132.0,9480.0,6,2021-07-20 15:25:51.000,2021-07-20 22:08:58.000
34100,,146.0,8160.0,13,2023-07-26 15:12:41.222,2023-07-26 23:21:26.873
6895,CP02,181.0,2780.0,1,2020-10-21 14:25:13.000,2020-10-21 23:23:50.000
6877,CP06,190.0,1660.0,35,2020-10-20 15:05:48.000,2020-10-20 22:14:18.000
19203,,232.0,2200.0,40,2022-03-21 15:03:41.000,2022-03-21 23:46:28.547
34989,,150.0,2100.0,15,2023-08-18 14:49:22.214,2023-08-18 20:58:04.803
38017,,117.0,2020.0,18,2023-11-10 14:55:04.640,2023-11-10 21:37:28.658
22444,,221.0,3120.0,48,2022-07-08 14:43:54.000,2022-07-08 22:41:10.804
23164,,180.0,2860.0,57,2022-08-01 14:59:26.000,2022-08-02 00:58:05.269
8378,CP44,133.0,3320.0,47,2021-01-04 15:23:51.000,2021-01-04 23:16:13.000
7678,CP07,85.0,1960.0,3,2020-11-27 04:55:41.000,2020-11-27 12:13:06.000
12435,CP07,92.0,3180.0,4,2021-06-30 15:10:55.000,2021-07-01 03:07:54.000
22779,,142.0,2500.0,50,2022-07-19 15:00:23.000,2022-07-19 23:43:09.784
9986,CE10B,78.0,2640.0,1,2021-03-22 14:47:18.000,2021-03-22 20:28:11.000
1699,CE11,159.0,1460.0,13,2020-02-06 04:49:46.000,2020-02-06 12:28:51.000
22982,,206.0,2320.0,48,2022-07-26 14:58:23.000,2022-07-27 01:36:31.764
13945,CE30B,134.0,1800.0,2,2021-08-24 14:34:32.000,2021-08-24 22:22:02.000
27674,,227.0,3080.0,66,2022-12-30 14:50:21.734,2022-12-31 01:30:52.676
37468,,159.0,2380.0,31,2023-10-26 14:51:00.563,2023-10-26 22:10:48.391
35479,,173.0,1780.0,17,2023-08-31 15:04:01.920,2023-08-31 22:34:28.555
4684,CE44,132.0,2360.0,50,2020-07-13 14:50:25.000,2020-07-13 22:48:10.000
25806,CE09B,106.0,1400.0,1,2022-10-27 04:42:37.713,2022-10-27 12:54:13.038
36316,CP18B,129.0,2480.0,1,2023-09-25 04:47:15.728,2023-09-25 12:44:57.316
25082,,174.0,2420.0,40,2022-09-30 14:53:05.015,2022-09-30 23:33:21.739
15115,CE12,132.0,1320.0,1,2021-10-06 04:49:10.000,2021-10-06 11:37:34.000
12211,CP25B,115.0,2760.0,1,2021-06-22 04:47:07.000,2021-06-22 11:02:04.000
31574,CP11,191.0,2300.0,5,2023-05-12 14:56:52.765,2023-05-12 23:09:00.841
14966,CE29,138.0,2220.0,1,2021-09-30 15:01:33.000,2021-09-30 22:54:09.000
35018,CP39,112.0,4060.0,1,2023-08-21 14:59:30.842,2023-08-21 23:45:28.941
30985,,164.0,3020.0,63,2023-04-24 15:22:56.512,2023-04-24 22:51:36.884
24847,CE41B,107.0,1980.0,2,2022-09-23 04:47:15.719,2022-09-23 11:20:50.278
38497,CP07,82.0,2760.0,2,2023-11-24 04:41:46.929,2023-11-24 12:19:29.841
3232,CE19,116.0,2120.0,1,2020-05-01 14:56:34.000,2020-05-01 22:30:13.000
17446,CE30B,144.0,1420.0,2,2022-01-12 04:58:17.000,2022-01-12 12:04:06.000
4613,CE13,116.0,1880.0,45,2020-07-09 14:48:07.000,2020-07-09 23:00:48.000
21625,,196.0,2160.0,46,2022-06-11 05:07:31.000,2022-06-11 13:22:14.382
4289,CP13,120.0,2080.0,48,2020-06-23 15:07:16.000,2020-06-23 21:26:24.000
32054,,186.0,10380.0,28,2023-05-26 05:57:17.828,2023-05-26 13:04:45.937
37457,,160.0,8200.0,6,2023-10-26 06:13:26.151,2023-10-26 13:38:02.746
1581,,181.0,9460.0,23,2020-01-30 05:50:31.000,2020-01-30 12:35:13.000
4009,,109.0,10060.0,2,2020-06-09 05:55:03.000,2020-06-09 11:35:59.000
32608,,162.0,8660.0,1,2023-06-13 05:51:30.239,2023-06-13 13:32:10.659
11050,,128.0,9880.0,1,2021-05-05 05:33:47.000,2021-05-05 13:17:59.000
7716,,197.0,8880.0,19,2020-11-30 06:09:30.000,2020-11-30 14:45:34.000
11811,CE20B,100.0,1600.0,2,2021-06-05 05:04:19.000,2021-06-05 12:01:29.000
9841,CE51,118.0,2460.0,1,2021-03-15 15:14:07.000,2021-03-15 21:35:10.000
7276,CP07,101.0,1860.0,2,2020-11-09 15:00:08.000,2020-11-10 01:07:26.000
36344,,174.0,2340.0,18,2023-09-25 14:55:31.791,2023-09-26 00:37:58.600
2302,CP06,193.0,1040.0,24,2020-03-11 15:06:44.000,2020-03-11 22:40:17.000
3124,CP32,148.0,1300.0,1,2020-04-25 04:56:30.000,2020-04-25 11:19:28.000
26414,CP32,140.0,2260.0,1,2022-11-17 14:32:53.163,2022-11-17 21:12:09.622
2312,CP11,163.0,1440.0,6,2020-03-11 14:59:59.000,2020-03-11 22:02:24.000
14623,,211.0,2680.0,31,2021-09-16 15:08:24.000,2021-09-16 22:55:26.000
12019,,188.0,2560.0,61,2021-06-14 15:09:03.000,2021-06-15 00:50:40.000
34922,,168.0,2460.0,18,2023-08-17 15:01:16.711,2023-08-17 22:11:59.972
2493,CP11,159.0,1900.0,9,2020-03-21 05:12:24.000,2020-03-21 11:17:26.000
7677,CP01,255.0,1960.0,2,2020-11-27 04:50:16.000,2020-11-27 15:08:43.000
14492,CE11,148.0,2060.0,5,2021-09-13 14:53:29.000,2021-09-13 21:32:57.000
40269,,173.0,3380.0,6,2024-01-15 15:03:01.610,2024-01-15 22:25:16.239
22367,CE30B,136.0,1520.0,3,2022-07-07 05:04:23.000,2022-07-07 12:37:10.544
4761,CE09B,111.0,1320.0,2,2020-07-16 05:03:06.000,2020-07-16 12:08:35.000
13410,CE09B,105.0,1680.0,2,2021-08-05 04:53:34.000,2021-08-05 12:07:36.000
6994,,198.0,10020.0,13,2020-10-26 06:04:23.000,2020-10-26 13:21:49.000
13186,CE04,108.0,1940.0,1,2021-07-29 04:55:18.000,2021-07-29 11:26:02.000
10420,CP29,133.0,2760.0,2,2021-04-09 04:55:46.000,2021-04-09 13:30:55.000
13525,CP29,113.0,3220.0,2,2021-08-09 04:50:18.000,2021-08-09 12:39:46.000
41247,,119.0,1860.0,11,2024-02-09 14:55:38.374,2024-02-09 20:40:25.188
25303,CE16,129.0,2300.0,2,2022-10-10 04:50:15.746,2022-10-10 12:08:41.092
36969,,155.0,2400.0,19,2023-10-12 15:00:45.901,2023-10-12 23:13:18.325
31118,CE39,84.0,2420.0,1,2023-04-28 14:57:09.174,2023-04-28 20:56:35.420
2878,CP11,175.0,1800.0,10,2020-04-13 04:40:52.000,2020-04-13 12:35:01.000
12000,Óbidos CE02,119.0,1680.0,1,2021-06-14 05:05:57.000,2021-06-14 12:29:43.000
8904,CP43,129.0,700.0,1,2021-01-28 14:55:11.000,2021-01-28 21:08:40.000
18338,CP25B,147.0,2180.0,1,2022-02-17 05:09:53.000,2022-02-17 12:59:43.371
4652,CP07,78.0,2340.0,2,2020-07-10 14:56:11.000,2020-07-10 23:16:31.000
8144,CE41B,109.0,3060.0,2,2020-12-22 04:47:43.000,2020-12-22 14:49:12.000
13912,CE01,237.0,1560.0,1,2021-08-23 14:57:46.000,2021-08-23 23:25:58.000
30345,CP12,126.0,1720.0,1,2023-04-05 04:49:12.300,2023-04-05 11:49:40.899
25210,CE19,112.0,1380.0,2,2022-10-06 15:13:21.845,2022-10-06 22:11:39.996
35720,CE47,126.0,2100.0,1,2023-09-07 14:47:31.488,2023-09-07 23:00:10.054
5878,CE19,121.0,2020.0,1,2020-09-03 14:22:25.000,2020-09-03 22:32:52.000
10947,CE11,138.0,1720.0,5,2021-05-01 04:48:28.000,2021-05-01 12:31:15.000
23485,CP11,166.0,1900.0,3,2022-08-11 04:48:29.000,2022-08-11 13:04:51.458
2530,CP13,136.0,2540.0,36,2020-03-24 15:08:41.000,2020-03-24 23:11:39.000
7110,CE11,145.0,2100.0,17,2020-10-31 04:38:01.000,2020-10-31 14:06:22.000
36968,,160.0,2360.0,35,2023-10-12 14:59:55.016,2023-10-12 23:01:36.924
6075,,171.0,6840.0,11,2020-09-11 05:53:40.000,2020-09-11 13:03:09.000
3254,CE51,165.0,2240.0,1,2020-05-02 04:40:12.000,2020-05-02 15:22:02.000
8023,CP13,121.0,3420.0,52,2020-12-15 15:04:02.000,2020-12-15 22:54:46.000
8387,CP07,86.0,3140.0,4,2021-01-04 15:03:04.000,2021-01-04 22:11:27.000
18249,CP07,84.0,2660.0,2,2022-02-14 05:06:45.000,2022-02-14 13:48:58.000
2630,CP35,123.0,3220.0,1,2020-03-30 04:44:41.000,2020-03-30 11:44:16.000
19061,CP35,125.0,2060.0,1,2022-03-16 04:47:22.000,2022-03-16 13:45:00.000
12429,,175.0,10000.0,8,2021-06-30 05:53:11.000,2021-06-30 14:00:14.000
43593,,160.0,2220.0,23,2024-04-12 14:58:51.917,2024-04-12 23:03:01.024
6133,CP13,121.0,2380.0,49,2020-09-15 14:52:14.000,2020-09-15 23:33:40.000
18288,CE38B,136.0,1520.0,1,2022-02-16 04:41:30.000,2022-02-16 11:45:44.811
6585,CE37B,95.0,1980.0,2,2020-10-07 14:52:58.000,2020-10-07 21:19:15.000
19081,CE37B,95.0,1780.0,1,2022-03-17 05:04:34.000,2022-03-17 11:37:49.497
23783,CE11,145.0,2080.0,6,2022-08-20 05:05:45.000,2022-08-20 13:28:50.510
1416,CE05,125.0,2140.0,2,2020-01-22 04:53:49.000,2020-01-22 11:20:29.000
33213,,163.0,1460.0,15,2023-06-30 15:04:28.174,2023-06-30 22:27:26.984
11654,CE04,107.0,2140.0,1,2021-05-31 04:58:12.000,2021-05-31 12:12:55.000
18895,CE39,91.0,1980.0,1,2022-03-09 16:43:02.000,2022-03-10 00:25:50.689
24802,CE19,29.0,1260.0,2,2022-09-22 20:06:03.578,2022-09-22 21:43:40.671
16924,Óbidos CE02,119.0,1680.0,1,2021-12-20 15:11:04.000,2021-12-20 21:27:47.000
5369,CP35,132.0,1740.0,3,2020-08-12 05:00:48.000,2020-08-12 12:12:41.000
14789,CP25B,113.0,2220.0,1,2021-09-23 04:49:37.000,2021-09-23 11:06:42.000
25307,CP12,144.0,2940.0,1,2022-10-10 05:04:49.021,2022-10-10 12:39:55.298
28209,CP12,127.0,1640.0,1,2023-01-18 04:45:05.657,2023-01-18 11:21:31.572
32468,CE10B,83.0,1560.0,1,2023-06-09 05:04:00.181,2023-06-09 11:14:46.959
10276,CE11,131.0,1860.0,6,2021-04-03 04:47:25.000,2021-04-03 12:48:27.000
6522,CE24,164.0,2040.0,1,2020-10-05 13:55:37.000,2020-10-05 21:02:31.000
10633,CE09B,109.0,2800.0,2,2021-04-19 04:52:55.000,2021-04-19 12:28:39.000
8209,,113.0,9560.0,16,2020-12-24 06:01:00.000,2020-12-24 11:38:23.000
2214,,160.0,9520.0,2,2020-03-05 15:19:28.000,2020-03-05 23:48:57.000
21500,CE46,94.0,1760.0,1,2022-06-08 04:50:46.000,2022-06-08 11:10:10.622
10342,,162.0,1480.0,20,2021-04-06 14:55:57.000,2021-04-06 22:03:32.000
41144,,115.0,2020.0,1,2024-02-07 15:20:36.103,2024-02-07 22:30:18.261
18402,CP35,118.0,1260.0,2,2022-02-21 04:55:59.000,2022-02-21 12:42:11.229
19550,CP35,139.0,2600.0,1,2022-04-02 05:07:22.000,2022-04-02 14:37:28.972
14951,CP52,198.0,1920.0,1,2021-09-29 04:52:57.000,2021-09-29 12:34:42.000
25517,CP01,237.0,1700.0,1,2022-10-17 15:02:42.247,2022-10-17 23:55:08.531
21575,CE37B,92.0,1120.0,1,2022-06-10 13:58:49.000,2022-06-10 19:54:57.686
35749,,154.0,1540.0,29,2023-09-07 15:08:23.047,2023-09-07 21:58:51.392
29819,CE39,95.0,2200.0,1,2023-03-17 14:57:43.380,2023-03-17 23:40:37.337
31244,CE39,102.0,2700.0,1,2023-05-03 14:13:25.911,2023-05-04 00:05:11.521
34160,Óbidos CE01,124.0,1440.0,1,2023-07-28 05:01:46.678,2023-07-28 10:45:42.898
15884,CP12,130.0,1820.0,2,2021-11-05 05:00:23.000,2021-11-05 12:16:53.000
29249,CP12,129.0,1840.0,1,2023-02-24 04:46:06.345,2023-02-24 11:44:41.066
24978,CE11,148.0,1640.0,4,2022-09-28 14:58:45.499,2022-09-28 22:08:46.373
27303,CE30B,139.0,2080.0,2,2022-12-20 14:53:20.385,2022-12-20 22:23:11.129
12345,CE09B,109.0,2320.0,2,2021-06-28 04:56:43.000,2021-06-28 12:56:36.000
5090,CE34,147.0,2560.0,1,2020-07-31 14:24:30.000,2020-07-31 22:30:24.000
12159,CP11,143.0,2200.0,4,2021-06-19 15:09:20.000,2021-06-19 23:07:19.000
41670,,147.0,8940.0,3,2024-02-22 06:01:37.024,2024-02-22 15:00:54.762
25846,CE33,139.0,1780.0,1,2022-10-28 05:07:18.711,2022-10-28 12:44:28.777
28912,CE46,99.0,1720.0,1,2023-02-13 04:57:40.210,2023-02-13 12:28:26.342
31125,CE46,92.0,1280.0,1,2023-04-28 04:40:21.702,2023-04-28 11:22:24.168
29934,,153.0,9980.0,8,2023-03-21 14:48:14.828,2023-03-21 21:55:47.040
7599,CP40,39.0,1240.0,2,2020-11-24 18:56:14.000,2020-11-24 21:57:15.000
2305,CP28,163.0,2220.0,2,2020-03-11 04:59:18.000,2020-03-11 12:28:26.000
25272,CE11,145.0,1760.0,6,2022-10-08 04:52:58.498,2022-10-08 12:19:20.283
13969,CE05,126.0,1600.0,1,2021-08-25 14:12:47.000,2021-08-25 22:53:39.000
29158,CE39,142.0,2640.0,1,2023-02-22 05:02:48.254,2023-02-22 14:55:22.493
43780,,164.0,2780.0,4,2024-04-17 15:13:48.201,2024-04-18 00:39:35.267
17516,CP35,133.0,1660.0,2,2022-01-14 04:48:54.000,2022-01-14 12:13:19.000
23082,CE41B,107.0,1540.0,2,2022-07-29 05:01:33.000,2022-07-29 12:46:27.058
23209,CE29,148.0,2980.0,1,2022-08-03 05:00:49.000,2022-08-03 12:58:07.251
13528,CP39,105.0,3780.0,1,2021-08-09 15:13:58.000,2021-08-09 23:09:14.000
14644,CP26,85.0,3440.0,1,2021-09-17 15:33:18.000,2021-09-17 23:35:06.000
2334,CP51,120.0,2160.0,1,2020-03-12 14:53:10.000,2020-03-12 23:37:37.000
2843,CP51,125.0,2980.0,1,2020-04-10 15:05:11.000,2020-04-10 23:35:34.000
7452,CP15,109.0,2000.0,1,2020-11-17 15:02:41.000,2020-11-18 00:05:44.000
1805,CE17B,98.0,2040.0,1,2020-02-12 04:56:02.000,2020-02-12 11:25:01.000
14301,CE09B,106.0,2180.0,2,2021-09-06 05:00:28.000,2021-09-06 11:56:59.000
14865,CE04,101.0,2040.0,1,2021-09-27 04:46:09.000,2021-09-27 11:52:44.000
6976,CE50,138.0,2880.0,1,2020-10-26 14:50:58.000,2020-10-26 21:15:35.000
9563,CP07,85.0,3120.0,2,2021-03-01 14:30:43.000,2021-03-01 22:05:36.000
20786,CE26,87.0,3420.0,2,2022-05-16 14:25:31.000,2022-05-16 22:35:34.304
24058,CE40,48.0,1180.0,2,2022-08-30 09:16:42.000,2022-08-30 13:15:33.784
8484,CE46,90.0,1060.0,1,2021-01-08 04:47:24.000,2021-01-08 10:46:39.000
9312,CE20B,95.0,2920.0,2,2021-02-17 04:41:34.000,2021-02-17 11:40:24.000
38592,CE20B,105.0,3500.0,1,2023-11-28 04:42:34.468,2023-11-28 12:18:52.464
11524,CE18B,122.0,2120.0,1,2021-05-25 05:02:59.000,2021-05-25 12:35:15.000
1682,CE26,86.0,2220.0,2,2020-02-05 14:54:27.000,2020-02-05 22:19:54.000
2477,CP26,86.0,3280.0,1,2020-03-20 15:03:00.000,2020-03-20 21:37:42.000
11024,CE50,141.0,2140.0,1,2021-05-05 14:48:23.000,2021-05-05 21:38:50.000
19224,CP29,133.0,3120.0,1,2022-03-22 04:58:29.000,2022-03-22 12:52:10.791
20008,CP29,124.0,3180.0,1,2022-04-19 05:07:57.000,2022-04-19 14:21:09.867
29057,CP29,122.0,2320.0,1,2023-02-17 05:03:08.699,2023-02-17 12:47:17.417
18397,Óbidos CE02,135.0,860.0,1,2022-02-21 05:01:46.000,2022-02-21 12:59:15.080
11684,CE41B,118.0,2360.0,2,2021-06-01 04:23:39.000,2021-06-01 11:36:39.000
16337,CP12,130.0,1320.0,1,2021-11-24 04:45:55.000,2021-11-24 11:48:54.000
38042,CP12,124.0,2940.0,1,2023-11-13 04:53:12.515,2023-11-13 11:55:21.355
2434,CP32,154.0,1920.0,1,2020-03-18 15:23:29.000,2020-03-19 00:25:23.000
19899,CP52,182.0,1580.0,1,2022-04-14 15:06:19.000,2022-04-14 22:04:09.137
15165,CP15,111.0,1760.0,1,2021-10-07 04:48:39.000,2021-10-07 11:24:26.000
27842,CP01,211.0,2780.0,1,2023-01-05 15:04:59.054,2023-01-05 23:17:54.801
8977,CE09B,94.0,2680.0,2,2021-02-01 08:08:33.000,2021-02-01 16:02:40.000
24152,CP18B,126.0,2260.0,1,2022-09-01 05:06:19.000,2022-09-01 12:31:13.723
10320,CE50,137.0,1740.0,1,2021-04-06 14:58:32.000,2021-04-06 23:21:44.000
11883,CE26,86.0,2280.0,1,2021-06-09 14:53:38.000,2021-06-09 22:28:04.000
21220,CP39,112.0,4440.0,1,2022-05-30 15:41:01.000,2022-05-31 00:38:27.774
11753,CE09B,107.0,1640.0,2,2021-06-03 05:01:44.000,2021-06-03 11:41:34.000
4164,CE04,90.0,1520.0,1,2020-06-17 05:03:14.000,2020-06-17 11:54:21.000
13335,CE12,140.0,3140.0,1,2021-08-02 14:44:03.000,2021-08-03 00:00:39.000
5755,CP09B,110.0,2280.0,1,2020-08-28 05:03:31.000,2020-08-28 12:10:41.000
11313,CE26,86.0,2580.0,1,2021-05-17 15:12:03.000,2021-05-17 22:38:28.000
20070,CE29,123.0,2800.0,1,2022-04-21 05:02:09.000,2022-04-21 13:27:54.812
28720,CP39,120.0,3520.0,1,2023-02-06 14:39:25.749,2023-02-06 23:31:48.924
36271,CP12,131.0,1980.0,1,2023-09-22 05:06:35.400,2023-09-22 11:16:31.559
29097,CE09B,109.0,2980.0,1,2023-02-20 14:58:38.532,2023-02-20 23:10:43.116
34179,CP35,135.0,2720.0,4,2023-07-28 04:49:24.576,2023-07-28 11:32:30.887
20114,CE41B,113.0,2420.0,1,2022-04-22 05:02:23.000,2022-04-22 11:34:48.714
32449,CE29,128.0,2700.0,1,2023-06-08 05:08:47.112,2023-06-08 14:22:41.435
25113,CP39,110.0,4340.0,1,2022-10-03 14:35:22.278,2022-10-04 00:45:15.795
25453,CP26,87.0,3760.0,1,2022-10-14 14:56:01.015,2022-10-14 23:22:28.383
14572,CP12,147.0,3860.0,1,2021-09-15 04:50:39.000,2021-09-15 14:42:13.000
2112,CE33,142.0,1800.0,1,2020-02-29 14:03:56.000,2020-02-29 21:21:12.000
28596,CE04,114.0,1300.0,1,2023-02-01 04:56:32.465,2023-02-01 12:44:08.113
3142,CP40,48.0,1000.0,2,2020-04-27 05:02:16.000,2020-04-27 08:43:25.000
7573,CP07,132.0,1340.0,3,2020-11-23 14:56:35.000,2020-11-24 01:46:49.000
23154,CP07,81.0,3180.0,2,2022-08-01 14:45:07.000,2022-08-01 21:46:14.005
9876,CE18B,125.0,2000.0,1,2021-03-16 04:48:28.000,2021-03-16 12:40:51.000
39467,,148.0,1760.0,1,2023-12-21 14:59:02.583,2023-12-21 23:39:31.626
5684,CE04,92.0,1980.0,1,2020-08-26 14:30:44.000,2020-08-26 21:51:55.000
22134,CE39,115.0,2400.0,2,2022-06-29 14:59:01.000,2022-06-29 23:31:31.594
15861,CP18B,131.0,1840.0,1,2021-11-04 04:56:07.000,2021-11-04 10:59:38.000
9230,Óbidos CESexta,105.0,1740.0,1,2021-02-12 15:01:31.000,2021-02-12 21:34:33.000
9993,Óbidos CE02,121.0,1540.0,1,2021-03-22 05:04:48.000,2021-03-22 12:01:11.000
12980,CP25B,119.0,2040.0,1,2021-07-21 04:46:38.000,2021-07-21 11:49:43.000
17628,CP25B,115.0,1700.0,1,2022-01-19 05:04:42.000,2022-01-19 11:44:09.000
22774,CP25B,185.0,1880.0,1,2022-07-20 16:01:12.000,2022-07-21 00:10:13.595
6384,CE39,109.0,3160.0,1,2020-09-28 14:33:04.000,2020-09-28 22:25:54.000
16390,CE41B,112.0,1960.0,2,2021-11-26 05:07:50.000,2021-11-26 13:08:39.000
9660,CE01,219.0,2660.0,1,2021-03-05 04:50:50.000,2021-03-05 13:51:26.000
39560,Óbidos CE01,148.0,2360.0,1,2023-12-26 15:09:28.476,2023-12-27 00:05:34.225
17071,CP39,106.0,5920.0,1,2021-12-27 14:33:31.000,2021-12-28 00:40:20.000
38899,CP39,117.0,3980.0,1,2023-12-06 05:04:58.636,2023-12-06 14:04:28.472
21274,CP12,125.0,2800.0,1,2022-05-31 05:22:09.000,2022-05-31 12:35:57.784
18073,CE09B,124.0,2100.0,1,2022-02-07 05:01:01.000,2022-02-07 13:00:06.000
30742,,92.0,480.0,1,2023-04-17 14:52:18.952,2023-04-17 18:23:52.682
43327,,174.0,3360.0,1,2024-04-05 15:00:47.238,2024-04-05 23:31:25.439
17755,CE41B,108.0,2980.0,2,2022-01-25 04:57:36.000,2022-01-25 18:07:43.272
14594,CE01,213.0,1600.0,1,2021-09-16 14:59:34.000,2021-09-16 21:45:50.000
22911,CE26,90.0,3200.0,2,2022-07-25 15:18:03.000,2022-07-25 22:57:29.207
35606,CP18B,132.0,1960.0,1,2023-09-05 15:09:56.408,2023-09-05 23:15:27.398
28627,CE19,110.0,1180.0,1,2023-02-02 04:42:46.122,2023-02-02 12:32:02.162
25857,CP29,138.0,2940.0,1,2022-10-28 05:02:14.638,2022-10-28 14:24:49.182
11538,CP25B,133.0,1960.0,1,2021-05-25 05:08:01.000,2021-05-25 12:21:52.000
15943,CP07,85.0,2720.0,2,2021-11-08 04:59:01.000,2021-11-08 13:16:42.000
9291,CE41B,111.0,2540.0,2,2021-02-16 05:01:27.000,2021-02-16 12:05:58.000
20584,CE39,114.0,2620.0,2,2022-05-09 04:46:22.000,2022-05-09 12:39:45.141
1728,CE27,128.0,1860.0,1,2020-02-07 14:29:15.000,2020-02-07 21:34:35.000
2198,CE09B,101.0,1700.0,2,2020-03-05 04:56:21.000,2020-03-05 12:20:22.000
4261,CE09B,101.0,2380.0,2,2020-06-22 04:54:11.000,2020-06-22 13:52:24.000
8691,CE04,120.0,2500.0,1,2021-01-19 04:54:27.000,2021-01-19 13:03:26.000
16487,CE04,108.0,1200.0,1,2021-12-01 05:02:41.000,2021-12-01 13:31:03.000
10333,CP23,182.0,1780.0,1,2021-04-06 15:09:31.000,2021-04-06 21:53:07.000
4832,Óbidos CE02,116.0,1280.0,1,2020-07-20 05:04:29.000,2020-07-20 12:21:10.000
10264,CP07,84.0,3180.0,3,2021-04-02 04:49:39.000,2021-04-02 13:17:20.000
17624,CE26,88.0,2420.0,2,2022-01-19 14:20:15.000,2022-01-19 21:17:01.000
16152,CE39,114.0,1720.0,2,2021-11-17 14:52:32.000,2021-11-17 23:28:02.000
38499,CP26,86.0,3940.0,1,2023-11-24 05:04:34.822,2023-11-24 12:57:07.054
23585,CE39,109.0,3040.0,2,2022-08-15 14:36:17.000,2022-08-15 22:28:45.940
9152,CP23,181.0,3580.0,1,2021-02-09 14:57:29.000,2021-02-10 00:24:42.000
8894,CE12,124.0,1600.0,1,2021-01-28 04:40:10.000,2021-01-28 13:25:58.000
10417,CE26,90.0,2380.0,1,2021-04-09 14:15:37.000,2021-04-09 23:54:29.000
21981,CE39,114.0,2360.0,1,2022-06-24 14:58:45.000,2022-06-24 22:48:08.803
12541,CP26,89.0,4240.0,1,2021-07-05 14:25:32.000,2021-07-06 00:32:16.000
40704,,111.0,2540.0,1,2024-01-26 16:09:42.810,2024-01-26 22:47:33.684
5418,CE07,80.0,1500.0,1,2020-08-14 04:55:48.000,2020-08-14 11:18:31.000
27501,CP35,124.0,4480.0,3,2022-12-26 05:09:59.149,2022-12-26 13:14:16.061
16876,CE41B,112.0,1700.0,1,2021-12-17 05:11:33.000,2021-12-17 14:02:13.000
17165,CE37B,98.0,2680.0,1,2021-12-30 14:35:13.000,2021-12-30 22:11:53.000
16903,CE24,179.0,1700.0,1,2021-12-18 05:27:22.000,2021-12-18 12:29:36.000
16420,,165.0,10040.0,20,2021-11-27 05:45:25.000,2021-11-27 13:59:38.000
27805,,136.0,9080.0,1,2023-01-04 14:57:30.998,2023-01-04 21:51:37.418
1041,CE35,125.0,2280.0,1,2020-01-02 04:55:08.000,2020-01-02 12:06:20.000
24186,CE04,108.0,1460.0,1,2022-09-02 15:01:34.000,2022-09-02 21:05:59.041
3152,,141.0,10160.0,1,2020-04-27 05:56:00.000,2020-04-27 13:27:34.000
1623,,149.0,9720.0,1,2020-02-03 05:56:19.000,2020-02-03 15:05:23.000
8523,CP02,174.0,2080.0,1,2021-01-11 14:14:40.000,2021-01-11 22:31:54.000
11061,CE38B,138.0,1780.0,1,2021-05-06 15:16:04.000,2021-05-06 22:33:26.000
1929,CE30B,154.0,1300.0,1,2020-02-19 14:53:19.000,2020-02-19 22:31:52.000
5524,CE37B,71.0,780.0,1,2020-08-19 15:13:35.000,2020-08-19 18:35:40.000
19973,CE24,206.0,2400.0,1,2022-04-18 14:54:46.000,2022-04-18 22:54:58.790
25049,CE34,156.0,2500.0,1,2022-09-30 15:01:34.531,2022-09-30 23:19:26.515
6834,CE21B,84.0,2520.0,1,2020-10-19 15:22:41.000,2020-10-20 00:21:24.000
11413,CE33,131.0,1760.0,1,2021-05-20 14:57:53.000,2021-05-20 21:33:41.000
18492,CE51,116.0,2340.0,1,2022-02-24 15:00:27.000,2022-02-24 21:41:53.592
6886,CE37B,90.0,1440.0,1,2020-10-21 16:43:32.000,2020-10-21 22:54:28.000
2810,CE31,250.0,3040.0,1,2020-04-09 14:58:12.000,2020-04-09 23:36:38.000
1313,CP28,157.0,2020.0,1,2020-01-16 05:13:44.000,2020-01-16 12:32:44.000
5335,CE20B,95.0,2960.0,1,2020-08-11 14:56:36.000,2020-08-11 22:11:48.000
13660,CP29,131.0,2740.0,2,2021-08-13 04:59:50.000,2021-08-13 12:29:19.000
14144,CE15,146.0,1880.0,1,2021-08-31 15:01:35.000,2021-08-31 21:58:57.000
29055,CP07,86.0,2380.0,2,2023-02-17 14:57:47.213,2023-02-17 21:23:59.196
11491,CP08,183.0,2440.0,1,2021-05-24 14:59:29.000,2021-05-24 21:40:25.000
16206,CP32,136.0,1520.0,1,2021-11-18 04:57:18.000,2021-11-18 12:43:05.000
23223,CP36,151.0,1940.0,1,2022-08-03 05:12:33.000,2022-08-03 13:49:31.782
18188,CE11,149.0,1280.0,7,2022-02-11 15:03:47.000,2022-02-11 21:11:37.000
1349,CE30B,153.0,1820.0,1,2020-01-18 05:05:22.000,2020-01-18 12:23:39.000
16220,CE41B,110.0,1780.0,2,2021-11-19 05:02:48.000,2021-11-19 12:20:42.000
13215,CE37B,103.0,1620.0,2,2021-07-30 14:29:51.000,2021-07-30 23:20:06.000
2584,CE19,110.0,2040.0,2,2020-03-27 14:42:50.000,2020-03-27 21:38:52.000
7254,CE31,212.0,1960.0,2,2020-11-07 04:50:37.000,2020-11-07 12:09:35.000
2696,CP19,121.0,1740.0,1,2020-04-02 14:50:25.000,2020-04-02 22:16:21.000
12517,CE20B,97.0,2200.0,2,2021-07-02 15:48:02.000,2021-07-02 23:54:37.000
18322,CE20B,94.0,2220.0,2,2022-02-17 15:03:35.000,2022-02-17 23:16:22.406
6560,CP32,149.0,1960.0,1,2020-10-06 04:49:54.000,2020-10-06 11:30:06.000
1228,CE09B,102.0,2680.0,2,2020-01-13 04:37:01.000,2020-01-13 11:07:41.000
20822,CE30B,142.0,1420.0,2,2022-05-17 15:08:59.000,2022-05-17 22:00:29.583
39165,,143.0,3080.0,2,2023-12-13 15:03:20.888,2023-12-13 22:47:55.025
20078,CE37B,97.0,2380.0,1,2022-04-21 15:09:53.000,2022-04-21 22:34:18.472
3294,CE46,96.0,2280.0,1,2020-05-05 04:56:02.000,2020-05-05 11:52:11.000
9514,CE41B,114.0,1640.0,2,2021-02-26 04:35:47.000,2021-02-26 12:04:34.000
5722,CE21B,83.0,2700.0,1,2020-08-27 15:03:53.000,2020-08-27 21:57:37.000
19065,,214.0,8260.0,6,2022-03-15 14:58:17.000,2022-03-15 23:19:31.595
18007,CP32,143.0,2020.0,1,2022-02-03 14:57:25.000,2022-02-03 21:31:13.000
22334,CP32,143.0,1940.0,1,2022-07-06 05:18:06.000,2022-07-06 12:25:32.621
2730,CE38B,135.0,2000.0,1,2020-04-04 04:50:58.000,2020-04-04 11:33:54.000
35451,CE34,164.0,2140.0,1,2023-08-31 05:12:12.551,2023-08-31 12:46:29.684
2748,CE07,77.0,2360.0,1,2020-04-06 14:42:10.000,2020-04-06 22:13:25.000
10357,CE21B,81.0,2500.0,1,2021-04-07 14:34:51.000,2021-04-07 21:40:00.000
1536,,106.0,2320.0,1,2020-01-29 05:46:06.000,2020-01-29 11:19:01.000
2257,CP40,46.0,1180.0,2,2020-03-09 22:16:10.000,2020-03-10 03:46:07.000
7169,CP40,50.0,1460.0,2,2020-11-03 04:43:09.000,2020-11-03 10:11:29.000
15022,CE20B,97.0,2020.0,2,2021-10-02 04:32:42.000,2021-10-02 12:41:25.000
3555,CP51,120.0,2300.0,1,2020-05-18 14:23:51.000,2020-05-18 20:59:19.000
6690,CP07,103.0,1600.0,2,2020-10-12 04:57:10.000,2020-10-12 12:47:50.000
17489,CP15,110.0,2120.0,1,2022-01-13 14:19:48.000,2022-01-13 21:34:17.000
32000,CP15,111.0,1960.0,1,2023-05-25 14:43:06.406,2023-05-25 21:50:52.650
34956,CP12,130.0,2080.0,1,2023-08-18 04:37:48.754,2023-08-18 13:40:51.770
26919,CE30B,143.0,1960.0,1,2022-12-06 14:58:19.127,2022-12-06 22:22:39.521
15776,CE18B,132.0,1680.0,1,2021-11-02 04:58:27.000,2021-11-02 11:21:19.000
16180,,147.0,9820.0,1,2021-11-17 06:00:36.000,2021-11-17 15:52:02.000
39527,,210.0,1900.0,1,2023-12-22 15:03:32.833,2023-12-22 22:39:43.408
8225,CP14,188.0,2840.0,1,2020-12-26 14:50:04.000,2020-12-26 23:56:32.000
2245,CE09B,101.0,2120.0,2,2020-03-09 04:58:59.000,2020-03-09 11:34:25.000
6007,CE46,93.0,2060.0,2,2020-09-09 05:02:17.000,2020-09-09 12:24:07.000
8012,CE37B,96.0,2440.0,2,2020-12-15 14:42:11.000,2020-12-15 22:19:04.000
8928,CE24,165.0,2260.0,1,2021-01-29 14:45:10.000,2021-01-29 21:22:47.000
14413,CE34,147.0,2440.0,1,2021-09-09 15:05:56.000,2021-09-09 23:07:38.000
6288,CE31,214.0,3220.0,2,2020-09-23 14:50:02.000,2020-09-23 23:49:29.000
3368,,126.0,7760.0,1,2020-05-08 05:52:41.000,2020-05-08 13:39:28.000
9463,CE51,124.0,1900.0,1,2021-02-24 14:22:32.000,2021-02-24 22:26:53.000
5099,CP29,130.0,1980.0,2,2020-07-31 04:58:47.000,2020-07-31 12:33:25.000
9073,CE20B,95.0,1820.0,1,2021-02-05 04:54:32.000,2021-02-05 11:35:24.000
37231,,213.0,3840.0,3,2023-10-19 15:17:36.969,2023-10-20 00:02:23.617
18695,CP01,226.0,1700.0,1,2022-03-03 14:41:37.000,2022-03-03 22:15:33.416
7178,CE37B,90.0,1800.0,2,2020-11-04 04:52:21.000,2020-11-04 11:42:40.000
13706,CE17B,107.0,2620.0,1,2021-08-16 04:43:23.000,2021-08-16 12:02:11.000
19780,CP12,132.0,2220.0,1,2022-04-11 04:46:46.000,2022-04-11 12:19:34.343
2424,CE46,103.0,2360.0,1,2020-03-18 05:05:17.000,2020-03-18 11:58:10.000
12203,CE41B,112.0,2840.0,2,2021-06-22 04:47:12.000,2021-06-22 14:20:38.000
27113,CE34,150.0,2020.0,1,2022-12-13 04:37:19.821,2022-12-13 12:22:38.236
29332,CP35,129.0,2660.0,2,2023-02-28 05:09:18.442,2023-02-28 13:01:03.909
3837,CP50,136.0,2400.0,1,2020-06-01 14:42:38.000,2020-06-01 21:30:08.000
4431,CE51,125.0,2200.0,1,2020-06-30 14:53:18.000,2020-07-01 00:09:18.000
17256,CE15,112.0,1640.0,1,2022-01-04 14:48:06.000,2022-01-04 20:30:06.000
4030,CP14,141.0,1960.0,1,2020-06-10 04:46:44.000,2020-06-10 11:27:29.000
10795,CE09B,107.0,2520.0,2,2021-04-26 04:42:23.000,2021-04-26 13:46:49.000
13675,CE19,108.0,1860.0,1,2021-08-14 04:47:39.000,2021-08-14 11:42:38.000
15348,CE19,102.0,1460.0,1,2021-10-15 15:00:56.000,2021-10-15 21:26:28.000
10806,CP07,97.0,2920.0,3,2021-04-26 14:25:01.000,2021-04-26 21:46:31.000
11234,,129.0,8820.0,1,2021-05-12 14:48:45.000,2021-05-12 23:15:41.000
24946,CE04,109.0,1880.0,1,2022-09-27 05:04:46.965,2022-09-27 18:15:04.933
16627,CP29,129.0,2600.0,1,2021-12-07 04:50:56.000,2021-12-07 12:47:37.000
3141,CP35,116.0,2680.0,1,2020-04-27 05:01:38.000,2020-04-27 10:18:53.000
2030,CP09B,96.0,2460.0,1,2020-02-25 04:46:52.000,2020-02-25 11:20:39.000
8625,CE07,81.0,1840.0,1,2021-01-15 14:16:38.000,2021-01-15 20:49:23.000
21485,CE50,138.0,1660.0,1,2022-06-07 15:19:24.000,2022-06-07 21:18:06.220
7205,CE24,161.0,1740.0,1,2020-11-05 14:33:54.000,2020-11-05 22:21:47.000
19875,CE34,152.0,2040.0,1,2022-04-14 14:46:46.000,2022-04-14 21:53:37.541
25259,CP11,146.0,1860.0,3,2022-10-07 05:06:28.495,2022-10-07 11:53:15.394
41490,,119.0,8200.0,1,2024-02-16 15:22:43.012,2024-02-16 21:17:39.971
7752,CE20B,97.0,2360.0,1,2020-12-02 14:46:30.000,2020-12-02 23:24:11.000
23411,CP08,190.0,2660.0,1,2022-08-09 14:48:51.000,2022-08-09 23:47:06.014
15329,CP15,109.0,1980.0,1,2021-10-14 04:39:29.000,2021-10-14 11:46:17.000
9041,CE38B,139.0,1820.0,1,2021-02-04 04:43:56.000,2021-02-04 12:02:06.000
24513,CE38B,154.0,2180.0,1,2022-09-13 04:44:27.171,2022-09-13 13:38:26.023
21660,CE30B,130.0,1540.0,2,2022-06-14 14:56:41.000,2022-06-14 20:42:12.479
1294,CP30B,153.0,2500.0,1,2020-01-15 14:56:49.000,2020-01-15 21:48:17.000
5642,CP01,237.0,1880.0,1,2020-08-24 14:28:13.000,2020-08-24 23:43:57.000
15905,CE16,128.0,1780.0,2,2021-11-06 05:04:40.000,2021-11-06 12:19:38.000
32958,CP26,88.0,3540.0,1,2023-06-23 15:10:00.743,2023-06-23 22:48:57.434
16460,CE40,49.0,1200.0,2,2021-11-30 19:13:52.000,2021-11-30 23:08:11.000
4230,CE19,116.0,1740.0,1,2020-06-19 14:51:50.000,2020-06-19 21:56:43.000
2343,CE41B,113.0,1620.0,1,2020-03-13 05:05:06.000,2020-03-13 12:10:00.000
16310,,87.0,9780.0,1,2021-11-22 14:57:29.000,2021-11-22 20:44:52.000
8401,CE51,124.0,2260.0,1,2021-01-05 14:33:08.000,2021-01-05 21:46:08.000
24299,CP40,53.0,2000.0,1,2022-09-06 19:08:45.661,2022-09-06 23:12:34.057
6765,CE15,112.0,1640.0,1,2020-10-15 15:02:12.000,2020-10-15 23:39:39.000
9439,CE15,102.0,1900.0,1,2021-02-23 14:43:33.000,2021-02-23 20:33:12.000
37493,CP07,83.0,3100.0,3,2023-10-27 15:00:45.796,2023-10-27 23:46:02.673
17413,CE18B,127.0,1900.0,1,2022-01-11 14:50:52.000,2022-01-11 21:47:52.000
11697,CP01,210.0,2040.0,1,2021-06-01 04:56:45.000,2021-06-01 11:33:01.000
22332,CP01,209.0,1720.0,1,2022-07-06 15:00:59.000,2022-07-06 21:48:34.127
29203,CE09B,117.0,1700.0,1,2023-02-23 15:01:25.862,2023-02-23 22:58:12.009
8176,CE26,88.0,2320.0,2,2020-12-23 15:16:45.000,2020-12-24 00:37:06.000
12032,CE50,134.0,1900.0,1,2021-06-15 14:45:22.000,2021-06-15 20:46:14.000
14595,CE50,141.0,2280.0,1,2021-09-16 14:57:10.000,2021-09-16 21:43:44.000
12771,CE39,110.0,2480.0,1,2021-07-14 14:57:30.000,2021-07-14 23:37:02.000
12848,CP39,117.0,3780.0,1,2021-07-16 14:15:06.000,2021-07-17 00:01:09.000
40258,,26.0,660.0,1,2024-01-15 12:12:55.233,2024-01-15 13:52:32.389
20903,CP12,147.0,2220.0,1,2022-05-19 04:37:34.000,2022-05-19 12:23:52.074
10581,CE19,124.0,1700.0,2,2021-04-16 14:52:28.000,2021-04-16 21:23:45.000
5083,,219.0,9220.0,1,2020-07-30 14:58:22.000,2020-07-31 00:17:36.000
9549,CE46,106.0,1880.0,1,2021-03-01 04:41:23.000,2021-03-01 10:59:04.000
24952,CP40,50.0,1700.0,1,2022-09-27 15:51:17.904,2022-09-27 20:04:05.106
11185,CE18B,133.0,2200.0,1,2021-05-11 15:00:43.000,2021-05-11 21:42:22.000
27206,CP08,188.0,2140.0,1,2022-12-15 04:41:32.895,2022-12-15 11:27:42.214
7072,CP36,136.0,1920.0,1,2020-10-29 14:52:37.000,2020-10-29 22:58:08.000
23935,CP15,112.0,2120.0,1,2022-08-25 15:21:55.000,2022-08-25 23:24:53.728
4131,,132.0,10680.0,1,2020-06-15 14:53:42.000,2020-06-16 00:52:36.000
27123,CE40,49.0,1280.0,2,2022-12-13 08:36:25.442,2022-12-13 11:56:07.989
9405,Óbidos CE02,111.0,1780.0,1,2021-02-22 15:33:11.000,2021-02-22 22:10:52.000
19045,CE12,128.0,2120.0,1,2022-03-16 04:32:21.000,2022-03-16 12:50:41.818
21147,CE41B,114.0,1860.0,1,2022-05-27 04:43:28.000,2022-05-27 11:57:11.489
22692,CE01,212.0,1360.0,1,2022-07-18 04:40:58.000,2022-07-18 12:02:05.938
21841,CE29,132.0,2980.0,1,2022-06-20 04:53:08.000,2022-06-20 14:26:58.986
33585,CP12,127.0,2020.0,1,2023-07-12 04:58:30.393,2023-07-12 12:03:04.175
18592,CE40,47.0,1020.0,2,2022-03-01 17:59:17.000,2022-03-01 21:02:29.830
20619,CE50,141.0,2080.0,1,2022-05-10 14:59:17.000,2022-05-10 21:19:45.616
27898,,51.0,1760.0,1,2023-01-07 09:49:42.606,2023-01-07 16:19:04.827
17306,CE34,149.0,2300.0,1,2022-01-06 05:08:21.000,2022-01-06 14:26:21.000
8194,,109.0,8940.0,1,2020-12-23 05:58:35.000,2020-12-23 11:57:20.000
17551,CE46,94.0,2280.0,1,2022-01-17 14:56:43.000,2022-01-17 21:31:56.000
17261,CP40,52.0,1840.0,1,2022-01-04 15:46:22.000,2022-01-04 21:34:25.000
27945,CP40,51.0,760.0,1,2023-01-10 05:06:39.689,2023-01-10 08:07:16.967
30171,CE18B,131.0,2220.0,1,2023-03-30 14:49:15.676,2023-03-30 21:07:57.055
20705,CP32,152.0,2380.0,1,2022-05-12 04:35:29.000,2022-05-12 11:50:42.436
23722,CP15,115.0,1640.0,1,2022-08-18 14:55:47.000,2022-08-18 21:39:42.056
8395,CE38B,72.0,480.0,1,2021-01-05 14:53:48.000,2021-01-05 20:44:46.000
1596,CE27,129.0,1760.0,1,2020-01-31 05:12:02.000,2020-01-31 12:31:32.000
10443,CE04,102.0,1800.0,1,2021-04-10 04:41:41.000,2021-04-10 12:45:22.000
35067,CP18B,128.0,2260.0,1,2023-08-22 14:56:25.249,2023-08-22 21:53:32.676
30498,CP26,87.0,3660.0,1,2023-04-10 15:05:29.110,2023-04-10 22:43:10.515
3683,CE49,159.0,2200.0,1,2020-05-25 05:02:38.000,2020-05-25 13:35:43.000
3374,CE07,77.0,1500.0,1,2020-05-08 04:52:24.000,2020-05-08 10:53:19.000
10611,CE24,167.0,1900.0,1,2021-04-17 04:48:34.000,2021-04-17 12:44:10.000
7321,,162.0,8560.0,1,2020-11-10 15:04:00.000,2020-11-10 23:50:04.000
13112,CE46,92.0,1900.0,1,2021-07-27 04:55:30.000,2021-07-27 12:06:12.000
24466,CE04,108.0,2380.0,1,2022-09-12 15:24:57.504,2022-09-12 22:18:09.925
15970,CP40,51.0,1620.0,1,2021-11-09 15:06:16.000,2021-11-09 19:27:49.000
36594,CE20B,103.0,3300.0,1,2023-10-03 04:42:57.811,2023-10-03 12:07:14.953
10665,CE18B,131.0,2340.0,1,2021-04-20 15:10:26.000,2021-04-21 02:59:54.000
10103,CP32,151.0,2560.0,1,2021-03-26 14:19:45.000,2021-03-26 22:38:06.000
4352,CP41B,114.0,2700.0,1,2020-06-25 05:09:57.000,2020-06-25 13:11:27.000
18829,CE38B,138.0,1660.0,1,2022-03-09 05:02:24.000,2022-03-09 12:38:05.963
22379,CP18B,124.0,1980.0,1,2022-07-07 14:57:27.000,2022-07-07 22:00:38.561
39097,CP18B,130.0,2400.0,1,2023-12-12 04:52:05.990,2023-12-12 11:41:58.227
3319,CE01,216.0,2260.0,1,2020-05-06 14:14:07.000,2020-05-06 22:24:42.000
3511,Óbidos CESexta,119.0,1840.0,1,2020-05-15 05:06:19.000,2020-05-15 11:01:35.000
2716,CP30B,153.0,2080.0,1,2020-04-03 04:42:54.000,2020-04-03 10:35:20.000
29320,CE01,215.0,1060.0,1,2023-02-28 04:46:33.765,2023-02-28 12:31:42.020
14933,CE16,128.0,1760.0,2,2021-09-29 04:41:22.000,2021-09-29 11:51:02.000
5014,CP09B,99.0,3040.0,1,2020-07-28 04:57:20.000,2020-07-28 12:11:36.000
10097,CE26,94.0,2560.0,2,2021-03-26 15:00:37.000,2021-03-27 00:05:54.000
9512,CE01,234.0,1700.0,1,2021-02-26 05:06:26.000,2021-02-26 13:10:23.000
28081,CP39,111.0,3580.0,1,2023-01-13 14:21:39.040,2023-01-14 01:47:50.183
3740,CE07,86.0,2340.0,1,2020-05-27 14:45:52.000,2020-05-27 21:45:38.000
20234,CE16,128.0,1960.0,2,2022-04-27 05:09:14.000,2022-04-27 12:42:59.569
2741,CE01,243.0,2540.0,1,2020-04-06 15:02:47.000,2020-04-06 23:55:40.000
7519,Óbidos CESexta,102.0,1120.0,1,2020-11-20 14:52:03.000,2020-11-20 21:22:00.000
32767,Óbidos CE01,152.0,1480.0,1,2023-06-19 05:10:24.191,2023-06-19 14:08:24.103
19872,CE10B,77.0,2240.0,1,2022-04-14 15:14:24.000,2022-04-14 21:22:24.283
28134,,175.0,2580.0,1,2023-01-16 14:52:53.277,2023-01-16 23:48:53.889
4608,CE34,144.0,2300.0,1,2020-07-09 14:53:43.000,2020-07-09 21:52:41.000
31355,CP29,127.0,3220.0,1,2023-05-05 04:46:54.044,2023-05-05 12:20:22.191
35217,Óbidos CE01,125.0,1920.0,1,2023-08-25 05:04:51.258,2023-08-25 11:26:32.158
1776,CE24,174.0,1680.0,1,2020-02-11 14:37:38.000,2020-02-11 22:25:07.000
17839,CP15,109.0,1500.0,1,2022-01-27 14:35:16.000,2022-01-27 21:22:24.000
1906,CE16,139.0,1920.0,1,2020-02-18 14:56:51.000,2020-02-18 23:15:02.000
40108,CP18B,138.0,1440.0,1,2024-01-10 04:52:35.239,2024-01-10 12:18:12.604
16231,CP02,168.0,2740.0,1,2021-11-19 15:02:26.000,2021-11-19 23:25:42.000
17393,CE12,127.0,1280.0,1,2022-01-10 05:07:40.000,2022-01-10 12:39:14.000
13515,CE01,240.0,1740.0,1,2021-08-09 15:08:53.000,2021-08-09 23:32:22.000
10816,CP26,85.0,5020.0,1,2021-04-26 15:10:55.000,2021-04-26 23:58:52.000
26097,CP26,146.0,4600.0,1,2022-11-07 14:51:10.801,2022-11-08 00:40:15.508
37547,CP39,112.0,4380.0,1,2023-10-30 16:18:20.618,2023-10-31 01:00:28.492
39407,,128.0,1920.0,1,2023-12-20 04:48:45.947,2023-12-20 13:12:13.829
19083,CE10B,76.0,1900.0,1,2022-03-17 14:41:31.000,2022-03-17 21:04:17.237
13973,CE34,155.0,2100.0,1,2021-08-25 14:25:22.000,2021-08-25 22:04:42.000
9389,CE31,206.0,3160.0,1,2021-02-20 04:56:05.000,2021-02-20 12:14:11.000
24943,CE40,48.0,1520.0,2,2022-09-27 20:05:36.634,2022-09-28 00:19:40.850
6526,Óbidos CE02,116.0,1360.0,1,2020-10-05 14:17:27.000,2020-10-05 21:31:05.000
17973,CE12,127.0,1320.0,1,2022-02-02 05:08:52.000,2022-02-02 11:50:42.000
26562,CE29,123.0,2520.0,1,2022-11-23 04:51:58.148,2022-11-23 12:32:54.723
36784,Óbidos CE01,155.0,1240.0,1,2023-10-09 05:01:03.672,2023-10-09 12:51:21.432
38526,,142.0,1240.0,1,2023-11-24 15:16:28.460,2023-11-24 21:27:56.349
23002,CP26,87.0,4060.0,1,2022-07-27 14:41:29.000,2022-07-27 22:48:58.597
28992,CP12,131.0,1420.0,1,2023-02-15 05:11:19.414,2023-02-15 11:58:51.272
18795,CE40,42.0,1040.0,2,2022-03-08 19:08:56.000,2022-03-08 22:54:00.854
25815,CP27,139.0,2520.0,1,2022-10-27 04:47:15.524,2022-10-27 12:49:21.050
14813,CE07,83.0,1640.0,1,2021-09-24 14:16:15.000,2021-09-24 21:46:34.000
30192,CP18B,138.0,2220.0,1,2023-03-30 14:57:25.168,2023-03-30 22:36:01.070
38043,CP18B,129.0,3100.0,1,2023-11-13 15:10:06.512,2023-11-14 00:01:51.421
4449,CE50,138.0,2120.0,1,2020-07-01 14:59:01.000,2020-07-01 21:32:03.000
21679,CP25B,139.0,2480.0,1,2022-06-14 04:57:39.000,2022-06-14 14:50:05.338
16662,CP12,122.0,1580.0,1,2021-12-08 05:12:04.000,2021-12-08 13:38:21.000
3733,CE50,136.0,1580.0,1,2020-05-27 04:29:42.000,2020-05-27 12:53:53.000
15324,CE29,131.0,2740.0,1,2021-10-14 04:41:41.000,2021-10-14 13:14:47.000
4373,CP09B,100.0,1660.0,1,2020-06-26 04:57:01.000,2020-06-26 12:32:09.000
9269,CP25B,113.0,2300.0,1,2021-02-15 04:49:40.000,2021-02-15 10:21:24.000
2874,CP40,34.0,920.0,1,2020-04-13 21:00:15.000,2020-04-13 22:55:54.000
24709,CP39,108.0,4060.0,1,2022-09-19 14:54:28.213,2022-09-19 23:20:43.377
15289,CE07,82.0,2360.0,1,2021-10-13 15:02:41.000,2021-10-14 04:45:51.000
6859,CE41B,110.0,2580.0,1,2020-10-20 04:50:21.000,2020-10-20 12:00:41.000
25129,CE24,206.0,2940.0,1,2022-10-04 05:05:45.000,2022-10-04 14:43:32.000
20389,,142.0,5480.0,1,2022-05-02 05:46:51.000,2022-05-02 12:58:02.354
5407,CP50,142.0,2900.0,1,2020-08-13 14:57:22.000,2020-08-13 21:34:47.000
13846,CE51,115.0,2560.0,1,2021-08-20 15:02:20.000,2021-08-20 22:40:21.000
15659,,93.0,8220.0,1,2021-10-27 05:55:26.000,2021-10-27 13:15:11.000
19015,CE15,113.0,1380.0,1,2022-03-15 04:29:41.000,2022-03-15 11:32:38.488
10469,CE20B,96.0,2000.0,1,2021-04-12 15:46:30.000,2021-04-13 00:00:05.000
30843,CE18B,125.0,1980.0,1,2023-04-20 15:19:44.430,2023-04-20 22:24:47.624
9329,CP02,175.0,2660.0,1,2021-02-17 14:58:59.000,2021-02-17 23:33:41.000
24708,CP08,197.0,1920.0,1,2022-09-19 04:46:46.975,2022-09-19 12:05:05.876
17648,CE37B,98.0,2080.0,1,2022-01-20 15:02:13.000,2022-01-20 21:42:47.000
6680,CE30B,149.0,1540.0,1,2020-10-12 14:41:14.000,2020-10-12 21:17:03.000
15697,,89.0,7060.0,1,2021-10-27 20:14:39.000,2021-10-28 00:25:09.000
16239,CE46,92.0,1320.0,1,2021-11-20 04:56:50.000,2021-11-20 12:12:40.000
1112,CP03,98.0,1760.0,1,2020-01-06 04:50:14.000,2020-01-06 12:12:14.000
18881,CP15,107.0,1700.0,1,2022-03-10 14:14:28.000,2022-03-10 21:37:12.622
23801,CE46,90.0,1960.0,1,2022-08-22 14:42:46.000,2022-08-22 21:35:19.916
23850,CP40,44.0,1620.0,1,2022-08-23 18:20:20.000,2022-08-23 21:41:32.545
15684,CP32,138.0,1640.0,1,2021-10-28 04:54:02.000,2021-10-28 12:01:26.000
5373,CP36,127.0,2120.0,1,2020-08-12 14:38:08.000,2020-08-12 21:42:25.000
40079,,129.0,3440.0,1,2024-01-09 15:01:29.677,2024-01-09 22:12:31.255
24933,,160.0,8340.0,1,2022-09-26 14:58:50.865,2022-09-27 00:41:35.300
7701,CE15,105.0,1620.0,1,2020-11-30 15:13:51.000,2020-11-30 23:59:00.000
20623,CE20B,66.0,1200.0,1,2022-05-10 05:16:53.000,2022-05-10 10:11:14.501
2552,CP50,140.0,2160.0,1,2020-03-25 05:03:05.000,2020-03-25 12:09:59.000
1927,CE51,121.0,2060.0,1,2020-02-19 04:46:40.000,2020-02-19 12:17:15.000
5071,CE15,109.0,1300.0,1,2020-07-30 14:55:34.000,2020-07-30 21:43:33.000
37800,,114.0,8140.0,1,2023-11-06 05:51:27.851,2023-11-06 12:59:47.118
30642,CP01,221.0,2180.0,1,2023-04-13 14:57:37.469,2023-04-13 22:27:22.275
22578,CE09B,108.0,1620.0,1,2022-07-14 05:01:35.000,2022-07-14 13:19:45.325
30372,CP18B,134.0,1800.0,1,2023-04-05 14:59:33.055,2023-04-05 21:53:04.074
35783,CP35,121.0,1780.0,1,2023-09-08 04:57:45.935,2023-09-08 14:07:49.144
37018,,132.0,8400.0,1,2023-10-13 14:27:10.884,2023-10-13 22:03:37.583
21111,CE20B,91.0,2680.0,1,2022-05-26 15:06:25.000,2022-05-26 22:02:53.627
23389,CE18B,141.0,2280.0,1,2022-08-09 05:01:30.000,2022-08-09 12:29:07.032
31553,CE18B,87.0,780.0,1,2023-05-12 04:41:22.381,2023-05-12 10:23:14.063
13330,CP32,150.0,2260.0,1,2021-08-02 05:06:06.000,2021-08-02 13:57:47.000
24406,CP32,152.0,1200.0,1,2022-09-09 05:06:18.842,2022-09-09 11:28:03.848
2098,CP51,120.0,2340.0,1,2020-02-28 14:51:27.000,2020-02-28 22:43:14.000
5106,CP10B,84.0,2400.0,1,2020-07-31 04:51:22.000,2020-07-31 11:24:30.000
31083,CP15,140.0,2780.0,1,2023-04-27 14:56:42.490,2023-04-28 00:25:00.301
1305,CE09B,103.0,1480.0,2,2020-01-16 04:37:56.000,2020-01-16 11:43:49.000
13539,CE30B,135.0,1680.0,2,2021-08-10 14:15:22.000,2021-08-10 22:13:12.000
15228,CE04,104.0,2220.0,1,2021-10-11 04:45:10.000,2021-10-11 11:50:06.000
25218,CP18B,126.0,2080.0,1,2022-10-06 15:04:51.611,2022-10-06 22:02:10.626
19156,,156.0,10260.0,1,2022-03-18 14:43:02.000,2022-03-18 21:57:18.288
2264,CP50,149.0,2220.0,1,2020-03-09 05:03:45.000,2020-03-09 13:12:12.000
22627,CE33,132.0,1060.0,1,2022-07-15 15:06:01.000,2022-07-15 21:25:54.460
21213,CE46,97.0,1940.0,1,2022-05-30 05:20:14.000,2022-05-30 13:51:34.331
5588,CE51,114.0,2560.0,1,2020-08-21 14:56:15.000,2020-08-21 22:45:52.000
5808,,186.0,9780.0,2,2020-08-31 05:57:35.000,2020-08-31 12:38:35.000
7279,CP02,172.0,2620.0,1,2020-11-09 15:03:32.000,2020-11-09 22:53:56.000
26966,CP32,137.0,2180.0,1,2022-12-07 15:02:37.179,2022-12-07 21:40:07.657
26334,CP52,202.0,1380.0,1,2022-11-15 14:47:59.473,2022-11-15 23:22:11.574
9957,CE30B,157.0,1680.0,1,2021-03-19 14:26:23.000,2021-03-19 21:20:05.000
26742,,121.0,9440.0,1,2022-11-28 15:09:10.726,2022-11-28 22:41:35.596
9766,,109.0,8700.0,1,2021-03-10 05:34:38.000,2021-03-10 12:37:55.000
24521,CP40,44.0,1240.0,1,2022-09-13 20:13:12.501,2022-09-13 23:57:14.690
17589,CE18B,126.0,1860.0,1,2022-01-18 04:26:12.000,2022-01-18 12:00:17.000
24726,CE18B,127.0,2100.0,1,2022-09-20 14:53:37.304,2022-09-20 22:54:48.182
2926,CP34,152.0,2400.0,1,2020-04-15 14:55:58.000,2020-04-15 22:50:03.000
29216,CP01,214.0,1680.0,1,2023-02-23 14:52:07.626,2023-02-23 22:32:34.660
5747,CE30B,153.0,2000.0,1,2020-08-28 14:56:01.000,2020-08-28 21:19:19.000
8118,CE16,147.0,2560.0,1,2020-12-21 04:48:50.000,2020-12-21 12:13:30.000
26997,CE09B,111.0,1800.0,1,2022-12-08 04:56:25.798,2022-12-08 11:56:10.510
27902,CE09B,106.0,2760.0,1,2023-01-09 04:47:15.030,2023-01-09 12:02:54.143
2371,,138.0,9180.0,1,2020-03-14 05:56:38.000,2020-03-14 12:25:13.000
21460,CE18B,122.0,1780.0,1,2022-06-07 04:44:49.000,2022-06-07 11:45:41.231
9492,CP35,121.0,2340.0,1,2021-02-25 04:40:34.000,2021-02-25 11:49:11.000
31852,CE38B,128.0,2660.0,1,2023-05-22 21:14:36.082,2023-05-22 21:16:21.288
13274,CE08,188.0,2160.0,1,2021-07-31 05:38:35.000,2021-07-31 16:23:04.000
4484,CP19,114.0,1980.0,1,2020-07-02 15:02:52.000,2020-07-02 22:48:44.000
13663,CP28,201.0,2360.0,1,2021-08-13 04:18:03.000,2021-08-13 11:56:43.000
9115,CE51,123.0,2340.0,1,2021-02-08 04:58:49.000,2021-02-08 12:33:27.000
17440,CE20B,61.0,660.0,1,2022-01-12 04:54:11.000,2022-01-12 11:04:56.000
7761,CP02,170.0,2160.0,1,2020-12-02 14:50:40.000,2020-12-02 22:19:20.000
4754,CE13,120.0,2240.0,53,2020-07-16 15:00:20.000,2020-07-16 23:00:37.000
33404,,150.0,1480.0,12,2023-07-06 15:02:41.722,2023-07-06 22:12:41.478
5817,CE11,147.0,2460.0,18,2020-09-01 15:28:33.000,2020-09-01 23:23:57.000
26230,CE11,150.0,1280.0,4,2022-11-11 04:50:28.969,2022-11-11 12:47:41.356
3907,CE13,128.0,2080.0,54,2020-06-04 15:13:23.000,2020-06-04 22:07:22.000
26064,,199.0,2400.0,53,2022-11-04 14:55:05.309,2022-11-04 23:03:12.331
27071,,184.0,2720.0,44,2022-12-09 15:09:30.987,2022-12-10 00:45:10.589
30690,,195.0,2380.0,62,2023-04-14 15:00:27.482,2023-04-14 23:30:58.828
8958,CE13,119.0,1960.0,48,2021-02-01 13:44:17.000,2021-02-01 21:49:44.000
20991,CE11,148.0,1860.0,6,2022-05-21 04:58:53.000,2022-05-21 11:34:10.725
34052,,137.0,2280.0,17,2023-07-25 14:57:21.177,2023-07-25 22:44:14.653
9398,,166.0,2480.0,49,2021-02-20 04:51:25.000,2021-02-20 13:30:28.000
28705,,198.0,2660.0,61,2023-02-03 14:47:08.322,2023-02-03 23:42:34.363
12371,,147.0,2540.0,43,2021-06-29 11:51:21.000,2021-06-29 11:01:00.826
1848,CE44,136.0,1920.0,47,2020-02-14 05:02:15.000,2020-02-14 13:07:26.000
10877,,195.0,2700.0,48,2021-04-27 14:58:25.000,2021-04-27 22:33:48.000
11643,,196.0,1500.0,25,2021-05-28 15:00:42.000,2021-05-28 22:45:16.000
23133,,221.0,2360.0,56,2022-07-30 11:22:28.000,2022-07-30 20:52:27.811
34620,,167.0,1940.0,41,2023-08-09 14:40:14.569,2023-08-09 21:50:56.039
37024,,153.0,2300.0,22,2023-10-13 14:58:03.007,2023-10-13 21:51:24.101
24465,CE09B,77.0,2180.0,1,2022-09-12 05:46:15.296,2022-09-12 12:58:13.569
16584,,212.0,2860.0,50,2021-12-04 04:49:52.000,2021-12-04 13:56:29.000
39592,,156.0,3160.0,20,2023-12-26 15:05:07.508,2023-12-26 23:05:50.663
8272,CE13,130.0,2400.0,51,2020-12-29 14:43:34.000,2020-12-29 21:23:36.000
3827,CE26,84.0,3320.0,1,2020-06-01 13:40:32.000,2020-06-01 22:43:25.000
3695,CP43,112.0,2200.0,4,2020-05-25 15:02:21.000,2020-05-25 21:28:11.000
19004,,162.0,2060.0,41,2022-03-14 14:57:38.000,2022-03-14 23:26:32.242
5204,CP44,129.0,2400.0,32,2020-08-05 15:02:59.000,2020-08-05 21:31:27.000
5670,CP13,132.0,3040.0,51,2020-08-25 15:04:18.000,2020-08-26 00:04:26.000
11516,CE50,142.0,1580.0,1,2021-05-25 15:04:13.000,2021-05-25 22:04:52.000
14660,CE19,111.0,1800.0,1,2021-09-18 04:38:56.000,2021-09-18 11:37:42.000
6665,CP29,130.0,2380.0,2,2020-10-10 05:04:27.000,2020-10-10 12:58:25.000
28339,,177.0,2100.0,45,2023-01-23 14:46:43.258,2023-01-24 02:33:07.199
25395,,186.0,3140.0,63,2022-10-11 15:26:56.920,2022-10-11 23:13:03.586
22483,CP25B,109.0,1920.0,1,2022-07-11 04:57:20.000,2022-07-11 12:27:04.032
11607,,187.0,1900.0,44,2021-05-27 14:58:35.000,2021-05-27 23:05:24.000
29455,,219.0,2320.0,47,2023-03-03 14:58:46.703,2023-03-03 23:12:51.804
12372,,159.0,2720.0,38,2021-06-28 16:43:18.000,2021-06-29 01:04:27.000
13209,,208.0,3540.0,43,2021-07-29 14:56:23.000,2021-07-29 23:55:06.000
38219,,160.0,2740.0,31,2023-11-16 15:06:18.091,2023-11-16 22:42:54.124
15109,,195.0,2620.0,44,2021-10-05 13:38:31.000,2021-10-06 00:59:43.000
35533,,153.0,1580.0,19,2023-09-01 15:05:57.875,2023-09-01 21:09:57.892
7870,CE41B,99.0,2840.0,2,2020-12-08 04:34:03.000,2020-12-08 12:59:44.000
37528,,126.0,2040.0,15,2023-10-27 15:09:32.068,2023-10-27 21:10:40.389
4915,CE11,159.0,2100.0,14,2020-07-23 14:43:30.000,2020-07-23 22:08:19.000
6371,CE44,125.0,1820.0,41,2020-09-26 05:04:14.000,2020-09-26 11:39:01.000
8954,CE31,217.0,3100.0,1,2021-02-01 14:54:09.000,2021-02-01 23:30:36.000
6011,CP06,192.0,1460.0,37,2020-09-09 14:52:15.000,2020-09-09 22:17:56.000
1100,CP13,125.0,2080.0,43,2020-01-06 14:00:48.000,2020-01-06 21:32:05.000
26757,,200.0,4220.0,69,2022-11-29 15:07:29.116,2022-11-30 01:54:44.616
35646,,192.0,2580.0,25,2023-09-05 15:17:57.661,2023-09-06 00:18:46.674
37375,,188.0,3780.0,10,2023-10-24 15:02:11.010,2023-10-25 00:45:36.801
5504,CP13,215.0,3540.0,37,2020-08-18 15:00:02.000,2020-08-19 05:01:54.000
39213,,184.0,2300.0,30,2023-12-14 15:01:33.572,2023-12-14 23:43:18.131
30090,,188.0,2740.0,35,2023-03-27 14:55:00.178,2023-03-27 23:56:47.366
1940,,175.0,9380.0,15,2020-02-19 14:35:30.000,2020-02-19 23:58:01.000
2807,,132.0,10400.0,1,2020-04-08 14:43:34.000,2020-04-08 22:16:49.000
35090,,166.0,3340.0,44,2023-08-22 14:56:15.104,2023-08-23 00:45:08.377
4858,CP13,125.0,2460.0,47,2020-07-21 14:42:03.000,2020-07-21 22:00:07.000
19357,,178.0,2260.0,41,2022-03-25 14:59:05.000,2022-03-25 21:31:50.430
27108,,202.0,2620.0,49,2022-12-12 14:46:11.848,2022-12-13 01:32:57.592
24442,,202.0,2860.0,59,2022-09-09 15:03:59.338,2022-09-10 01:08:40.667
7671,CP06,187.0,1620.0,46,2020-11-27 14:47:54.000,2020-11-27 22:55:17.000
8986,CE51,119.0,2280.0,1,2021-02-02 15:03:31.000,2021-02-02 22:08:44.000
19323,CE51,118.0,2420.0,1,2022-03-25 15:13:01.000,2022-03-25 22:51:07.873
42898,,157.0,3760.0,22,2024-03-26 14:53:24.894,2024-03-26 23:23:49.713
4693,CP40,45.0,1340.0,3,2020-07-13 18:57:13.000,2020-07-13 22:12:55.000
1956,CP34,146.0,2900.0,1,2020-02-20 14:53:10.000,2020-02-20 22:30:53.000
18424,,214.0,2040.0,45,2022-02-21 14:56:29.000,2022-02-22 00:07:28.571
35958,,169.0,1980.0,16,2023-09-13 15:16:40.176,2023-09-13 22:33:29.960
3866,CP13,134.0,2260.0,53,2020-06-02 15:09:50.000,2020-06-02 21:57:41.000
9652,,160.0,3560.0,31,2021-03-04 14:41:26.000,2021-03-04 21:35:32.000
19694,CP01,247.0,1800.0,1,2022-04-07 14:30:24.000,2022-04-07 22:36:38.172
19883,CP01,222.0,2480.0,1,2022-04-14 14:29:41.000,2022-04-14 22:19:38.891
40886,,166.0,1920.0,33,2024-01-31 15:05:26.047,2024-01-31 21:24:16.672
4337,CE37B,93.0,2120.0,2,2020-06-25 14:57:48.000,2020-06-25 20:58:48.000
34347,,175.0,2400.0,19,2023-08-02 15:04:17.965,2023-08-02 23:23:40.668
12321,CE30B,134.0,2000.0,2,2021-06-26 04:58:11.000,2021-06-26 13:09:06.000
16898,,223.0,2320.0,47,2021-12-17 15:36:45.000,2021-12-18 01:22:31.000
40358,,147.0,2320.0,34,2024-01-17 14:57:54.966,2024-01-17 21:09:48.088
39980,,185.0,1680.0,17,2024-01-05 15:33:40.357,2024-01-05 23:18:49.032
35910,,157.0,2180.0,28,2023-09-12 14:45:11.534,2023-09-12 21:03:30.310
15602,,209.0,1740.0,30,2021-10-25 15:42:11.000,2021-10-25 23:34:15.000
14195,,177.0,2400.0,43,2021-08-31 14:48:40.000,2021-08-31 22:06:17.000
25790,,184.0,2580.0,42,2022-10-25 15:04:01.894,2022-10-26 00:39:53.662
11298,,181.0,10200.0,25,2021-05-14 14:59:32.000,2021-05-14 23:37:42.000
12992,CE50,139.0,2460.0,1,2021-07-22 15:00:56.000,2021-07-22 20:54:24.000
2376,CE12,125.0,1660.0,1,2020-03-16 04:51:51.000,2020-03-16 11:03:13.000
4076,CP09B,99.0,1820.0,1,2020-06-12 04:45:56.000,2020-06-12 10:49:21.000
14616,CP25B,114.0,2100.0,1,2021-09-16 05:00:07.000,2021-09-16 12:26:27.000
15680,CP25B,125.0,1960.0,1,2021-10-28 04:44:22.000,2021-10-28 12:09:02.000
10412,CE01,226.0,1960.0,1,2021-04-09 04:58:25.000,2021-04-09 13:13:28.000
11093,CE26,93.0,2100.0,3,2021-05-07 14:45:56.000,2021-05-07 22:47:33.000
19796,CE16,131.0,1560.0,2,2022-04-11 17:22:43.000,2022-04-12 03:03:04.422
14326,CP39,111.0,4200.0,1,2021-09-06 14:16:21.000,2021-09-06 23:32:39.000
15534,CP39,107.0,3740.0,1,2021-10-22 15:36:46.000,2021-10-23 00:51:44.000
20613,CP26,86.0,4500.0,1,2022-05-09 16:18:32.000,2022-05-10 00:11:41.994
23674,CP39,115.0,3500.0,1,2022-08-17 14:30:43.000,2022-08-18 00:00:13.533
25979,,137.0,9340.0,22,2022-11-02 06:02:33.964,2022-11-02 13:06:47.075
7350,CE24,182.0,1440.0,1,2020-11-12 16:03:10.000,2020-11-12 22:31:17.000
34639,CE34,144.0,1800.0,2,2023-08-10 04:48:14.802,2023-08-10 14:57:41.594
12090,CP28,159.0,3360.0,1,2021-06-17 04:52:42.000,2021-06-17 12:46:45.000
23797,,172.0,1900.0,1,2022-08-20 04:59:58.000,2022-08-20 13:47:30.625
39681,,147.0,8320.0,6,2023-12-28 05:45:52.471,2023-12-28 13:15:00.881
19953,,193.0,2360.0,41,2022-04-15 13:19:11.000,2022-04-15 20:55:57.722
9189,,145.0,3460.0,52,2021-02-10 14:27:00.000,2021-02-11 00:28:13.000
6223,CE51,119.0,1680.0,1,2020-09-19 04:43:59.000,2020-09-19 12:13:56.000
12571,CP40,51.0,1560.0,1,2021-07-06 17:56:07.000,2021-07-06 21:39:41.000
15094,CP29,126.0,3260.0,2,2021-10-05 05:03:44.000,2021-10-05 13:08:49.000
39303,,109.0,2240.0,1,2023-12-18 05:08:10.618,2023-12-18 11:58:24.699
1205,CP02,167.0,2200.0,2,2020-01-10 15:03:28.000,2020-01-10 22:46:55.000
10578,,154.0,2140.0,27,2021-04-15 14:22:13.000,2021-04-15 21:18:31.000
33690,,170.0,1480.0,16,2023-07-14 14:52:04.310,2023-07-14 21:42:44.724
3306,CP11,159.0,2260.0,13,2020-05-05 14:33:51.000,2020-05-05 22:18:42.000
3449,CP15,106.0,2140.0,1,2020-05-12 04:46:34.000,2020-05-12 11:34:03.000
7967,CE11,165.0,1260.0,8,2020-12-12 05:20:32.000,2020-12-12 12:57:37.000
29231,CE11,156.0,2300.0,6,2023-02-24 04:46:28.348,2023-02-24 11:50:42.521
11680,CE38B,141.0,2120.0,1,2021-06-01 14:43:32.000,2021-06-01 22:19:55.000
16191,CE37B,95.0,1920.0,2,2021-11-18 15:14:25.000,2021-11-18 23:03:42.000
1478,CE06,164.0,1760.0,41,2020-01-25 04:52:08.000,2020-01-25 14:45:58.000
16080,CE11,161.0,1140.0,6,2021-11-13 04:53:27.000,2021-11-13 12:04:54.000
13676,CE11,184.0,1540.0,4,2021-08-14 04:28:47.000,2021-08-14 14:18:58.000
18708,CE19,120.0,1380.0,2,2022-03-04 14:47:33.000,2022-03-04 21:50:42.464
15271,CP29,131.0,2800.0,2,2021-10-12 04:40:37.000,2021-10-12 13:06:56.000
32835,,176.0,2120.0,19,2023-06-20 15:10:04.431,2023-06-20 22:59:23.153
18107,CE41B,109.0,2900.0,2,2022-02-08 05:05:49.000,2022-02-08 12:03:09.000
11541,CP26,39.0,2480.0,1,2021-05-24 19:49:38.000,2021-05-24 23:45:06.000
19591,CP39,112.0,4420.0,1,2022-04-04 15:07:58.000,2022-04-05 00:12:30.244
40407,,147.0,9240.0,12,2024-01-18 15:10:58.041,2024-01-18 21:45:15.737
21201,,202.0,2380.0,50,2022-05-28 04:59:00.000,2022-05-28 13:33:58.961
16742,CP11,155.0,1180.0,5,2021-12-11 04:46:27.000,2021-12-11 12:03:18.000
11001,CE41B,110.0,2460.0,2,2021-05-04 04:54:04.000,2021-05-04 11:24:36.000
25439,CE41B,106.0,2000.0,2,2022-10-14 05:04:45.591,2022-10-14 11:52:17.327
31388,Óbidos CE01,153.0,1460.0,1,2023-05-08 05:03:09.874,2023-05-08 13:40:34.662
19573,CE16,130.0,2500.0,2,2022-04-04 05:07:08.000,2022-04-04 12:34:20.345
36924,,183.0,3460.0,6,2023-10-11 14:54:05.982,2023-10-11 23:51:29.337
26642,CP07,85.0,2960.0,2,2022-11-25 15:32:05.869,2022-11-25 23:36:50.943
31870,CP07,86.0,2440.0,4,2023-05-22 05:05:34.813,2023-05-22 13:28:21.064
8478,CE19,86.0,1080.0,1,2021-01-08 14:54:01.000,2021-01-08 20:50:17.000
21146,CE11,145.0,940.0,3,2022-05-27 14:51:09.000,2022-05-27 20:51:00.752
9402,CE07,84.0,2080.0,1,2021-02-22 14:47:40.000,2021-02-22 22:05:52.000
10754,CE41B,143.0,2020.0,2,2021-04-23 04:14:56.000,2021-04-23 12:30:52.000
2686,CE37B,96.0,2280.0,1,2020-04-02 04:46:59.000,2020-04-02 12:22:44.000
32163,CE34,160.0,2340.0,1,2023-05-31 05:05:53.335,2023-05-31 12:50:30.884
27629,,156.0,8940.0,16,2022-12-29 05:57:07.277,2022-12-29 13:12:27.649
5171,CP13,128.0,2640.0,45,2020-08-04 15:02:03.000,2020-08-05 00:56:10.000
6766,CE13,126.0,1860.0,47,2020-10-15 04:46:47.000,2020-10-15 12:21:26.000
2271,CE51,113.0,2180.0,1,2020-03-10 14:53:31.000,2020-03-10 23:23:09.000
13749,CP40,38.0,840.0,1,2021-08-17 21:09:20.000,2021-08-17 23:33:06.000
24786,CP07,82.0,2380.0,2,2022-09-21 15:12:11.127,2022-09-21 22:29:40.322
25710,CP07,90.0,3320.0,4,2022-10-24 15:15:36.903,2022-10-24 22:54:19.459
5372,CP07,81.0,2840.0,3,2020-08-12 04:42:41.000,2020-08-12 12:07:13.000
25374,CP52,178.0,1860.0,1,2022-10-12 14:56:57.207,2022-10-12 23:19:53.775
12277,CP15,132.0,2120.0,1,2021-06-24 15:04:40.000,2021-06-24 21:43:08.000
20294,CP15,106.0,1540.0,1,2022-04-28 14:55:19.000,2022-04-28 21:22:51.279
1038,CE09B,103.0,1620.0,2,2020-01-02 04:52:31.000,2020-01-02 12:06:38.000
7525,CE26,123.0,2740.0,1,2020-11-20 15:05:17.000,2020-11-21 01:07:31.000
6924,CP29,130.0,3000.0,2,2020-10-22 05:06:20.000,2020-10-22 12:54:19.000
16717,CP07,88.0,2160.0,3,2021-12-10 04:50:54.000,2021-12-10 14:23:38.000
16568,CE35,119.0,1140.0,1,2021-12-03 05:32:38.000,2021-12-03 12:05:23.000
15647,CP39,115.0,3700.0,1,2021-10-27 15:05:05.000,2021-10-27 23:30:58.000
38044,CP39,116.0,4840.0,1,2023-11-13 04:54:30.706,2023-11-13 14:27:41.284
30749,CE40,52.0,1380.0,2,2023-04-18 15:03:28.076,2023-04-18 19:02:52.899
17198,CE41B,120.0,1900.0,2,2021-12-31 04:48:54.000,2021-12-31 12:14:10.000
5945,CE37B,105.0,1900.0,2,2020-09-07 14:39:50.000,2020-09-07 22:31:38.000
39789,,175.0,2520.0,14,2023-12-30 13:15:35.634,2023-12-30 21:48:16.762
23464,,176.0,9660.0,1,2022-08-10 06:16:12.000,2022-08-10 15:02:45.355
8601,CE46,95.0,2080.0,1,2021-01-14 04:49:13.000,2021-01-14 12:39:58.000
27129,CP40,51.0,1880.0,1,2022-12-13 05:02:06.644,2022-12-13 08:29:37.935
14509,CP35,142.0,2940.0,4,2021-09-13 04:46:24.000,2021-09-13 13:24:12.000
15795,CP29,128.0,3240.0,2,2021-11-02 05:05:47.000,2021-11-02 13:33:07.000
16952,CE15,112.0,1540.0,1,2021-12-21 14:46:12.000,2021-12-21 22:09:10.000
27415,CP32,140.0,2240.0,1,2022-12-22 05:07:52.605,2022-12-22 11:38:04.726
9937,CP36,122.0,2040.0,1,2021-03-18 14:23:34.000,2021-03-18 21:00:14.000
16558,CP11,153.0,1560.0,1,2021-12-03 14:34:45.000,2021-12-03 21:34:06.000
17307,CE09B,111.0,1480.0,1,2022-01-06 04:49:44.000,2022-01-06 13:13:58.000
14883,CP35,126.0,2860.0,3,2021-09-27 04:38:35.000,2021-09-27 13:00:11.000
21068,CE35,119.0,1760.0,1,2022-05-25 04:54:30.000,2022-05-25 11:27:53.272
10299,CE26,89.0,2800.0,2,2021-04-05 14:11:59.000,2021-04-06 00:33:58.000
10799,CE01,226.0,2200.0,1,2021-04-26 05:05:56.000,2021-04-26 14:41:57.000
21069,CE26,89.0,2700.0,2,2022-05-25 14:34:31.000,2022-05-25 22:21:43.207
18145,CP26,84.0,3260.0,1,2022-02-09 14:57:02.000,2022-02-09 23:29:47.000
34123,CE34,150.0,2200.0,2,2023-07-27 04:56:53.067,2023-07-27 11:55:17.363
4364,CE41B,150.0,1700.0,1,2020-06-26 05:07:38.000,2020-06-26 13:15:51.000
3349,CE37B,89.0,1900.0,1,2020-05-07 04:55:36.000,2020-05-07 11:22:05.000
3482,CE37B,94.0,2080.0,2,2020-05-14 04:39:28.000,2020-05-14 11:30:13.000
25955,CE24,167.0,1640.0,1,2022-11-02 05:05:50.008,2022-11-02 12:18:27.800
6981,CE34,123.0,560.0,1,2020-10-26 15:08:11.000,2020-10-26 22:18:02.000
11175,CE08,190.0,1940.0,1,2021-05-11 14:46:31.000,2021-05-11 21:52:16.000
15114,CE08,184.0,2060.0,1,2021-10-06 04:59:02.000,2021-10-06 12:07:22.000
21065,CE46,91.0,1820.0,1,2022-05-25 05:06:34.000,2022-05-25 12:42:12.609
14098,,221.0,9060.0,1,2021-08-28 06:35:17.000,2021-08-28 14:35:50.000
5466,CE20B,92.0,2240.0,2,2020-08-17 14:27:35.000,2020-08-17 21:36:51.000
5286,CE51,119.0,1940.0,1,2020-08-10 04:58:36.000,2020-08-10 12:25:23.000
19605,CE18B,127.0,1960.0,1,2022-04-05 14:46:19.000,2022-04-05 21:48:56.193
1788,CP09B,98.0,3200.0,1,2020-02-11 04:40:15.000,2020-02-11 11:40:40.000
39975,,206.0,2340.0,10,2024-01-05 15:07:55.472,2024-01-05 23:26:04.944
8018,CP15,85.0,1420.0,1,2020-12-15 15:03:56.000,2020-12-15 20:30:09.000
21503,CP01,217.0,2080.0,1,2022-06-08 14:57:06.000,2022-06-08 22:07:33.143
21447,CE38B,142.0,1600.0,1,2022-06-07 05:11:50.000,2022-06-07 12:26:34.853
32033,CE11,148.0,2060.0,5,2023-05-26 14:59:48.192,2023-05-26 21:50:53.954
2916,CE16,140.0,2920.0,1,2020-04-15 04:52:24.000,2020-04-15 12:57:20.000
28830,CE09B,108.0,1640.0,1,2023-02-09 04:54:52.078,2023-02-09 13:14:03.768
14898,CE40,48.0,840.0,1,2021-09-28 18:42:48.000,2021-09-28 22:27:04.000
4787,CP30B,156.0,1960.0,1,2020-07-17 14:53:25.000,2020-07-17 21:41:36.000
16217,CE26,113.0,2360.0,2,2021-11-19 15:16:29.000,2021-11-20 00:07:59.000
22632,CE26,89.0,2480.0,2,2022-07-15 14:38:14.000,2022-07-15 22:30:46.101
12613,CE29,122.0,2960.0,1,2021-07-08 04:50:26.000,2021-07-08 14:39:54.000
16874,CE19,106.0,1360.0,2,2021-12-17 05:10:12.000,2021-12-17 11:49:52.000
1572,CP51,120.0,2220.0,1,2020-01-30 14:40:33.000,2020-01-30 23:14:10.000
12008,CP34,149.0,2680.0,1,2021-06-14 14:38:26.000,2021-06-14 22:45:45.000
41943,,122.0,1760.0,16,2024-02-29 14:50:07.042,2024-02-29 21:47:50.751
6324,CE09B,99.0,1720.0,2,2020-09-24 04:26:57.000,2020-09-24 11:21:01.000
7499,CE09B,105.0,1600.0,2,2020-11-19 04:52:55.000,2020-11-19 13:22:42.000
13184,CE09B,109.0,1900.0,2,2021-07-29 04:55:36.000,2021-07-29 13:10:01.000
29400,CE09B,122.0,1680.0,1,2023-03-02 05:09:26.694,2023-03-02 11:48:49.304
23134,CE39,111.0,3080.0,2,2022-08-01 14:58:40.000,2022-08-01 23:07:01.217
7805,CE41B,126.0,1980.0,2,2020-12-04 04:59:18.000,2020-12-04 11:48:37.000
38919,,174.0,2400.0,15,2023-12-06 14:55:49.183,2023-12-06 23:43:03.650
10641,CE33,149.0,2460.0,1,2021-04-19 15:12:53.000,2021-04-19 22:48:54.000
22913,CE33,143.0,920.0,1,2022-07-25 15:04:03.000,2022-07-26 00:08:06.833
11611,CE46,93.0,1800.0,1,2021-05-28 05:06:19.000,2021-05-28 11:26:40.000
13165,CP35,123.0,2480.0,3,2021-07-28 05:07:07.000,2021-07-28 13:27:20.000
4042,CE15,102.0,1780.0,1,2020-06-11 14:54:05.000,2020-06-11 21:31:23.000
11722,CP07,82.0,4140.0,4,2021-06-02 14:56:37.000,2021-06-02 22:22:43.000
5580,CE04,92.0,1260.0,1,2020-08-20 08:12:41.000,2020-08-20 15:19:46.000
6735,CE04,126.0,1760.0,1,2020-10-14 05:02:31.000,2020-10-14 12:22:58.000
6817,CP09B,96.0,1460.0,1,2020-10-16 14:56:59.000,2020-10-16 20:35:48.000
17913,CP07,85.0,2480.0,4,2022-01-31 05:07:01.000,2022-01-31 15:04:03.000
19118,CE19,95.0,1380.0,2,2022-03-18 14:59:25.000,2022-03-18 20:34:27.891
2854,CP49,156.0,2100.0,1,2020-04-11 05:49:41.000,2020-04-11 12:10:54.000
16193,CP15,109.0,1380.0,1,2021-11-18 14:56:10.000,2021-11-18 21:35:18.000
14210,CE38B,150.0,1840.0,1,2021-09-02 05:13:54.000,2021-09-02 13:16:14.000
5137,CE09B,102.0,2280.0,2,2020-08-03 04:41:35.000,2020-08-03 12:08:01.000
11138,CE09B,107.0,2740.0,2,2021-05-10 05:12:08.000,2021-05-10 13:07:18.000
19637,CE04,98.0,1960.0,1,2022-04-06 04:59:02.000,2022-04-06 12:05:37.279
22541,CP29,131.0,2300.0,1,2022-07-13 04:51:51.000,2022-07-13 12:15:03.234
22636,CP35,122.0,2540.0,4,2022-07-15 04:50:28.000,2022-07-15 12:23:17.498
7210,CE12,1.0,1620.0,1,2020-11-05 04:58:30.000,2020-11-06 05:01:45.000
13780,CE26,86.0,2580.0,1,2021-08-18 15:19:12.000,2021-08-18 22:06:10.000
22203,CE26,98.0,2200.0,2,2022-07-01 15:05:51.000,2022-07-01 23:23:16.132
14880,CP26,84.0,4400.0,1,2021-09-27 15:00:52.000,2021-09-27 22:03:54.000
15831,CP26,83.0,1820.0,1,2021-11-03 14:50:13.000,2021-11-03 22:29:58.000
9109,CE04,113.0,2280.0,1,2021-02-08 05:02:55.000,2021-02-08 12:56:22.000
35015,CP35,124.0,2560.0,4,2023-08-21 04:53:48.914,2023-08-21 13:15:23.115
14515,CP07,82.0,3120.0,3,2021-09-13 14:59:09.000,2021-09-13 23:12:05.000
19079,CE29,125.0,2120.0,1,2022-03-17 05:04:10.000,2022-03-17 13:04:46.415
38259,CP39,91.0,1860.0,1,2023-11-17 10:36:04.088,2023-11-17 15:36:49.814
12198,CE10B,90.0,2360.0,1,2021-06-22 04:56:15.000,2021-06-22 11:51:56.000
20304,CE10B,79.0,1920.0,1,2022-04-28 06:40:46.000,2022-04-28 12:59:25.437
13297,CE16,126.0,2320.0,2,2021-07-31 12:54:31.000,2021-07-31 20:25:17.000
6218,CP07,80.0,2780.0,2,2020-09-18 14:53:22.000,2020-09-18 22:13:11.000
10487,,91.0,9720.0,1,2021-04-12 14:39:22.000,2021-04-12 20:40:24.000
29353,CE33,135.0,1520.0,1,2023-03-01 04:58:44.097,2023-03-01 11:34:01.058
12998,CE51,119.0,2280.0,1,2021-07-22 14:19:04.000,2021-07-22 21:06:01.000
16215,CE20B,94.0,2280.0,2,2021-11-19 05:04:03.000,2021-11-19 11:57:42.000
29314,CE20B,98.0,3180.0,1,2023-02-28 14:58:07.672,2023-02-28 23:07:29.382
18850,CP07,86.0,3100.0,4,2022-03-09 15:02:57.000,2022-03-09 22:12:32.923
27322,CP35,121.0,2860.0,2,2022-12-20 05:05:58.722,2022-12-20 13:55:04.414
14782,CE50,143.0,2020.0,1,2021-09-23 14:16:25.000,2021-09-23 21:27:21.000
32102,CP39,89.0,3700.0,1,2023-05-29 15:02:19.211,2023-05-29 23:51:05.924
20778,CE09B,106.0,2140.0,1,2022-05-16 04:41:25.000,2022-05-16 12:57:12.352
7158,CE50,135.0,1880.0,1,2020-11-03 14:15:45.000,2020-11-03 21:57:52.000
21259,CP29,127.0,3180.0,1,2022-05-31 05:02:24.000,2022-05-31 14:29:18.351
4176,CP07,83.0,2360.0,4,2020-06-17 15:00:31.000,2020-06-17 22:52:40.000
8784,CP07,81.0,2480.0,3,2021-01-22 15:13:38.000,2021-01-22 21:51:51.000
16317,CE26,82.0,2360.0,2,2021-11-24 15:35:00.000,2021-11-24 23:24:24.000
20109,CE26,87.0,2080.0,1,2022-04-22 15:09:25.000,2022-04-22 22:18:15.645
13907,Óbidos CE02,125.0,2100.0,1,2021-08-23 05:03:05.000,2021-08-23 12:41:57.000
5012,CP30B,153.0,2560.0,1,2020-07-28 14:51:01.000,2020-07-28 21:18:41.000
14986,CP25B,109.0,2140.0,1,2021-09-30 04:41:02.000,2021-09-30 11:29:36.000
13966,CE29,130.0,2240.0,1,2021-08-25 04:59:47.000,2021-08-25 12:52:16.000
13038,CP26,84.0,3620.0,1,2021-07-23 14:55:09.000,2021-07-23 22:16:30.000
26906,CP26,89.0,5680.0,1,2022-12-05 15:00:58.727,2022-12-06 00:28:21.350
9112,CE09B,111.0,2140.0,2,2021-02-08 04:23:35.000,2021-02-08 11:05:04.000
25301,CE39,91.0,2980.0,2,2022-10-10 16:09:32.939,2022-10-10 22:39:58.024
16688,CP18B,123.0,1400.0,1,2021-12-09 04:52:25.000,2021-12-09 11:51:31.000
5136,Óbidos CE02,117.0,1220.0,1,2020-08-03 05:04:51.000,2020-08-03 12:33:35.000
3505,CE35,122.0,2520.0,2,2020-05-15 04:43:38.000,2020-05-15 11:57:08.000
15531,CE26,91.0,2260.0,2,2021-10-22 15:31:45.000,2021-10-23 00:33:51.000
30947,CP26,101.0,4740.0,1,2023-04-24 15:05:17.729,2023-04-24 23:43:30.488
8664,CE16,155.0,2840.0,1,2021-01-18 14:53:32.000,2021-01-19 00:38:27.000
2743,CE09B,100.0,2300.0,1,2020-04-06 04:56:14.000,2020-04-06 11:52:12.000
31716,CE39,97.0,2460.0,1,2023-05-17 14:54:10.797,2023-05-17 22:05:58.590
6251,CP35,133.0,3320.0,3,2020-09-21 05:00:28.000,2020-09-21 13:37:39.000
1482,CP30B,149.0,2840.0,2,2020-01-25 04:47:18.000,2020-01-25 12:03:33.000
31557,CE01,213.0,1960.0,1,2023-05-12 14:55:22.053,2023-05-12 22:45:47.626
13844,CE41B,114.0,1560.0,2,2021-08-20 05:36:13.000,2021-08-20 13:20:59.000
16760,Óbidos CE01,149.0,1780.0,1,2021-12-13 15:10:28.000,2021-12-14 00:17:16.000
28325,CP39,107.0,4280.0,1,2023-01-23 15:05:10.510,2023-01-23 23:18:01.681
11174,CE10B,79.0,2060.0,1,2021-05-11 14:38:52.000,2021-05-11 21:09:49.000
1411,CE46,95.0,1660.0,1,2020-01-22 05:05:18.000,2020-01-22 11:59:48.000
8340,CE07,84.0,2380.0,1,2021-01-02 15:24:00.000,2021-01-03 00:10:15.000
25339,CE24,180.0,1600.0,1,2022-10-11 05:03:10.992,2022-10-11 12:45:19.304
5567,CP19,119.0,1980.0,1,2020-08-20 14:57:38.000,2020-08-20 21:43:26.000
21998,CP35,135.0,1980.0,2,2022-06-24 05:05:15.000,2022-06-24 12:30:01.022
5719,CE19,142.0,1940.0,1,2020-08-27 16:14:21.000,2020-08-28 00:37:41.000
14344,CE41B,115.0,2440.0,2,2021-09-07 04:19:59.000,2021-09-07 12:14:23.000
7560,CE09B,107.0,2280.0,2,2020-11-23 04:43:30.000,2020-11-23 13:09:55.000
25530,CE34,149.0,2240.0,1,2022-10-18 04:37:52.458,2022-10-18 11:42:24.889
38330,,170.0,2720.0,16,2023-11-20 15:01:43.360,2023-11-20 22:48:16.545
3504,CE05,125.0,2020.0,2,2020-05-15 04:54:05.000,2020-05-15 12:14:07.000
26766,CE18B,121.0,2040.0,1,2022-11-30 14:59:39.255,2022-11-30 22:09:11.358
40257,,154.0,2900.0,1,2024-01-15 05:25:23.141,2024-01-15 13:22:43.670
8306,CE34,155.0,2360.0,1,2020-12-30 14:50:01.000,2020-12-30 22:17:07.000
2819,CP28,156.0,6020.0,2,2020-04-09 04:46:26.000,2020-04-09 12:04:42.000
4392,CP36,123.0,2040.0,1,2020-06-27 04:49:14.000,2020-06-27 10:49:14.000
24298,CP52,187.0,1600.0,1,2022-09-06 14:42:49.305,2022-09-06 22:03:35.114
1651,CE49,181.0,1520.0,2,2020-02-04 04:55:27.000,2020-02-04 12:03:30.000
1625,CE46,70.0,1960.0,1,2020-02-03 04:44:56.000,2020-02-03 10:54:30.000
4090,CE31,227.0,2580.0,2,2020-06-13 04:47:06.000,2020-06-13 13:46:44.000
37973,,199.0,2780.0,1,2023-11-09 15:02:13.135,2023-11-09 23:18:56.670
30238,CP07,84.0,2900.0,2,2023-03-31 15:24:39.085,2023-03-31 23:00:48.072
10164,CE18B,126.0,1840.0,1,2021-03-30 04:47:46.000,2021-03-30 13:18:50.000
20821,CE18B,131.0,2040.0,1,2022-05-17 15:01:47.000,2022-05-17 22:07:21.303
3989,CE46,95.0,2360.0,1,2020-06-09 04:50:02.000,2020-06-09 11:57:05.000
19044,CE30B,133.0,1320.0,2,2022-03-16 05:03:53.000,2022-03-16 11:14:56.468
24664,CE24,170.0,2100.0,1,2022-09-17 04:50:51.527,2022-09-17 12:10:11.844
3527,CE31,220.0,2340.0,2,2020-05-16 04:37:14.000,2020-05-16 13:49:59.000
39828,,131.0,2860.0,2,2024-01-02 14:43:15.924,2024-01-02 21:40:59.990
11362,CP40,50.0,1240.0,1,2021-05-18 10:44:36.000,2021-05-18 14:53:58.000
26926,CE20B,105.0,2920.0,1,2022-12-06 14:38:10.937,2022-12-06 22:16:13.851
29829,CP07,88.0,2600.0,2,2023-03-17 14:45:35.287,2023-03-17 21:51:22.353
38757,CP07,86.0,3440.0,3,2023-12-04 04:51:53.043,2023-12-04 11:34:56.326
6641,CE41B,117.0,1820.0,1,2020-10-09 04:36:32.000,2020-10-09 11:43:27.000
17439,CE33,127.0,1540.0,1,2022-01-12 04:58:20.000,2022-01-12 11:34:40.000
12926,CE15,119.0,1680.0,1,2021-07-20 05:09:28.000,2021-07-20 12:28:47.000
1085,CE20B,95.0,1620.0,1,2020-01-04 04:56:25.000,2020-01-04 11:32:39.000
19528,CP07,85.0,1860.0,4,2022-04-01 05:12:09.000,2022-04-01 12:11:38.778
6479,CP28,165.0,2680.0,2,2020-10-01 04:50:53.000,2020-10-01 13:17:09.000
21113,CP15,110.0,1500.0,1,2022-05-26 04:49:39.000,2022-05-26 11:52:54.939
26610,CP15,111.0,1600.0,1,2022-11-24 04:45:43.460,2022-11-24 11:17:18.737
2151,CE29,131.0,1920.0,3,2020-03-03 04:52:36.000,2020-03-03 12:23:42.000
41148,,149.0,1820.0,3,2024-02-07 15:06:14.376,2024-02-07 23:13:39.715
28553,CE30B,142.0,1500.0,1,2023-01-31 14:45:30.521,2023-01-31 20:52:43.593
29060,CP35,121.0,1700.0,2,2023-02-17 05:03:49.514,2023-02-17 12:53:24.387
10767,CP32,119.0,2300.0,1,2021-04-23 04:34:40.000,2021-04-23 10:23:29.000
3771,CP28,176.0,2840.0,2,2020-05-28 15:00:05.000,2020-05-29 01:12:27.000
5479,CP28,206.0,2980.0,2,2020-08-17 04:53:50.000,2020-08-17 15:06:10.000
18633,CE38B,217.0,1640.0,1,2022-03-02 14:54:57.000,2022-03-02 23:31:13.236
1680,CE17B,98.0,1680.0,1,2020-02-05 04:48:51.000,2020-02-05 12:19:05.000
9544,CE11,133.0,2280.0,6,2021-03-01 14:37:55.000,2021-03-01 22:09:03.000
4359,CE19,111.0,2020.0,1,2020-06-26 14:58:38.000,2020-06-26 21:37:41.000
36438,,196.0,2340.0,1,2023-09-27 14:59:46.238,2023-09-27 22:55:39.468
20646,CE11,145.0,1180.0,6,2022-05-11 04:30:33.000,2022-05-11 12:15:27.396
6055,CE37B,103.0,1100.0,1,2020-09-11 14:38:13.000,2020-09-11 22:07:14.000
18350,CE24,176.0,1560.0,1,2022-02-18 05:06:06.000,2022-02-18 12:13:39.960
31656,,201.0,9300.0,2,2023-05-15 14:56:21.824,2023-05-15 22:23:57.823
16880,CE20B,94.0,1560.0,1,2021-12-17 14:20:36.000,2021-12-17 20:56:58.000
21451,CE20B,100.0,2620.0,1,2022-06-07 15:01:13.000,2022-06-07 22:13:53.143
17636,CP35,127.0,1540.0,1,2022-01-19 05:06:33.000,2022-01-19 11:58:48.000
24108,CP32,149.0,2220.0,1,2022-08-31 14:46:17.000,2022-08-31 22:30:26.235
1422,CP28,158.0,2940.0,1,2020-01-22 04:52:00.000,2020-01-22 13:33:06.000
1219,CP36,130.0,2080.0,1,2020-01-11 04:59:17.000,2020-01-11 12:59:28.000
25034,CP15,112.0,2080.0,1,2022-09-29 14:48:31.913,2022-09-29 21:09:43.623
1521,CP01,232.0,2540.0,1,2020-01-28 14:47:19.000,2020-01-28 23:42:26.000
5847,CE07,0.0,320.0,1,2020-09-02 16:06:00.000,2020-09-03 10:41:34.450
8722,CE34,150.0,2360.0,1,2021-01-20 15:00:59.000,2021-01-20 21:36:01.000
24805,CE34,147.0,1740.0,1,2022-09-22 15:07:04.691,2022-09-22 21:52:43.992
2831,CE21B,81.0,2500.0,1,2020-04-10 11:57:20.000,2020-04-10 16:57:19.000
3743,CE21B,91.0,2160.0,1,2020-05-27 04:38:58.000,2020-05-27 11:35:58.000
13977,CE33,128.0,1620.0,1,2021-08-25 14:22:17.000,2021-08-25 21:38:59.000
10028,CP40,48.0,1200.0,2,2021-03-23 19:10:15.000,2021-03-23 22:46:31.000
6884,CE05,122.0,1760.0,2,2020-10-21 05:10:38.000,2020-10-21 11:32:40.000
5147,CP02,173.0,2620.0,2,2020-08-03 14:58:21.000,2020-08-03 22:34:51.000
10929,CP36,121.0,1940.0,1,2021-04-30 05:04:05.000,2021-04-30 12:14:49.000
5153,CP41B,136.0,4020.0,1,2020-08-03 04:45:00.000,2020-08-03 13:19:15.000
34373,CP15,113.0,1980.0,1,2023-08-03 05:06:55.892,2023-08-03 11:59:36.897
7150,CE38B,137.0,1880.0,1,2020-11-03 14:50:09.000,2020-11-03 22:40:59.000
26604,CE19,106.0,1300.0,1,2022-11-24 15:01:31.114,2022-11-24 21:13:11.123
3932,CE41B,112.0,1540.0,1,2020-06-05 04:29:38.000,2020-06-05 11:11:18.000
6943,CE41B,113.0,1840.0,1,2020-10-23 05:08:18.000,2020-10-23 12:45:38.000
5066,CE33,144.0,2180.0,1,2020-07-30 14:55:10.000,2020-07-30 22:24:07.000
12729,CE46,96.0,2140.0,1,2021-07-13 04:58:49.000,2021-07-13 12:26:46.000
30324,CP40,40.0,1300.0,1,2023-04-04 19:45:54.845,2023-04-04 23:18:43.884
5983,CP29,129.0,2740.0,2,2020-09-08 05:01:01.000,2020-09-08 13:26:42.000
6474,CE15,116.0,1780.0,1,2020-10-01 14:51:48.000,2020-10-01 21:25:50.000
18168,CP36,120.0,2240.0,1,2022-02-10 14:57:58.000,2022-02-10 23:19:17.000
3835,CP41B,115.0,3720.0,1,2020-06-01 04:28:46.000,2020-06-01 11:48:47.000
17404,CP52,183.0,2560.0,1,2022-01-10 05:08:09.000,2022-01-10 14:14:38.000
10289,CE30B,163.0,2540.0,1,2021-04-05 14:53:12.000,2021-04-05 22:49:38.000
30137,CE30B,137.0,1860.0,1,2023-03-29 14:40:41.023,2023-03-29 21:22:11.225
8981,CE37B,100.0,2500.0,2,2021-02-02 15:15:03.000,2021-02-02 21:50:39.000
8432,CE34,150.0,1820.0,1,2021-01-06 04:43:41.000,2021-01-06 14:07:33.000
1812,CP07,80.0,2560.0,3,2020-02-12 05:03:22.000,2020-02-12 11:59:51.000
9464,CP28,162.0,2340.0,1,2021-02-24 04:55:06.000,2021-02-24 11:31:09.000
26632,CE33,142.0,1180.0,1,2022-11-25 04:49:26.412,2022-11-25 11:58:07.753
15207,CP30B,126.0,1740.0,1,2021-10-09 05:01:56.000,2021-10-09 11:23:25.000
18606,CP40,51.0,1120.0,1,2022-03-01 13:08:50.000,2022-03-01 17:42:37.947
22090,CE18B,160.0,2740.0,1,2022-06-28 14:10:53.000,2022-06-29 00:28:59.623
17200,CP08,183.0,2000.0,1,2021-12-31 04:57:09.000,2021-12-31 11:55:23.000
4360,CE30B,154.0,1860.0,1,2020-06-26 15:01:09.000,2020-06-26 21:27:58.000
12928,CE05,127.0,2040.0,1,2021-07-20 05:26:02.000,2021-07-20 12:06:22.000
31293,CE19,104.0,1440.0,1,2023-05-04 04:51:17.821,2023-05-04 11:25:30.424
1238,CP40,48.0,1300.0,3,2020-01-13 20:10:58.000,2020-01-14 01:43:13.000
7861,,242.0,9040.0,1,2020-12-07 06:10:10.000,2020-12-07 14:08:13.000
16922,CE51,121.0,1780.0,1,2021-12-20 14:20:29.000,2021-12-20 21:32:34.000
3280,CP40,36.0,1060.0,2,2020-05-04 18:23:44.000,2020-05-04 21:54:34.000
7023,CP07,54.0,2360.0,2,2020-10-27 18:09:00.000,2020-10-28 00:26:59.000
13736,CE18B,128.0,2040.0,1,2021-08-17 14:56:44.000,2021-08-17 23:15:07.000
2803,CP34,150.0,3400.0,1,2020-04-08 15:03:58.000,2020-04-08 20:49:58.000
19086,CP15,109.0,1380.0,1,2022-03-17 04:41:26.000,2022-03-17 12:10:10.227
17655,CP18B,126.0,1820.0,1,2022-01-20 04:34:17.000,2022-01-20 11:45:14.000
2897,CP09B,109.0,2280.0,1,2020-04-14 04:41:20.000,2020-04-14 11:46:00.000
4588,CE33,162.0,1480.0,1,2020-07-08 15:05:32.000,2020-07-08 22:18:01.000
1681,CE51,123.0,1760.0,1,2020-02-05 15:09:26.000,2020-02-05 22:47:37.000
7712,CP29,125.0,2920.0,1,2020-11-30 04:48:43.000,2020-11-30 13:05:38.000
18268,CE18B,128.0,1780.0,1,2022-02-15 05:04:55.000,2022-02-15 12:06:03.000
12809,CP15,113.0,1680.0,1,2021-07-15 05:03:33.000,2021-07-15 12:03:22.000
1105,CP10B,79.0,2500.0,1,2020-01-06 05:10:10.000,2020-01-06 10:46:53.000
8938,CP01,243.0,1620.0,1,2021-01-29 04:30:07.000,2021-01-29 11:51:47.000
17126,CE34,154.0,2360.0,1,2021-12-29 14:49:00.000,2021-12-29 23:19:34.000
21289,CE33,140.0,1520.0,1,2022-06-01 14:45:40.000,2022-06-01 20:16:42.274
16137,CP08,190.0,1680.0,1,2021-11-16 14:52:20.000,2021-11-16 21:59:52.000
15160,CP36,120.0,2820.0,1,2021-10-07 14:40:37.000,2021-10-07 22:25:26.000
6078,CE05,125.0,1760.0,2,2020-09-12 04:50:23.000,2020-09-12 11:39:42.000
14278,CE05,130.0,2120.0,1,2021-09-04 04:49:04.000,2021-09-04 12:10:21.000
24700,CE09B,109.0,2800.0,1,2022-09-19 04:59:37.507,2022-09-19 13:58:01.148
21875,CE40,50.0,920.0,2,2022-06-21 14:57:11.000,2022-06-21 19:39:02.873
4918,CP01,214.0,1860.0,1,2020-07-23 15:01:59.000,2020-07-23 22:21:03.000
36548,CE29,136.0,2980.0,1,2023-10-02 05:07:06.754,2023-10-02 12:34:09.873
15937,CP26,130.0,4360.0,1,2021-11-08 15:24:40.000,2021-11-09 00:05:11.000
13779,CE08,221.0,2640.0,1,2021-08-18 05:04:26.000,2021-08-18 15:16:26.000
5841,CE51,119.0,2500.0,1,2020-09-02 14:51:47.000,2020-09-02 21:57:34.000
31294,CE18B,129.0,2280.0,1,2023-05-04 14:48:43.965,2023-05-04 21:57:22.659
5516,CP07,80.0,3500.0,1,2020-08-18 05:07:12.000,2020-08-18 13:06:18.000
30368,CP07,84.0,2380.0,4,2023-04-05 14:45:47.969,2023-04-05 21:36:09.335
27826,CP27,140.0,2140.0,1,2023-01-05 04:43:03.922,2023-01-05 11:56:33.554
7148,CE34,151.0,2240.0,1,2020-11-03 14:59:20.000,2020-11-03 23:21:31.000
30321,CE34,150.0,2100.0,1,2023-04-04 15:01:13.897,2023-04-04 21:52:35.955
1273,,131.0,8180.0,1,2020-01-15 05:46:20.000,2020-01-15 13:16:33.000
22260,CE04,108.0,2200.0,1,2022-07-04 04:28:42.000,2022-07-04 12:45:48.390
9991,CE20B,98.0,2840.0,1,2021-03-22 14:25:58.000,2021-03-22 21:12:36.000
2370,CP36,125.0,1500.0,1,2020-03-13 16:04:28.000,2020-03-13 22:02:07.000
9839,CE10B,85.0,2360.0,1,2021-03-15 04:43:41.000,2021-03-15 11:43:35.000
15470,CE30B,134.0,1820.0,2,2021-10-20 15:00:41.000,2021-10-20 22:13:05.000
8683,CE50,143.0,2240.0,1,2021-01-19 15:11:14.000,2021-01-19 21:19:09.000
1721,CE50,142.0,1640.0,1,2020-02-07 15:02:52.000,2020-02-07 21:37:45.000
11687,CE40,51.0,1060.0,1,2021-06-01 14:47:10.000,2021-06-01 18:12:15.000
23611,CE40,46.0,1320.0,2,2022-08-16 15:02:16.000,2022-08-16 18:58:40.177
16387,CE12,130.0,980.0,1,2021-11-26 04:48:48.000,2021-11-26 11:54:07.000
13659,CP25B,116.0,1860.0,1,2021-08-13 04:59:09.000,2021-08-13 11:21:55.000
13650,CE01,228.0,1400.0,1,2021-08-13 14:48:56.000,2021-08-13 22:44:04.000
20932,CE01,212.0,1980.0,1,2022-05-20 14:49:09.000,2022-05-20 22:12:45.170
23376,CP39,109.0,4060.0,1,2022-08-08 15:06:33.000,2022-08-08 23:21:37.720
23027,CE34,148.0,2420.0,1,2022-07-28 14:49:20.000,2022-07-28 21:39:41.692
23629,CE20B,92.0,2300.0,1,2022-08-16 04:46:36.000,2022-08-16 12:01:21.539
17663,CP32,139.0,1860.0,1,2022-01-20 14:41:26.000,2022-01-20 21:36:35.000
1320,CP51,120.0,2540.0,1,2020-01-16 14:34:06.000,2020-01-16 23:32:06.000
39976,,136.0,2600.0,1,2024-01-05 15:02:28.456,2024-01-05 21:36:05.650
4576,CP14,141.0,2040.0,1,2020-07-07 14:54:10.000,2020-07-07 21:22:50.000
25774,CE38B,143.0,1360.0,1,2022-10-26 05:10:37.782,2022-10-26 11:57:53.238
3963,CE16,139.0,3000.0,1,2020-06-08 04:49:36.000,2020-06-08 13:04:12.000
21742,CE16,139.0,2420.0,1,2022-06-16 05:07:11.000,2022-06-16 16:50:40.384
28664,CE39,86.0,2300.0,1,2023-02-03 14:55:22.009,2023-02-03 22:01:01.599
8222,CE43,116.0,1500.0,1,2020-12-26 15:07:07.000,2020-12-26 20:42:07.000
30788,,65.0,160.0,2,2023-04-18 16:23:02.193,2023-04-18 19:05:23.763
10948,CP23,179.0,2060.0,1,2021-05-01 04:48:08.000,2021-05-01 13:07:14.000
17218,Óbidos CE02,128.0,3060.0,1,2022-01-03 14:57:49.000,2022-01-03 23:09:23.000
2967,CP09B,108.0,1960.0,1,2020-04-17 04:45:11.000,2020-04-17 11:34:54.000
14871,CE27,129.0,1740.0,1,2021-09-27 04:46:30.000,2021-09-27 12:05:08.000
19405,CE40,51.0,1300.0,2,2022-03-29 15:01:22.000,2022-03-29 18:11:04.928
8350,CE41B,113.0,1580.0,1,2021-01-02 04:16:53.000,2021-01-02 10:54:45.000
17257,CP28,174.0,2640.0,1,2022-01-04 05:05:33.000,2022-01-04 13:50:19.000
4805,CE21B,84.0,1700.0,1,2020-07-18 11:47:28.000,2020-07-18 17:10:21.000
26313,,93.0,9300.0,1,2022-11-14 14:53:23.631,2022-11-14 19:07:35.722
3515,CP29,134.0,2200.0,1,2020-05-15 05:04:07.000,2020-05-15 13:14:15.000
3797,CP29,128.0,2380.0,1,2020-05-29 04:43:33.000,2020-05-29 12:47:17.000
12197,CE18B,134.0,2200.0,1,2021-06-22 14:55:09.000,2021-06-22 22:00:22.000
2140,CP33,143.0,2240.0,1,2020-03-02 04:47:20.000,2020-03-02 12:18:41.000
1958,CP41B,99.0,2180.0,1,2020-02-20 04:50:19.000,2020-02-20 11:18:15.000
19778,CP07,99.0,1100.0,2,2022-04-11 15:05:06.000,2022-04-11 23:04:21.534
5818,CE38B,142.0,1640.0,1,2020-09-01 04:58:40.000,2020-09-01 12:45:05.000
15635,CE38B,146.0,1620.0,1,2021-10-27 05:06:14.000,2021-10-27 12:17:49.000
25173,CE38B,134.0,2740.0,1,2022-10-05 12:57:35.053,2022-10-05 21:35:03.208
32859,CE38B,142.0,1820.0,1,2023-06-21 05:06:16.750,2023-06-21 11:53:35.596
7873,CP09B,104.0,2440.0,1,2020-12-08 04:43:31.000,2020-12-08 12:12:45.000
30357,CE39,88.0,2080.0,1,2023-04-05 15:03:09.768,2023-04-05 23:51:58.008
18500,CP18B,123.0,1920.0,1,2022-02-24 04:56:58.000,2022-02-24 11:45:02.838
8933,CP25B,113.0,1940.0,1,2021-01-29 05:03:49.000,2021-01-29 10:50:42.000
15862,CP25B,117.0,2480.0,1,2021-11-04 14:55:43.000,2021-11-04 22:09:49.000
20820,CE12,129.0,2300.0,1,2022-05-17 05:01:50.000,2022-05-17 12:30:08.364
39850,Óbidos CE01,150.0,2340.0,1,2024-01-03 04:40:53.462,2024-01-03 13:20:21.966
34757,CP12,133.0,2920.0,1,2023-08-14 04:43:48.493,2023-08-14 13:44:13.410
25182,CP07,88.0,2540.0,2,2022-10-05 15:22:13.818,2022-10-06 01:34:41.275
3276,CE34,149.0,3540.0,1,2020-05-04 14:54:41.000,2020-05-04 22:30:34.000
10901,CP28,159.0,2460.0,1,2021-04-29 04:45:40.000,2021-04-29 12:22:26.000
10854,CE50,142.0,2060.0,1,2021-04-28 04:50:50.000,2021-04-28 12:05:51.000
22108,CP29,123.0,2700.0,1,2022-06-28 05:06:04.000,2022-06-28 12:54:56.223
6678,Óbidos CE02,115.0,1440.0,1,2020-10-12 14:59:16.000,2020-10-12 21:53:44.000
12566,CP25B,126.0,3320.0,1,2021-07-06 05:05:13.000,2021-07-06 13:07:00.000
31762,CE29,130.0,2060.0,1,2023-05-18 04:56:54.714,2023-05-18 12:41:24.822
36554,CP39,113.0,4820.0,1,2023-10-02 14:51:17.072,2023-10-02 23:03:15.235
29156,CE10B,80.0,2040.0,1,2023-02-22 17:31:56.319,2023-02-23 02:32:10.623
26808,CP27,132.0,2140.0,1,2022-12-01 14:11:26.190,2022-12-01 22:16:04.046
4803,CE24,163.0,1500.0,1,2020-07-18 06:02:34.000,2020-07-18 16:00:03.000
16292,CE08,196.0,2460.0,1,2021-11-23 15:06:08.000,2021-11-23 23:11:10.000
2502,CE09B,101.0,2080.0,1,2020-03-23 05:01:12.000,2020-03-23 11:21:48.000
15928,CE09B,110.0,2420.0,1,2021-11-08 04:42:15.000,2021-11-08 12:39:24.000
29047,CE39,101.0,1680.0,1,2023-02-17 04:43:09.121,2023-02-17 11:14:49.883
21148,CE12,130.0,1340.0,1,2022-05-27 05:05:38.000,2022-05-27 11:28:38.352
27086,CE01,219.0,2320.0,1,2022-12-12 14:37:46.926,2022-12-12 21:21:43.991
21716,CP26,90.0,3880.0,1,2022-06-15 14:48:45.000,2022-06-15 22:59:07.500
1748,CE07,77.0,1900.0,1,2020-02-10 05:03:51.000,2020-02-10 12:27:58.000
14608,CP15,112.0,1920.0,1,2021-09-16 04:42:49.000,2021-09-16 12:28:24.000
15671,CE09B,111.0,1660.0,1,2021-10-28 04:40:10.000,2021-10-28 12:27:16.000
15849,CE09B,102.0,1760.0,1,2021-11-04 04:53:01.000,2021-11-04 14:14:57.000
19374,CE09B,109.0,2560.0,1,2022-03-28 04:54:32.000,2022-03-28 11:42:30.011
14408,CE04,104.0,2060.0,1,2021-09-09 05:02:00.000,2021-09-09 12:52:03.000
23754,CP29,123.0,2200.0,1,2022-08-19 04:48:06.000,2022-08-19 12:55:21.140
16595,Óbidos CE02,124.0,1840.0,1,2021-12-06 14:57:58.000,2021-12-06 21:43:06.000
3934,CE35,121.0,2820.0,1,2020-06-05 05:02:46.000,2020-06-05 13:39:16.000
7922,CE12,130.0,2000.0,1,2020-12-10 04:45:31.000,2020-12-10 15:03:27.000
5834,CP09B,101.0,2800.0,1,2020-09-01 04:50:06.000,2020-09-01 12:48:22.000
28207,CP39,85.0,2960.0,1,2023-01-18 15:54:14.867,2023-01-18 22:43:03.981
11662,CE07,83.0,2680.0,1,2021-05-31 14:57:06.000,2021-05-31 22:05:52.000
4930,CE41B,112.0,1640.0,1,2020-07-24 04:46:06.000,2020-07-24 12:37:41.000
18809,CP29,127.0,2940.0,1,2022-03-08 05:00:18.000,2022-03-08 13:32:55.342
3056,CP30B,152.0,2240.0,1,2020-04-22 05:02:18.000,2020-04-22 12:22:53.000
9909,CP25B,115.0,1660.0,1,2021-03-17 04:44:30.000,2021-03-17 11:39:58.000
38620,,134.0,2460.0,1,2023-11-28 15:01:03.883,2023-11-28 22:49:48.432
20197,CE12,128.0,1900.0,1,2022-04-26 05:03:37.000,2022-04-26 11:51:51.546
15127,CP26,87.0,3560.0,1,2021-10-06 14:18:50.000,2021-10-06 22:32:30.000
23294,CE10B,84.0,1800.0,1,2022-08-05 04:49:40.000,2022-08-05 10:55:33.123
3073,CE46,93.0,2820.0,1,2020-04-23 05:00:13.000,2020-04-23 11:18:12.000
13902,CE07,83.0,2700.0,1,2021-08-23 04:59:00.000,2021-08-23 11:47:09.000
8575,CE24,158.0,1400.0,1,2021-01-13 04:24:22.000,2021-01-13 10:21:28.000
3800,CP30B,151.0,2120.0,1,2020-05-29 15:00:23.000,2020-05-29 21:50:19.000
17312,CE29,136.0,3520.0,1,2022-01-06 14:55:38.000,2022-01-06 23:41:29.000
15763,CP39,114.0,3660.0,1,2021-11-01 14:10:52.000,2021-11-01 23:18:37.000
19295,CP12,114.0,2160.0,1,2022-03-24 04:46:58.000,2022-03-24 11:33:31.683
16992,CE34,149.0,1840.0,1,2021-12-22 14:44:18.000,2021-12-22 22:04:41.000
17176,CP18B,124.0,3040.0,1,2021-12-30 14:21:35.000,2021-12-30 22:34:39.000
5902,CE12,123.0,1720.0,1,2020-09-04 04:43:06.000,2020-09-04 12:52:45.000
12289,CE27,126.0,2020.0,1,2021-06-25 05:52:58.000,2021-06-25 12:18:09.000
22258,CE01,222.0,1460.0,1,2022-07-04 15:15:18.000,2022-07-04 22:44:17.796
23517,CE29,119.0,2380.0,1,2022-08-12 05:08:49.000,2022-08-12 12:14:58.871
28319,Óbidos CE01,152.0,1720.0,1,2023-01-23 05:06:10.642,2023-01-23 12:21:22.317
32643,CP23,169.0,1660.0,1,2023-06-14 15:15:29.685,2023-06-14 21:38:56.873
3138,CE12,121.0,1620.0,1,2020-04-27 04:42:25.000,2020-04-27 10:22:05.000
20084,CP25B,113.0,2140.0,1,2022-04-21 05:02:51.000,2022-04-21 12:10:29.035
21585,CP26,87.0,2940.0,1,2022-06-10 12:57:38.000,2022-06-10 19:39:48.078
5854,CP29,130.0,2540.0,1,2020-09-02 04:51:35.000,2020-09-02 13:46:34.000
18186,CE41B,106.0,1880.0,1,2022-02-11 05:03:49.000,2022-02-11 11:22:56.000
27789,CP39,86.0,2660.0,1,2023-01-04 14:54:11.059,2023-01-04 22:40:02.758
11692,CE10B,89.0,2640.0,1,2021-06-01 15:00:20.000,2021-06-02 00:57:57.000
25895,CE30B,135.0,1960.0,1,2022-10-31 04:46:49.427,2022-10-31 11:53:43.113
17520,CE24,181.0,1800.0,1,2022-01-14 14:35:04.000,2022-01-14 21:35:16.000
25954,CE46,95.0,1320.0,1,2022-11-02 04:53:26.665,2022-11-02 12:10:51.478
5994,,147.0,10360.0,1,2020-09-08 05:57:06.000,2020-09-08 12:59:46.000
17004,CP08,198.0,1560.0,1,2021-12-22 14:41:33.000,2021-12-22 21:39:46.000
11121,CP14,148.0,1500.0,1,2021-05-08 04:58:30.000,2021-05-08 13:26:47.000
9173,CP15,119.0,1560.0,1,2021-02-10 04:39:24.000,2021-02-10 11:56:13.000
3717,CP01,236.0,2780.0,1,2020-05-26 04:45:17.000,2020-05-26 13:16:03.000
5049,CP50,140.0,1700.0,1,2020-07-29 14:55:04.000,2020-07-29 21:40:00.000
22837,CE20B,91.0,3140.0,1,2022-07-22 14:55:30.000,2022-07-22 21:36:53.414
19415,CE18B,132.0,2200.0,1,2022-03-29 15:01:32.000,2022-03-29 22:09:41.305
9205,CP29,137.0,2520.0,1,2021-02-11 14:38:16.000,2021-02-11 22:51:16.000
16370,CP08,184.0,1420.0,1,2021-11-25 15:11:54.000,2021-11-25 22:47:36.000
24436,CP08,190.0,1500.0,1,2022-09-10 04:59:09.458,2022-09-10 11:57:19.280
25416,CP15,100.0,1740.0,1,2022-10-13 05:06:12.915,2022-10-13 11:52:34.942
16478,CP01,210.0,1600.0,1,2021-11-30 14:59:21.000,2021-11-30 23:26:43.000
23372,CP01,216.0,1260.0,1,2022-08-08 15:20:32.000,2022-08-08 22:52:51.795
5933,CP28,205.0,2760.0,1,2020-09-05 04:45:29.000,2020-09-05 15:42:33.000
13578,CE33,158.0,1840.0,1,2021-08-11 14:33:46.000,2021-08-11 22:43:25.000
20647,CE33,140.0,1340.0,1,2022-05-11 14:54:23.000,2022-05-11 22:16:33.045
29157,CE46,82.0,1240.0,1,2023-02-22 04:58:45.362,2023-02-22 10:57:58.537
19230,CP40,38.0,1120.0,1,2022-03-22 19:46:30.000,2022-03-22 22:31:50.596
2325,CE15,123.0,1300.0,1,2020-03-12 14:21:59.000,2020-03-12 20:50:10.000
30634,CE18B,142.0,2140.0,1,2023-04-13 14:58:20.090,2023-04-13 23:23:11.969
2263,CP35,129.0,3380.0,1,2020-03-09 04:28:21.000,2020-03-09 12:07:52.000
9326,CP36,122.0,2340.0,1,2021-02-17 14:42:59.000,2021-02-17 21:22:16.000
1074,CP14,146.0,2840.0,1,2020-01-03 14:41:49.000,2020-01-03 20:51:39.000
18127,CE30B,138.0,1480.0,1,2022-02-09 14:55:29.000,2022-02-09 21:33:54.000
1806,CP23,180.0,2100.0,1,2020-02-12 15:02:39.000,2020-02-12 23:08:03.000
3490,CP19,144.0,1120.0,1,2020-05-14 14:59:38.000,2020-05-15 02:46:11.000
20638,CP40,42.0,900.0,1,2022-05-10 09:15:08.000,2022-05-10 12:58:34.749
43153,,149.0,3660.0,1,2024-04-02 15:04:35.890,2024-04-02 23:24:21.930
10239,CP35,125.0,2280.0,1,2021-04-01 04:43:33.000,2021-04-01 13:18:37.000
11600,CP28,174.0,3240.0,1,2021-05-27 04:39:00.000,2021-05-27 14:15:00.000
3016,CE51,118.0,2500.0,1,2020-04-21 14:56:59.000,2020-04-22 00:20:27.000
4300,CP15,111.0,1300.0,1,2020-06-23 04:46:34.000,2020-06-23 10:31:07.000
2919,CE05,128.0,2720.0,2,2020-04-15 15:01:53.000,2020-04-15 23:06:02.000
32474,CE39,97.0,2360.0,1,2023-06-09 14:57:32.326,2023-06-09 21:37:41.043
16098,CE46,93.0,1940.0,1,2021-11-15 04:57:46.000,2021-11-15 12:15:09.000
13951,CP52,197.0,1820.0,1,2021-08-24 04:55:54.000,2021-08-24 12:06:32.000
2883,,146.0,10340.0,1,2020-04-13 06:01:20.000,2020-04-13 13:07:17.000
5055,,165.0,10000.0,1,2020-07-29 15:09:28.000,2020-07-29 23:23:54.000
17673,CE46,96.0,1080.0,1,2022-01-21 14:54:00.000,2022-01-21 20:50:34.000
21858,CE04,110.0,2280.0,1,2022-06-20 15:01:51.000,2022-06-20 21:44:10.667
11873,CP40,49.0,1680.0,1,2021-06-08 18:53:13.000,2021-06-08 22:52:04.000
5182,CP15,108.0,1660.0,1,2020-08-04 05:03:44.000,2020-08-04 12:13:32.000
7170,CP15,108.0,1640.0,1,2020-11-03 15:02:41.000,2020-11-03 21:11:04.000
11726,CP15,110.0,1600.0,1,2021-06-02 04:51:22.000,2021-06-02 11:18:49.000
9012,CE10B,78.0,2100.0,1,2021-02-03 14:59:44.000,2021-02-03 21:28:41.000
9665,CE16,138.0,2000.0,1,2021-03-05 14:56:52.000,2021-03-05 22:18:28.000
4093,CE43,101.0,1380.0,1,2020-06-13 04:48:09.000,2020-06-13 10:07:00.000
11836,CE08,183.0,2360.0,1,2021-06-07 14:43:39.000,2021-06-07 21:21:04.000
14080,CE08,184.0,3040.0,1,2021-08-28 10:44:35.000,2021-08-28 18:28:20.000
31406,,137.0,8860.0,1,2023-05-08 05:59:04.123,2023-05-08 11:56:52.844
3507,CE30B,151.0,1900.0,1,2020-05-15 15:05:25.000,2020-05-15 21:59:27.000
7232,CE04,107.0,920.0,1,2020-11-06 04:53:38.000,2020-11-06 12:05:30.000
23798,,242.0,2820.0,53,2022-08-20 04:42:12.000,2022-08-20 15:49:10.487
2662,CE44,136.0,2160.0,44,2020-04-01 04:34:24.000,2020-04-01 12:03:55.000
16747,,234.0,2420.0,48,2021-12-10 15:10:18.000,2021-12-11 00:25:15.000
13501,,164.0,2000.0,61,2021-08-07 13:53:26.000,2021-08-07 23:07:46.000
15213,,219.0,2280.0,41,2021-10-08 14:58:52.000,2021-10-09 01:00:11.000
38474,,164.0,1760.0,29,2023-11-23 15:19:04.113,2023-11-23 22:33:42.485
43158,,155.0,3080.0,36,2024-04-02 15:05:58.154,2024-04-02 21:42:18.329
28498,,207.0,2440.0,50,2023-01-27 15:04:38.269,2023-01-28 00:40:16.178
3396,CE06,182.0,2380.0,46,2020-05-09 04:50:45.000,2020-05-09 12:44:56.000
19068,,272.0,2400.0,44,2022-03-15 15:10:22.000,2022-03-16 03:13:05.768
30461,,225.0,2640.0,72,2023-04-07 10:21:08.673,2023-04-07 19:31:22.684
32020,,205.0,2560.0,67,2023-05-25 14:57:45.035,2023-05-25 23:55:33.262
5717,CE13,199.0,1840.0,46,2020-08-27 04:55:36.000,2020-08-27 17:35:09.000
28143,,204.0,2960.0,54,2023-01-16 14:59:11.528,2023-01-16 23:39:54.568
10247,CE16,135.0,2480.0,1,2021-04-02 04:53:23.000,2021-04-02 13:00:12.000
23915,CE16,124.0,1100.0,1,2022-08-24 15:06:58.000,2022-08-24 22:38:14.826
8997,CP13,116.0,2700.0,45,2021-02-02 04:56:30.000,2021-02-02 10:51:34.000
43107,,3135.0,2760.0,31,2024-04-01 16:01:28.798,2024-04-02 00:30:26.954
1789,CP13,128.0,2780.0,55,2020-02-11 14:45:31.000,2020-02-11 22:26:49.000
41042,,171.0,2140.0,25,2024-02-05 15:07:45.337,2024-02-05 22:49:00.682
40265,,177.0,3620.0,28,2024-01-15 15:03:22.320,2024-01-15 22:55:15.571
11169,,172.0,2760.0,48,2021-05-10 14:48:26.000,2021-05-10 22:48:59.000
36054,,128.0,1700.0,17,2023-09-15 15:03:00.461,2023-09-15 20:45:12.204
1302,CE13,127.0,2400.0,57,2020-01-16 15:08:53.000,2020-01-16 22:04:09.000
8662,CE13,119.0,2260.0,59,2021-01-18 14:52:22.000,2021-01-18 22:48:40.000
14555,,187.0,2860.0,49,2021-09-14 15:29:00.000,2021-09-14 23:12:50.000
12685,CP23,191.0,1700.0,1,2021-07-10 04:50:59.000,2021-07-10 12:45:58.000
33691,,178.0,1840.0,19,2023-07-14 15:04:11.033,2023-07-14 22:19:26.846
29349,,221.0,3040.0,40,2023-02-28 15:09:38.585,2023-03-01 00:10:57.836
17054,,230.0,3480.0,62,2021-12-24 04:46:33.000,2021-12-24 16:08:18.000
44068,,115.0,2580.0,40,2024-04-24 15:00:06.774,2024-04-24 23:46:43.891
15458,,188.0,1900.0,43,2021-10-19 15:01:25.000,2021-10-19 23:11:36.000
39422,,154.0,2080.0,29,2023-12-20 14:58:41.612,2023-12-20 21:44:47.246
9383,,180.0,3200.0,63,2021-02-18 14:17:24.000,2021-02-18 23:58:31.000
15815,CE39,86.0,2680.0,2,2021-11-03 14:19:15.000,2021-11-03 22:24:41.000
17050,CP26,87.0,3420.0,1,2021-12-24 05:08:29.000,2021-12-24 13:19:23.000
33927,CP12,141.0,2060.0,1,2023-07-21 05:06:56.730,2023-07-21 13:52:15.527
28157,CE40,51.0,1240.0,2,2023-01-17 14:58:37.303,2023-01-17 18:14:10.315
39275,,128.0,1820.0,1,2023-12-15 14:53:28.186,2023-12-15 22:32:23.870
43968,,177.0,2940.0,21,2024-04-22 15:25:26.674,2024-04-22 23:48:56.621
38624,,194.0,2200.0,48,2023-11-28 15:11:09.565,2023-11-29 00:00:06.880
14891,,207.0,2040.0,42,2021-09-25 13:32:10.000,2021-09-26 00:08:37.000
2040,CE06,187.0,1740.0,44,2020-02-26 14:16:38.000,2020-02-26 22:47:09.000
3713,CE11,153.0,2060.0,14,2020-05-26 05:03:10.000,2020-05-26 12:29:19.000
23701,CE30B,137.0,2220.0,3,2022-08-18 15:03:43.000,2022-08-18 22:39:42.279
5113,CE06,186.0,2180.0,47,2020-08-01 13:41:31.000,2020-08-01 22:34:51.000
2994,CE09B,99.0,2120.0,2,2020-04-20 05:06:32.000,2020-04-20 11:20:31.000
3312,CP44,127.0,2460.0,45,2020-05-05 04:32:19.000,2020-05-05 10:58:27.000
12049,,187.0,2480.0,36,2021-06-15 16:16:52.000,2021-06-16 00:52:36.000
16343,,213.0,2140.0,32,2021-11-23 14:57:34.000,2021-11-23 23:56:00.000
25782,CP11,142.0,1640.0,3,2022-10-26 04:58:07.554,2022-10-26 12:58:19.535
10267,,210.0,2780.0,46,2021-04-01 14:52:23.000,2021-04-01 22:18:31.000
13570,,184.0,2460.0,43,2021-08-10 14:54:31.000,2021-08-11 00:12:06.000
40540,,104.0,1780.0,23,2024-01-22 18:52:08.694,2024-01-22 23:25:28.704
2826,,150.0,9520.0,27,2020-04-09 05:43:02.000,2020-04-09 13:58:04.000
26460,,194.0,9180.0,1,2022-11-18 05:43:20.704,2022-11-18 13:25:06.777
30928,,177.0,1240.0,26,2023-04-21 15:11:39.400,2023-04-21 21:54:08.180
7007,CP13,214.0,2320.0,50,2020-10-27 04:49:34.000,2020-10-27 17:53:16.000
10485,,205.0,2720.0,48,2021-04-12 14:30:18.000,2021-04-12 21:57:08.000
8007,CE06,189.0,1800.0,37,2020-12-15 14:59:59.000,2020-12-16 00:42:33.000
33849,,140.0,2300.0,17,2023-07-19 15:08:10.323,2023-07-19 21:32:25.876
10575,,143.0,10660.0,23,2021-04-15 05:51:17.000,2021-04-15 12:31:38.000
8196,,145.0,8820.0,1,2020-12-23 14:58:23.000,2020-12-23 23:05:38.000
13406,,182.0,3840.0,63,2021-08-04 15:25:40.000,2021-08-05 01:44:43.000
3975,CP40,45.0,1480.0,2,2020-06-08 18:18:20.000,2020-06-08 21:44:31.000
15624,CP40,48.0,1320.0,1,2021-10-26 18:30:52.000,2021-10-26 22:06:11.000
36198,,129.0,1480.0,18,2023-09-20 15:01:16.788,2023-09-20 21:56:17.655
1947,CE15,104.0,1460.0,1,2020-02-20 14:59:06.000,2020-02-20 21:38:52.000
6315,CE15,105.0,1560.0,1,2020-09-24 14:27:01.000,2020-09-24 22:01:06.000
21772,CE20B,93.0,1840.0,1,2022-06-17 15:07:56.000,2022-06-17 21:53:42.300
10953,CP07,82.0,3640.0,4,2021-05-01 04:53:40.000,2021-05-01 11:51:33.000
11691,CE18B,130.0,2080.0,1,2021-06-01 04:52:53.000,2021-06-01 12:44:56.000
13121,CE18B,61.0,1200.0,1,2021-07-27 14:23:02.000,2021-07-27 19:24:32.000
6803,CP07,86.0,2440.0,3,2020-10-16 04:50:02.000,2020-10-16 11:49:34.000
37334,,147.0,2780.0,18,2023-10-23 15:09:51.606,2023-10-23 23:03:23.385
11366,,167.0,9820.0,8,2021-05-18 05:33:36.000,2021-05-18 14:10:06.000
3532,CP11,145.0,1880.0,10,2020-05-16 08:59:22.000,2020-05-16 16:15:15.000
16256,,265.0,4480.0,80,2021-11-20 11:00:45.000,2021-11-20 23:29:29.000
20807,,213.0,2600.0,53,2022-05-16 14:34:47.000,2022-05-17 00:47:34.390
37021,,160.0,2380.0,24,2023-10-13 14:42:19.323,2023-10-13 23:01:01.362
32214,,157.0,1820.0,27,2023-05-31 14:39:42.980,2023-05-31 23:09:39.270
27462,,218.0,2840.0,41,2022-12-23 15:07:02.548,2022-12-24 00:48:51.325
13019,,187.0,2020.0,36,2021-07-22 15:16:08.000,2021-07-22 23:20:45.000
6862,CP15,109.0,1840.0,1,2020-10-20 14:49:29.000,2020-10-20 23:33:37.000
19174,CE11,144.0,2060.0,7,2022-03-21 05:06:51.000,2022-03-21 11:38:27.503
27351,CE11,159.0,1700.0,7,2022-12-21 15:00:22.191,2022-12-21 21:54:35.234
36478,,178.0,1700.0,25,2023-09-28 15:04:04.639,2023-09-28 22:02:25.776
1333,CE11,158.0,1880.0,12,2020-01-17 13:48:01.000,2020-01-17 21:40:13.000
38828,,146.0,2380.0,37,2023-12-04 15:26:51.966,2023-12-04 22:42:02.909
12643,,194.0,2280.0,39,2021-07-08 14:41:43.000,2021-07-09 00:06:06.000
14277,CE16,128.0,1840.0,2,2021-09-04 04:32:14.000,2021-09-04 12:51:41.000
19291,CE09B,103.0,1340.0,1,2022-03-24 04:59:33.000,2022-03-24 12:02:01.448
27610,CE09B,107.0,1920.0,1,2022-12-29 04:58:56.770,2022-12-29 12:30:48.286
18950,,200.0,2960.0,46,2022-03-11 14:36:38.000,2022-03-11 23:29:32.050
10408,,169.0,1880.0,32,2021-04-08 14:55:31.000,2021-04-08 22:36:57.000
21756,CP18B,129.0,2480.0,1,2022-06-16 04:52:01.000,2022-06-16 11:40:45.422
11845,CP07,100.0,2080.0,2,2021-06-07 04:18:32.000,2021-06-07 13:05:02.000
15224,CE39,102.0,3040.0,1,2021-10-11 15:03:39.000,2021-10-11 23:44:54.000
25627,CP12,95.0,440.0,1,2022-10-20 04:55:25.716,2022-10-20 08:41:19.796
35532,,136.0,2580.0,16,2023-09-01 14:55:51.368,2023-09-01 21:35:20.487
3350,CE13,125.0,1940.0,53,2020-05-07 05:02:45.000,2020-05-07 12:09:40.000
9767,,202.0,2280.0,40,2021-03-10 14:31:21.000,2021-03-11 02:43:05.000
36878,,194.0,2420.0,18,2023-10-10 15:00:36.363,2023-10-10 22:49:08.303
40718,,211.0,2100.0,12,2024-01-26 16:16:15.221,2024-01-27 00:14:25.337
39746,,157.0,2500.0,24,2023-12-29 14:57:25.433,2023-12-29 23:37:46.392
12872,CE24,168.0,1400.0,1,2021-07-17 05:03:07.000,2021-07-17 12:17:22.000
32514,,180.0,2300.0,30,2023-06-09 14:55:14.394,2023-06-09 22:21:29.396
14804,,209.0,3340.0,48,2021-09-23 15:11:15.000,2021-09-24 01:05:02.000
33313,,188.0,2220.0,29,2023-07-04 15:03:58.093,2023-07-04 23:07:51.917
3956,CP11,190.0,2300.0,14,2020-06-06 14:23:25.000,2020-06-06 22:35:29.000
10698,CP11,135.0,2480.0,2,2021-04-21 14:56:15.000,2021-04-21 20:57:07.000
31169,,191.0,2020.0,47,2023-04-28 15:38:59.130,2023-04-28 23:12:16.679
8855,CE13,88.0,860.0,15,2021-01-26 10:52:54.000,2021-01-26 14:18:59.000
13106,CP28,204.0,2420.0,1,2021-07-26 04:26:16.000,2021-07-26 12:07:59.000
38125,,149.0,2740.0,23,2023-11-14 16:11:22.077,2023-11-14 23:28:46.760
1177,CE13,88.0,1400.0,36,2020-01-09 15:13:53.000,2020-01-09 22:20:23.000
10544,,219.0,2720.0,52,2021-04-13 14:58:59.000,2021-04-13 22:20:28.000
39277,,128.0,2060.0,9,2023-12-15 15:03:32.506,2023-12-15 23:08:57.754
16807,,210.0,2320.0,44,2021-12-14 14:35:15.000,2021-12-15 00:25:33.000
43061,,184.0,3740.0,20,2024-03-29 14:34:19.332,2024-03-29 22:35:24.603
9587,CE21B,78.0,2180.0,1,2021-03-02 05:05:41.000,2021-03-02 11:27:25.000
1080,CP44,127.0,3400.0,45,2020-01-03 04:55:10.000,2020-01-03 11:47:20.000
35798,,164.0,8900.0,22,2023-09-08 14:59:04.947,2023-09-08 21:42:50.636
9531,,152.0,9540.0,28,2021-02-26 06:01:22.000,2021-02-26 12:29:10.000
1634,CE20B,94.0,2900.0,2,2020-02-03 14:46:39.000,2020-02-03 22:34:19.000
13507,CE51,116.0,2340.0,1,2021-08-09 14:28:57.000,2021-08-09 23:13:19.000
13793,CP29,127.0,2880.0,2,2021-08-18 04:49:04.000,2021-08-18 14:10:11.000
33557,,163.0,2140.0,12,2023-07-11 15:20:45.709,2023-07-11 22:38:13.965
19213,CE15,110.0,1440.0,1,2022-03-22 14:56:58.000,2022-03-22 21:15:40.752
29578,CP07,88.0,2180.0,2,2023-03-08 14:47:35.650,2023-03-08 21:46:00.652
16467,CE18B,126.0,1840.0,1,2021-11-30 05:06:14.000,2021-11-30 12:06:23.000
30168,,184.0,8720.0,11,2023-03-29 15:07:46.524,2023-03-29 22:02:43.055
2155,CP09B,100.0,2520.0,1,2020-03-03 05:03:25.000,2020-03-03 12:37:09.000
5703,CP28,207.0,2700.0,2,2020-08-26 04:46:46.000,2020-08-26 13:57:15.000
42150,,173.0,2920.0,56,2024-03-06 14:53:06.708,2024-03-06 22:49:12.271
35142,,171.0,1980.0,24,2023-08-23 15:01:15.044,2023-08-23 23:03:08.933
10237,CP11,132.0,2320.0,3,2021-04-01 14:59:53.000,2021-04-01 21:30:43.000
2142,CP07,78.0,2880.0,4,2020-03-02 15:00:38.000,2020-03-02 22:32:45.000
43328,,134.0,3100.0,13,2024-04-05 15:00:14.080,2024-04-05 21:22:17.731
7583,CE37B,97.0,2640.0,2,2020-11-24 04:59:23.000,2020-11-24 12:48:59.000
6855,CE06,182.0,1480.0,43,2020-10-20 14:46:03.000,2020-10-20 22:31:32.000
40825,,192.0,1960.0,10,2024-01-30 14:59:14.061,2024-01-30 21:37:02.667
11309,CE30B,132.0,2360.0,2,2021-05-17 14:18:53.000,2021-05-17 21:22:04.000
9838,CE05,126.0,2560.0,1,2021-03-15 14:42:09.000,2021-03-15 22:35:14.000
32295,,194.0,2160.0,42,2023-06-02 15:03:57.947,2023-06-02 23:45:40.801
15801,,189.0,2080.0,39,2021-11-01 14:24:17.000,2021-11-01 23:15:38.000
2668,CE27,135.0,1740.0,1,2020-04-01 15:27:09.000,2020-04-02 02:11:58.000
32889,,170.0,1540.0,26,2023-06-21 21:16:06.905,2023-06-21 21:17:33.714
11086,,217.0,2420.0,34,2021-05-06 15:06:12.000,2021-05-07 01:01:01.000
40822,,149.0,2820.0,2,2024-01-30 14:58:20.172,2024-01-30 23:00:28.235
36771,,162.0,2000.0,34,2023-10-06 14:58:44.137,2023-10-06 23:26:49.322
28379,,175.0,2480.0,43,2023-01-24 15:02:11.309,2023-01-24 22:42:12.534
1079,CP43,118.0,2200.0,3,2020-01-03 15:02:49.000,2020-01-03 21:19:08.000
30351,,175.0,2120.0,44,2023-04-04 15:03:10.400,2023-04-05 00:21:18.474
21932,CP29,131.0,3120.0,1,2022-06-22 04:49:47.000,2022-06-22 13:56:36.306
16067,CP07,85.0,2720.0,3,2021-11-12 05:12:45.000,2021-11-12 13:50:40.000
21494,CE29,126.0,2360.0,1,2022-06-08 04:39:59.000,2022-06-08 13:28:51.766
33101,CP12,124.0,1860.0,1,2023-06-28 04:47:09.133,2023-06-28 11:24:51.942
18064,,189.0,1920.0,37,2022-02-04 15:22:49.000,2022-02-04 23:32:44.000
38521,,196.0,2440.0,25,2023-11-24 15:01:31.408,2023-11-24 23:24:35.723
8036,CP28,197.0,2680.0,1,2020-12-16 04:21:14.000,2020-12-16 12:02:10.000
19199,,200.0,9540.0,19,2022-03-21 06:06:33.000,2022-03-21 14:33:53.881
3408,CE33,144.0,1840.0,1,2020-05-11 15:00:14.000,2020-05-11 21:32:19.000
6914,CE33,96.0,1320.0,1,2020-10-21 16:16:25.000,2020-10-21 22:05:18.000
5175,CP43,117.0,1600.0,3,2020-08-04 15:02:10.000,2020-08-04 21:02:49.000
12132,CP29,111.0,3640.0,2,2021-06-18 04:55:28.000,2021-06-18 11:53:41.000
21256,CE18B,124.0,1780.0,1,2022-05-31 15:02:00.000,2022-05-31 21:49:16.513
9674,CP07,82.0,2340.0,3,2021-03-05 14:31:20.000,2021-03-05 21:15:07.000
38975,,130.0,8100.0,11,2023-12-07 15:31:06.481,2023-12-07 21:10:08.789
8760,,110.0,4240.0,8,2021-01-20 20:34:41.000,2021-01-21 00:39:44.000
4295,CP10B,88.0,2240.0,1,2020-06-23 15:01:40.000,2020-06-23 22:17:54.000
2449,CE38B,133.0,2020.0,1,2020-03-19 14:51:35.000,2020-03-19 22:09:13.000
3575,CE17B,94.0,2480.0,1,2020-05-19 14:59:04.000,2020-05-19 21:30:42.000
7862,CE37B,94.0,2200.0,2,2020-12-08 14:58:52.000,2020-12-08 20:56:57.000
32987,,148.0,1500.0,16,2023-06-23 20:58:06.645,2023-06-23 20:59:35.139
6662,CE50,139.0,1880.0,1,2020-10-10 05:27:03.000,2020-10-10 12:37:11.000
10834,CE40,50.0,1280.0,1,2021-04-27 10:07:08.000,2021-04-27 14:54:47.000
16216,CE19,91.0,1340.0,2,2021-11-19 15:12:54.000,2021-11-19 22:19:50.000
15833,CE12,126.0,1420.0,1,2021-11-03 05:43:25.000,2021-11-03 12:13:25.000
11618,CE41B,115.0,1820.0,2,2021-05-28 05:06:53.000,2021-05-28 12:46:13.000
12589,CE26,92.0,2800.0,3,2021-07-07 14:57:00.000,2021-07-08 00:13:37.000
16769,CP39,109.0,4880.0,1,2021-12-13 15:04:36.000,2021-12-14 00:38:29.000
21783,CP39,116.0,3500.0,1,2022-06-17 14:52:14.000,2022-06-17 23:46:05.331
13374,CE10B,84.0,2040.0,1,2021-08-04 04:51:31.000,2021-08-04 12:40:15.000
17005,CP12,125.0,1400.0,1,2021-12-22 04:48:12.000,2021-12-22 12:47:15.000
35684,CE34,148.0,2420.0,1,2023-09-06 04:43:52.960,2023-09-06 12:12:27.769
5629,CE07,84.0,2500.0,1,2020-08-24 05:00:41.000,2020-08-24 13:50:42.000
7236,CE41B,113.0,1880.0,1,2020-11-06 04:27:12.000,2020-11-06 11:27:18.000
1429,CE13,119.0,1500.0,49,2020-01-23 14:49:41.000,2020-01-23 21:53:35.000
19639,CE30B,140.0,1180.0,2,2022-04-06 14:49:13.000,2022-04-06 22:08:25.377
6026,CE34,147.0,1780.0,1,2020-09-10 14:30:44.000,2020-09-10 21:45:37.000
27734,CE34,148.0,2440.0,1,2023-01-03 15:00:00.511,2023-01-03 21:57:02.851
42007,,155.0,1960.0,7,2024-03-01 14:58:13.291,2024-03-01 22:02:27.916
3361,CP19,115.0,2000.0,1,2020-05-07 14:54:08.000,2020-05-07 22:03:07.000
5597,CE21B,83.0,2300.0,1,2020-08-21 14:58:44.000,2020-08-21 22:12:27.000
1635,CE33,148.0,1740.0,1,2020-02-03 14:46:56.000,2020-02-03 21:42:12.000
32714,CE33,140.0,2540.0,1,2023-06-19 15:03:28.488,2023-06-19 22:34:14.352
6098,CE51,120.0,2220.0,1,2020-09-14 15:00:03.000,2020-09-14 22:11:59.000
9048,CP29,120.0,2960.0,1,2021-02-04 15:02:11.000,2021-02-04 22:26:59.000
16133,CP29,132.0,2760.0,2,2021-11-16 05:06:54.000,2021-11-16 14:07:49.000
1831,CE20B,98.0,2200.0,2,2020-02-13 14:59:48.000,2020-02-14 01:14:03.000
17756,CE20B,101.0,2340.0,1,2022-01-25 14:55:07.000,2022-01-25 21:17:35.000
30391,CE18B,134.0,1900.0,1,2023-04-06 14:51:51.520,2023-04-06 23:17:22.215
40606,,124.0,3280.0,2,2024-01-24 15:06:43.986,2024-01-24 21:50:33.407
36664,,155.0,8380.0,22,2023-10-04 05:37:31.469,2023-10-04 13:24:12.859
4815,CP33,171.0,3080.0,2,2020-07-18 14:58:13.000,2020-07-19 00:18:44.000
2603,CE11,149.0,1900.0,11,2020-03-28 04:56:34.000,2020-03-28 11:44:26.000
29028,CE09B,116.0,1620.0,1,2023-02-16 04:51:27.281,2023-02-16 11:47:04.259
4657,CE43,121.0,1900.0,1,2020-07-11 05:05:43.000,2020-07-11 12:09:39.000
40821,,135.0,3720.0,1,2024-01-30 14:49:31.223,2024-01-30 22:53:11.226
4099,CP05,168.0,2100.0,1,2020-06-13 04:38:37.000,2020-06-13 13:53:48.000
15882,CE41B,108.0,1520.0,1,2021-11-05 04:55:46.000,2021-11-05 11:59:02.000
27569,CE29,128.0,2600.0,1,2022-12-28 04:58:54.141,2022-12-28 13:37:15.263
18580,CP26,93.0,3900.0,1,2022-02-28 14:49:48.000,2022-02-28 23:59:00.000
22997,CP12,142.0,2560.0,1,2022-07-27 04:52:24.000,2022-07-27 13:29:07.737
1971,CE19,126.0,1180.0,2,2020-02-21 14:23:18.000,2020-02-21 23:14:31.000
16928,CP11,144.0,1740.0,2,2021-12-20 15:29:05.000,2021-12-20 22:02:45.000
15728,CE33,132.0,1760.0,1,2021-10-30 04:46:45.000,2021-10-30 12:06:22.000
14469,CE46,94.0,1180.0,1,2021-09-11 04:59:39.000,2021-09-11 11:34:43.000
30068,CE46,99.0,1640.0,1,2023-03-27 05:08:38.791,2023-03-27 13:04:15.845
18601,CE20B,102.0,2960.0,1,2022-03-01 14:04:50.000,2022-03-01 22:24:46.298
27710,CP07,85.0,3860.0,3,2023-01-02 14:54:01.674,2023-01-02 21:47:11.201
2478,CP07,80.0,1940.0,2,2020-03-20 04:46:59.000,2020-03-20 10:15:21.000
3335,CP02,172.0,2440.0,2,2020-05-06 13:52:16.000,2020-05-06 21:21:02.000
23348,,197.0,1600.0,1,2022-08-06 04:41:53.000,2022-08-06 12:34:10.583
7934,CP36,124.0,1820.0,1,2020-12-10 04:50:30.000,2020-12-10 11:59:46.000
20491,CP36,152.0,2120.0,1,2022-05-05 04:52:46.000,2022-05-05 12:07:32.644
5169,CE38B,137.0,1480.0,1,2020-08-04 04:43:24.000,2020-08-04 11:02:54.000
1615,CE44,128.0,1240.0,36,2020-02-01 04:53:10.000,2020-02-01 11:34:30.000
20283,CP18B,131.0,2120.0,1,2022-04-28 14:59:19.000,2022-04-28 21:40:57.225
33931,CP29,123.0,2440.0,1,2023-07-21 04:41:55.466,2023-07-21 13:17:39.330
13102,CP25B,114.0,2260.0,1,2021-07-26 04:59:40.000,2021-07-26 11:44:56.000
12125,CE27,124.0,1800.0,1,2021-06-18 05:08:07.000,2021-06-18 11:35:18.000
26123,CE41B,110.0,2920.0,2,2022-11-08 05:12:53.960,2022-11-08 12:13:47.256
15319,CE01,215.0,1580.0,1,2021-10-14 04:52:35.000,2021-10-14 12:14:15.000
20654,CP08,196.0,1100.0,1,2022-05-11 05:08:16.000,2022-05-11 11:36:22.614
7979,CE31,224.0,2440.0,2,2020-12-14 15:03:26.000,2020-12-15 00:45:09.000
20034,CE38B,138.0,2120.0,1,2022-04-20 15:09:45.000,2022-04-20 23:00:29.239
5281,CE09B,102.0,2040.0,2,2020-08-10 04:54:57.000,2020-08-10 11:41:43.000
2135,CP26,88.0,5440.0,1,2020-03-02 14:57:03.000,2020-03-02 23:29:13.000
14261,CP35,132.0,2200.0,3,2021-09-03 04:59:07.000,2021-09-03 12:23:16.000
9694,Óbidos CE02,120.0,1880.0,1,2021-03-08 05:07:30.000,2021-03-08 11:59:45.000
9616,CP31,211.0,1900.0,1,2021-03-03 15:17:17.000,2021-03-03 23:43:43.000
8939,CP19,118.0,2260.0,2,2021-01-29 14:45:50.000,2021-01-30 00:05:17.000
14375,CE39,106.0,2800.0,1,2021-09-08 14:56:49.000,2021-09-08 22:59:26.000
8690,CE15,106.0,1800.0,1,2021-01-19 15:03:49.000,2021-01-19 22:38:10.000
20443,CE15,105.0,1340.0,1,2022-05-04 04:58:34.000,2022-05-04 11:55:51.305
2871,CP07,106.0,3080.0,6,2020-04-13 14:55:28.000,2020-04-13 22:39:52.000
39114,,119.0,2720.0,1,2023-12-12 14:50:53.076,2023-12-12 23:08:27.650
3351,CE09B,99.0,1620.0,2,2020-05-07 04:55:39.000,2020-05-07 11:04:55.000
23706,CE09B,111.0,1680.0,1,2022-08-18 05:07:53.000,2022-08-18 12:21:49.400
30653,CE39,93.0,2100.0,1,2023-04-14 14:42:22.767,2023-04-14 22:11:30.400
32629,CE39,98.0,2540.0,1,2023-06-14 14:58:35.481,2023-06-14 22:54:14.025
19216,CE40,56.0,1020.0,2,2022-03-22 14:50:12.000,2022-03-22 19:41:01.782
22096,CE41B,128.0,2580.0,1,2022-06-28 04:52:24.000,2022-06-28 13:03:50.747
15704,CE19,100.0,1660.0,2,2021-10-29 14:59:17.000,2021-10-29 20:47:29.000
30637,CP15,125.0,1280.0,1,2023-04-13 14:55:02.132,2023-04-13 21:07:15.595
2648,CP10B,77.0,2380.0,1,2020-03-31 15:03:42.000,2020-03-31 20:56:46.000
11898,CP01,216.0,1840.0,1,2021-06-09 04:51:13.000,2021-06-09 13:36:47.000
8146,CE31,209.0,1820.0,2,2020-12-22 15:37:46.000,2020-12-22 23:46:16.000
21107,CE37B,96.0,2280.0,1,2022-05-26 15:02:32.000,2022-05-26 21:43:43.465
7784,CE09B,109.0,1980.0,2,2020-12-03 04:55:33.000,2020-12-03 12:51:28.000
12964,CE26,89.0,2720.0,2,2021-07-21 14:58:41.000,2021-07-21 22:40:19.000
18625,,211.0,10540.0,4,2022-03-01 14:05:11.000,2022-03-01 22:16:16.581
7422,CP29,132.0,2640.0,2,2020-11-16 04:57:24.000,2020-11-16 12:25:20.000
25063,CP35,124.0,1600.0,3,2022-09-30 04:55:12.498,2022-09-30 12:35:50.485
18204,,138.0,1460.0,1,2022-02-11 05:01:30.000,2022-02-11 12:00:45.000
17337,CE41B,108.0,1680.0,2,2022-01-07 04:54:52.000,2022-01-07 13:46:44.000
10290,CE09B,105.0,2580.0,2,2021-04-05 04:54:26.000,2021-04-05 12:23:30.000
31967,,145.0,10000.0,3,2023-05-24 06:02:44.048,2023-05-24 13:21:38.557
33096,CE39,107.0,2620.0,1,2023-06-28 14:10:26.163,2023-06-29 00:27:41.453
2222,CP23,186.0,2160.0,1,2020-03-06 04:53:22.000,2020-03-06 12:40:55.000
27427,CE16,128.0,1560.0,1,2022-12-23 05:11:32.065,2022-12-23 12:33:37.290
31643,CP39,108.0,3300.0,1,2023-05-15 15:04:38.583,2023-05-15 23:23:50.452
18166,CE16,108.0,1860.0,1,2022-02-10 15:04:29.000,2022-02-10 22:29:41.000
9524,CP23,177.0,1640.0,1,2021-02-26 05:19:01.000,2021-02-26 12:18:44.000
8518,CE26,86.0,2700.0,1,2021-01-11 14:50:32.000,2021-01-12 00:19:18.000
29368,CP39,90.0,3660.0,1,2023-03-01 14:59:34.718,2023-03-01 23:48:29.220
24999,CP12,141.0,1680.0,1,2022-09-28 05:06:43.760,2022-09-28 11:49:28.761
6128,CP40,46.0,1460.0,3,2020-09-15 18:19:23.000,2020-09-15 22:10:58.000
4610,CE15,109.0,1780.0,1,2020-07-09 14:43:37.000,2020-07-09 21:40:40.000
12207,CE15,111.0,1540.0,1,2021-06-22 14:34:45.000,2021-06-22 21:10:45.000
16269,CP07,83.0,3340.0,4,2021-11-22 14:56:56.000,2021-11-22 22:05:50.000
21658,CE18B,121.0,2200.0,1,2022-06-14 04:50:40.000,2022-06-14 11:52:58.500
2230,CP07,77.0,2240.0,3,2020-03-06 14:44:33.000,2020-03-06 22:41:10.000
21581,CP07,107.0,1560.0,1,2022-06-10 04:51:21.000,2022-06-10 14:05:46.701
7223,CP35,119.0,2080.0,1,2020-11-05 05:04:36.000,2020-11-05 12:37:56.000
5128,,150.0,9920.0,1,2020-07-31 15:35:42.000,2020-07-31 21:48:18.000
11631,CP07,85.0,2420.0,2,2021-05-28 05:10:22.000,2021-05-28 13:24:58.000
19574,Óbidos CE01,143.0,1360.0,1,2022-04-04 14:59:53.000,2022-04-04 23:09:09.549
20445,CE39,111.0,2600.0,1,2022-05-04 15:06:26.000,2022-05-04 23:24:43.125
2297,CE43,120.0,1560.0,1,2020-03-11 05:03:07.000,2020-03-11 11:46:03.000
11686,CE50,139.0,2180.0,1,2021-06-01 14:52:46.000,2021-06-01 23:06:20.000
11046,CP07,83.0,2100.0,4,2021-05-05 04:51:21.000,2021-05-05 12:02:41.000
13514,CE26,92.0,2940.0,2,2021-08-09 14:31:15.000,2021-08-09 23:38:57.000
12175,CE01,332.0,1860.0,1,2021-06-21 04:55:16.000,2021-06-21 15:28:56.000
20073,CE10B,85.0,2380.0,1,2022-04-21 14:59:39.000,2022-04-21 23:20:04.513
3483,CE09B,112.0,1700.0,1,2020-05-14 04:54:55.000,2020-05-14 11:45:07.000
15708,CE04,109.0,1440.0,1,2021-10-29 04:49:18.000,2021-10-29 12:32:59.000
42103,,133.0,1860.0,1,2024-03-05 15:06:24.561,2024-03-05 22:41:28.404
17064,CE26,112.0,3600.0,2,2021-12-27 14:41:52.000,2021-12-27 23:17:54.000
19322,CE01,215.0,1540.0,1,2022-03-25 05:01:43.000,2022-03-25 11:55:34.537
2447,CE09B,101.0,1580.0,2,2020-03-19 04:55:44.000,2020-03-19 12:50:02.000
6326,CE04,130.0,2020.0,1,2020-09-24 05:00:41.000,2020-09-24 12:12:08.000
27034,CP29,124.0,3540.0,1,2022-12-09 04:40:29.742,2022-12-09 12:20:35.920
21001,CE12,130.0,2300.0,1,2022-05-23 05:04:54.000,2022-05-23 12:19:43.570
18265,CE41B,100.0,2140.0,1,2022-02-15 04:45:03.000,2022-02-15 12:04:04.000
11059,CE09B,103.0,1640.0,2,2021-05-06 04:52:56.000,2021-05-06 12:37:58.000
22397,CE39,110.0,2260.0,2,2022-07-08 15:05:59.000,2022-07-08 22:37:47.088
16621,CE40,50.0,1240.0,2,2021-12-07 14:51:25.000,2021-12-07 18:31:28.000
16235,,122.0,1580.0,1,2021-11-19 05:03:33.000,2021-11-19 11:31:37.000
5277,CE35,136.0,2940.0,1,2020-08-10 05:01:15.000,2020-08-10 13:26:06.000
16465,CE41B,106.0,2300.0,2,2021-11-30 04:48:20.000,2021-11-30 12:23:34.000
11209,CE26,101.0,2560.0,2,2021-05-12 15:00:41.000,2021-05-12 22:27:55.000
30128,CE29,137.0,2180.0,1,2023-03-29 04:41:49.033,2023-03-29 12:32:54.662
27441,CP05,121.0,1900.0,1,2022-12-23 04:57:31.414,2022-12-23 12:18:47.112
13903,CE26,88.0,3160.0,2,2021-08-23 14:49:54.000,2021-08-23 22:36:21.000
33433,CP12,124.0,1980.0,1,2023-07-07 04:42:14.339,2023-07-07 11:23:13.115
8240,CE07,84.0,2220.0,1,2020-12-28 15:25:23.000,2020-12-28 23:37:41.000
17478,CE37B,94.0,2260.0,2,2022-01-13 16:01:25.000,2022-01-13 23:37:42.000
1855,CE19,113.0,1500.0,2,2020-02-14 15:25:41.000,2020-02-14 22:49:28.000
14168,CE34,148.0,2180.0,1,2021-09-01 15:04:44.000,2021-09-01 22:54:22.000
30806,CP35,125.0,2440.0,3,2023-04-19 04:51:41.369,2023-04-19 11:42:49.556
15174,CE07,81.0,1860.0,1,2021-10-08 15:00:37.000,2021-10-08 21:24:36.000
12031,CE41B,104.0,1820.0,1,2021-06-15 05:16:23.000,2021-06-15 12:05:41.000
14253,CE41B,113.0,2120.0,2,2021-09-03 04:35:42.000,2021-09-03 12:53:43.000
5285,CE37B,105.0,2140.0,2,2020-08-10 14:59:15.000,2020-08-10 23:16:17.000
11025,CE24,173.0,1620.0,1,2021-05-05 04:40:28.000,2021-05-05 12:08:48.000
21507,CP35,113.0,1600.0,2,2022-06-08 05:09:27.000,2022-06-08 11:53:15.543
7831,,193.0,9060.0,5,2020-12-04 15:59:19.000,2020-12-04 23:59:02.000
28064,,149.0,9180.0,6,2023-01-12 14:46:21.208,2023-01-12 21:43:56.863
8163,CP40,48.0,1520.0,2,2020-12-22 19:16:31.000,2020-12-22 23:39:31.000
7206,CE09B,112.0,1200.0,2,2020-11-05 04:51:13.000,2020-11-05 11:14:19.000
1701,CE31,217.0,2580.0,1,2020-02-06 15:03:06.000,2020-02-06 23:20:09.000
3367,,165.0,10740.0,2,2020-05-07 14:57:49.000,2020-05-07 21:59:00.000
14072,,146.0,10080.0,1,2021-08-27 06:00:59.000,2021-08-27 13:11:14.000
19630,,160.0,9540.0,2,2022-04-05 05:54:56.000,2022-04-05 13:19:20.885
3750,CP49,162.0,1740.0,1,2020-05-27 15:02:04.000,2020-05-27 21:23:01.000
14229,CP52,199.0,3100.0,1,2021-09-02 14:57:30.000,2021-09-02 21:42:16.000
20660,CP52,170.0,1820.0,1,2022-05-11 14:52:38.000,2022-05-11 22:02:47.709
23396,CE38B,142.0,1960.0,1,2022-08-09 04:51:09.000,2022-08-09 12:26:52.489
23352,CE17B,100.0,3120.0,1,2022-08-08 05:00:10.000,2022-08-08 12:10:53.379
6736,CE07,81.0,2320.0,1,2020-10-14 14:44:44.000,2020-10-14 22:47:26.000
3767,CE37B,92.0,2340.0,2,2020-05-28 15:04:14.000,2020-05-28 21:11:44.000
7838,CE09B,107.0,1920.0,2,2020-12-07 04:54:17.000,2020-12-07 12:36:41.000
6372,CE34,148.0,1960.0,1,2020-09-26 05:01:32.000,2020-09-26 12:12:35.000
5498,CE31,218.0,2580.0,2,2020-08-18 14:56:20.000,2020-08-19 00:12:26.000
14702,,191.0,9860.0,17,2021-09-20 05:59:24.000,2021-09-20 13:31:01.000
39218,,136.0,520.0,15,2023-12-14 15:18:19.253,2023-12-14 19:39:15.887
6239,CE20B,93.0,2900.0,2,2020-09-21 15:14:23.000,2020-09-21 22:50:25.000
19385,CP35,121.0,2440.0,2,2022-03-28 04:33:54.000,2022-03-28 12:15:30.513
39167,,121.0,2100.0,2,2023-12-13 14:51:38.688,2023-12-13 21:16:15.494
9078,CE41B,111.0,2180.0,1,2021-02-05 04:31:55.000,2021-02-05 12:06:20.000
8807,CE09B,103.0,2580.0,2,2021-01-25 04:54:27.000,2021-01-25 14:56:49.000
22375,CE34,148.0,2120.0,1,2022-07-07 14:56:35.000,2022-07-07 22:44:23.434
12516,,127.0,7040.0,1,2021-07-02 14:50:06.000,2021-07-02 21:25:24.000
19896,,157.0,9940.0,5,2022-04-13 15:01:27.000,2022-04-13 23:05:12.278
33014,CP35,127.0,3040.0,4,2023-06-26 04:40:44.380,2023-06-26 13:32:51.724
5799,CP28,206.0,2260.0,1,2020-08-31 05:11:26.000,2020-08-31 15:38:26.000
8963,CE11,151.0,2020.0,10,2021-02-01 04:53:16.000,2021-02-01 11:21:14.000
13273,CE11,149.0,1700.0,4,2021-07-31 12:57:27.000,2021-07-31 19:10:55.000
2090,CE07,81.0,1360.0,1,2020-02-28 15:18:14.000,2020-02-28 23:47:53.000
10030,,115.0,9920.0,1,2021-03-22 15:06:18.000,2021-03-22 21:15:21.000
34592,CE33,145.0,1820.0,1,2023-08-09 15:09:43.504,2023-08-09 23:17:49.021
7185,CE20B,110.0,2500.0,2,2020-11-04 14:54:40.000,2020-11-04 22:57:22.000
9442,CP27,136.0,2240.0,1,2021-02-23 04:56:46.000,2021-02-23 12:17:48.000
14076,CE20B,91.0,2280.0,2,2021-08-28 11:38:24.000,2021-08-28 19:23:22.000
8425,CE18B,131.0,2000.0,1,2021-01-06 15:03:33.000,2021-01-06 22:13:44.000
32010,,122.0,9440.0,3,2023-05-25 06:02:40.931,2023-05-25 12:39:58.094
18174,CP08,192.0,1520.0,1,2022-02-10 15:02:34.000,2022-02-10 21:47:49.000
5912,CP36,125.0,1740.0,1,2020-09-04 04:37:50.000,2020-09-04 12:36:17.000
4442,CP10B,84.0,2100.0,1,2020-06-30 05:03:58.000,2020-06-30 11:54:44.000
12124,CE41B,112.0,2100.0,2,2021-06-18 04:52:43.000,2021-06-18 11:28:56.000
9547,CE09B,106.0,2480.0,2,2021-03-01 04:51:49.000,2021-03-01 12:25:55.000
27665,CP11,145.0,1580.0,3,2022-12-29 19:19:37.452,2022-12-30 01:12:32.265
2822,CP19,118.0,2280.0,1,2020-04-09 14:33:40.000,2020-04-09 23:32:15.000
28667,CE38B,143.0,2100.0,1,2023-02-03 04:46:55.108,2023-02-03 12:14:01.151
3542,CE09B,100.0,2520.0,2,2020-05-18 04:52:38.000,2020-05-18 11:00:25.000
8897,CE09B,98.0,1640.0,2,2021-01-28 04:57:45.000,2021-01-28 11:57:18.000
2398,,128.0,10080.0,1,2020-03-17 05:43:48.000,2020-03-17 13:54:14.000
40558,,127.0,3920.0,1,2024-01-23 15:06:08.504,2024-01-24 00:37:31.670
5433,CP10B,91.0,1860.0,1,2020-08-14 14:58:57.000,2020-08-14 21:25:47.000
32684,CP15,104.0,2080.0,1,2023-06-15 15:40:38.460,2023-06-15 21:55:30.824
9719,CE41B,104.0,2720.0,2,2021-03-09 04:32:28.000,2021-03-09 12:55:01.000
7640,CE31,209.0,1920.0,2,2020-11-26 14:57:53.000,2020-11-26 22:27:00.000
12765,CE33,137.0,1360.0,1,2021-07-14 04:56:56.000,2021-07-14 12:11:06.000
20784,CE20B,93.0,2820.0,1,2022-05-16 04:59:22.000,2022-05-16 13:53:55.135
5911,CP34,150.0,2780.0,1,2020-09-04 14:58:16.000,2020-09-04 22:24:47.000
3055,CP36,112.0,2520.0,1,2020-04-22 15:16:42.000,2020-04-22 21:41:12.000
41544,,52.0,480.0,3,2024-02-19 15:06:59.323,2024-02-19 17:12:52.044
9635,CE38B,140.0,2320.0,1,2021-03-04 04:41:54.000,2021-03-04 12:23:58.000
39119,,179.0,2900.0,2,2023-12-12 15:06:44.621,2023-12-12 23:16:05.425
23271,CP31,225.0,2380.0,1,2022-08-04 15:04:43.000,2022-08-05 00:11:59.067
10252,CE24,172.0,2080.0,1,2021-04-02 04:42:17.000,2021-04-02 11:37:11.000
5465,CE09B,103.0,2300.0,2,2020-08-17 04:50:09.000,2020-08-17 12:35:23.000
6208,CE34,145.0,2760.0,1,2020-09-18 14:28:32.000,2020-09-18 21:47:39.000
5403,CP19,117.0,1760.0,1,2020-08-13 05:00:57.000,2020-08-13 11:38:32.000
29946,CE46,91.0,1400.0,1,2023-03-22 04:47:38.017,2023-03-22 10:54:07.943
1683,CP29,150.0,2600.0,1,2020-02-05 05:23:20.000,2020-02-05 14:58:32.000
3904,CE15,109.0,1820.0,1,2020-06-04 14:01:50.000,2020-06-04 21:37:49.000
5038,CP34,149.0,2980.0,1,2020-07-29 14:32:08.000,2020-07-29 22:48:55.000
25194,CP52,196.0,1920.0,1,2022-10-05 04:58:23.897,2022-10-05 12:31:08.029
11617,CE24,167.0,1940.0,1,2021-05-28 05:11:31.000,2021-05-28 12:23:56.000
35493,CE33,135.0,1600.0,1,2023-09-01 14:51:02.761,2023-09-01 21:39:44.825
12206,CE20B,92.0,2960.0,1,2021-06-22 14:58:50.000,2021-06-22 22:44:54.000
7760,CP07,94.0,4080.0,2,2020-12-02 04:54:57.000,2020-12-02 13:05:27.000
5186,,147.0,9040.0,2,2020-08-04 05:54:39.000,2020-08-04 12:43:50.000
4961,CP36,133.0,2500.0,1,2020-07-25 04:50:13.000,2020-07-25 12:59:52.000
26114,CE30B,151.0,2060.0,1,2022-11-08 14:55:46.905,2022-11-08 21:33:42.193
1887,CP40,36.0,1100.0,3,2020-02-17 19:11:53.000,2020-02-17 22:07:57.000
10491,CE21B,81.0,2520.0,1,2021-04-13 14:57:39.000,2021-04-13 21:17:42.000
14758,CP29,131.0,2620.0,2,2021-09-22 04:53:28.000,2021-09-22 12:38:18.000
4841,CP10B,80.0,2780.0,1,2020-07-20 04:46:52.000,2020-07-20 10:44:03.000
10934,CP11,133.0,1760.0,4,2021-04-30 14:23:10.000,2021-04-30 21:10:34.000
18670,CE37B,94.0,2820.0,1,2022-03-03 04:38:58.000,2022-03-03 12:30:17.807
8670,CP07,82.0,3140.0,4,2021-01-18 04:51:48.000,2021-01-18 13:16:06.000
10046,CE27,126.0,1780.0,1,2021-03-24 14:50:13.000,2021-03-24 20:56:21.000
9638,CP35,128.0,2000.0,1,2021-03-04 05:04:25.000,2021-03-04 13:54:59.000
2922,CP36,125.0,1800.0,1,2020-04-15 04:43:43.000,2020-04-15 11:26:20.000
14312,CE07,84.0,2420.0,1,2021-09-06 15:20:36.000,2021-09-06 23:37:14.000
1595,CE41B,92.0,1820.0,1,2020-01-31 04:30:03.000,2020-01-31 11:06:59.000
21037,CE50,141.0,2220.0,1,2022-05-24 14:55:13.000,2022-05-24 21:43:45.935
12454,CP28,204.0,3620.0,1,2021-07-01 04:52:58.000,2021-07-01 14:00:56.000
1091,CE33,149.0,2240.0,1,2020-01-06 14:41:35.000,2020-01-06 21:57:30.000
7186,CE46,93.0,1880.0,1,2020-11-04 04:55:53.000,2020-11-04 12:05:08.000
5033,CE51,119.0,2160.0,1,2020-07-29 05:00:33.000,2020-07-29 12:15:15.000
24945,CE20B,93.0,2360.0,1,2022-09-27 04:51:47.773,2022-09-27 12:09:10.753
34013,CE20B,106.0,3360.0,1,2023-07-25 05:00:15.871,2023-07-25 13:01:02.779
17248,CE18B,125.0,2000.0,1,2022-01-04 14:56:21.000,2022-01-04 21:53:01.000
28977,CE18B,134.0,2060.0,1,2023-02-15 15:48:11.720,2023-02-15 22:07:17.984
27651,CP08,143.0,2600.0,1,2022-12-30 05:07:40.331,2022-12-30 12:49:24.141
12660,CP36,126.0,2580.0,1,2021-07-09 14:49:38.000,2021-07-09 21:21:31.000
43438,,184.0,3700.0,1,2024-04-09 15:00:36.135,2024-04-10 00:35:32.598
1870,CE38B,136.0,1840.0,1,2020-02-15 05:02:49.000,2020-02-15 12:15:59.000
12151,CE04,96.0,1740.0,1,2021-06-19 05:04:07.000,2021-06-19 11:16:55.000
1637,CP02,175.0,2600.0,1,2020-02-03 04:50:35.000,2020-02-03 14:02:13.000
25827,CP18B,124.0,2200.0,1,2022-10-27 14:59:18.133,2022-10-27 22:46:22.877
29528,CE40,51.0,1260.0,2,2023-03-07 15:08:41.575,2023-03-07 18:58:28.161
29315,CE40,51.0,1160.0,2,2023-02-28 14:50:32.901,2023-02-28 18:42:03.857
5793,Óbidos CE02,111.0,1180.0,1,2020-08-31 06:04:19.000,2020-08-31 13:30:09.000
9484,CE12,126.0,2120.0,1,2021-02-25 04:52:05.000,2021-02-25 11:44:50.000
14371,CE12,128.0,1640.0,1,2021-09-08 04:51:13.000,2021-09-08 12:33:40.000
5427,CP09B,106.0,2080.0,1,2020-08-14 05:05:17.000,2020-08-14 13:03:26.000
14392,CP26,89.0,4440.0,1,2021-09-08 14:30:39.000,2021-09-08 23:01:46.000
25579,CP07,85.0,3180.0,3,2022-10-19 15:27:20.476,2022-10-20 00:05:03.300
7230,CE07,83.0,1340.0,1,2020-11-06 04:53:42.000,2020-11-06 11:16:56.000
3570,CE41B,104.0,3200.0,1,2020-05-19 05:01:20.000,2020-05-19 13:49:40.000
24878,CE30B,133.0,1820.0,2,2022-09-24 04:55:26.632,2022-09-24 11:22:27.223
12199,CE34,143.0,1960.0,1,2021-06-22 14:29:07.000,2021-06-22 21:58:20.000
18763,CE33,131.0,1900.0,1,2022-03-07 05:07:21.000,2022-03-07 11:22:46.735
20652,CE46,96.0,2080.0,1,2022-05-11 05:07:26.000,2022-05-11 11:57:23.798
1257,CE51,120.0,2240.0,1,2020-01-14 14:40:28.000,2020-01-14 23:10:43.000
20148,CP52,178.0,1660.0,1,2022-04-23 05:46:33.000,2022-04-23 13:10:44.687
15511,CP15,111.0,2240.0,1,2021-10-21 14:50:48.000,2021-10-21 22:24:56.000
25819,CP15,127.0,1760.0,1,2022-10-27 15:01:45.729,2022-10-27 22:16:01.818
7808,CE31,208.0,1680.0,1,2020-12-04 04:56:56.000,2020-12-04 13:45:10.000
1463,CP26,89.0,5560.0,1,2020-01-24 15:00:46.000,2020-01-24 23:09:57.000
17485,CP18B,130.0,2000.0,1,2022-01-13 14:53:53.000,2022-01-13 22:41:42.000
17837,CP18B,130.0,1860.0,1,2022-01-27 05:03:22.000,2022-01-27 12:46:59.000
1636,CE12,132.0,1900.0,1,2020-02-03 04:43:10.000,2020-02-03 11:07:51.000
16195,CP25B,126.0,1900.0,1,2021-11-18 04:21:19.000,2021-11-18 11:30:04.000
18526,CE26,91.0,2460.0,1,2022-02-25 15:09:15.000,2022-02-25 23:19:12.688
23745,CE01,231.0,1460.0,1,2022-08-19 14:52:21.000,2022-08-19 22:16:37.401
24673,CP26,114.0,4600.0,1,2022-09-17 05:04:37.652,2022-09-17 12:46:06.744
25138,CE41B,111.0,2840.0,2,2022-10-04 04:58:56.090,2022-10-04 12:54:09.427
33100,CP07,86.0,3200.0,4,2023-06-28 14:59:36.088,2023-06-28 22:11:49.381
22227,CE24,172.0,1220.0,1,2022-07-02 05:09:27.000,2022-07-02 12:13:35.505
19791,,134.0,8780.0,1,2022-04-11 14:48:25.000,2022-04-11 22:58:28.968
5187,,159.0,9840.0,1,2020-08-04 05:53:09.000,2020-08-04 12:02:20.000
17069,CE51,171.0,1600.0,1,2021-12-27 14:27:37.000,2021-12-28 01:06:28.000
11768,CP35,121.0,2860.0,1,2021-06-03 04:52:50.000,2021-06-03 12:44:07.000
17394,CP35,122.0,1580.0,1,2022-01-10 05:08:33.000,2022-01-10 12:09:38.000
15194,CP08,182.0,2040.0,1,2021-10-08 05:02:18.000,2021-10-08 11:53:20.000
21642,CP36,120.0,2120.0,1,2022-06-13 15:28:38.000,2022-06-14 00:16:44.690
3298,CE17B,91.0,1920.0,1,2020-05-05 14:45:16.000,2020-05-05 23:02:03.000
1736,CP26,95.0,4840.0,1,2020-02-07 15:06:44.000,2020-02-07 22:19:04.000
12507,CP23,190.0,1900.0,1,2021-07-03 04:22:07.000,2021-07-03 12:20:47.000
33780,CP18B,133.0,2860.0,1,2023-07-18 04:34:03.966,2023-07-18 12:50:44.838
6578,CE12,127.0,1940.0,1,2020-10-07 04:57:00.000,2020-10-07 11:59:30.000
17275,CE30B,128.0,1880.0,2,2022-01-05 14:55:14.000,2022-01-05 21:07:07.000
3738,CE34,159.0,2160.0,1,2020-05-27 15:03:29.000,2020-05-27 21:34:48.000
3876,CE34,156.0,2140.0,1,2020-06-03 04:28:40.000,2020-06-03 10:18:12.000
28798,CE33,126.0,1400.0,1,2023-02-08 04:56:18.312,2023-02-08 12:50:21.720
11338,CE15,99.0,1600.0,1,2021-05-18 14:16:52.000,2021-05-18 21:46:10.000
8689,CE18B,129.0,2180.0,1,2021-01-19 04:40:53.000,2021-01-19 11:42:40.000
29982,CE18B,131.0,1940.0,1,2023-03-23 15:09:45.793,2023-03-23 21:54:26.488
1865,,273.0,7340.0,1,2020-02-14 05:55:56.000,2020-02-14 16:21:16.000
3921,CP03,98.0,1620.0,1,2020-06-04 14:43:47.000,2020-06-04 21:03:28.000
4378,CP02,175.0,2160.0,1,2020-06-26 04:43:45.000,2020-06-26 12:29:03.000
20235,CE26,89.0,2460.0,1,2022-04-27 14:58:09.000,2022-04-27 22:53:48.888
28678,CP07,83.0,2320.0,1,2023-02-03 14:55:45.298,2023-02-03 23:26:15.831
2841,CE41B,102.0,2560.0,1,2020-04-10 05:02:42.000,2020-04-10 12:46:23.000
20616,CE30B,135.0,1600.0,2,2022-05-10 14:55:50.000,2022-05-10 22:31:00.986
30750,CE34,146.0,2180.0,1,2023-04-18 14:56:50.507,2023-04-18 22:47:54.483
23557,CE46,91.0,1580.0,1,2022-08-13 04:45:33.000,2022-08-13 11:43:15.056
3425,,203.0,10400.0,1,2020-05-11 05:58:11.000,2020-05-11 13:33:22.000
13680,CE51,117.0,2480.0,1,2021-08-14 12:55:22.000,2021-08-14 19:56:33.000
8369,CE15,111.0,1820.0,1,2021-01-04 15:06:31.000,2021-01-04 22:33:07.000
31733,CP07,93.0,2940.0,4,2023-05-17 14:54:51.234,2023-05-17 22:22:34.193
6216,CP02,176.0,2700.0,1,2020-09-18 04:56:28.000,2020-09-18 13:58:38.000
22213,CP32,150.0,980.0,1,2022-07-01 05:03:31.000,2022-07-01 11:41:24.086
39321,,136.0,2980.0,1,2023-12-18 14:58:35.619,2023-12-19 01:49:18.708
3930,CE04,91.0,2000.0,1,2020-06-05 04:53:15.000,2020-06-05 10:59:30.000
14214,CE50,136.0,2300.0,1,2021-09-02 04:44:56.000,2021-09-02 11:51:45.000
24098,CE26,88.0,1940.0,1,2022-08-31 14:51:01.000,2022-08-31 22:07:40.360
31395,CP26,86.0,4020.0,1,2023-05-08 15:13:07.362,2023-05-08 23:27:16.813
7035,CE04,102.0,1700.0,1,2020-10-28 04:43:15.000,2020-10-28 12:34:14.000
13483,CE04,111.0,1220.0,1,2021-08-07 04:45:29.000,2021-08-07 13:03:59.000
1893,CP26,90.0,4680.0,1,2020-02-17 14:45:42.000,2020-02-17 23:04:30.000
10859,CE26,89.0,2000.0,2,2021-04-28 14:25:13.000,2021-04-28 21:22:09.000
11829,CE39,106.0,3140.0,1,2021-06-07 14:55:24.000,2021-06-07 23:18:18.000
24142,CE16,129.0,2520.0,2,2022-09-01 04:39:13.000,2022-09-01 13:53:00.429
30452,CP39,98.0,3340.0,1,2023-04-07 14:34:47.034,2023-04-07 22:59:57.103
37252,CP39,109.0,4000.0,1,2023-10-20 15:37:56.066,2023-10-20 22:39:11.357
1832,CE46,101.0,1940.0,1,2020-02-13 04:48:26.000,2020-02-13 15:47:20.000
1043,CE07,83.0,1320.0,1,2020-01-02 05:06:20.000,2020-01-02 11:58:09.000
16915,CE02,163.0,2020.0,1,2021-12-20 04:42:27.000,2021-12-20 11:45:36.000
12150,CE16,132.0,2340.0,2,2021-06-19 12:58:11.000,2021-06-19 20:00:19.000
3599,CE01,229.0,1580.0,1,2020-05-20 05:00:05.000,2020-05-20 13:11:30.000
8475,Óbidos CESexta,109.0,1740.0,1,2021-01-08 05:04:52.000,2021-01-08 12:26:29.000
17725,Óbidos CE02,127.0,1120.0,1,2022-01-24 04:53:23.000,2022-01-24 12:39:38.000
7737,CP09B,105.0,3020.0,1,2020-12-01 05:08:48.000,2020-12-01 12:24:44.000
18243,CP05,131.0,1580.0,1,2022-02-14 04:51:34.000,2022-02-14 11:56:30.000
38651,CP26,103.0,3680.0,1,2023-11-29 04:53:41.874,2023-11-29 12:36:07.980
9508,CE16,134.0,2040.0,1,2021-02-26 15:05:28.000,2021-02-26 23:28:26.000
17477,CE09B,107.0,1640.0,1,2022-01-13 05:02:22.000,2022-01-13 13:02:37.000
28016,CE09B,104.0,1820.0,1,2023-01-12 04:43:30.667,2023-01-12 11:31:06.348
6694,CP23,185.0,2780.0,1,2020-10-12 14:57:56.000,2020-10-12 22:06:26.000
15354,CE39,102.0,2480.0,1,2021-10-15 14:58:38.000,2021-10-15 23:07:35.000
23879,CE10B,84.0,2380.0,1,2022-08-24 05:02:29.000,2022-08-24 11:30:50.413
10637,CE07,85.0,2320.0,1,2021-04-19 14:21:26.000,2021-04-19 21:56:09.000
9452,CE41B,94.0,2100.0,1,2021-02-23 09:23:32.000,2021-02-23 14:45:22.000
12239,CP52,206.0,3020.0,1,2021-06-23 14:54:05.000,2021-06-23 23:23:08.000
11569,CP15,106.0,1980.0,1,2021-05-26 15:26:38.000,2021-05-26 22:22:20.000
3845,CP01,222.0,1680.0,1,2020-06-01 14:46:02.000,2020-06-01 22:06:15.000
28824,CE38B,146.0,1320.0,1,2023-02-09 04:58:07.354,2023-02-09 12:09:58.502
15580,CE09B,110.0,2200.0,1,2021-10-25 04:42:26.000,2021-10-25 12:29:35.000
1553,CP26,94.0,4220.0,1,2020-01-29 14:57:01.000,2020-01-29 23:53:32.000
15583,Óbidos CE02,120.0,2060.0,1,2021-10-25 14:55:52.000,2021-10-25 21:42:51.000
12171,CE39,108.0,3260.0,1,2021-06-21 14:58:08.000,2021-06-21 21:46:59.000
2503,CE07,77.0,2020.0,1,2020-03-23 14:33:27.000,2020-03-23 21:15:07.000
4354,CE07,81.0,2540.0,1,2020-06-25 15:06:30.000,2020-06-25 21:44:47.000
12530,Óbidos CE02,118.0,1480.0,1,2021-07-05 14:45:57.000,2021-07-05 21:27:09.000
11437,Óbidos CE01,119.0,1140.0,1,2021-05-21 15:04:11.000,2021-05-21 21:22:55.000
1329,CE41B,96.0,1840.0,1,2020-01-17 04:40:26.000,2020-01-17 10:07:29.000
14075,CE19,109.0,2140.0,1,2021-08-28 04:55:58.000,2021-08-28 11:45:20.000
26056,CP29,115.0,3140.0,1,2022-11-04 04:50:29.262,2022-11-04 12:50:32.231
10887,CE12,130.0,2040.0,1,2021-04-29 04:45:34.000,2021-04-29 12:11:25.000
12262,CE12,121.0,2340.0,1,2021-06-24 04:43:22.000,2021-06-24 12:09:10.000
17212,Óbidos CE01,140.0,1640.0,1,2022-01-03 05:12:39.000,2022-01-03 13:47:36.000
33484,Óbidos CE01,152.0,1620.0,1,2023-07-10 04:54:20.484,2023-07-10 12:17:55.201
3383,CE41B,102.0,1500.0,1,2020-05-08 04:56:32.000,2020-05-08 11:08:07.000
6818,CE50,141.0,1660.0,1,2020-10-17 04:48:19.000,2020-10-17 11:33:43.000
34761,CP29,127.0,3380.0,1,2023-08-14 04:43:16.937,2023-08-14 12:46:58.636
18040,CP12,125.0,1500.0,1,2022-02-04 05:06:18.000,2022-02-04 11:18:00.000
23926,CE34,154.0,1900.0,1,2022-08-25 15:05:45.000,2022-08-25 23:59:07.918
5633,Óbidos CE02,116.0,1180.0,1,2020-08-24 14:58:16.000,2020-08-24 21:38:43.000
4106,CE12,131.0,2480.0,1,2020-06-15 04:54:09.000,2020-06-15 12:34:00.000
4396,CE12,125.0,1840.0,1,2020-06-29 04:55:42.000,2020-06-29 11:37:30.000
11868,CP25B,114.0,1940.0,1,2021-06-08 04:17:10.000,2021-06-08 11:27:54.000
18233,CE35,136.0,1180.0,1,2022-02-14 05:05:34.000,2022-02-14 11:48:30.000
15711,CP26,93.0,3860.0,1,2021-10-29 14:33:59.000,2021-10-29 23:46:17.000
25147,CP12,145.0,2700.0,1,2022-10-04 05:04:26.611,2022-10-04 12:58:20.237
5916,CP09B,102.0,1920.0,1,2020-09-04 04:52:02.000,2020-09-04 13:05:54.000
6231,CE07,84.0,2420.0,1,2020-09-21 14:33:35.000,2020-09-21 21:53:00.000
6349,CE41B,105.0,2000.0,1,2020-09-25 04:45:20.000,2020-09-25 14:48:00.000
26240,CP07,85.0,2600.0,3,2022-11-11 14:58:19.422,2022-11-11 22:10:19.406
38385,,184.0,2440.0,1,2023-11-21 16:24:39.647,2023-11-22 01:13:25.377
18547,CE24,171.0,1460.0,1,2022-02-26 04:55:52.000,2022-02-26 12:07:42.834
9608,CP28,162.0,2300.0,1,2021-03-03 04:49:48.000,2021-03-03 11:44:40.000
1995,CP32,148.0,1920.0,1,2020-02-22 05:05:01.000,2020-02-22 14:13:19.000
13981,CP32,150.0,2140.0,1,2021-08-25 04:54:03.000,2021-08-25 11:35:14.000
1543,CE17B,100.0,1920.0,1,2020-01-29 05:09:03.000,2020-01-29 13:26:37.000
28573,,166.0,9780.0,2,2023-01-31 06:06:52.160,2023-01-31 12:57:45.500
30140,CE04,113.0,1040.0,1,2023-03-29 05:03:36.716,2023-03-29 12:46:46.382
30931,CE46,90.0,1500.0,1,2023-04-24 04:40:14.607,2023-04-24 11:52:59.509
8996,CP40,40.0,1200.0,1,2021-02-02 18:23:28.000,2021-02-02 21:29:29.000
23182,CP40,49.0,1220.0,1,2022-08-02 18:34:55.000,2022-08-02 22:12:57.872
22513,CP08,188.0,2260.0,1,2022-07-12 05:02:04.000,2022-07-12 13:27:51.678
6329,CP36,116.0,1860.0,1,2020-09-24 15:29:50.000,2020-09-24 23:12:35.000
2529,CP15,113.0,1420.0,1,2020-03-24 15:00:18.000,2020-03-24 21:38:11.000
3793,CE35,123.0,2600.0,1,2020-05-29 05:02:09.000,2020-05-29 12:41:08.000
15556,CE33,127.0,1220.0,1,2021-10-23 04:58:04.000,2021-10-23 12:32:50.000
31911,CP40,50.0,1580.0,1,2023-05-23 15:07:20.145,2023-05-23 19:11:36.117
22094,CE15,104.0,1320.0,1,2022-06-28 15:06:45.000,2022-06-28 21:20:13.725
23907,CP08,196.0,1600.0,1,2022-08-23 15:32:23.000,2022-08-23 23:48:58.694
5643,CP36,127.0,2280.0,1,2020-08-24 14:25:39.000,2020-08-24 21:56:04.000
21787,CP36,130.0,1340.0,1,2022-06-17 14:55:37.000,2022-06-17 23:43:50.457
22019,CP52,188.0,2040.0,1,2022-06-25 04:54:27.000,2022-06-25 12:49:07.948
33386,CP15,109.0,2120.0,1,2023-07-06 04:42:39.726,2023-07-06 12:12:22.611
14342,CE18B,126.0,2160.0,1,2021-09-07 04:59:38.000,2021-09-07 12:53:17.000
14899,CE18B,124.0,2260.0,1,2021-09-28 04:58:23.000,2021-09-28 12:30:36.000
4512,,152.0,10460.0,1,2020-07-02 14:57:52.000,2020-07-02 21:18:14.000
19905,,98.0,6280.0,1,2022-04-14 06:00:04.000,2022-04-14 11:45:07.845
5287,CE21B,83.0,2400.0,1,2020-08-10 15:13:02.000,2020-08-10 21:47:28.000
22761,CE46,98.0,1100.0,1,2022-07-20 15:01:32.000,2022-07-20 21:43:46.306
11002,CE15,112.0,1580.0,1,2021-05-04 14:36:37.000,2021-05-04 20:33:29.000
8537,CE18B,125.0,1480.0,1,2021-01-12 04:47:19.000,2021-01-12 12:23:57.000
32674,CE18B,130.0,1980.0,1,2023-06-15 15:45:10.824,2023-06-16 00:07:11.835
12424,CP32,184.0,1820.0,1,2021-06-30 04:55:25.000,2021-06-30 13:49:49.000
1814,CP36,136.0,2100.0,1,2020-02-12 14:18:09.000,2020-02-12 22:50:26.000
30405,CP01,231.0,1520.0,1,2023-04-06 04:49:12.277,2023-04-06 12:44:54.384
34323,CE38B,137.0,2240.0,1,2023-08-02 14:37:39.783,2023-08-02 21:46:05.259
12118,CE19,99.0,1680.0,1,2021-06-18 05:00:46.000,2021-06-18 11:20:21.000
18854,,150.0,10420.0,1,2022-03-08 15:00:50.000,2022-03-08 22:25:48.553
10358,CE46,91.0,2100.0,1,2021-04-07 04:53:01.000,2021-04-07 11:53:34.000
11478,CE46,94.0,1680.0,1,2021-05-24 04:46:18.000,2021-05-24 12:03:45.000
12373,CE15,104.0,1840.0,1,2021-06-29 14:50:35.000,2021-06-29 21:55:03.000
35245,,141.0,9280.0,1,2023-08-25 06:03:33.811,2023-08-25 12:42:50.040
1911,CP09B,100.0,2720.0,1,2020-02-18 04:49:11.000,2020-02-18 11:01:44.000
21881,CE38B,139.0,1880.0,1,2022-06-21 05:05:23.000,2022-06-21 13:37:04.967
20725,CE39,92.0,2720.0,1,2022-05-13 04:47:37.000,2022-05-13 12:18:27.110
14724,CP40,51.0,1660.0,1,2021-09-21 15:05:04.000,2021-09-21 19:13:40.000
9700,CP02,174.0,2160.0,1,2021-03-08 04:57:10.000,2021-03-08 12:19:56.000
20998,CE09B,87.0,1240.0,1,2022-05-23 04:46:35.000,2022-05-23 08:54:26.107
31239,CE33,128.0,1440.0,1,2023-05-03 14:54:07.801,2023-05-03 21:54:16.683
27901,CE04,112.0,2380.0,1,2023-01-09 05:00:18.832,2023-01-09 13:02:30.253
38350,CE20B,96.0,3540.0,1,2023-11-21 05:04:34.444,2023-11-21 12:09:00.590
17683,CP08,212.0,1800.0,1,2022-01-21 14:59:51.000,2022-01-21 22:39:32.000
21963,CP15,105.0,1780.0,1,2022-06-23 14:51:40.000,2022-06-23 20:58:46.969
1916,CP01,234.0,3240.0,1,2020-02-18 14:57:21.000,2020-02-18 23:20:34.000
26536,CP01,223.0,1860.0,1,2022-11-22 04:49:18.027,2022-11-22 12:51:36.408
16188,CE09B,103.0,1640.0,1,2021-11-18 05:03:03.000,2021-11-18 12:02:04.000
18803,CP28,170.0,2240.0,1,2022-03-08 05:02:57.000,2022-03-08 14:32:17.423
30969,,175.0,8840.0,1,2023-04-24 05:52:09.785,2023-04-24 13:22:53.377
2168,,143.0,12340.0,1,2020-03-03 14:41:39.000,2020-03-03 22:23:39.000
26601,CE46,109.0,1540.0,1,2022-11-24 04:54:10.979,2022-11-24 12:53:03.215
15449,CP40,52.0,1540.0,1,2021-10-19 14:57:36.000,2021-10-19 19:18:52.000
20005,CE18B,123.0,1840.0,1,2022-04-19 04:57:05.000,2022-04-19 12:15:36.425
17669,CP15,103.0,1580.0,1,2022-01-20 15:04:45.000,2022-01-20 22:04:21.000
16732,CE04,120.0,1740.0,1,2021-12-11 05:07:15.000,2021-12-11 13:00:52.000
8338,CE11,153.0,2280.0,11,2021-01-02 15:23:18.000,2021-01-02 22:19:11.000
25811,CE11,141.0,1880.0,6,2022-10-27 05:02:18.082,2022-10-27 13:06:34.483
11126,,184.0,2640.0,37,2021-05-07 16:53:10.000,2021-05-08 03:14:20.000
9011,CE44,124.0,2180.0,46,2021-02-03 15:06:00.000,2021-02-03 21:48:43.000
1202,CE06,183.0,1320.0,29,2020-01-10 05:12:53.000,2020-01-10 12:33:10.000
7066,CE13,130.0,1940.0,52,2020-10-29 14:55:58.000,2020-10-30 00:25:17.000
26744,,209.0,2240.0,43,2022-11-28 14:29:12.037,2022-11-29 00:10:53.202
18126,,227.0,2480.0,59,2022-02-08 15:03:13.000,2022-02-08 23:33:41.000
19468,,210.0,2400.0,45,2022-03-29 15:13:06.000,2022-03-30 00:48:33.111
27896,,190.0,2660.0,56,2023-01-06 15:03:40.003,2023-01-07 00:00:26.043
1750,CE09B,104.0,2140.0,2,2020-02-10 04:39:51.000,2020-02-10 11:40:43.000
6173,CE13,118.0,1820.0,43,2020-09-17 15:17:59.000,2020-09-17 23:28:22.000
40435,,135.0,10080.0,20,2024-01-19 06:11:03.973,2024-01-19 13:16:00.782
10522,CE04,107.0,1840.0,1,2021-04-14 04:48:42.000,2021-04-14 12:08:16.000
25128,,209.0,2880.0,41,2022-10-03 15:11:21.353,2022-10-04 00:18:01.213
6388,CP44,125.0,1880.0,41,2020-09-28 14:59:27.000,2020-09-28 21:17:20.000
6563,CP06,192.0,1820.0,37,2020-10-06 14:57:46.000,2020-10-06 23:07:33.000
22346,,228.0,2400.0,44,2022-07-05 14:58:23.000,2022-07-05 22:17:28.219
15940,CP35,122.0,2640.0,2,2021-11-08 05:23:05.000,2021-11-08 13:13:38.000
13918,CP25B,113.0,2380.0,1,2021-08-23 04:55:58.000,2021-08-23 11:24:02.000
9943,,172.0,3120.0,35,2021-03-18 14:59:13.000,2021-03-18 22:09:06.000
42691,,146.0,2580.0,5,2024-03-20 14:59:47.490,2024-03-20 22:25:51.628
24245,,220.0,2820.0,50,2022-09-03 04:46:55.000,2022-09-03 15:43:09.318
7451,CP13,118.0,2740.0,46,2020-11-17 15:09:20.000,2020-11-18 00:06:42.000
8927,CE41B,107.0,1920.0,2,2021-01-29 04:57:01.000,2021-01-29 12:54:21.000
23556,,206.0,3520.0,51,2022-08-12 15:18:17.000,2022-08-13 02:40:01.908
35428,,140.0,2220.0,46,2023-08-30 15:07:32.838,2023-08-30 22:08:35.836
12010,CP39,111.0,3840.0,1,2021-06-14 14:10:11.000,2021-06-15 00:03:12.000
12849,CP12,155.0,2040.0,1,2021-07-16 04:56:56.000,2021-07-16 12:41:17.000
43891,,150.0,2200.0,36,2024-04-19 15:04:05.980,2024-04-20 00:33:05.749
29727,CE40,50.0,1120.0,2,2023-03-14 14:48:27.765,2023-03-14 18:19:13.611
24514,CE41B,117.0,2980.0,2,2022-09-13 04:51:46.405,2022-09-13 12:02:02.668
35865,,145.0,2780.0,28,2023-09-11 15:28:44.938,2023-09-11 21:36:41.534
16581,,217.0,1940.0,46,2021-12-03 14:59:12.000,2021-12-04 00:08:39.000
1150,CE07,63.0,2700.0,1,2020-01-08 04:53:55.000,2020-01-08 12:03:44.000
27633,,82.0,2140.0,1,2022-12-29 14:58:16.616,2022-12-29 22:28:50.671
30102,CE34,148.0,2400.0,1,2023-03-28 14:45:37.919,2023-03-28 21:21:44.504
1195,CE44,125.0,1680.0,43,2020-01-10 15:11:09.000,2020-01-10 21:32:28.000
7596,CP13,116.0,2880.0,52,2020-11-24 14:40:09.000,2020-11-24 22:32:57.000
10031,,204.0,3000.0,48,2021-03-22 15:07:21.000,2021-03-23 00:04:53.000
5509,CP44,170.0,3020.0,48,2020-08-18 16:30:48.000,2020-08-19 00:37:41.000
25727,,224.0,2680.0,54,2022-10-24 14:54:57.223,2022-10-25 00:02:18.049
7333,CP28,162.0,2080.0,1,2020-11-11 04:45:14.000,2020-11-11 15:04:07.000
14428,,164.0,9980.0,31,2021-09-09 06:13:52.000,2021-09-09 13:18:26.000
1083,,127.0,8720.0,23,2020-01-04 12:01:37.000,2020-01-04 19:46:19.000
32382,,158.0,7180.0,22,2023-06-06 06:01:52.831,2023-06-06 13:20:52.455
5222,CE13,121.0,2000.0,51,2020-08-06 15:12:18.000,2020-08-06 21:31:20.000
12954,,175.0,2180.0,41,2021-07-20 15:11:15.000,2021-07-20 23:19:43.000
5036,CE21B,81.0,2500.0,1,2020-07-29 14:55:21.000,2020-07-29 21:31:20.000
5768,CE46,95.0,1180.0,2,2020-08-29 04:52:36.000,2020-08-29 14:09:48.000
31726,CE46,101.0,1400.0,1,2023-05-17 11:09:23.405,2023-05-17 11:10:56.800
33658,,181.0,2120.0,29,2023-07-13 15:19:16.703,2023-07-13 22:41:54.318
14042,,203.0,2000.0,33,2021-08-26 14:58:47.000,2021-08-26 23:11:41.000
36525,,163.0,1680.0,25,2023-09-29 14:58:25.830,2023-09-29 22:30:10.260
36004,,136.0,1480.0,19,2023-09-14 15:31:12.501,2023-09-15 01:40:12.290
16501,CP35,121.0,1780.0,1,2021-12-01 04:52:46.000,2021-12-01 11:38:49.000
11635,,157.0,7180.0,17,2021-05-28 05:49:01.000,2021-05-28 14:11:06.000
22282,,142.0,10640.0,4,2022-07-04 14:46:21.000,2022-07-04 22:29:10.878
9026,CP02,177.0,2720.0,1,2021-02-03 04:57:30.000,2021-02-03 11:56:29.000
2551,CP44,125.0,2360.0,37,2020-03-25 04:54:37.000,2020-03-25 12:19:04.000
7756,CP44,126.0,2060.0,36,2020-12-02 05:19:55.000,2020-12-02 13:10:17.000
5347,CP06,198.0,2060.0,44,2020-08-11 05:03:03.000,2020-08-11 13:04:33.000
7743,CP13,117.0,2240.0,40,2020-12-01 05:10:15.000,2020-12-01 13:36:53.000
6353,CE06,184.0,1960.0,45,2020-09-25 15:42:45.000,2020-09-25 23:33:23.000
3140,CE11,161.0,2480.0,16,2020-04-27 05:21:35.000,2020-04-27 11:40:19.000
7871,CE13,120.0,2020.0,46,2020-12-08 04:45:19.000,2020-12-08 11:21:59.000
25169,,224.0,2800.0,44,2022-10-04 15:16:50.676,2022-10-05 00:35:36.490
29267,,195.0,2400.0,50,2023-02-24 14:47:48.219,2023-02-24 23:31:57.031
1406,CE44,125.0,1480.0,37,2020-01-22 14:57:24.000,2020-01-22 21:42:43.000
11462,,209.0,1520.0,37,2021-05-21 14:49:45.000,2021-05-21 23:02:53.000
21063,,206.0,2860.0,53,2022-05-24 14:58:23.000,2022-05-25 01:07:48.711
14279,CE04,109.0,1560.0,1,2021-09-04 04:37:36.000,2021-09-04 13:13:51.000
20038,CE04,107.0,1500.0,1,2022-04-20 04:54:12.000,2022-04-20 12:11:25.775
35696,,193.0,2400.0,16,2023-09-06 15:04:33.679,2023-09-07 00:01:16.597
1431,CE50,156.0,1700.0,1,2020-01-23 05:00:46.000,2020-01-23 11:04:13.000
26063,,183.0,1680.0,38,2022-11-04 14:55:20.100,2022-11-04 23:50:39.380
22601,,169.0,2180.0,59,2022-07-13 15:38:52.000,2022-07-13 22:16:52.786
34003,,179.0,2780.0,31,2023-07-24 14:45:10.841,2023-07-24 23:57:12.149
9639,CP29,121.0,2360.0,1,2021-03-04 04:51:10.000,2021-03-04 12:41:16.000
34716,,174.0,1880.0,19,2023-08-11 15:16:26.217,2023-08-11 22:53:32.613
33825,CP35,137.0,2940.0,4,2023-07-19 04:53:38.056,2023-07-19 14:08:45.434
9087,CP07,82.0,2800.0,4,2021-02-05 14:53:19.000,2021-02-05 21:08:02.000
18076,CP11,159.0,1900.0,4,2022-02-07 15:27:12.000,2022-02-07 22:37:43.000
36480,,161.0,1960.0,13,2023-09-28 15:16:01.174,2023-09-28 22:36:39.146
42595,,158.0,3960.0,30,2024-03-18 14:58:44.643,2024-03-19 00:20:09.515
19714,CE41B,108.0,1620.0,1,2022-04-08 05:03:01.000,2022-04-08 11:48:02.143
12958,CE01,223.0,1820.0,1,2021-07-21 15:01:23.000,2021-07-21 22:03:38.000
23718,CP05,125.0,1540.0,1,2022-08-18 04:50:39.000,2022-08-18 12:43:38.791
38176,,173.0,2700.0,18,2023-11-15 15:02:26.801,2023-11-15 22:32:59.329
23843,CE41B,111.0,2660.0,2,2022-08-23 05:01:28.000,2022-08-23 13:15:11.025
29293,CP07,89.0,3080.0,4,2023-02-27 14:59:10.356,2023-02-27 21:55:31.925
27517,CE30B,147.0,1900.0,2,2022-12-27 14:49:54.390,2022-12-27 21:34:52.624
4877,CE07,79.0,2740.0,1,2020-07-22 14:51:25.000,2020-07-22 21:56:57.000
13054,CE24,176.0,1940.0,1,2021-07-24 04:50:20.000,2021-07-24 11:57:14.000
3431,CE34,150.0,2600.0,1,2020-05-12 15:04:58.000,2020-05-12 22:33:21.000
16917,CE08,184.0,1940.0,1,2021-12-20 15:01:14.000,2021-12-20 21:50:07.000
25486,,168.0,2640.0,46,2022-10-14 15:03:14.742,2022-10-14 22:21:14.770
37971,,162.0,2920.0,28,2023-11-09 15:03:02.863,2023-11-09 22:44:28.806
1321,CP19,119.0,1580.0,1,2020-01-16 15:01:44.000,2020-01-16 22:26:36.000
24884,,171.0,2900.0,39,2022-09-23 15:24:12.883,2022-09-23 23:44:54.654
4187,,161.0,9780.0,26,2020-06-17 05:34:26.000,2020-06-17 13:07:55.000
20756,,161.0,10560.0,21,2022-05-13 06:02:03.000,2022-05-13 12:28:51.526
18222,,128.0,8840.0,24,2022-02-11 15:02:24.000,2022-02-11 21:13:58.000
20449,CE33,233.0,1560.0,1,2022-05-04 14:48:03.000,2022-05-05 00:23:25.459
27474,,189.0,3000.0,53,2022-12-23 15:14:35.588,2022-12-24 00:17:55.422
9657,CE46,129.0,1500.0,1,2021-03-05 04:41:18.000,2021-03-05 12:50:31.000
31815,,139.0,7540.0,11,2023-05-19 05:58:10.725,2023-05-19 12:46:25.400
23170,CE15,110.0,1500.0,1,2022-08-02 14:57:49.000,2022-08-02 22:13:44.870
29435,CP07,88.0,2580.0,4,2023-03-03 14:54:29.260,2023-03-03 21:34:38.569
11022,,182.0,2000.0,49,2021-05-04 15:24:45.000,2021-05-05 00:32:22.000
30458,,167.0,7800.0,1,2023-04-07 05:56:25.401,2023-04-07 12:12:24.816
6013,CP02,181.0,1700.0,1,2020-09-09 14:57:23.000,2020-09-10 00:08:54.000
18886,CP08,186.0,1220.0,1,2022-03-10 14:47:14.000,2022-03-10 22:03:50.257
17927,,208.0,1820.0,40,2022-01-31 15:36:10.000,2022-02-01 00:13:45.000
5108,CP36,112.0,2520.0,1,2020-07-31 14:44:08.000,2020-07-31 22:47:29.000
3110,CP51,122.0,3000.0,1,2020-04-24 15:05:34.000,2020-04-24 23:17:17.000
33161,,161.0,2180.0,20,2023-06-29 14:58:06.672,2023-06-29 23:41:10.338
32114,,193.0,2360.0,38,2023-05-29 15:15:33.743,2023-05-30 00:15:14.578
29936,,166.0,2880.0,52,2023-03-21 14:56:17.760,2023-03-22 00:49:03.298
20608,,236.0,3060.0,48,2022-05-09 15:13:21.000,2022-05-10 01:55:15.200
10492,CE11,146.0,2420.0,6,2021-04-13 04:59:29.000,2021-04-13 13:02:17.000
21533,CE09B,102.0,1500.0,1,2022-06-09 05:08:05.000,2022-06-09 12:13:10.061
8006,CE13,119.0,2100.0,48,2020-12-15 14:38:02.000,2020-12-15 23:54:53.000
7373,Óbidos CESexta,112.0,1400.0,1,2020-11-13 05:02:11.000,2020-11-13 12:06:00.000
19302,CP25B,112.0,1600.0,1,2022-03-24 04:57:47.000,2022-03-24 11:25:15.865
17869,CP11,145.0,1120.0,3,2022-01-28 04:53:18.000,2022-01-28 11:36:19.000
17902,CE35,119.0,1820.0,1,2022-01-31 04:29:10.000,2022-01-31 12:15:33.000
15048,CE26,85.0,3400.0,2,2021-10-04 15:17:35.000,2021-10-04 23:41:42.000
7099,CP44,127.0,2060.0,41,2020-10-30 14:54:23.000,2020-10-30 21:22:27.000
10916,CE19,118.0,1740.0,2,2021-04-30 14:58:43.000,2021-04-30 21:40:52.000
20108,CE19,109.0,1480.0,2,2022-04-22 14:55:21.000,2022-04-22 22:08:45.262
21758,CP29,114.0,3400.0,1,2022-06-16 04:53:17.000,2022-06-16 12:56:56.358
10558,CP35,126.0,3200.0,2,2021-04-15 04:45:01.000,2021-04-15 12:51:45.000
12693,CE26,92.0,2280.0,2,2021-07-12 14:16:15.000,2021-07-12 23:27:59.000
37958,,189.0,8860.0,20,2023-11-09 06:18:24.779,2023-11-09 13:01:01.204
24366,CE24,179.0,1160.0,1,2022-09-08 04:40:41.796,2022-09-08 11:44:33.322
39175,,164.0,1320.0,17,2023-12-13 16:27:23.917,2023-12-13 22:37:22.116
3200,,149.0,10520.0,1,2020-04-29 05:54:46.000,2020-04-29 13:37:59.000
39007,,138.0,2340.0,10,2023-12-08 13:50:50.695,2023-12-08 20:42:50.286
32472,CE33,132.0,1500.0,1,2023-06-09 15:00:30.329,2023-06-09 21:26:43.525
11977,CE46,122.0,1600.0,1,2021-06-12 04:58:33.000,2021-06-12 12:19:52.000
8866,CP07,83.0,3260.0,2,2021-01-27 14:28:40.000,2021-01-27 22:14:11.000
40082,,156.0,2820.0,4,2024-01-09 14:47:30.602,2024-01-09 23:15:17.161
34647,CP15,113.0,2060.0,1,2023-08-10 04:51:48.051,2023-08-10 11:51:34.139
8275,CE37B,96.0,2300.0,2,2020-12-29 15:14:14.000,2020-12-29 21:43:13.000
9833,,190.0,2000.0,29,2021-03-13 10:54:50.000,2021-03-13 19:39:26.000
37277,,153.0,1780.0,18,2023-10-20 15:04:10.450,2023-10-20 22:20:26.567
22167,CE30B,138.0,1740.0,3,2022-06-30 15:02:42.000,2022-06-30 21:50:06.285
36002,,147.0,1800.0,28,2023-09-14 15:16:09.227,2023-09-14 22:11:27.039
16099,CE09B,106.0,2380.0,1,2021-11-15 05:06:03.000,2021-11-15 13:05:25.000
1124,CE50,145.0,2000.0,1,2020-01-07 15:03:44.000,2020-01-07 21:31:47.000
1226,CE01,230.0,2660.0,2,2020-01-13 14:33:57.000,2020-01-14 01:13:01.000
4632,CE12,126.0,2140.0,1,2020-07-10 05:00:56.000,2020-07-10 12:31:29.000
5144,CP35,126.0,4180.0,3,2020-08-03 05:02:47.000,2020-08-03 13:25:41.000
34254,,158.0,1860.0,19,2023-07-31 15:00:57.034,2023-07-31 23:59:00.000
25503,CE11,157.0,1880.0,6,2022-10-17 04:49:07.811,2022-10-17 12:00:06.440
1236,CE07,80.0,2340.0,1,2020-01-13 14:45:29.000,2020-01-13 22:43:34.000
4499,CE41B,107.0,2080.0,1,2020-07-03 04:58:13.000,2020-07-03 12:37:20.000
15054,CE24,190.0,1860.0,1,2021-10-04 04:24:21.000,2021-10-04 12:05:08.000
7923,CE09B,105.0,1580.0,2,2020-12-10 04:48:53.000,2020-12-10 12:08:28.000
38542,,155.0,9560.0,13,2023-11-27 05:41:20.967,2023-11-27 12:58:29.095
5638,CE46,95.0,2100.0,2,2020-08-24 14:51:53.000,2020-08-24 21:14:20.000
9289,CE15,121.0,1580.0,1,2021-02-16 05:09:24.000,2021-02-16 13:51:25.000
13541,CE18B,134.0,2460.0,1,2021-08-10 14:21:23.000,2021-08-10 23:46:17.000
22500,CE18B,129.0,1860.0,1,2022-07-12 04:52:18.000,2022-07-12 11:32:05.625
27944,CP35,124.0,3220.0,3,2023-01-10 04:50:19.588,2023-01-10 12:27:44.639
1444,CP51,119.0,1960.0,1,2020-01-23 04:50:27.000,2020-01-23 12:11:07.000
10448,CP01,218.0,2340.0,1,2021-04-10 04:58:56.000,2021-04-10 12:22:00.000
1510,CE29,129.0,1840.0,3,2020-01-28 14:22:43.000,2020-01-28 22:57:21.000
5637,CE37B,100.0,2040.0,2,2020-08-24 15:00:46.000,2020-08-24 22:15:11.000
41315,,156.0,2080.0,12,2024-02-12 15:03:11.160,2024-02-12 22:46:56.216
4419,,214.0,8360.0,9,2020-06-29 05:42:54.000,2020-06-29 15:10:18.000
28244,CP29,130.0,2060.0,1,2023-01-19 04:34:17.387,2023-01-19 13:29:16.375
10385,CE12,124.0,2120.0,1,2021-04-08 04:36:36.000,2021-04-08 11:42:06.000
10599,CP19,79.0,1060.0,1,2021-04-16 14:57:03.000,2021-04-16 19:36:17.000
14743,CE39,112.0,2360.0,1,2021-09-22 14:57:11.000,2021-09-22 23:29:45.000
31991,CE29,126.0,2600.0,1,2023-05-25 04:48:37.960,2023-05-25 13:46:03.487
26807,CE16,129.0,1920.0,1,2022-12-01 04:56:33.586,2022-12-01 11:57:47.386
27857,CP26,88.0,3700.0,1,2023-01-06 15:44:41.649,2023-01-07 00:35:38.840
15764,CP12,130.0,2300.0,1,2021-11-01 04:56:24.000,2021-11-01 12:08:56.000
15253,CE30B,126.0,1540.0,2,2021-10-12 14:58:53.000,2021-10-12 20:44:53.000
15350,CE41B,103.0,1820.0,2,2021-10-15 04:35:54.000,2021-10-15 12:48:49.000
34781,,144.0,2260.0,12,2023-08-14 14:37:24.684,2023-08-14 21:36:47.574
29195,CE30B,137.0,2340.0,2,2023-02-23 14:51:28.945,2023-02-23 21:37:59.651
2045,CP28,161.0,2080.0,2,2020-02-26 04:48:13.000,2020-02-26 12:07:43.000
1842,CP50,140.0,2080.0,1,2020-02-13 14:20:52.000,2020-02-13 21:49:08.000
23778,,104.0,9780.0,1,2022-08-19 15:15:40.000,2022-08-19 21:32:32.768
7869,CE46,95.0,1980.0,1,2020-12-08 04:41:46.000,2020-12-08 13:38:41.000
36283,,120.0,8760.0,8,2023-09-22 14:52:43.447,2023-09-22 20:15:43.839
15964,CE51,118.0,2040.0,1,2021-11-09 05:20:03.000,2021-11-09 13:27:22.000
11699,CP40,41.0,1140.0,1,2021-06-01 18:12:45.000,2021-06-01 21:08:04.000
21294,CP07,94.0,1300.0,2,2022-06-01 14:17:58.000,2022-06-01 23:21:03.187
37573,,129.0,8040.0,7,2023-10-30 06:59:19.794,2023-10-30 14:04:09.667
11801,CP32,149.0,2300.0,1,2021-06-04 04:39:12.000,2021-06-04 12:50:14.000
2393,CP41B,109.0,2940.0,1,2020-03-16 04:52:02.000,2020-03-16 12:54:54.000
13627,CP15,107.0,2580.0,1,2021-08-12 05:02:33.000,2021-08-12 11:35:34.000
28435,CP15,113.0,2140.0,1,2023-01-26 14:49:13.744,2023-01-27 01:55:50.985
2241,CP01,226.0,1720.0,1,2020-03-07 04:45:34.000,2020-03-07 11:24:59.000
32360,CE38B,140.0,1860.0,1,2023-06-06 14:56:13.777,2023-06-06 21:03:35.959
10190,CE37B,100.0,3000.0,2,2021-03-31 14:58:45.000,2021-03-31 21:06:07.000
24740,CE11,175.0,2120.0,6,2022-09-20 14:24:00.671,2022-09-20 22:05:53.392
2362,CE30B,144.0,1440.0,1,2020-03-14 05:10:27.000,2020-03-14 12:31:43.000
13116,CE40,56.0,1140.0,1,2021-07-27 14:37:44.000,2021-07-27 18:44:11.000
17221,CE39,105.0,3320.0,2,2022-01-03 14:57:58.000,2022-01-03 23:17:48.000
18103,CE40,52.0,1020.0,2,2022-02-08 05:03:51.000,2022-02-08 09:36:26.000
22574,CE19,93.0,1440.0,2,2022-07-14 15:04:57.000,2022-07-14 21:25:39.161
1465,CP02,179.0,1800.0,1,2020-01-24 15:04:14.000,2020-01-24 23:23:43.000
2702,CP41B,101.0,1540.0,1,2020-04-02 04:49:03.000,2020-04-02 09:56:46.000
16503,CP07,88.0,2700.0,4,2021-12-01 05:02:40.000,2021-12-01 13:31:46.000
16600,CP07,93.0,3120.0,4,2021-12-06 04:48:08.000,2021-12-06 13:12:04.000
8158,CP15,112.0,2160.0,1,2020-12-22 15:24:19.000,2020-12-22 22:02:32.000
15118,CE38B,133.0,2500.0,1,2021-10-06 15:05:04.000,2021-10-06 23:34:26.000
39455,CE38B,107.0,1700.0,1,2023-12-21 09:01:36.586,2023-12-21 16:01:00.367
17129,CE30B,131.0,1800.0,2,2021-12-29 15:29:43.000,2021-12-29 21:34:13.000
6147,CE16,140.0,2620.0,1,2020-09-16 04:49:18.000,2020-09-16 13:05:46.000
10166,CE41B,114.0,3020.0,2,2021-03-30 04:29:46.000,2021-03-30 13:40:08.000
32256,CP05,125.0,1820.0,1,2023-06-02 14:32:46.461,2023-06-02 22:40:16.999
16510,,122.0,9060.0,1,2021-12-01 05:55:30.000,2021-12-01 13:29:11.000
37794,CP07,82.0,3740.0,4,2023-11-06 05:03:11.977,2023-11-06 11:48:37.197
19952,,190.0,8040.0,3,2022-04-15 14:00:21.000,2022-04-15 22:15:40.058
10441,CE16,140.0,2540.0,1,2021-04-10 04:57:06.000,2021-04-10 12:31:06.000
26196,CE09B,106.0,1600.0,1,2022-11-10 04:44:19.407,2022-11-10 12:00:35.175
41939,,112.0,2820.0,22,2024-02-29 15:22:04.532,2024-02-29 22:40:27.408
26665,CP18B,111.0,1960.0,1,2022-11-25 15:08:41.491,2022-11-25 21:07:55.180
12336,Óbidos CE02,125.0,1600.0,1,2021-06-28 05:08:45.000,2021-06-28 12:37:24.000
14322,CP25B,115.0,1720.0,1,2021-09-06 05:00:49.000,2021-09-06 12:24:12.000
7725,CE41B,104.0,2920.0,2,2020-12-01 04:56:19.000,2020-12-01 12:50:36.000
12405,CE39,109.0,2800.0,1,2021-06-30 14:47:43.000,2021-06-30 22:20:36.000
16920,CE39,108.0,3220.0,2,2021-12-20 15:00:18.000,2021-12-20 22:45:54.000
14369,CE29,124.0,2600.0,1,2021-09-08 04:49:57.000,2021-09-08 14:05:16.000
12785,CP26,87.0,3940.0,1,2021-07-14 14:56:59.000,2021-07-15 00:10:06.000
25618,CP27,132.0,2680.0,1,2022-10-20 15:05:23.214,2022-10-20 22:05:36.562
6779,CP36,135.0,1780.0,1,2020-10-15 04:46:47.000,2020-10-15 13:03:43.000
13127,CP11,147.0,1760.0,3,2021-07-27 04:55:41.000,2021-07-27 12:03:25.000
38649,CP07,87.0,2820.0,2,2023-11-29 04:53:18.283,2023-11-29 13:10:34.468
5145,CP01,243.0,2060.0,2,2020-08-03 14:53:04.000,2020-08-04 02:09:50.000
7033,CE37B,94.0,2040.0,2,2020-10-28 14:56:21.000,2020-10-28 21:55:41.000
22582,CE30B,138.0,2220.0,2,2022-07-14 15:03:47.000,2022-07-14 21:19:01.412
17652,CE09B,108.0,1380.0,1,2022-01-20 04:50:57.000,2022-01-20 11:49:10.000
21743,CE09B,115.0,1860.0,1,2022-06-16 04:57:20.000,2022-06-16 12:32:01.357
7335,CP43,133.0,1260.0,1,2020-11-11 05:01:35.000,2020-11-11 11:46:39.000
25204,CE29,123.0,3580.0,1,2022-10-05 14:39:03.105,2022-10-05 22:27:14.586
10926,CP26,118.0,3760.0,1,2021-04-30 15:03:53.000,2021-04-30 23:31:33.000
16400,CP26,75.0,3500.0,1,2021-11-26 15:35:56.000,2021-11-27 00:37:02.000
22481,CP39,100.0,3880.0,1,2022-07-11 15:06:04.000,2022-07-12 00:21:51.361
5392,CE09B,99.0,1800.0,2,2020-08-13 04:57:52.000,2020-08-13 12:17:48.000
28111,CE39,93.0,3600.0,1,2023-01-16 15:03:11.645,2023-01-16 23:00:40.932
2766,CE43,120.0,1620.0,1,2020-04-07 04:47:54.000,2020-04-07 10:29:22.000
26199,CP18B,123.0,2540.0,1,2022-11-10 14:54:50.651,2022-11-10 21:49:27.287
6492,Óbidos CESexta,109.0,1200.0,1,2020-10-02 15:01:24.000,2020-10-02 21:34:36.000
35228,CP35,144.0,2320.0,2,2023-08-25 04:52:22.886,2023-08-25 13:48:38.489
21667,CE41B,105.0,2460.0,1,2022-06-14 05:00:01.000,2022-06-14 12:35:09.774
15066,CP39,111.0,4120.0,1,2021-10-04 14:16:49.000,2021-10-04 23:39:25.000
16831,CP26,85.0,3440.0,1,2021-12-15 15:15:21.000,2021-12-15 22:59:31.000
17793,CP12,125.0,1340.0,1,2022-01-26 05:04:49.000,2022-01-26 12:11:37.000
2421,CE20B,90.0,2240.0,2,2020-03-18 14:55:41.000,2020-03-18 22:04:07.000
25545,CP40,52.0,1160.0,1,2022-10-18 05:04:42.169,2022-10-18 08:42:28.449
12069,CP35,127.0,2280.0,1,2021-06-16 04:56:02.000,2021-06-16 11:57:43.000
17738,CP35,128.0,2340.0,2,2022-01-24 04:56:25.000,2022-01-24 11:49:51.000
25056,CE16,128.0,1520.0,2,2022-09-30 04:33:14.684,2022-09-30 13:37:58.512
10064,CE12,129.0,2000.0,1,2021-03-25 04:44:10.000,2021-03-25 11:52:28.000
4390,CP30B,162.0,2060.0,1,2020-06-27 05:08:36.000,2020-06-27 12:55:16.000
4144,CP09B,136.0,2860.0,1,2020-06-16 05:06:12.000,2020-06-16 14:21:03.000
20385,CP39,48.0,1100.0,1,2022-05-02 15:06:05.000,2022-05-02 20:07:07.124
37042,CP39,104.0,4440.0,1,2023-10-16 15:04:10.966,2023-10-16 22:49:16.792
26360,CE39,93.0,3100.0,1,2022-11-16 14:16:59.872,2022-11-16 23:56:46.416
5845,CE43,117.0,2180.0,1,2020-09-02 14:53:12.000,2020-09-02 21:20:25.000
18286,CE26,93.0,2080.0,1,2022-02-16 14:56:36.000,2022-02-16 21:46:53.386
24271,CP39,155.0,3940.0,1,2022-09-05 15:08:44.000,2022-09-06 01:22:21.356
19449,CP12,103.0,1500.0,1,2022-03-30 04:45:14.000,2022-03-30 14:04:40.863
2938,CE09B,101.0,1660.0,2,2020-04-16 04:45:32.000,2020-04-16 11:31:27.000
21206,CE09B,105.0,2460.0,1,2022-05-30 04:58:58.000,2022-05-30 12:15:21.816
32318,CE39,99.0,3360.0,1,2023-06-05 15:10:15.985,2023-06-05 22:13:36.423
6791,Óbidos CESexta,111.0,1320.0,1,2020-10-16 14:43:49.000,2020-10-16 21:26:57.000
4550,CP07,82.0,3120.0,4,2020-07-06 14:56:15.000,2020-07-06 21:46:57.000
11514,CE41B,117.0,2700.0,2,2021-05-25 04:43:03.000,2021-05-25 14:34:19.000
17295,CP39,105.0,3400.0,1,2022-01-05 15:00:01.000,2022-01-05 23:21:20.000
5414,CE04,93.0,1540.0,1,2020-08-14 15:01:47.000,2020-08-14 21:17:04.000
3428,CP23,180.0,2400.0,1,2020-05-11 14:46:49.000,2020-05-11 23:21:19.000
12028,CE40,49.0,980.0,1,2021-06-15 08:43:19.000,2021-06-15 13:09:47.000
16299,CP29,138.0,2700.0,2,2021-11-23 04:47:43.000,2021-11-23 13:53:55.000
16264,CE12,133.0,1580.0,2,2021-11-22 04:42:07.000,2021-11-22 11:45:08.000
4741,CP07,79.0,3060.0,4,2020-07-15 05:05:41.000,2020-07-15 11:44:35.000
11158,CE01,218.0,2680.0,1,2021-05-10 05:05:23.000,2021-05-10 13:26:53.000
25423,CE01,232.0,1460.0,1,2022-10-13 04:38:57.322,2022-10-13 11:59:59.086
27768,CE29,128.0,2340.0,1,2023-01-04 04:40:58.903,2023-01-04 14:22:51.310
8368,CE09B,104.0,3520.0,2,2021-01-04 04:41:28.000,2021-01-04 11:43:12.000
16532,CP18B,125.0,2200.0,1,2021-12-02 05:08:01.000,2021-12-02 11:22:02.000
14063,CP29,128.0,2320.0,1,2021-08-27 05:01:49.000,2021-08-27 13:17:54.000
8513,Óbidos CE02,129.0,1520.0,1,2021-01-11 14:58:09.000,2021-01-11 22:20:24.000
8639,CP25B,109.0,1580.0,1,2021-01-15 04:41:26.000,2021-01-15 11:25:29.000
17367,CP11,141.0,1520.0,3,2022-01-08 11:43:25.000,2022-01-08 18:13:28.000
17592,CE41B,106.0,2320.0,1,2022-01-18 04:46:05.000,2022-01-18 11:50:55.000
24059,CE41B,110.0,2740.0,1,2022-08-30 05:14:15.000,2022-08-30 12:41:15.820
17418,CE41B,108.0,3240.0,2,2022-01-11 04:59:26.000,2022-01-11 12:43:10.000
21778,CE24,169.0,1940.0,1,2022-06-17 04:51:15.000,2022-06-17 11:52:52.865
20481,CE34,148.0,1980.0,1,2022-05-05 15:10:40.000,2022-05-05 23:29:31.450
5195,CE07,79.0,2360.0,1,2020-08-05 14:35:38.000,2020-08-05 21:39:42.000
4428,CE41B,110.0,3040.0,1,2020-06-30 04:55:55.000,2020-06-30 13:01:02.000
5173,CP40,58.0,1600.0,3,2020-08-04 15:02:09.000,2020-08-04 19:23:22.000
27628,CP11,87.0,800.0,2,2022-12-29 15:04:53.331,2022-12-29 18:43:41.885
18433,CE15,110.0,1400.0,1,2022-02-22 15:05:02.000,2022-02-22 21:39:41.849
12778,CP07,83.0,3000.0,4,2021-07-14 14:57:41.000,2021-07-14 21:44:51.000
26949,CE18B,129.0,1660.0,1,2022-12-07 04:43:35.786,2022-12-07 12:31:17.517
21524,,191.0,9820.0,1,2022-06-08 06:11:07.000,2022-06-08 13:49:27.652
24137,CE50,142.0,2400.0,1,2022-09-01 15:18:55.000,2022-09-01 23:52:55.369
9750,CE37B,98.0,2140.0,2,2021-03-10 15:41:50.000,2021-03-10 22:05:57.000
2345,CE19,82.0,880.0,1,2020-03-13 14:49:36.000,2020-03-13 19:09:19.000
5558,CE09B,105.0,1620.0,2,2020-08-20 04:51:07.000,2020-08-20 12:02:03.000
4596,CP28,165.0,2180.0,2,2020-07-08 04:48:38.000,2020-07-08 13:14:41.000
3370,CE35,118.0,2740.0,2,2020-05-08 04:39:24.000,2020-05-08 12:16:40.000
29397,CE18B,137.0,2140.0,1,2023-03-02 14:54:38.275,2023-03-02 21:31:11.436
2365,CP34,223.0,2520.0,1,2020-03-14 05:09:10.000,2020-03-14 13:10:35.000
18159,CE34,150.0,2380.0,1,2022-02-10 15:00:48.000,2022-02-10 22:07:40.000
22776,CP35,132.0,2060.0,2,2022-07-20 04:40:07.000,2022-07-20 12:56:07.163
11709,,153.0,10540.0,1,2021-06-01 14:43:51.000,2021-06-01 22:05:18.000
3022,CE17B,90.0,2560.0,1,2020-04-21 14:30:29.000,2020-04-21 22:07:15.000
9535,CE30B,148.0,1960.0,1,2021-02-27 05:03:04.000,2021-02-27 12:02:15.000
14517,,132.0,9740.0,1,2021-09-13 05:51:33.000,2021-09-13 12:53:49.000
8708,,100.0,5320.0,1,2021-01-19 05:58:59.000,2021-01-19 09:53:36.000
19123,CE20B,109.0,2460.0,2,2022-03-18 14:48:25.000,2022-03-18 23:52:35.268
3516,CP02,169.0,2360.0,2,2020-05-15 14:50:39.000,2020-05-15 22:48:03.000
3192,CP36,124.0,1840.0,1,2020-04-29 04:49:17.000,2020-04-29 11:41:05.000
2779,CP03,102.0,2120.0,1,2020-04-07 14:46:37.000,2020-04-07 19:54:00.000
14226,CP15,113.0,2400.0,1,2021-09-02 15:05:16.000,2021-09-02 22:11:25.000
7361,CP01,245.0,1900.0,2,2020-11-12 14:52:37.000,2020-11-12 22:43:09.000
34596,CE38B,139.0,2340.0,1,2023-08-09 14:10:25.665,2023-08-09 23:03:04.230
9955,CE19,116.0,2040.0,1,2021-03-19 04:42:21.000,2021-03-19 12:09:34.000
25705,CE30B,147.0,2240.0,1,2022-10-24 04:33:30.474,2022-10-24 12:38:23.370
15000,CE41B,124.0,1980.0,2,2021-10-01 04:46:34.000,2021-10-01 15:07:29.000
1499,CP40,49.0,1340.0,3,2020-01-27 15:00:38.000,2020-01-27 19:07:30.000
36341,,129.0,9380.0,1,2023-09-25 15:05:27.650,2023-09-25 22:13:14.434
7404,,249.0,5080.0,1,2020-11-13 15:04:00.000,2020-11-14 01:06:51.000
11622,CP32,141.0,1640.0,1,2021-05-28 05:06:25.000,2021-05-28 11:48:17.000
6107,CP41B,114.0,3360.0,1,2020-09-14 04:49:00.000,2020-09-14 13:12:16.000
3184,CE29,127.0,2820.0,1,2020-04-29 15:05:00.000,2020-04-29 23:38:04.000
31359,,156.0,9220.0,1,2023-05-05 05:57:07.656,2023-05-05 12:43:04.022
3109,CP29,130.0,2820.0,1,2020-04-24 05:02:32.000,2020-04-24 13:03:36.000
6182,CE15,113.0,1940.0,1,2020-09-17 14:57:59.000,2020-09-17 22:50:06.000
32127,CE20B,97.0,2820.0,1,2023-05-30 04:59:58.940,2023-05-30 12:02:46.000
8989,CE18B,123.0,2220.0,1,2021-02-02 04:44:02.000,2021-02-02 11:34:21.000
26647,CP35,113.0,1780.0,2,2022-11-25 04:43:22.573,2022-11-25 11:28:21.535
1673,,182.0,9800.0,3,2020-02-05 05:59:35.000,2020-02-05 14:43:05.000
4327,CP32,144.0,1920.0,1,2020-06-24 04:37:17.000,2020-06-24 15:57:40.000
5378,CP28,177.0,2160.0,2,2020-08-12 04:50:51.000,2020-08-12 13:47:13.000
4391,CP33,144.0,1980.0,2,2020-06-27 04:53:51.000,2020-06-27 12:40:39.000
30902,CP11,151.0,1780.0,5,2023-04-21 14:15:50.033,2023-04-21 22:18:24.518
6572,CP15,113.0,2160.0,1,2020-10-06 14:31:44.000,2020-10-06 20:08:16.000
22182,CP15,104.0,1400.0,1,2022-06-30 14:54:47.000,2022-06-30 20:56:37.751
43157,,162.0,2880.0,4,2024-04-02 15:04:11.998,2024-04-02 21:59:12.607
32047,CP12,126.0,1940.0,1,2023-05-26 04:45:13.865,2023-05-26 11:52:48.661
4112,CE46,91.0,2280.0,1,2020-06-15 04:56:27.000,2020-06-15 11:46:13.000
13261,CP28,252.0,2920.0,1,2021-07-30 04:20:26.000,2021-07-30 14:51:01.000
19617,CP40,48.0,1280.0,1,2022-04-05 18:18:52.000,2022-04-05 21:53:46.869
8035,CE18B,123.0,1980.0,1,2020-12-16 14:58:49.000,2020-12-16 21:44:00.000
17939,CE18B,130.0,1820.0,1,2022-02-01 04:50:16.000,2022-02-01 13:12:08.000
8330,CP35,122.0,3280.0,1,2020-12-31 04:57:26.000,2020-12-31 12:43:55.000
2387,CP02,176.0,1820.0,2,2020-03-16 14:58:58.000,2020-03-16 23:05:00.000
6012,CP33,137.0,1780.0,2,2020-09-09 05:07:25.000,2020-09-09 12:37:12.000
9645,CP36,125.0,2900.0,1,2021-03-04 14:18:26.000,2021-03-04 21:20:26.000
13920,CP12,149.0,2400.0,1,2021-08-23 04:55:24.000,2021-08-23 12:05:06.000
22171,CE19,92.0,780.0,1,2022-06-30 14:59:57.000,2022-06-30 21:12:34.366
6527,CE09B,97.0,2080.0,2,2020-10-05 04:25:03.000,2020-10-05 10:35:55.000
14908,CP11,146.0,1700.0,2,2021-09-28 14:55:02.000,2021-09-28 21:23:20.000
2278,CE29,122.0,1960.0,2,2020-03-10 04:59:51.000,2020-03-10 12:44:17.000
4001,CP50,143.0,2020.0,1,2020-06-09 14:49:46.000,2020-06-09 22:11:39.000
15378,CE33,135.0,1980.0,1,2021-10-16 04:47:08.000,2021-10-16 12:08:29.000
20207,CP40,50.0,1240.0,1,2022-04-26 14:55:01.000,2022-04-26 18:55:56.221
31459,CP40,49.0,1360.0,1,2023-05-09 18:38:15.544,2023-05-09 21:59:24.892
30224,CE38B,143.0,2040.0,1,2023-03-31 14:20:30.913,2023-03-31 20:38:43.899
12260,CE07,82.0,2500.0,1,2021-06-24 14:59:13.000,2021-06-24 22:53:34.000
17475,CE34,151.0,2240.0,1,2022-01-13 15:13:39.000,2022-01-14 00:51:18.000
3512,CE21B,81.0,2320.0,1,2020-05-15 05:04:24.000,2020-05-15 10:34:47.000
20828,CE15,121.0,1940.0,1,2022-05-17 15:34:35.000,2022-05-17 22:46:57.473
6846,CE20B,95.0,3040.0,2,2020-10-19 14:19:05.000,2020-10-19 21:39:52.000
10488,CE18B,128.0,1800.0,1,2021-04-13 05:00:34.000,2021-04-13 12:01:52.000
8416,CP14,142.0,2320.0,1,2021-01-05 15:09:49.000,2021-01-05 21:57:59.000
4717,CP15,112.0,1900.0,1,2020-07-14 15:08:54.000,2020-07-14 21:38:50.000
5988,CP01,223.0,1960.0,2,2020-09-08 14:17:34.000,2020-09-08 23:15:10.000
2010,CE07,77.0,1920.0,1,2020-02-24 14:19:16.000,2020-02-24 22:22:05.000
18161,CE37B,95.0,2320.0,1,2022-02-10 14:45:35.000,2022-02-10 21:24:55.000
12168,CE09B,107.0,2900.0,2,2021-06-21 04:56:12.000,2021-06-21 13:19:14.000
6602,,196.0,9240.0,3,2020-10-07 05:47:45.000,2020-10-07 14:49:17.000
22198,CE33,152.0,1000.0,1,2022-07-01 14:46:05.000,2022-07-01 21:56:49.328
29199,CE33,137.0,1500.0,1,2023-02-23 04:51:13.013,2023-02-23 11:31:47.005
15172,CE46,93.0,1380.0,1,2021-10-08 04:50:29.000,2021-10-08 11:13:01.000
23213,CE46,88.0,1640.0,1,2022-08-03 14:53:51.000,2022-08-03 21:11:57.945
2044,CE51,126.0,2180.0,1,2020-02-26 14:22:26.000,2020-02-26 23:33:35.000
34780,,78.0,1360.0,1,2023-08-14 15:04:19.209,2023-08-14 23:58:24.876
9134,CE15,100.0,1660.0,1,2021-02-09 14:21:11.000,2021-02-09 21:32:19.000
28117,CP35,125.0,2620.0,2,2023-01-16 04:57:13.633,2023-01-16 12:16:20.576
7518,,214.0,9740.0,1,2020-11-19 16:53:09.000,2020-11-20 02:08:22.000
2053,CP02,176.0,3080.0,2,2020-02-26 14:57:12.000,2020-02-26 22:10:36.000
17911,CP08,204.0,2140.0,1,2022-01-31 14:50:10.000,2022-01-31 22:03:17.000
7592,CP14,161.0,2480.0,1,2020-11-24 04:41:07.000,2020-11-24 12:14:19.000
11894,CP15,100.0,1340.0,1,2021-06-09 05:07:55.000,2021-06-09 11:47:26.000
10886,CE38B,140.0,1940.0,1,2021-04-29 14:58:27.000,2021-04-29 22:44:30.000
4981,CE09B,101.0,2280.0,2,2020-07-27 05:01:01.000,2020-07-27 12:06:09.000
12620,CE50,139.0,2220.0,1,2021-07-08 15:03:47.000,2021-07-08 21:27:34.000
4595,CP30B,160.0,2560.0,1,2020-07-08 05:08:42.000,2020-07-08 12:38:49.000
16173,CP07,83.0,2980.0,3,2021-11-17 15:01:16.000,2021-11-17 22:27:14.000
4452,CE21B,81.0,2260.0,1,2020-07-01 15:00:43.000,2020-07-01 20:14:27.000
10798,CE46,94.0,1720.0,1,2021-04-26 04:51:44.000,2021-04-26 12:14:05.000
11920,CE20B,93.0,2520.0,1,2021-06-10 14:58:20.000,2021-06-10 22:17:51.000
27357,CE18B,128.0,1900.0,1,2022-12-21 14:58:47.296,2022-12-21 23:40:03.255
18196,CP35,123.0,1560.0,1,2022-02-11 05:05:43.000,2022-02-11 13:06:46.000
28535,,231.0,9140.0,1,2023-01-30 06:03:33.478,2023-01-30 14:39:11.527
22925,CP32,143.0,1800.0,1,2022-07-25 04:48:35.000,2022-07-25 13:05:37.376
27983,CP52,191.0,1540.0,1,2023-01-11 14:53:04.339,2023-01-11 21:55:08.284
9780,CE38B,141.0,2080.0,1,2021-03-11 04:41:25.000,2021-03-11 13:00:52.000
2036,CE17B,109.0,2340.0,1,2020-02-26 04:51:39.000,2020-02-26 14:10:20.000
23028,CE30B,133.0,2080.0,3,2022-07-28 14:54:32.000,2022-07-28 22:12:46.337
3454,CE07,80.0,2480.0,1,2020-05-13 14:54:34.000,2020-05-13 21:16:09.000
11899,CP11,149.0,1960.0,2,2021-06-09 15:01:00.000,2021-06-09 21:25:27.000
6579,CE51,119.0,2100.0,1,2020-10-07 04:57:41.000,2020-10-07 11:25:12.000
11372,CE51,116.0,2060.0,1,2021-05-19 14:19:54.000,2021-05-19 21:50:33.000
4017,CE30B,153.0,1920.0,1,2020-06-10 14:53:16.000,2020-06-10 21:28:45.000
2543,CE27,133.0,2140.0,1,2020-03-25 14:44:20.000,2020-03-25 22:14:15.000
4166,CE16,140.0,2860.0,1,2020-06-17 14:37:41.000,2020-06-17 22:26:23.000
12001,CE04,105.0,2040.0,1,2021-06-14 05:00:56.000,2021-06-14 11:59:14.000
17781,CE39,89.0,1620.0,1,2022-01-26 14:39:03.000,2022-01-26 22:55:58.000
11863,CE50,141.0,1900.0,1,2021-06-08 15:08:32.000,2021-06-08 21:49:09.000
25926,CE40,50.0,1700.0,2,2022-11-01 13:45:17.631,2022-11-01 18:05:11.360
18687,CP25B,111.0,2140.0,1,2022-03-03 05:08:12.000,2022-03-03 11:59:51.142
14948,CP39,114.0,3920.0,1,2021-09-29 15:05:26.000,2021-09-29 22:23:59.000
24591,CE19,105.0,1420.0,2,2022-09-15 15:10:08.763,2022-09-15 21:52:13.336
7638,CE19,120.0,1700.0,1,2020-11-26 15:33:50.000,2020-11-26 22:18:34.000
6122,CE41B,111.0,2500.0,1,2020-09-15 04:47:30.000,2020-09-15 12:42:24.000
17601,CP28,164.0,2260.0,1,2022-01-18 04:57:34.000,2022-01-18 12:12:04.000
25568,CE18B,147.0,2600.0,1,2022-10-19 05:00:54.400,2022-10-19 11:59:40.971
35277,CP07,81.0,2920.0,4,2023-08-28 15:00:13.063,2023-08-28 21:38:36.355
9057,CP35,118.0,2940.0,1,2021-02-04 04:51:44.000,2021-02-04 12:46:47.000
26205,CP32,148.0,2220.0,1,2022-11-10 04:50:38.243,2022-11-10 12:13:40.620
29168,CP07,86.0,3080.0,4,2023-02-22 14:47:45.600,2023-02-22 21:58:17.680
31394,CP07,85.0,3580.0,4,2023-05-08 15:04:48.278,2023-05-08 22:02:22.856
1996,CP49,172.0,1660.0,1,2020-02-22 05:00:51.000,2020-02-22 13:01:28.000
2296,CE38B,138.0,1940.0,1,2020-03-11 14:31:13.000,2020-03-11 22:39:19.000
13352,CE40,56.0,1140.0,1,2021-08-03 19:02:52.000,2021-08-03 23:14:29.000
14527,CE40,53.0,1520.0,1,2021-09-14 14:57:50.000,2021-09-14 19:01:58.000
7011,CP09B,116.0,3100.0,1,2020-10-27 05:08:27.000,2020-10-27 13:40:05.000
21249,CE41B,102.0,2580.0,1,2022-05-31 05:00:55.000,2022-05-31 11:48:40.471
9600,CE26,88.0,2680.0,1,2021-03-03 13:56:45.000,2021-03-03 20:59:33.000
16187,CE29,129.0,2360.0,1,2021-11-18 04:57:58.000,2021-11-18 13:01:08.000
23961,CE41B,113.0,1780.0,2,2022-08-26 05:06:18.000,2022-08-26 12:06:13.676
3508,CE49,163.0,2020.0,1,2020-05-15 15:23:10.000,2020-05-15 23:02:55.000
15077,CE30B,132.0,1340.0,2,2021-10-05 14:53:32.000,2021-10-05 21:18:58.000
10188,CE07,81.0,2500.0,1,2021-03-31 04:53:30.000,2021-03-31 13:00:32.000
3096,CE33,147.0,2500.0,1,2020-04-24 14:21:11.000,2020-04-24 21:24:55.000
6708,CE51,114.0,2640.0,1,2020-10-13 14:52:26.000,2020-10-13 21:48:31.000
27737,CE20B,105.0,2920.0,1,2023-01-03 05:04:24.196,2023-01-03 13:22:16.631
27438,CP07,81.0,3420.0,4,2022-12-23 14:41:48.854,2022-12-23 21:09:31.943
13714,CP32,158.0,2340.0,1,2021-08-16 04:48:18.000,2021-08-16 13:34:55.000
26200,CP15,110.0,1480.0,1,2022-11-10 04:55:42.745,2022-11-10 12:30:43.047
13854,CP01,206.0,1420.0,1,2021-08-20 15:17:47.000,2021-08-20 21:46:42.000
25610,CE09B,106.0,1860.0,1,2022-10-20 05:11:52.095,2022-10-20 12:05:05.210
13800,CE40,46.0,900.0,1,2021-08-17 18:14:10.000,2021-08-17 21:09:00.000
27530,CE40,48.0,1720.0,2,2022-12-27 19:55:40.117,2022-12-27 23:45:28.635
8930,Óbidos CESexta,103.0,1880.0,1,2021-01-29 14:49:24.000,2021-01-29 21:04:24.000
6939,Óbidos CESexta,105.0,1840.0,1,2020-10-23 15:01:50.000,2020-10-23 22:05:45.000
15417,CP02,155.0,2340.0,1,2021-10-18 14:54:46.000,2021-10-18 23:35:18.000
8389,CP43,120.0,2020.0,4,2021-01-04 07:23:04.000,2021-01-04 15:03:21.000
26101,CP12,131.0,2680.0,1,2022-11-07 04:53:23.382,2022-11-07 14:04:47.537
14739,CE33,147.0,1960.0,1,2021-09-22 14:36:06.000,2021-09-22 21:44:49.000
4080,CP29,128.0,3000.0,1,2020-06-12 04:47:13.000,2020-06-12 13:14:31.000
1184,CP51,120.0,2520.0,1,2020-01-09 15:00:23.000,2020-01-09 22:25:42.000
11302,CP01,210.0,1900.0,1,2021-05-15 04:45:39.000,2021-05-15 12:20:41.000
20583,CE09B,112.0,2800.0,1,2022-05-09 04:31:22.000,2022-05-09 13:39:51.701
18211,CE04,104.0,1720.0,1,2022-02-12 05:05:49.000,2022-02-12 11:19:06.000
40604,,217.0,3240.0,1,2024-01-24 15:03:42.379,2024-01-25 00:14:33.991
15164,CP18B,124.0,2180.0,1,2021-10-07 05:00:27.000,2021-10-07 12:33:15.000
18689,CP18B,126.0,2100.0,1,2022-03-03 05:05:00.000,2022-03-03 12:22:28.280
3462,CE01,270.0,2240.0,1,2020-05-13 14:26:21.000,2020-05-13 23:04:28.000
13365,CE39,54.0,1880.0,1,2021-08-02 21:23:07.000,2021-08-03 01:22:34.000
15110,CE39,85.0,2780.0,1,2021-10-06 14:57:50.000,2021-10-07 00:22:07.000
17513,CP39,88.0,3960.0,1,2022-01-14 15:00:29.000,2022-01-14 22:22:59.000
3165,CE41B,97.0,3000.0,1,2020-04-28 04:48:59.000,2020-04-28 11:23:31.000
2429,CE33,139.0,2000.0,1,2020-03-18 15:12:54.000,2020-03-18 22:35:14.000
7543,CE20B,90.0,2000.0,1,2020-11-21 04:51:33.000,2020-11-21 12:02:11.000
12682,CP08,190.0,2060.0,1,2021-07-10 04:54:11.000,2021-07-10 12:39:54.000
15122,CE16,124.0,1740.0,1,2021-10-06 15:02:01.000,2021-10-06 22:35:11.000
1829,CE09B,100.0,1700.0,2,2020-02-13 05:03:20.000,2020-02-13 11:44:25.000
26006,CP18B,134.0,1640.0,1,2022-11-03 05:01:52.042,2022-11-03 12:10:58.994
4173,CP30B,156.0,1580.0,1,2020-06-17 14:56:45.000,2020-06-17 21:18:31.000
20495,CP25B,196.0,1080.0,1,2022-05-05 15:03:06.000,2022-05-05 23:23:52.937
17572,CP05,95.0,1280.0,1,2022-01-17 05:07:24.000,2022-01-17 11:23:40.000
9313,CE04,107.0,2180.0,1,2021-02-17 05:03:49.000,2021-02-17 11:51:06.000
23267,CP18B,130.0,2240.0,1,2022-08-04 05:08:41.000,2022-08-04 12:07:53.146
16710,CE19,98.0,960.0,1,2021-12-10 05:10:13.000,2021-12-10 11:37:00.000
23091,CP25B,112.0,2000.0,1,2022-07-29 04:52:35.000,2022-07-29 11:40:52.091
16101,CE26,91.0,2700.0,1,2021-11-15 14:50:10.000,2021-11-16 00:24:57.000
30748,CE16,128.0,1400.0,1,2023-04-18 05:03:37.096,2023-04-18 11:49:46.349
6176,CE19,107.0,1740.0,1,2020-09-17 15:11:01.000,2020-09-17 22:37:29.000
5613,CE05,126.0,1840.0,1,2020-08-22 04:45:17.000,2020-08-22 11:39:52.000
7176,CE16,136.0,1880.0,1,2020-11-04 05:03:39.000,2020-11-04 13:19:53.000
16645,CE16,126.0,1960.0,2,2021-12-08 13:38:33.000,2021-12-08 20:40:11.000
15250,CE40,46.0,1200.0,1,2021-10-12 19:01:42.000,2021-10-12 22:43:29.000
7084,CE39,111.0,1820.0,1,2020-10-30 14:42:34.000,2020-10-30 23:06:02.000
25844,CE01,216.0,1700.0,1,2022-10-28 14:54:21.364,2022-10-28 23:10:20.790
20690,CE29,129.0,2460.0,1,2022-05-12 05:08:22.000,2022-05-12 13:39:14.204
34601,CP12,129.0,2280.0,1,2023-08-09 04:55:51.125,2023-08-09 12:20:37.719
23551,CE21B,86.0,1860.0,1,2022-08-13 04:57:43.000,2022-08-13 13:47:48.036
14564,CE07,81.0,2360.0,1,2021-09-15 14:57:29.000,2021-09-15 22:51:59.000
24144,CE30B,125.0,1740.0,2,2022-09-01 15:35:27.000,2022-09-01 23:12:20.947
25561,CE24,175.0,2580.0,1,2022-10-19 05:05:33.986,2022-10-19 12:06:43.015
10969,CE04,123.0,1920.0,1,2021-05-03 05:05:29.000,2021-05-03 12:00:10.000
25625,CP18B,128.0,2040.0,1,2022-10-20 05:02:55.337,2022-10-20 11:42:23.314
2442,CE01,233.0,2580.0,1,2020-03-19 14:59:02.000,2020-03-19 22:49:05.000
30667,CP29,137.0,3240.0,1,2023-04-14 05:09:17.305,2023-04-14 14:14:17.280
6164,CP43,116.0,1220.0,1,2020-09-16 15:03:07.000,2020-09-16 21:06:22.000
26404,CE16,125.0,2140.0,1,2022-11-17 14:42:27.574,2022-11-17 22:53:13.818
8831,CE37B,97.0,2000.0,1,2021-01-26 14:46:56.000,2021-01-26 21:28:40.000
10041,CE24,164.0,2060.0,1,2021-03-24 14:11:25.000,2021-03-24 22:07:01.000
31091,CP01,216.0,1520.0,1,2023-04-27 04:42:15.061,2023-04-27 12:31:08.541
23176,CE38B,146.0,1840.0,1,2022-08-02 04:47:49.000,2022-08-02 12:38:01.342
1946,CE09B,104.0,1460.0,2,2020-02-20 04:29:27.000,2020-02-20 12:28:47.000
23475,CE09B,109.0,2020.0,1,2022-08-11 04:58:55.000,2022-08-11 13:38:09.251
7162,CP09B,101.0,3280.0,1,2020-11-03 04:49:31.000,2020-11-03 12:00:41.000
18167,CP25B,113.0,1900.0,1,2022-02-10 04:47:54.000,2022-02-10 10:36:47.000
8372,CE39,104.0,2520.0,1,2021-01-04 15:26:18.000,2021-01-05 00:03:28.000
11271,CE27,123.0,2200.0,1,2021-05-14 04:54:55.000,2021-05-14 11:44:26.000
21041,CE41B,171.0,2800.0,1,2022-05-24 05:03:26.000,2022-05-24 13:54:54.526
9692,CE26,90.0,2480.0,1,2021-03-08 14:56:01.000,2021-03-08 21:57:23.000
20480,CE01,210.0,1060.0,1,2022-05-05 05:04:50.000,2022-05-05 12:14:58.392
22328,CE29,123.0,2500.0,1,2022-07-06 04:55:49.000,2022-07-06 13:03:06.066
26301,CP39,111.0,3920.0,1,2022-11-14 15:06:34.632,2022-11-15 02:07:15.058
6644,CE07,83.0,1580.0,1,2020-10-09 14:46:05.000,2020-10-09 21:18:31.000
27581,CP26,88.0,5120.0,1,2022-12-28 14:52:20.561,2022-12-29 00:20:03.105
28225,CE10B,82.0,2420.0,1,2023-01-18 15:31:19.618,2023-01-18 22:07:04.248
13337,CE24,170.0,2960.0,1,2021-08-03 14:58:22.000,2021-08-03 21:47:31.000
25960,CE34,148.0,2720.0,1,2022-11-02 14:39:30.986,2022-11-02 21:43:20.361
15138,CE40,39.0,1060.0,1,2021-10-05 22:44:24.000,2021-10-06 02:32:45.000
20627,CE41B,103.0,2700.0,1,2022-05-10 04:35:18.000,2022-05-10 14:16:52.377
11318,CP12,117.0,2880.0,1,2021-05-17 04:56:17.000,2021-05-17 12:57:14.000
43019,,154.0,9020.0,1,2024-03-29 06:07:12.096,2024-03-29 12:48:31.962
10319,CE34,148.0,2400.0,1,2021-04-06 14:21:06.000,2021-04-06 22:03:51.000
5019,CP23,181.0,3300.0,1,2020-07-28 14:25:36.000,2020-07-28 23:34:19.000
13446,CE12,127.0,1900.0,1,2021-08-06 05:01:57.000,2021-08-06 13:26:48.000
25780,CP05,138.0,1980.0,1,2022-10-26 05:06:01.869,2022-10-26 13:14:11.590
21008,CP26,89.0,5200.0,1,2022-05-23 15:02:00.000,2022-05-23 23:47:19.607
21730,CE40,40.0,440.0,2,2022-06-15 11:59:15.000,2022-06-15 14:53:15.288
2832,CE07,77.0,1680.0,1,2020-04-10 13:52:43.000,2020-04-10 21:26:10.000
9310,CE07,80.0,2480.0,1,2021-02-17 15:03:02.000,2021-02-17 21:14:59.000
29803,CP29,127.0,2000.0,1,2023-03-16 04:41:57.693,2023-03-16 11:45:54.179
10180,CP25B,116.0,2220.0,1,2021-03-30 04:48:31.000,2021-03-30 12:49:13.000
23759,CP26,88.0,3900.0,1,2022-08-19 14:53:31.000,2022-08-19 23:30:42.482
2321,CE46,94.0,2180.0,1,2020-03-12 04:43:48.000,2020-03-12 11:38:11.000
19516,CE24,178.0,1900.0,1,2022-04-01 04:43:54.000,2022-04-01 12:36:29.265
4323,CP23,214.0,2900.0,1,2020-06-24 14:29:21.000,2020-06-24 22:25:25.000
5258,Óbidos CESexta,116.0,1400.0,1,2020-08-07 04:56:04.000,2020-08-07 12:16:01.000
18548,CE12,124.0,1160.0,1,2022-02-26 04:59:05.000,2022-02-26 12:17:03.684
29868,CE16,131.0,2340.0,1,2023-03-20 14:43:37.662,2023-03-20 22:57:26.754
16561,CP39,157.0,2800.0,1,2021-12-03 14:50:59.000,2021-12-04 02:31:47.000
3295,CE49,179.0,2580.0,1,2020-05-05 14:56:24.000,2020-05-05 21:24:53.000
18000,CE34,147.0,2080.0,1,2022-02-03 15:05:03.000,2022-02-03 22:09:33.000
3967,CE21B,82.0,2620.0,1,2020-06-08 14:19:28.000,2020-06-08 20:02:08.000
23354,CE33,142.0,1860.0,1,2022-08-08 04:50:30.000,2022-08-08 13:46:34.015
28122,CP08,192.0,2000.0,1,2023-01-16 05:03:09.508,2023-01-16 12:24:23.972
5346,CP15,109.0,2420.0,1,2020-08-11 15:03:44.000,2020-08-11 22:15:01.000
23135,CE37B,103.0,2580.0,1,2022-08-01 15:12:48.000,2022-08-01 23:17:44.295
17818,CE46,93.0,2000.0,1,2022-01-27 15:02:33.000,2022-01-27 23:21:54.000
19317,CE46,93.0,1140.0,1,2022-03-25 04:57:49.000,2022-03-25 11:30:37.301
23146,CE04,115.0,1720.0,1,2022-08-01 05:07:31.000,2022-08-01 12:07:24.448
23838,CE18B,128.0,2680.0,1,2022-08-23 04:58:02.000,2022-08-23 12:29:08.601
2352,CP09B,100.0,1960.0,1,2020-03-13 04:54:44.000,2020-03-13 11:31:59.000
12459,CP15,103.0,1500.0,1,2021-07-01 14:36:37.000,2021-07-01 21:45:13.000
4631,,169.0,9780.0,1,2020-07-09 15:13:50.000,2020-07-09 22:21:48.000
2269,,171.0,8580.0,1,2020-03-09 06:05:47.000,2020-03-09 13:13:55.000
23518,CE33,146.0,1120.0,1,2022-08-12 15:14:15.000,2022-08-12 21:33:43.257
15644,CE46,94.0,1680.0,1,2021-10-27 04:52:22.000,2021-10-27 12:01:19.000
16124,CE15,104.0,1660.0,1,2021-11-16 14:55:06.000,2021-11-16 21:48:30.000
17486,CP36,125.0,2780.0,1,2022-01-13 14:25:09.000,2022-01-13 23:57:03.000
30906,CP34,147.0,2580.0,1,2023-04-21 14:55:52.697,2023-04-21 22:21:27.719
10315,,134.0,10140.0,1,2021-04-05 14:53:43.000,2021-04-05 20:58:02.000
11486,CE21B,86.0,2520.0,1,2021-05-24 15:41:36.000,2021-05-24 22:47:27.000
21983,CE04,119.0,1440.0,1,2022-06-24 04:49:41.000,2022-06-24 12:33:24.786
25505,CE46,89.0,2420.0,1,2022-10-17 04:57:56.950,2022-10-17 12:52:29.125
2570,CP29,132.0,3140.0,1,2020-03-26 04:51:40.000,2020-03-26 13:11:55.000
5583,,202.0,9720.0,1,2020-08-20 15:40:25.000,2020-08-20 23:39:20.000
3224,CP50,141.0,2160.0,1,2020-04-30 14:58:59.000,2020-04-30 21:04:36.000
2109,CE20B,90.0,1340.0,1,2020-02-29 04:51:56.000,2020-02-29 11:55:01.000
23174,CE18B,137.0,2360.0,1,2022-08-02 05:08:32.000,2022-08-02 12:39:27.966
15327,CP32,143.0,2340.0,1,2021-10-14 05:08:47.000,2021-10-14 15:46:30.000
31774,CP15,123.0,1260.0,1,2023-05-18 15:53:10.077,2023-05-18 22:36:15.794
21628,CE09B,111.0,2520.0,1,2022-06-13 05:01:06.000,2022-06-13 13:02:37.745
5948,CE04,92.0,1580.0,1,2020-09-07 04:54:29.000,2020-09-07 12:01:43.000
5903,CE50,140.0,2760.0,1,2020-09-04 14:58:51.000,2020-09-04 20:57:23.000
12059,CE20B,97.0,2240.0,1,2021-06-16 05:01:09.000,2021-06-16 12:29:21.000
18965,CE51,116.0,2500.0,1,2022-03-14 15:05:46.000,2022-03-14 21:49:07.741
14354,CP40,54.0,1280.0,1,2021-09-07 18:32:03.000,2021-09-07 22:46:54.000
1395,CP09B,101.0,2360.0,1,2020-01-21 04:50:34.000,2020-01-21 10:47:39.000
7478,CP02,187.0,2800.0,1,2020-11-18 14:38:55.000,2020-11-19 00:41:51.000
26900,CP08,189.0,2080.0,1,2022-12-05 04:44:04.457,2022-12-05 12:11:08.218
27788,CP32,143.0,2340.0,1,2023-01-04 04:42:10.145,2023-01-04 13:42:10.944
15916,CP52,194.0,1120.0,1,2021-11-06 04:58:18.000,2021-11-06 12:24:44.000
2436,CP39,100.0,3280.0,1,2020-03-18 15:08:29.000,2020-03-18 22:09:35.000
7061,CE51,118.0,2300.0,1,2020-10-29 15:03:52.000,2020-10-29 22:17:17.000
23418,CP40,44.0,1140.0,1,2022-08-09 19:40:26.000,2022-08-09 23:40:10.235
2409,CP10B,80.0,1560.0,1,2020-03-17 04:49:21.000,2020-03-17 09:57:11.000
6638,CE04,112.0,940.0,1,2020-10-09 05:02:42.000,2020-10-09 11:41:44.000
16954,CE04,132.0,2580.0,1,2021-12-21 05:04:01.000,2021-12-21 13:46:43.000
25437,CE39,94.0,2640.0,1,2022-10-14 14:55:56.562,2022-10-14 22:32:23.221
32949,CE39,93.0,1900.0,1,2023-06-23 14:58:55.511,2023-06-23 22:59:46.517
33581,CE39,104.0,2580.0,1,2023-07-12 14:52:57.069,2023-07-12 23:28:39.458
34612,,143.0,8680.0,1,2023-08-09 05:50:18.278,2023-08-09 13:04:27.741
13020,,136.0,9620.0,1,2021-07-22 15:21:44.000,2021-07-23 00:35:21.000
2199,CE15,101.0,1400.0,1,2020-03-05 15:28:13.000,2020-03-05 21:21:18.000
11173,CE15,110.0,1680.0,1,2021-05-11 14:00:22.000,2021-05-11 22:21:53.000
10318,CE18B,128.0,2640.0,1,2021-04-06 14:56:29.000,2021-04-06 22:28:29.000
27969,CE39,99.0,3060.0,1,2023-01-11 14:53:04.367,2023-01-11 22:45:46.338
3883,CE29,127.0,2340.0,1,2020-06-03 05:05:29.000,2020-06-03 13:21:25.000
8834,CE46,93.0,1940.0,1,2021-01-26 05:02:36.000,2021-01-26 11:08:57.000
7523,CE46,97.0,1020.0,1,2020-11-20 04:37:42.000,2020-11-20 12:14:00.000
10037,CE46,90.0,2320.0,1,2021-03-24 04:53:43.000,2021-03-24 11:17:01.000
13361,CP40,51.0,1520.0,1,2021-08-03 14:57:42.000,2021-08-03 19:02:04.000
28342,CE20B,94.0,3200.0,1,2023-01-24 15:04:21.365,2023-01-24 22:13:37.616
1813,CP33,141.0,1940.0,1,2020-02-12 15:02:20.000,2020-02-13 00:03:23.000
24947,CE38B,146.0,2300.0,1,2022-09-27 14:59:35.126,2022-09-27 23:06:00.337
5415,CE26,86.0,1720.0,1,2020-08-14 15:03:31.000,2020-08-14 23:11:56.000
26495,CE39,94.0,3240.0,1,2022-11-21 14:54:10.196,2022-11-21 23:06:41.757
33423,CE33,152.0,680.0,1,2023-07-07 04:44:10.897,2023-07-07 11:23:12.099
22725,CP36,136.0,2180.0,1,2022-07-19 04:42:15.000,2022-07-19 12:58:15.718
1731,CE38B,142.0,1900.0,1,2020-02-07 15:13:21.000,2020-02-07 22:41:41.000
32926,,165.0,2040.0,32,2023-06-22 14:57:29.421,2023-06-22 21:05:00.243
7109,CE44,134.0,1980.0,47,2020-10-31 04:45:27.000,2020-10-31 13:28:51.000
9889,,202.0,2780.0,45,2021-03-16 14:59:06.000,2021-03-16 23:05:19.000
3076,CE13,119.0,1860.0,45,2020-04-23 15:08:46.000,2020-04-23 23:19:37.000
6856,CE44,133.0,2620.0,47,2020-10-20 05:02:37.000,2020-10-20 13:16:48.000
22045,,175.0,3020.0,59,2022-06-25 05:01:32.000,2022-06-25 16:41:39.947
11707,,148.0,2540.0,44,2021-06-01 14:51:57.000,2021-06-01 23:50:42.000
11411,CE09B,107.0,1720.0,1,2021-05-20 04:57:37.000,2021-05-20 12:10:40.000
7287,,148.0,10280.0,17,2020-11-09 06:07:57.000,2020-11-09 12:28:12.000
8848,CP13,123.0,2080.0,40,2021-01-26 14:57:28.000,2021-01-26 21:39:06.000
11968,,211.0,2420.0,43,2021-06-10 14:51:41.000,2021-06-11 01:20:44.000
39648,,209.0,2500.0,35,2023-12-27 14:51:50.187,2023-12-27 23:17:03.309
38083,,149.0,2740.0,20,2023-11-13 14:56:38.492,2023-11-13 22:19:18.353
12794,,196.0,2360.0,50,2021-07-14 14:56:50.000,2021-07-14 23:03:24.000
41589,,159.0,3220.0,22,2024-02-20 15:06:00.971,2024-02-20 23:07:25.972
35144,,177.0,2460.0,33,2023-08-23 15:06:50.139,2023-08-24 00:01:35.271
34923,,162.0,2160.0,34,2023-08-17 15:12:43.620,2023-08-17 21:44:50.354
16290,CE40,46.0,1200.0,2,2021-11-23 19:42:17.000,2021-11-23 23:19:32.000
2452,CE13,116.0,2000.0,50,2020-03-19 15:03:06.000,2020-03-19 21:18:09.000
29456,,189.0,1780.0,44,2023-03-03 14:57:41.198,2023-03-03 22:02:12.797
35318,,171.0,2760.0,15,2023-08-28 15:00:07.041,2023-08-28 22:23:09.891
37881,,198.0,2780.0,33,2023-11-07 14:58:11.914,2023-11-07 23:36:33.770
38771,,167.0,1960.0,21,2023-12-01 13:37:56.698,2023-12-01 21:05:04.912
26442,CE41B,105.0,1960.0,1,2022-11-18 04:56:02.700,2022-11-18 11:28:38.162
29268,,190.0,1980.0,51,2023-02-24 15:08:25.475,2023-02-24 23:43:14.634
26667,,205.0,2560.0,34,2022-11-25 15:03:21.573,2022-11-26 01:16:42.640
44235,,132.0,9200.0,25,2024-04-29 05:56:49.518,2024-04-29 12:00:12.992
32739,,157.0,1180.0,20,2023-06-16 15:26:44.762,2023-06-16 23:46:30.762
40396,,207.0,3840.0,16,2024-01-18 14:57:51.104,2024-01-18 22:42:47.463
38677,,165.0,1660.0,21,2023-11-29 15:25:41.660,2023-11-29 22:46:55.838
27723,,232.0,2680.0,51,2023-01-02 15:03:16.062,2023-01-03 00:46:33.098
29125,,172.0,2240.0,46,2023-02-20 15:25:52.850,2023-02-21 00:22:04.317
4479,CE13,141.0,1880.0,40,2020-07-02 15:04:22.000,2020-07-02 22:42:35.000
7865,CE24,160.0,1260.0,1,2020-12-08 13:16:45.000,2020-12-08 22:08:46.000
23635,,242.0,3200.0,57,2022-08-15 14:40:07.000,2022-08-16 01:20:35.384
18446,CP28,168.0,2020.0,1,2022-02-22 04:58:20.000,2022-02-22 13:24:00.488
14832,,141.0,9580.0,14,2021-09-24 05:57:20.000,2021-09-24 13:03:09.000
28885,,181.0,2520.0,46,2023-02-10 14:49:24.124,2023-02-11 00:37:26.221
31193,,189.0,2120.0,48,2023-05-01 14:07:25.688,2023-05-01 23:45:06.775
7531,CE33,147.0,1340.0,1,2020-11-20 04:40:04.000,2020-11-20 12:17:41.000
26043,CE04,105.0,1060.0,1,2022-11-04 04:53:44.914,2022-11-04 12:01:32.562
26194,CE04,112.0,1760.0,1,2022-11-10 05:25:36.328,2022-11-10 12:41:48.087
13770,,189.0,1700.0,31,2021-08-17 14:55:57.000,2021-08-17 21:51:05.000
3013,,143.0,10500.0,1,2020-04-20 14:41:28.000,2020-04-20 22:12:42.000
6610,CE06,188.0,1740.0,45,2020-10-08 14:45:39.000,2020-10-08 22:44:33.000
10825,,188.0,3040.0,45,2021-04-26 15:30:45.000,2021-04-26 23:43:01.000
21878,CE15,107.0,2020.0,1,2022-06-21 15:03:07.000,2022-06-21 21:24:39.703
17569,CP07,128.0,2300.0,3,2022-01-17 05:00:59.000,2022-01-17 13:57:27.000
7588,CE13,123.0,1280.0,44,2020-11-24 04:49:21.000,2020-11-24 14:45:26.000
29952,CP35,120.0,2280.0,3,2023-03-22 05:02:12.791,2023-03-22 11:49:09.640
37768,,136.0,1860.0,7,2023-11-03 14:58:19.522,2023-11-03 21:29:44.289
33657,,166.0,2800.0,30,2023-07-13 15:11:48.249,2023-07-13 22:40:00.012
12287,,159.0,2120.0,42,2021-06-24 15:03:14.000,2021-06-24 22:38:02.000
26278,,198.0,2280.0,45,2022-11-11 14:45:00.482,2022-11-11 22:16:36.696
6987,CP11,148.0,2560.0,12,2020-10-26 15:00:03.000,2020-10-26 21:25:26.000
2627,CP07,77.0,3300.0,3,2020-03-30 14:55:08.000,2020-03-30 21:29:39.000
23476,CE11,142.0,1840.0,6,2022-08-11 04:51:11.000,2022-08-11 11:51:43.731
23952,CE11,145.0,1280.0,6,2022-08-26 14:50:45.000,2022-08-26 22:27:44.396
9133,CE10B,81.0,1600.0,1,2021-02-09 04:56:35.000,2021-02-09 10:22:10.000
2065,CE11,162.0,1480.0,15,2020-02-27 15:14:24.000,2020-02-27 22:04:08.000
35955,,177.0,1940.0,29,2023-09-13 15:01:46.624,2023-09-13 22:20:50.432
7355,CE13,134.0,1880.0,47,2020-11-12 04:43:20.000,2020-11-12 15:23:36.000
31881,,167.0,2300.0,46,2023-05-22 14:59:13.769,2023-05-22 21:46:26.422
3105,CE16,137.0,2920.0,1,2020-04-24 14:29:03.000,2020-04-24 22:25:40.000
3906,CE09B,105.0,1520.0,2,2020-06-04 05:07:06.000,2020-06-04 11:59:14.000
8242,CE09B,104.0,2160.0,2,2020-12-28 04:52:44.000,2020-12-28 13:07:53.000
9800,CE04,103.0,1320.0,1,2021-03-12 04:57:36.000,2021-03-12 11:34:27.000
15582,CE04,101.0,1980.0,1,2021-10-25 04:44:07.000,2021-10-25 12:57:47.000
9862,,201.0,2520.0,46,2021-03-15 14:58:18.000,2021-03-15 21:59:10.000
25808,CE19,103.0,1540.0,2,2022-10-27 14:58:17.551,2022-10-27 20:45:23.596
25405,CE19,104.0,1320.0,2,2022-10-13 15:01:37.618,2022-10-13 21:27:51.936
7160,CP06,190.0,1340.0,40,2020-11-03 05:01:50.000,2020-11-03 12:15:41.000
21805,,164.0,1560.0,39,2022-06-17 15:03:19.000,2022-06-17 22:19:50.756
21863,,204.0,2500.0,42,2022-06-20 15:10:01.000,2022-06-21 02:04:00.707
14881,CP07,83.0,3020.0,4,2021-09-27 15:00:27.000,2021-09-27 22:03:27.000
8077,CE41B,111.0,1760.0,2,2020-12-18 04:23:48.000,2020-12-18 11:24:07.000
12933,CE41B,104.0,2380.0,2,2021-07-20 05:24:13.000,2021-07-20 13:09:23.000
14905,CE41B,109.0,2200.0,2,2021-09-28 04:48:10.000,2021-09-28 12:50:39.000
23138,CE01,220.0,1940.0,1,2022-08-01 14:49:14.000,2022-08-02 01:02:52.313
34686,Óbidos CE01,128.0,1960.0,1,2023-08-11 05:08:56.914,2023-08-11 11:34:54.396
27189,CE19,135.0,1340.0,2,2022-12-15 14:57:07.350,2022-12-15 23:06:46.938
25860,CP07,84.0,2480.0,3,2022-10-28 14:58:55.179,2022-10-28 21:36:48.340
31183,CP07,53.0,1720.0,1,2023-04-28 19:49:19.668,2023-04-28 23:56:28.952
36743,,202.0,2040.0,5,2023-10-05 14:24:26.156,2023-10-05 21:54:33.207
16267,CE11,138.0,1760.0,5,2021-11-22 04:51:52.000,2021-11-22 12:51:11.000
20200,CE50,144.0,1800.0,1,2022-04-26 14:55:23.000,2022-04-26 21:44:29.577
12728,CE34,142.0,1780.0,1,2021-07-13 14:44:19.000,2021-07-13 22:57:40.000
34144,,174.0,1820.0,18,2023-07-27 14:59:57.408,2023-07-27 22:44:36.546
26187,,140.0,9840.0,6,2022-11-09 15:14:33.036,2022-11-09 22:12:05.189
7312,CP13,122.0,3020.0,45,2020-11-10 15:22:10.000,2020-11-10 23:16:10.000
4884,CE33,145.0,1600.0,1,2020-07-22 04:51:11.000,2020-07-22 12:39:53.000
25924,,190.0,2640.0,50,2022-10-31 15:29:58.467,2022-11-01 01:15:51.667
19290,CE20B,92.0,1840.0,1,2022-03-24 04:55:58.000,2022-03-24 11:09:36.873
16655,CE51,128.0,2340.0,1,2021-12-08 14:30:43.000,2021-12-08 22:04:58.000
32798,,128.0,2740.0,35,2023-06-19 21:18:06.491,2023-06-19 21:19:56.320
28916,CP07,84.0,3020.0,3,2023-02-13 14:54:51.392,2023-02-13 22:12:34.906
20831,CP35,119.0,2200.0,2,2022-05-17 04:56:12.000,2022-05-17 12:19:59.738
23533,CP35,124.0,2460.0,4,2022-08-12 04:52:33.000,2022-08-12 12:05:18.146
12670,,150.0,9680.0,26,2021-07-09 06:00:40.000,2021-07-09 14:03:13.000
3808,,184.0,9800.0,9,2020-05-29 14:23:49.000,2020-05-29 23:28:26.000
16116,,124.0,520.0,14,2021-11-13 11:59:53.000,2021-11-13 15:23:11.000
25081,,190.0,3680.0,58,2022-09-30 15:02:36.972,2022-10-01 01:12:44.436
22283,,232.0,2200.0,43,2022-07-04 14:50:46.000,2022-07-05 00:30:24.379
9394,CP11,140.0,1960.0,3,2021-02-20 04:47:43.000,2021-02-20 11:40:08.000
36391,,162.0,1860.0,13,2023-09-26 15:14:42.814,2023-09-26 23:59:35.250
24601,CP01,213.0,2180.0,1,2022-09-15 15:09:36.442,2022-09-15 23:54:09.735
3325,CE11,155.0,1660.0,11,2020-05-06 14:53:34.000,2020-05-06 21:53:16.000
2218,CE30B,157.0,1080.0,1,2020-03-06 04:42:09.000,2020-03-06 11:11:57.000
30015,CE11,158.0,1460.0,3,2023-03-24 15:37:07.074,2023-03-24 21:47:00.782
21833,,240.0,1840.0,41,2022-06-18 04:50:29.000,2022-06-18 13:49:46.477
38524,,193.0,1400.0,7,2023-11-24 15:00:07.083,2023-11-24 22:43:03.342
17553,CE39,112.0,3000.0,2,2022-01-17 14:44:37.000,2022-01-17 21:20:10.000
27700,CE39,60.0,1560.0,1,2023-01-02 14:58:26.236,2023-01-02 23:38:57.098
41037,,175.0,2620.0,28,2024-02-05 15:00:52.725,2024-02-05 23:13:26.401
3033,CP09B,98.0,2140.0,1,2020-04-21 05:06:32.000,2020-04-21 11:33:44.000
19012,CE41B,110.0,3060.0,1,2022-03-15 05:05:48.000,2022-03-15 12:32:31.376
25534,CE41B,105.0,2800.0,2,2022-10-18 05:01:41.469,2022-10-18 12:08:16.652
23660,CE26,88.0,2620.0,1,2022-08-17 14:54:14.000,2022-08-17 23:37:44.444
30543,CE40,53.0,1240.0,2,2023-04-11 15:05:44.752,2023-04-11 18:50:57.450
40401,,133.0,1260.0,10,2024-01-18 15:00:07.483,2024-01-18 22:40:23.201
2547,CP02,178.0,2220.0,2,2020-03-25 05:09:18.000,2020-03-25 12:17:15.000
2034,CP23,183.0,2160.0,1,2020-02-25 04:50:06.000,2020-02-25 12:48:31.000
19500,CP18B,130.0,2360.0,1,2022-03-31 15:03:27.000,2022-03-31 21:49:31.426
12437,,192.0,1820.0,35,2021-06-30 15:02:46.000,2021-07-01 00:03:17.000
26811,CP29,126.0,2360.0,1,2022-12-01 04:51:36.827,2022-12-01 13:48:44.493
34477,CP35,131.0,3240.0,4,2023-08-07 04:56:38.214,2023-08-07 14:16:02.553
21634,CE01,221.0,1200.0,1,2022-06-13 05:09:10.000,2022-06-13 12:22:28.620
32773,CP12,133.0,2300.0,1,2023-06-19 04:57:07.326,2023-06-19 13:27:56.215
36499,CP07,83.0,2540.0,3,2023-09-29 05:05:25.824,2023-09-29 11:21:54.054
42956,,203.0,3680.0,24,2024-03-27 14:55:31.538,2024-03-28 00:48:07.052
9223,CE41B,120.0,2160.0,2,2021-02-12 04:44:19.000,2021-02-12 11:16:41.000
1173,CE37B,95.0,1680.0,1,2020-01-09 14:54:51.000,2020-01-09 21:57:08.000
17471,,165.0,9920.0,23,2022-01-12 14:58:43.000,2022-01-12 22:30:30.000
22908,CE46,96.0,2060.0,1,2022-07-25 14:57:54.000,2022-07-25 21:55:34.021
9623,,202.0,9680.0,1,2021-03-03 05:54:25.000,2021-03-03 12:38:46.000
13095,CP29,112.0,2680.0,2,2021-07-26 04:56:18.000,2021-07-26 14:25:45.000
19247,CE18B,125.0,2680.0,1,2022-03-23 05:01:23.000,2022-03-23 12:28:20.658
2392,CP07,85.0,2780.0,3,2020-03-16 14:51:43.000,2020-03-16 21:48:42.000
9056,CP32,161.0,1800.0,1,2021-02-04 15:00:57.000,2021-02-04 22:46:30.000
8725,CP36,126.0,2240.0,1,2021-01-20 15:11:32.000,2021-01-20 22:47:26.000
12509,CP01,224.0,2000.0,1,2021-07-03 05:03:38.000,2021-07-03 12:44:34.000
6556,CE11,149.0,1500.0,12,2020-10-06 14:52:51.000,2020-10-06 20:58:13.000
15554,CE16,129.0,1660.0,1,2021-10-23 04:58:38.000,2021-10-23 11:45:54.000
2259,CP39,85.0,3500.0,1,2020-03-09 15:03:12.000,2020-03-09 23:02:06.000
4540,Óbidos CE02,119.0,1300.0,1,2020-07-06 05:13:41.000,2020-07-06 11:34:33.000
10467,Óbidos CE02,124.0,1660.0,1,2021-04-12 14:57:53.000,2021-04-12 21:29:29.000
6808,CP11,149.0,1980.0,13,2020-10-16 14:58:28.000,2020-10-16 21:32:35.000
10666,CE41B,108.0,2760.0,2,2021-04-20 04:14:58.000,2021-04-20 12:12:32.000
15173,CE26,89.0,2580.0,2,2021-10-08 15:27:03.000,2021-10-08 23:59:43.000
12511,CP05,50.0,580.0,1,2021-07-03 12:17:55.000,2021-07-03 14:53:46.000
25254,CE26,118.0,2040.0,1,2022-10-07 14:53:02.123,2022-10-07 23:09:57.670
18930,CE16,118.0,1440.0,2,2022-03-10 17:19:08.000,2022-03-10 23:54:02.050
13096,CP39,111.0,5380.0,1,2021-07-26 15:05:34.000,2021-07-27 00:55:59.000
22637,CP39,112.0,3840.0,1,2022-07-15 15:49:39.000,2022-07-16 00:21:24.218
38710,,139.0,2320.0,1,2023-11-30 14:59:28.206,2023-11-30 21:46:37.884
26526,CE40,41.0,1100.0,2,2022-11-22 19:30:20.785,2022-11-22 22:54:29.449
11548,CE07,84.0,2340.0,1,2021-05-26 04:43:25.000,2021-05-26 13:10:52.000
16955,CE41B,107.0,2420.0,2,2021-12-21 05:09:14.000,2021-12-21 13:38:56.000
26923,CE34,144.0,1880.0,1,2022-12-06 14:57:16.533,2022-12-06 21:25:52.621
41397,,159.0,2120.0,13,2024-02-14 15:04:53.246,2024-02-14 23:31:25.068
3776,CP19,115.0,1300.0,1,2020-05-28 14:54:23.000,2020-05-28 22:01:08.000
16792,CP28,166.0,2400.0,1,2021-12-14 05:03:44.000,2021-12-14 12:41:33.000
30275,CP35,124.0,2840.0,3,2023-04-03 05:06:39.894,2023-04-03 12:45:14.803
35427,,151.0,2240.0,27,2023-08-30 15:00:23.390,2023-08-30 22:46:59.499
39166,,157.0,2200.0,16,2023-12-13 15:03:02.130,2023-12-13 23:30:57.067
27103,,181.0,9200.0,10,2022-12-12 05:53:01.325,2022-12-12 14:12:34.493
15346,CE51,121.0,2260.0,1,2021-10-15 14:22:38.000,2021-10-15 21:08:52.000
2688,CE15,102.0,1460.0,1,2020-04-02 15:11:17.000,2020-04-02 21:36:08.000
34600,CP07,82.0,3300.0,2,2023-08-09 14:39:48.664,2023-08-09 21:54:43.866
29304,,216.0,9560.0,25,2023-02-27 05:39:31.891,2023-02-27 14:51:49.471
43391,,123.0,9600.0,8,2024-04-08 15:07:07.657,2024-04-08 21:38:37.998
8374,CP36,129.0,4480.0,1,2021-01-04 14:44:49.000,2021-01-04 21:58:27.000
32925,,188.0,1640.0,25,2023-06-22 14:58:07.574,2023-06-22 22:16:24.058
7472,CP07,114.0,1540.0,3,2020-11-18 05:00:19.000,2020-11-18 12:53:56.000
39876,,161.0,3160.0,2,2024-01-03 15:06:17.338,2024-01-03 23:54:25.421
1655,CE30B,157.0,1380.0,1,2020-02-04 04:40:26.000,2020-02-04 11:59:57.000
5028,CE30B,159.0,1920.0,1,2020-07-29 14:54:38.000,2020-07-29 21:11:16.000
30394,CE19,104.0,1700.0,2,2023-04-06 15:00:17.708,2023-04-06 21:38:33.876
18444,CP29,118.0,2440.0,1,2022-02-22 04:55:35.000,2022-02-22 13:51:57.528
17132,CE12,132.0,1360.0,1,2021-12-29 05:05:39.000,2021-12-29 12:44:28.000
33264,,125.0,940.0,17,2023-07-03 14:33:58.404,2023-07-03 21:01:30.689
28802,CE10B,82.0,2080.0,1,2023-02-08 05:00:49.744,2023-02-08 11:37:25.740
29945,CE10B,95.0,2380.0,1,2023-03-22 14:49:06.138,2023-03-22 21:15:57.444
35673,CP07,85.0,4080.0,4,2023-09-06 14:52:00.129,2023-09-06 22:26:09.562
12471,,113.0,10360.0,1,2021-07-01 15:04:24.000,2021-07-01 20:40:11.000
3651,CE35,119.0,2920.0,2,2020-05-22 04:49:22.000,2020-05-22 11:35:32.000
21062,,80.0,8540.0,1,2022-05-24 14:24:59.000,2022-05-24 21:19:21.273
4194,CE15,109.0,2180.0,1,2020-06-18 15:05:00.000,2020-06-18 21:30:04.000
8488,CP07,98.0,2940.0,3,2021-01-08 14:59:46.000,2021-01-08 23:25:48.000
30666,CP07,84.0,2840.0,4,2023-04-14 14:50:42.436,2023-04-14 22:28:23.509
13420,CP08,186.0,1980.0,1,2021-08-05 14:57:25.000,2021-08-05 21:18:39.000
7962,CP07,82.0,2720.0,2,2020-12-11 14:59:30.000,2020-12-11 23:03:39.000
39764,,159.0,2540.0,2,2023-12-30 05:09:52.275,2023-12-30 12:18:53.752
14969,CE09B,116.0,1540.0,2,2021-09-30 04:50:24.000,2021-09-30 12:02:48.000
8177,CE50,140.0,2340.0,1,2020-12-23 15:48:35.000,2020-12-23 23:00:05.000
6063,CP30B,148.0,1800.0,1,2020-09-11 14:58:59.000,2020-09-11 20:52:37.000
10895,CP35,129.0,2600.0,2,2021-04-29 04:47:18.000,2021-04-29 12:43:29.000
16849,CE10B,81.0,2100.0,1,2021-12-16 14:56:51.000,2021-12-16 21:01:08.000
22778,,115.0,9140.0,1,2022-07-19 15:05:56.000,2022-07-19 23:38:11.270
26786,CP07,107.0,2720.0,4,2022-11-30 05:00:50.428,2022-11-30 13:20:47.047
24707,CP27,131.0,2100.0,1,2022-09-19 04:56:47.591,2022-09-19 12:44:04.615
13425,CP11,139.0,2080.0,1,2021-08-05 14:59:46.000,2021-08-05 22:08:40.000
2401,CE11,169.0,2040.0,19,2020-03-17 05:10:13.000,2020-03-17 11:45:55.000
16486,CE30B,133.0,1620.0,2,2021-12-01 13:34:43.000,2021-12-01 20:26:07.000
17058,CE09B,106.0,1960.0,1,2021-12-27 04:54:51.000,2021-12-27 12:41:19.000
14962,,141.0,9620.0,18,2021-09-29 14:57:07.000,2021-09-29 22:21:30.000
10472,CP34,157.0,2880.0,1,2021-04-12 14:51:33.000,2021-04-12 22:42:25.000
19218,CE41B,109.0,2560.0,1,2022-03-22 05:01:27.000,2022-03-22 12:24:59.294
16019,CE01,218.0,1560.0,1,2021-11-11 15:05:01.000,2021-11-11 22:16:11.000
11948,CE39,101.0,2280.0,1,2021-06-11 15:02:45.000,2021-06-11 22:27:02.000
15877,CE26,85.0,2540.0,2,2021-11-05 14:12:39.000,2021-11-05 22:52:38.000
12903,CP26,94.0,4840.0,1,2021-07-19 15:04:45.000,2021-07-20 00:16:14.000
20823,CE40,50.0,1180.0,2,2022-05-17 04:53:02.000,2022-05-17 08:11:33.572
4258,CE33,150.0,1800.0,1,2020-06-22 14:12:23.000,2020-06-22 22:02:27.000
39057,,97.0,2680.0,2,2023-12-11 04:57:59.202,2023-12-11 12:16:32.609
3181,CE27,120.0,2040.0,1,2020-04-29 04:48:59.000,2020-04-29 10:47:48.000
17506,CE12,123.0,1220.0,1,2022-01-14 05:18:17.000,2022-01-14 12:02:17.000
18070,CE12,132.0,1460.0,1,2022-02-07 04:59:39.000,2022-02-07 12:29:56.000
27653,CP39,112.0,4660.0,1,2022-12-30 14:57:58.224,2022-12-31 00:11:06.704
17826,CE10B,83.0,1620.0,1,2022-01-27 05:17:10.000,2022-01-27 12:12:01.000
25646,CE41B,117.0,1500.0,2,2022-10-21 05:17:26.680,2022-10-21 13:15:39.780
34064,CE10B,84.0,2040.0,1,2023-07-26 14:43:18.212,2023-07-26 22:21:46.148
8873,CP32,154.0,1060.0,1,2021-01-27 04:39:49.000,2021-01-27 12:00:09.000
10827,CE10B,77.0,2240.0,1,2021-04-27 04:47:06.000,2021-04-27 12:11:19.000
1283,CE38B,142.0,1640.0,1,2020-01-15 04:50:52.000,2020-01-15 13:40:15.000
11804,,116.0,1240.0,1,2021-06-04 05:13:52.000,2021-06-04 11:09:57.000
8832,CE41B,111.0,2660.0,2,2021-01-26 04:58:35.000,2021-01-26 13:44:21.000
22146,CP26,96.0,3400.0,1,2022-06-29 15:08:09.000,2022-06-29 23:43:50.287
27706,CP12,116.0,2260.0,1,2023-01-02 04:46:53.351,2023-01-02 11:17:56.791
24146,CE09B,107.0,1800.0,1,2022-09-01 04:48:40.000,2022-09-01 12:00:27.890
1549,CP02,175.0,2480.0,2,2020-01-29 04:58:09.000,2020-01-29 13:20:46.000
2673,CP11,148.0,2680.0,6,2020-04-01 14:59:40.000,2020-04-01 21:36:56.000
24377,CP18B,126.0,2480.0,1,2022-09-08 14:57:42.978,2022-09-08 23:03:40.566
29436,CP29,128.0,2540.0,1,2023-03-03 04:44:55.359,2023-03-03 14:12:13.633
34760,CP26,86.0,4420.0,1,2023-08-14 14:57:27.736,2023-08-14 23:21:14.193
15293,CP12,114.0,1700.0,1,2021-10-13 05:08:05.000,2021-10-13 12:27:13.000
5447,CE16,133.0,2380.0,1,2020-08-15 05:04:10.000,2020-08-15 13:10:37.000
29420,CE39,91.0,2120.0,1,2023-03-03 15:01:35.258,2023-03-03 22:20:48.515
5601,CP02,185.0,2380.0,2,2020-08-21 14:49:57.000,2020-08-21 23:00:43.000
15452,CP29,133.0,2860.0,2,2021-10-19 04:36:46.000,2021-10-19 14:24:11.000
5280,Óbidos CE02,117.0,1580.0,1,2020-08-10 14:39:43.000,2020-08-10 22:28:47.000
14109,CE39,108.0,3300.0,1,2021-08-30 15:08:25.000,2021-08-30 23:03:40.000
37139,CE29,128.0,2840.0,1,2023-10-17 15:40:28.575,2023-10-17 23:40:13.271
17732,CP39,95.0,4520.0,1,2022-01-24 14:58:39.000,2022-01-25 00:29:54.000
14815,CE46,92.0,1420.0,1,2021-09-24 04:57:58.000,2021-09-24 13:07:52.000
19943,CE20B,98.0,1620.0,1,2022-04-16 04:54:27.000,2022-04-16 11:11:09.844
16263,CE09B,104.0,2200.0,1,2021-11-22 04:55:17.000,2021-11-22 13:19:32.000
10973,CE01,233.0,1600.0,1,2021-05-03 04:18:35.000,2021-05-03 13:52:36.000
17484,CE01,206.0,2180.0,1,2022-01-13 14:01:29.000,2022-01-13 20:24:01.000
22340,CP39,110.0,3740.0,1,2022-07-06 15:04:10.000,2022-07-06 23:36:15.148
37750,CP39,121.0,3960.0,1,2023-11-03 15:09:37.057,2023-11-04 00:34:19.493
14149,CE04,108.0,2080.0,1,2021-08-31 04:48:16.000,2021-08-31 11:25:16.000
5471,CE39,103.0,3580.0,1,2020-08-17 14:57:30.000,2020-08-17 22:20:04.000
15706,CE39,106.0,1760.0,2,2021-10-29 14:58:35.000,2021-10-29 23:36:02.000
24476,CE39,95.0,3080.0,2,2022-09-12 14:58:07.291,2022-09-12 23:05:12.097
30314,CE16,127.0,1740.0,1,2023-04-04 04:53:49.826,2023-04-04 11:54:16.174
14508,CP26,87.0,4840.0,1,2021-09-13 15:00:16.000,2021-09-13 23:51:01.000
32548,CP39,100.0,3680.0,1,2023-06-12 14:57:06.083,2023-06-12 23:46:53.611
27977,CE11,149.0,1180.0,2,2023-01-11 14:49:11.475,2023-01-11 21:41:23.528
8747,CE09B,106.0,1220.0,2,2021-01-21 05:08:15.000,2021-01-21 12:11:56.000
25704,CE09B,98.0,3120.0,1,2022-10-24 04:41:13.709,2022-10-24 12:51:36.304
27482,CE09B,108.0,2860.0,1,2022-12-26 05:02:18.983,2022-12-26 12:52:18.555
16262,CE04,129.0,1660.0,1,2021-11-22 05:10:47.000,2021-11-22 13:44:26.000
4743,CP02,182.0,2880.0,2,2020-07-15 14:56:34.000,2020-07-16 00:08:01.000
15336,CP18B,126.0,1760.0,1,2021-10-14 04:47:30.000,2021-10-14 11:54:01.000
15705,CE41B,109.0,1800.0,1,2021-10-29 04:43:18.000,2021-10-29 12:55:29.000
28750,CE01,214.0,1640.0,1,2023-02-07 05:00:15.179,2023-02-07 13:21:59.239
2420,CE16,142.0,2540.0,1,2020-03-18 04:47:09.000,2020-03-18 13:13:18.000
19695,CP18B,126.0,1600.0,1,2022-04-07 14:52:21.000,2022-04-07 21:43:40.269
23934,CP18B,127.0,2760.0,1,2022-08-25 04:54:50.000,2022-08-25 13:03:40.833
2709,CE50,140.0,2360.0,1,2020-04-03 15:03:45.000,2020-04-03 21:10:29.000
15461,CE50,140.0,1720.0,1,2021-10-20 04:52:42.000,2021-10-20 11:38:40.000
14627,CE12,143.0,1520.0,1,2021-09-17 04:51:33.000,2021-09-17 13:23:55.000
12700,CE01,219.0,1940.0,1,2021-07-12 14:48:26.000,2021-07-12 23:13:50.000
19126,CE16,127.0,1440.0,1,2022-03-18 04:50:57.000,2022-03-18 11:57:56.717
14276,CE19,98.0,2240.0,1,2021-09-04 13:18:00.000,2021-09-04 19:06:22.000
5178,CP09B,102.0,2960.0,1,2020-08-04 04:46:59.000,2020-08-04 12:44:01.000
10849,CP25B,115.0,1680.0,1,2021-04-27 04:54:14.000,2021-04-27 11:39:16.000
14187,CP25B,110.0,1780.0,1,2021-09-01 04:45:52.000,2021-09-01 11:28:31.000
18430,CE41B,106.0,2420.0,1,2022-02-22 04:47:45.000,2022-02-22 12:12:06.724
12659,CP26,90.0,3720.0,1,2021-07-09 14:53:28.000,2021-07-10 00:07:28.000
20939,CE41B,111.0,1480.0,1,2022-05-20 04:51:16.000,2022-05-20 11:43:44.498
17163,CE01,217.0,2180.0,1,2021-12-30 05:07:48.000,2021-12-30 13:57:06.000
14305,CE26,88.0,2920.0,3,2021-09-06 14:58:07.000,2021-09-06 23:17:37.000
33133,CE34,149.0,1940.0,2,2023-06-29 14:59:08.913,2023-06-29 21:42:21.590
34898,CE34,153.0,2660.0,2,2023-08-17 14:59:29.321,2023-08-17 22:25:10.533
7666,CE41B,112.0,1920.0,2,2020-11-27 04:47:18.000,2020-11-27 12:47:05.000
1328,CE19,107.0,1340.0,2,2020-01-17 14:25:33.000,2020-01-17 20:18:56.000
36436,,191.0,1840.0,2,2023-09-27 14:58:27.305,2023-09-27 23:18:15.520
4245,CE46,93.0,1460.0,1,2020-06-20 04:54:20.000,2020-06-20 11:44:18.000
6679,CE09B,113.0,2040.0,2,2020-10-12 04:58:13.000,2020-10-12 14:47:57.000
12717,,130.0,9720.0,2,2021-07-12 05:48:17.000,2021-07-12 13:44:59.000
1439,CE35,124.0,1880.0,1,2020-01-23 04:51:51.000,2020-01-23 11:18:58.000
1375,CP40,42.0,1040.0,3,2020-01-20 19:12:28.000,2020-01-20 22:15:49.000
21260,CP40,46.0,960.0,1,2022-05-31 19:16:12.000,2022-05-31 23:14:32.240
30553,CP40,51.0,1260.0,1,2023-04-11 18:51:19.088,2023-04-11 23:12:27.959
12563,CE15,131.0,1480.0,1,2021-07-06 05:04:21.000,2021-07-06 15:41:04.000
19609,CE20B,92.0,1620.0,1,2022-04-05 14:27:30.000,2022-04-05 20:57:05.602
6305,CP07,93.0,2800.0,2,2020-09-23 14:50:32.000,2020-09-23 21:34:09.000
17460,CP07,89.0,3560.0,4,2022-01-12 14:59:40.000,2022-01-12 23:34:34.000
13811,CE09B,108.0,1660.0,2,2021-08-19 05:09:18.000,2021-08-19 12:20:36.000
29100,CE34,153.0,1860.0,1,2023-02-20 14:48:03.286,2023-02-20 22:38:09.821
2641,CE31,225.0,3000.0,1,2020-03-31 15:07:10.000,2020-03-31 23:36:52.000
3693,CP40,47.0,1080.0,2,2020-05-25 18:16:13.000,2020-05-25 21:42:46.000
9089,CP19,114.0,1900.0,1,2021-02-05 15:13:22.000,2021-02-05 21:21:57.000
10204,CP02,175.0,2240.0,1,2021-03-31 04:45:29.000,2021-03-31 12:15:12.000
21815,CP11,176.0,2960.0,8,2022-06-18 04:47:30.000,2022-06-18 13:41:03.794
27412,CP11,156.0,1580.0,4,2022-12-22 05:09:51.525,2022-12-22 12:09:46.634
1211,CP07,76.0,2640.0,3,2020-01-10 15:04:13.000,2020-01-10 21:39:38.000
28907,CE11,154.0,1660.0,5,2023-02-13 04:51:09.447,2023-02-13 11:17:46.157
11786,CE11,150.0,1540.0,3,2021-06-04 14:38:04.000,2021-06-04 21:22:52.000
12088,CE09B,102.0,1800.0,2,2021-06-17 05:05:02.000,2021-06-17 12:58:53.000
7477,CP28,167.0,2660.0,1,2020-11-18 05:00:42.000,2020-11-18 14:28:12.000
17955,,93.0,9540.0,1,2022-01-31 17:06:11.000,2022-01-31 21:38:44.000
4906,CE51,124.0,2140.0,1,2020-07-23 05:05:00.000,2020-07-23 13:10:29.000
26732,CP40,38.0,1940.0,1,2022-11-29 20:23:28.976,2022-11-30 00:04:56.147
13721,CP35,126.0,3420.0,4,2021-08-16 04:58:44.000,2021-08-16 13:01:26.000
17093,CE18B,131.0,2000.0,1,2021-12-28 14:31:35.000,2021-12-28 22:00:35.000
3813,CP34,156.0,3120.0,1,2020-05-30 05:00:43.000,2020-05-30 11:51:03.000
5279,CE07,79.0,2300.0,1,2020-08-10 14:37:54.000,2020-08-10 22:37:50.000
4563,CE41B,102.0,2260.0,1,2020-07-07 04:22:54.000,2020-07-07 11:46:23.000
5748,CE31,219.0,1960.0,2,2020-08-28 04:58:16.000,2020-08-28 13:16:54.000
9718,CE21B,80.0,3160.0,1,2021-03-09 14:59:17.000,2021-03-09 21:39:36.000
2526,CE51,119.0,3120.0,1,2020-03-24 14:29:04.000,2020-03-24 21:23:39.000
26339,CP40,48.0,1500.0,1,2022-11-15 18:22:46.656,2022-11-15 21:47:30.832
38359,CP35,125.0,3120.0,2,2023-11-21 04:54:52.693,2023-11-21 12:46:33.963
9910,CP02,163.0,2860.0,1,2021-03-17 04:53:27.000,2021-03-17 11:19:38.000
10457,CP11,141.0,1640.0,3,2021-04-10 04:54:19.000,2021-04-10 11:37:47.000
6520,CE30B,161.0,2120.0,1,2020-10-05 14:04:05.000,2020-10-05 20:17:49.000
25936,CP40,49.0,2000.0,2,2022-11-01 18:05:35.604,2022-11-01 22:55:04.799
38266,,186.0,2300.0,2,2023-11-17 15:40:06.062,2023-11-17 22:27:07.162
1129,CE41B,112.0,2440.0,1,2020-01-07 04:34:58.000,2020-01-07 13:39:26.000
8400,CE41B,101.0,2240.0,2,2021-01-05 04:43:19.000,2021-01-05 14:12:30.000
9951,CE41B,112.0,1860.0,2,2021-03-19 04:45:03.000,2021-03-19 13:10:55.000
10564,CP28,164.0,3220.0,1,2021-04-15 04:57:01.000,2021-04-15 13:22:36.000
34771,,75.0,7840.0,1,2023-08-14 06:08:22.366,2023-08-14 10:49:50.506
8893,CE21B,82.0,2260.0,1,2021-01-28 14:23:13.000,2021-01-28 21:56:39.000
1565,CE15,113.0,1240.0,1,2020-01-30 05:00:30.000,2020-01-30 11:45:57.000
18108,CE15,111.0,1660.0,1,2022-02-08 14:59:30.000,2022-02-08 22:40:21.000
6004,CE20B,98.0,2720.0,1,2020-09-09 14:28:15.000,2020-09-09 21:59:05.000
9576,CE18B,134.0,2580.0,1,2021-03-02 15:02:41.000,2021-03-02 21:51:17.000
18105,CE18B,121.0,2020.0,1,2022-02-08 14:22:06.000,2022-02-08 22:02:19.000
4410,CP35,123.0,3080.0,1,2020-06-29 05:05:35.000,2020-06-29 12:25:14.000
3889,CP32,148.0,1680.0,1,2020-06-03 04:56:06.000,2020-06-03 11:22:20.000
13041,CP01,207.0,1420.0,1,2021-07-23 15:07:16.000,2021-07-23 21:39:29.000
6469,CE19,116.0,1940.0,1,2020-10-01 14:36:59.000,2020-10-02 01:16:52.000
10139,CE09B,116.0,2300.0,2,2021-03-29 05:08:20.000,2021-03-29 13:08:09.000
10196,CP28,167.0,2260.0,1,2021-03-31 04:51:20.000,2021-03-31 13:23:12.000
3779,,187.0,10460.0,2,2020-05-28 05:56:08.000,2020-05-28 13:01:39.000
25852,CP08,194.0,1760.0,1,2022-10-28 05:08:17.369,2022-10-28 12:18:42.450
12684,CP52,200.0,2320.0,1,2021-07-10 13:54:01.000,2021-07-10 22:12:52.000
6265,CP15,113.0,2160.0,1,2020-09-22 05:00:55.000,2020-09-22 11:34:59.000
1932,CP10B,84.0,1860.0,1,2020-02-19 04:38:28.000,2020-02-19 10:56:38.000
27193,CE38B,140.0,1840.0,1,2022-12-15 04:59:06.206,2022-12-15 11:42:45.166
40847,CE38B,133.0,2680.0,1,2024-01-31 05:06:58.253,2024-01-31 12:57:49.024
22395,CE37B,111.0,1120.0,1,2022-07-08 14:58:08.000,2022-07-08 21:19:49.889
11583,CE11,147.0,1740.0,6,2021-05-27 14:54:07.000,2021-05-27 21:34:21.000
10520,CE30B,154.0,2140.0,1,2021-04-14 04:48:44.000,2021-04-14 13:15:57.000
3688,CE09B,105.0,2260.0,2,2020-05-25 04:50:19.000,2020-05-25 13:20:10.000
12382,CE34,145.0,1900.0,1,2021-06-29 15:00:13.000,2021-06-29 21:58:51.000
36199,,143.0,1820.0,2,2023-09-20 15:10:19.316,2023-09-20 21:15:49.895
26510,CP35,121.0,2720.0,1,2022-11-21 04:41:24.315,2022-11-21 12:42:31.557
5708,,126.0,7920.0,1,2020-08-26 14:59:54.000,2020-08-26 21:26:13.000
2427,CE21B,98.0,2060.0,1,2020-03-18 15:12:26.000,2020-03-18 23:34:31.000
25818,CP32,148.0,1880.0,1,2022-10-27 04:52:39.044,2022-10-27 12:09:10.856
3836,CP33,156.0,2500.0,2,2020-06-01 14:45:11.000,2020-06-02 00:43:51.000
9372,CE11,152.0,2340.0,4,2021-02-19 04:53:02.000,2021-02-19 13:36:02.000
24176,CE24,166.0,2460.0,1,2022-09-02 15:00:37.000,2022-09-02 21:39:11.673
28189,CE33,136.0,1900.0,1,2023-01-18 14:36:42.122,2023-01-18 21:05:20.963
9366,CE46,98.0,960.0,1,2021-02-19 04:51:58.000,2021-02-19 11:17:28.000
13733,,121.0,9000.0,1,2021-08-16 14:54:56.000,2021-08-16 22:20:34.000
13329,CP07,78.0,2300.0,2,2021-08-02 14:52:38.000,2021-08-03 01:21:14.000
21164,CP35,115.0,1560.0,1,2022-05-27 04:58:34.000,2022-05-27 11:07:11.736
1605,CP09B,100.0,2060.0,1,2020-01-31 04:45:08.000,2020-01-31 11:34:10.000
14385,CP32,141.0,1340.0,1,2021-09-08 05:03:46.000,2021-09-08 11:08:34.000
7646,CP36,137.0,1820.0,1,2020-11-26 14:30:16.000,2020-11-26 21:16:27.000
3919,CP41B,116.0,2520.0,1,2020-06-04 04:28:03.000,2020-06-04 11:45:04.000
41403,,132.0,2140.0,2,2024-02-14 15:29:23.661,2024-02-14 21:53:07.986
11481,CE09B,112.0,2720.0,2,2021-05-24 04:48:44.000,2021-05-24 13:12:07.000
13597,CE34,148.0,2280.0,1,2021-08-11 15:05:54.000,2021-08-11 23:41:21.000
10573,CE31,209.0,2160.0,1,2021-04-14 14:22:10.000,2021-04-14 21:11:38.000
31854,CE46,115.0,1500.0,1,2023-05-22 05:30:28.616,2023-05-22 11:45:57.613
12906,CP35,127.0,2800.0,3,2021-07-19 04:41:24.000,2021-07-19 13:44:06.000
37342,CE20B,102.0,2900.0,1,2023-10-24 04:59:18.023,2023-10-24 12:57:56.797
31809,CP35,121.0,2020.0,2,2023-05-19 05:07:54.644,2023-05-19 11:31:34.844
18150,CP52,176.0,2460.0,1,2022-02-09 15:03:34.000,2022-02-09 22:05:41.000
7881,CP15,109.0,1800.0,1,2020-12-08 04:49:57.000,2020-12-08 12:14:03.000
35409,CP35,135.0,2120.0,2,2023-08-30 04:44:38.952,2023-08-30 13:41:30.561
3064,,175.0,9300.0,2,2020-04-22 05:41:03.000,2020-04-22 13:20:25.000
14347,CE46,99.0,1780.0,1,2021-09-07 05:01:48.000,2021-09-07 12:58:56.000
7699,CE51,133.0,2080.0,1,2020-11-30 15:18:36.000,2020-11-30 23:53:49.000
10529,CE51,115.0,2500.0,1,2021-04-14 14:55:18.000,2021-04-14 21:41:22.000
14317,CP29,146.0,2660.0,2,2021-09-06 04:56:54.000,2021-09-06 14:26:31.000
11201,CE20B,95.0,2480.0,2,2021-05-12 04:57:27.000,2021-05-12 13:13:09.000
23837,CE38B,136.0,1960.0,1,2022-08-23 05:02:39.000,2022-08-23 11:49:05.293
1485,CE30B,157.0,1960.0,1,2020-01-27 14:53:37.000,2020-01-27 21:49:17.000
41893,,126.0,1940.0,1,2024-02-28 15:00:26.680,2024-02-28 21:48:43.546
36730,CP35,123.0,1360.0,2,2023-10-06 04:44:14.054,2023-10-06 11:54:38.867
24429,,131.0,9580.0,2,2022-09-09 05:31:29.581,2022-09-09 12:25:24.809
8057,CE51,117.0,2860.0,1,2020-12-17 15:00:36.000,2020-12-17 23:01:38.000
12246,CP35,130.0,3020.0,3,2021-06-23 04:54:47.000,2021-06-23 13:43:44.000
10588,CE20B,94.0,1240.0,1,2021-04-16 14:50:16.000,2021-04-16 21:41:54.000
39697,,118.0,2680.0,1,2023-12-28 15:14:00.500,2023-12-28 21:41:30.122
22401,CP07,80.0,2540.0,1,2022-07-08 15:37:33.000,2022-07-08 22:59:41.011
37357,CP35,134.0,3460.0,2,2023-10-24 04:56:34.136,2023-10-24 13:07:33.464
5426,CP32,152.0,1780.0,1,2020-08-14 05:03:28.000,2020-08-14 12:54:05.000
5886,CP41B,112.0,3040.0,1,2020-09-03 04:48:49.000,2020-09-03 12:59:07.000
8405,CP01,225.0,2600.0,1,2021-01-05 04:43:41.000,2021-01-05 11:44:49.000
2430,CE27,132.0,2100.0,1,2020-03-18 04:43:19.000,2020-03-18 11:50:20.000
4362,CE39,100.0,2260.0,1,2020-06-26 15:02:28.000,2020-06-26 22:57:58.000
18913,CE46,95.0,1100.0,1,2022-03-11 04:57:35.000,2022-03-11 11:58:44.130
15623,CP29,127.0,2760.0,2,2021-10-26 04:50:22.000,2021-10-26 14:17:20.000
18715,CP07,86.0,2220.0,2,2022-03-04 05:05:25.000,2022-03-04 12:09:38.722
19719,CP35,121.0,1900.0,1,2022-04-08 04:52:05.000,2022-04-08 12:18:53.554
21977,,152.0,9280.0,3,2022-06-23 14:50:40.000,2022-06-23 22:37:38.899
15866,CP32,146.0,2420.0,1,2021-11-04 05:03:38.000,2021-11-04 11:31:39.000
29035,CP15,101.0,1200.0,1,2023-02-16 04:48:48.714,2023-02-16 11:20:15.890
14047,CE07,85.0,2000.0,1,2021-08-27 05:02:14.000,2021-08-27 11:13:51.000
31052,,131.0,9160.0,1,2023-04-26 06:01:56.283,2023-04-26 13:07:44.037
6373,CE46,97.0,1160.0,1,2020-09-26 05:00:13.000,2020-09-26 12:10:17.000
20110,CE20B,94.0,2520.0,1,2022-04-22 15:13:29.000,2022-04-22 22:21:27.470
28765,CE20B,95.0,2980.0,1,2023-02-07 04:43:13.312,2023-02-07 12:10:23.628
23670,CP32,152.0,2620.0,1,2022-08-17 04:40:49.000,2022-08-17 13:06:27.623
29994,CP15,104.0,1520.0,1,2023-03-23 04:45:02.759,2023-03-23 11:08:21.853
9790,CP01,224.0,2340.0,1,2021-03-11 05:02:35.000,2021-03-11 12:05:35.000
24138,CE19,104.0,1840.0,2,2022-09-01 14:54:31.000,2022-09-01 22:01:29.648
5029,CE39,112.0,2220.0,1,2020-07-29 15:03:36.000,2020-07-29 23:11:28.000
22503,CE41B,109.0,2660.0,2,2022-07-12 04:58:44.000,2022-07-12 12:53:12.951
23955,CE26,92.0,2760.0,1,2022-08-26 15:08:45.000,2022-08-26 22:21:13.504
12186,CP26,86.0,4180.0,1,2021-06-21 14:59:57.000,2021-06-21 22:10:29.000
6146,CE24,170.0,2180.0,1,2020-09-16 04:38:21.000,2020-09-16 12:22:24.000
5304,CE34,149.0,2580.0,1,2020-08-08 14:54:56.000,2020-08-09 00:42:35.000
18876,CE34,154.0,1800.0,1,2022-03-10 15:17:23.000,2022-03-10 23:18:54.028
8742,CE31,220.0,1700.0,1,2021-01-21 14:56:10.000,2021-01-21 23:18:09.000
5889,CE21B,84.0,3080.0,1,2020-09-03 14:54:08.000,2020-09-03 21:49:02.000
30018,CE04,110.0,1200.0,1,2023-03-24 04:59:32.906,2023-03-24 11:22:42.122
28130,CP07,90.0,3480.0,3,2023-01-16 14:49:58.711,2023-01-16 23:28:06.170
12909,CP32,150.0,1940.0,1,2021-07-19 05:04:07.000,2021-07-19 12:27:58.000
16852,CP15,107.0,1580.0,1,2021-12-16 15:01:24.000,2021-12-16 21:29:45.000
4083,CE37B,77.0,740.0,1,2020-06-11 18:44:31.000,2020-06-11 22:33:39.000
20451,CE04,113.0,2020.0,1,2022-05-04 04:58:45.000,2022-05-04 14:35:14.413
11176,CE40,43.0,1260.0,1,2021-05-11 18:03:24.000,2021-05-11 21:03:06.000
18941,CE35,123.0,1660.0,1,2022-03-12 05:01:30.000,2022-03-12 12:13:03.423
18912,CE41B,102.0,1960.0,1,2022-03-11 04:50:06.000,2022-03-11 11:35:58.630
24587,CE34,141.0,2360.0,1,2022-09-15 15:00:16.861,2022-09-15 23:02:17.197
29719,CE34,160.0,2140.0,1,2023-03-14 14:57:53.995,2023-03-14 22:08:11.850
33303,,84.0,8820.0,1,2023-07-04 05:53:06.576,2023-07-04 11:28:55.613
5998,CE21B,81.0,2280.0,1,2020-09-09 14:33:51.000,2020-09-09 22:18:48.000
19744,CE27,147.0,1620.0,1,2022-04-09 05:00:24.000,2022-04-09 11:39:53.225
8517,CE15,119.0,1460.0,1,2021-01-11 14:44:01.000,2021-01-11 22:40:51.000
22718,CE15,118.0,1820.0,1,2022-07-19 15:28:18.000,2022-07-19 22:12:59.747
8572,CE20B,101.0,2340.0,1,2021-01-13 14:51:30.000,2021-01-13 21:44:00.000
12379,CE18B,127.0,1600.0,1,2021-06-29 04:54:03.000,2021-06-29 11:57:16.000
27377,CP52,176.0,2260.0,1,2022-12-21 14:56:12.698,2022-12-21 22:46:26.108
27585,CP52,183.0,2460.0,1,2022-12-28 05:06:50.151,2022-12-28 12:23:40.017
1094,CE09B,109.0,2520.0,2,2020-01-06 04:46:14.000,2020-01-06 13:18:45.000
6996,CE16,135.0,2000.0,1,2020-10-27 14:57:01.000,2020-10-27 23:27:17.000
10772,,110.0,1340.0,1,2021-04-23 05:02:16.000,2021-04-23 11:24:03.000
1087,CE46,97.0,1840.0,1,2020-01-04 04:58:39.000,2020-01-04 12:21:57.000
5223,CE19,126.0,1620.0,1,2020-08-06 04:35:22.000,2020-08-06 12:40:55.000
23922,CE30B,134.0,1860.0,3,2022-08-25 05:01:42.000,2022-08-25 11:41:19.324
20241,CE24,165.0,2120.0,1,2022-04-27 14:54:27.000,2022-04-27 22:11:33.412
15376,CE08,188.0,2180.0,1,2021-10-16 05:06:26.000,2021-10-16 12:26:21.000
8718,CE46,92.0,2420.0,1,2021-01-20 14:56:12.000,2021-01-20 22:15:17.000
1434,CE15,114.0,1480.0,1,2020-01-23 15:02:58.000,2020-01-23 22:09:22.000
15959,CE18B,122.0,2080.0,1,2021-11-09 04:45:40.000,2021-11-09 12:39:55.000
24918,CP07,85.0,3820.0,4,2022-09-26 15:00:44.274,2022-09-26 22:33:22.054
4549,CP32,147.0,1660.0,1,2020-07-06 04:56:36.000,2020-07-06 11:50:32.000
42429,,198.0,3140.0,1,2024-03-13 14:56:06.360,2024-03-13 22:54:19.965
20622,CE40,53.0,840.0,2,2022-05-10 04:45:21.000,2022-05-10 09:14:50.785
17651,CE01,202.0,1900.0,1,2022-01-20 14:59:11.000,2022-01-20 22:35:43.000
22760,CE29,122.0,2780.0,1,2022-07-20 04:49:30.000,2022-07-20 12:34:49.639
39721,CP39,118.0,4300.0,1,2023-12-29 04:56:46.622,2023-12-29 12:42:26.344
28559,CE40,53.0,1300.0,2,2023-01-31 14:57:25.403,2023-01-31 18:13:59.174
2025,CE49,163.0,1640.0,2,2020-02-25 05:02:13.000,2020-02-25 12:12:34.000
13083,CE07,83.0,2300.0,1,2021-07-26 14:19:36.000,2021-07-26 23:30:19.000
9386,,115.0,9700.0,1,2021-02-19 05:58:25.000,2021-02-19 11:32:36.000
4343,CE20B,92.0,2740.0,1,2020-06-25 14:31:53.000,2020-06-25 21:16:55.000
11269,CE51,118.0,2380.0,1,2021-05-14 14:56:45.000,2021-05-14 22:43:04.000
1875,CP43,118.0,1220.0,3,2020-02-15 04:56:08.000,2020-02-15 12:23:49.000
7933,CP35,128.0,2420.0,1,2020-12-10 04:49:33.000,2020-12-10 13:25:55.000
21739,CE37B,94.0,2240.0,1,2022-06-16 13:59:30.000,2022-06-16 20:45:42.128
8189,CP23,202.0,2260.0,1,2020-12-23 04:38:37.000,2020-12-23 13:23:49.000
19324,CE41B,107.0,1720.0,1,2022-03-25 04:59:45.000,2022-03-25 11:52:26.802
14499,CE16,126.0,2620.0,2,2021-09-13 14:56:57.000,2021-09-13 22:14:07.000
17686,CP26,92.0,4140.0,1,2022-01-21 15:05:33.000,2022-01-21 23:59:32.000
25714,CP26,89.0,4540.0,1,2022-10-24 15:02:18.688,2022-10-24 23:25:56.862
19171,CE09B,106.0,2120.0,1,2022-03-21 04:57:04.000,2022-03-21 13:12:23.477
20855,CE39,66.0,560.0,1,2022-05-18 14:38:21.000,2022-05-18 19:29:15.198
18075,Óbidos CE01,137.0,1540.0,1,2022-02-07 14:25:38.000,2022-02-08 00:27:37.000
30450,Óbidos CE01,128.0,1060.0,1,2023-04-07 05:03:06.283,2023-04-07 11:11:39.258
2041,CE46,93.0,2400.0,1,2020-02-26 05:00:32.000,2020-02-26 12:46:51.000
4585,CE07,78.0,2240.0,1,2020-07-08 14:56:37.000,2020-07-09 01:14:28.000
13250,CE07,82.0,1640.0,1,2021-07-30 04:57:40.000,2021-07-30 11:41:05.000
14934,CE07,83.0,2200.0,1,2021-09-29 14:58:43.000,2021-09-29 22:08:22.000
2251,CE24,170.0,2040.0,1,2020-03-09 14:54:46.000,2020-03-09 22:15:21.000
22805,CE24,106.0,1980.0,1,2022-07-21 05:07:32.000,2022-07-21 12:02:17.368
6684,CE34,137.0,1360.0,1,2020-10-12 15:00:41.000,2020-10-12 22:22:26.000
11349,CE34,150.0,2160.0,1,2021-05-18 04:16:00.000,2021-05-18 11:59:21.000
25773,CE16,127.0,1840.0,2,2022-10-26 14:59:00.645,2022-10-26 22:32:14.959
19885,CP18B,126.0,1720.0,1,2022-04-14 05:04:41.000,2022-04-14 11:38:21.097
4875,CE50,147.0,1780.0,1,2020-07-22 04:33:13.000,2020-07-22 12:24:59.000
9867,CE50,140.0,2060.0,1,2021-03-16 04:42:15.000,2021-03-16 13:30:06.000
13942,CE40,50.0,940.0,1,2021-08-24 15:22:25.000,2021-08-24 19:22:27.000
34233,CP29,128.0,3420.0,1,2023-07-31 04:43:42.744,2023-07-31 12:56:36.116
17313,CE10B,81.0,1860.0,1,2022-01-06 04:58:59.000,2022-01-06 12:04:35.000
13101,CP12,144.0,3020.0,1,2021-07-26 04:59:26.000,2021-07-26 12:30:34.000
26208,CP27,136.0,2780.0,1,2022-11-10 15:11:27.294,2022-11-10 23:05:30.697
7322,CE07,90.0,2460.0,1,2020-11-11 04:56:40.000,2020-11-11 15:53:59.000
9196,CE16,133.0,2080.0,1,2021-02-11 14:16:56.000,2021-02-11 22:16:53.000
13053,CE16,126.0,1420.0,1,2021-07-24 04:55:53.000,2021-07-24 13:29:21.000
2620,CE09B,102.0,2020.0,1,2020-03-30 04:52:47.000,2020-03-30 11:57:45.000
10918,CE27,133.0,2200.0,1,2021-04-30 14:51:18.000,2021-04-30 22:08:30.000
14252,CE27,128.0,1900.0,1,2021-09-03 14:39:36.000,2021-09-03 21:42:37.000
29430,CP26,68.0,3660.0,1,2023-03-03 15:34:41.593,2023-03-03 23:39:27.376
25959,CE10B,71.0,2600.0,1,2022-11-02 15:06:43.677,2022-11-02 23:07:54.153
41086,,122.0,2260.0,1,2024-02-06 14:57:33.869,2024-02-06 21:50:58.388
3931,CE19,119.0,2140.0,1,2020-06-05 14:51:30.000,2020-06-05 23:07:38.000
2026,CE41B,100.0,2480.0,1,2020-02-25 04:32:39.000,2020-02-25 12:33:00.000
5848,CE37B,105.0,2320.0,1,2020-09-02 15:00:14.000,2020-09-02 22:25:15.000
4454,CE34,154.0,2480.0,1,2020-07-01 15:07:14.000,2020-07-01 22:52:50.000
29428,CE38B,134.0,2040.0,1,2023-03-03 15:00:00.587,2023-03-03 22:10:15.697
13747,CE05,127.0,2360.0,1,2021-08-17 14:54:48.000,2021-08-17 22:04:20.000
3252,CE04,113.0,2080.0,1,2020-05-01 06:19:13.000,2020-05-01 12:25:50.000
10293,CE04,114.0,2200.0,1,2021-04-05 04:57:00.000,2021-04-05 11:35:43.000
16161,CE04,117.0,1780.0,1,2021-11-17 04:56:36.000,2021-11-17 12:30:31.000
12233,CE50,141.0,2280.0,1,2021-06-23 14:42:53.000,2021-06-23 21:30:23.000
36729,Óbidos CE01,128.0,1200.0,1,2023-10-06 04:59:27.218,2023-10-06 10:52:28.889
32955,CP12,144.0,1840.0,1,2023-06-23 04:32:34.415,2023-06-23 13:08:12.181
1724,CE41B,102.0,1760.0,1,2020-02-07 04:50:21.000,2020-02-07 11:00:59.000
7305,CE41B,118.0,3520.0,1,2020-11-10 04:39:11.000,2020-11-10 14:59:47.000
16327,CE34,142.0,2020.0,1,2021-11-24 14:55:00.000,2021-11-24 22:02:18.000
18491,CE08,190.0,1680.0,1,2022-02-24 14:58:54.000,2022-02-24 22:03:39.464
31602,CP29,129.0,3340.0,1,2023-05-13 10:24:05.837,2023-05-13 18:52:02.591
2992,CE12,124.0,1740.0,1,2020-04-20 04:56:27.000,2020-04-20 11:10:33.000
11240,CE12,132.0,2060.0,1,2021-05-13 04:42:48.000,2021-05-13 12:02:10.000
3115,CP09B,105.0,1660.0,1,2020-04-24 04:49:56.000,2020-04-24 11:41:48.000
11749,CE29,131.0,2600.0,1,2021-06-03 04:46:34.000,2021-06-03 12:45:54.000
17971,CE30B,131.0,1640.0,2,2022-02-02 14:53:11.000,2022-02-02 20:57:46.000
34078,CP29,130.0,2740.0,1,2023-07-26 04:57:34.146,2023-07-26 13:12:58.778
15023,CE27,181.0,1960.0,1,2021-10-02 04:42:30.000,2021-10-02 13:49:31.000
21430,CP26,87.0,4400.0,1,2022-06-06 14:56:21.000,2022-06-06 22:26:21.164
29834,CP26,86.0,3500.0,1,2023-03-17 15:03:00.150,2023-03-17 22:29:22.517
28836,CP27,140.0,2300.0,1,2023-02-09 04:56:27.775,2023-02-09 13:01:34.031
7159,CE41B,112.0,2460.0,1,2020-11-03 04:25:59.000,2020-11-03 12:22:24.000
22165,CE34,150.0,1920.0,1,2022-06-30 15:03:05.000,2022-06-30 22:09:12.923
18782,,158.0,8980.0,1,2022-03-07 05:52:26.000,2022-03-07 15:03:27.355
25890,Óbidos CE01,145.0,1840.0,1,2022-10-31 14:54:17.204,2022-10-31 22:53:13.319
24484,CP26,90.0,4040.0,1,2022-09-12 15:04:50.256,2022-09-12 23:37:53.228
23025,CE19,109.0,1460.0,1,2022-07-28 14:51:00.000,2022-07-28 21:08:45.601
20818,CE50,143.0,1560.0,1,2022-05-17 14:57:56.000,2022-05-17 22:13:16.751
8174,CE34,144.0,2260.0,1,2020-12-23 15:05:56.000,2020-12-23 21:51:21.000
33378,CE34,151.0,1780.0,1,2023-07-06 14:58:23.565,2023-07-06 21:50:42.461
16316,CE24,171.0,1880.0,1,2021-11-24 05:01:01.000,2021-11-24 13:20:07.000
3185,CE01,234.0,1920.0,1,2020-04-29 04:43:35.000,2020-04-29 12:53:29.000
17770,CP29,128.0,2500.0,1,2022-01-25 05:04:20.000,2022-01-25 18:07:38.918
3820,Óbidos CE02,115.0,1500.0,1,2020-06-01 14:46:39.000,2020-06-01 20:55:29.000
4367,CE35,127.0,2680.0,1,2020-06-26 04:51:44.000,2020-06-26 12:55:15.000
15702,CE12,126.0,1260.0,1,2021-10-29 04:39:03.000,2021-10-29 12:07:27.000
15320,CE27,127.0,1860.0,1,2021-10-14 14:52:50.000,2021-10-14 21:42:15.000
16878,CE26,96.0,1880.0,1,2021-12-17 14:59:53.000,2021-12-17 22:48:20.000
26163,CE29,138.0,2340.0,1,2022-11-09 05:10:16.766,2022-11-09 14:21:56.106
17365,CP12,130.0,2300.0,1,2022-01-08 04:39:48.000,2022-01-08 12:47:48.000
10008,CE34,149.0,2620.0,1,2021-03-23 14:54:09.000,2021-03-23 22:23:32.000
12562,CE34,145.0,1980.0,1,2021-07-06 14:58:05.000,2021-07-06 21:09:30.000
28813,CP07,88.0,3240.0,4,2023-02-08 14:18:40.386,2023-02-08 22:26:12.229
36983,CP07,83.0,2760.0,3,2023-10-13 15:08:08.547,2023-10-13 22:40:39.332
14171,CE07,87.0,2880.0,1,2021-09-01 14:53:07.000,2021-09-01 22:41:25.000
14668,,164.0,18480.0,1,2021-09-18 07:02:32.000,2021-09-18 17:26:10.000
5244,,117.0,9140.0,1,2020-08-06 06:02:02.000,2020-08-06 12:27:14.000
6238,CE21B,85.0,2460.0,1,2020-09-21 14:28:21.000,2020-09-21 20:39:14.000
33738,CP07,85.0,3760.0,3,2023-07-17 15:02:50.595,2023-07-17 23:47:00.245
3565,,161.0,11340.0,1,2020-05-18 15:01:22.000,2020-05-18 22:26:57.000
9140,CE18B,123.0,1720.0,1,2021-02-09 05:00:47.000,2021-02-09 13:25:23.000
9931,CP35,122.0,2140.0,1,2021-03-18 04:42:09.000,2021-03-18 13:19:11.000
17834,CP32,139.0,1500.0,1,2022-01-27 05:12:01.000,2022-01-27 12:13:03.000
26606,CP32,133.0,1720.0,1,2022-11-24 04:38:54.967,2022-11-24 11:51:14.870
12982,CP52,196.0,2660.0,1,2021-07-21 14:23:28.000,2021-07-21 21:36:13.000
21224,CP52,175.0,2220.0,1,2022-05-30 05:00:31.000,2022-05-30 12:09:27.729
19447,CE38B,139.0,1820.0,1,2022-03-30 14:56:01.000,2022-03-30 23:26:52.090
1960,,120.0,6740.0,1,2020-02-20 06:03:32.000,2020-02-20 13:25:10.000
1729,CE21B,83.0,1300.0,1,2020-02-07 14:55:35.000,2020-02-07 21:58:20.000
43543,,200.0,1760.0,1,2024-04-11 14:58:36.453,2024-04-11 23:41:22.716
20621,CE15,109.0,1240.0,1,2022-05-10 14:48:05.000,2022-05-10 21:07:28.190
36189,,79.0,9500.0,1,2023-09-20 05:54:07.730,2023-09-20 12:40:03.036
17186,CP15,109.0,2500.0,1,2021-12-30 05:02:57.000,2021-12-30 11:05:24.000
20849,CE33,139.0,1240.0,1,2022-05-18 15:07:07.000,2022-05-18 22:21:04.686
18630,CE51,121.0,2220.0,1,2022-03-02 14:46:52.000,2022-03-02 22:08:47.158
24762,CE15,81.0,1740.0,1,2022-09-20 16:38:05.365,2022-09-20 23:43:07.753
20493,CP32,145.0,1620.0,1,2022-05-05 05:00:25.000,2022-05-05 13:21:24.228
2562,CE15,108.0,1600.0,1,2020-03-26 15:05:45.000,2020-03-26 21:55:28.000
33526,CE20B,101.0,3000.0,1,2023-07-11 04:51:01.474,2023-07-11 14:04:36.488
9215,CP35,128.0,2220.0,1,2021-02-11 04:37:11.000,2021-02-11 12:36:05.000
1336,CP49,157.0,2300.0,1,2020-01-17 04:41:52.000,2020-01-17 12:10:15.000
1518,CP15,112.0,1200.0,1,2020-01-28 14:57:29.000,2020-01-28 22:00:53.000
6681,CE05,124.0,1900.0,1,2020-10-12 15:02:04.000,2020-10-12 21:23:03.000
7467,CE16,146.0,1940.0,1,2020-11-18 05:01:51.000,2020-11-18 13:40:04.000
12615,CE09B,88.0,1600.0,1,2021-07-08 04:48:26.000,2021-07-08 13:00:21.000
11228,CE33,128.0,1060.0,1,2021-05-12 14:57:16.000,2021-05-12 21:18:13.000
18616,,118.0,9440.0,1,2022-02-28 14:52:50.000,2022-02-28 21:25:37.737
23168,CE20B,94.0,2600.0,1,2022-08-02 04:47:10.000,2022-08-02 13:25:01.511
18552,CP35,131.0,2160.0,1,2022-02-26 04:46:26.000,2022-02-26 13:34:36.207
25971,CP52,138.0,1040.0,1,2022-11-02 05:03:58.790,2022-11-02 10:24:36.073
3586,CP15,110.0,2600.0,1,2020-05-19 04:58:25.000,2020-05-19 11:19:29.000
17656,CP01,211.0,1520.0,1,2022-01-20 15:05:08.000,2022-01-20 22:15:59.000
36244,,177.0,2060.0,1,2023-09-21 15:08:58.776,2023-09-21 21:58:09.180
7634,CE16,156.0,1980.0,1,2020-11-26 04:49:10.000,2020-11-26 15:01:10.000
19571,CE09B,107.0,2020.0,1,2022-04-04 04:59:37.000,2022-04-04 13:27:19.640
9689,CE04,115.0,1980.0,1,2021-03-08 05:09:19.000,2021-03-08 12:13:32.000
1950,CP19,147.0,1200.0,1,2020-02-20 04:51:21.000,2020-02-20 13:59:53.000
15837,,201.0,10220.0,1,2021-11-03 15:02:21.000,2021-11-03 22:22:06.000
13114,CE15,118.0,1660.0,1,2021-07-27 14:58:20.000,2021-07-27 22:04:43.000
17315,CP36,124.0,2080.0,1,2022-01-06 05:04:31.000,2022-01-06 12:14:23.000
2880,CP41B,101.0,3040.0,1,2020-04-13 04:54:51.000,2020-04-13 12:01:24.000
2948,CP41B,101.0,2180.0,1,2020-04-16 04:56:34.000,2020-04-16 11:03:28.000
3716,CP03,103.0,2040.0,1,2020-05-26 14:58:18.000,2020-05-26 21:41:46.000
18366,CP01,217.0,2060.0,1,2022-02-18 15:07:31.000,2022-02-18 23:17:20.599
25570,CE38B,133.0,2220.0,1,2022-10-19 04:44:43.818,2022-10-19 11:54:15.854
16594,CE09B,121.0,2220.0,1,2021-12-06 04:34:35.000,2021-12-06 13:09:54.000
2941,CE20B,98.0,3140.0,1,2020-04-16 15:01:52.000,2020-04-16 21:53:39.000
10384,CE51,112.0,2740.0,1,2021-04-08 15:00:45.000,2021-04-08 22:07:53.000
11657,CE51,116.0,2320.0,1,2021-05-31 14:21:17.000,2021-05-31 22:26:43.000
14904,CE51,118.0,2500.0,1,2021-09-28 14:57:45.000,2021-09-28 21:30:39.000
15809,CE51,117.0,2480.0,1,2021-11-03 14:33:56.000,2021-11-03 22:17:46.000
17831,CP36,131.0,2220.0,1,2022-01-27 04:49:05.000,2022-01-27 11:58:37.000
5897,CE30B,156.0,1500.0,1,2020-09-04 04:43:27.000,2020-09-04 11:47:26.000
7561,CE30B,158.0,2420.0,1,2020-11-23 15:11:55.000,2020-11-23 22:18:20.000
1068,CE16,138.0,1340.0,1,2020-01-03 04:43:09.000,2020-01-03 12:10:45.000
1923,CE26,81.0,1880.0,1,2020-02-19 14:59:09.000,2020-02-19 22:18:06.000
6952,CP35,122.0,1680.0,1,2020-10-23 05:02:39.000,2020-10-23 11:24:22.000
18307,CP35,114.0,1580.0,1,2022-02-16 07:30:23.000,2022-02-16 12:05:10.139
15156,CP32,138.0,2380.0,1,2021-10-07 04:32:15.000,2021-10-07 11:30:53.000
16158,CE38B,143.0,1800.0,1,2021-11-17 04:59:29.000,2021-11-17 12:13:57.000
20882,CE38B,144.0,2160.0,1,2022-05-18 05:06:29.000,2022-05-18 12:45:35.596
25300,CE37B,104.0,3400.0,1,2022-10-10 15:04:44.445,2022-10-10 22:04:08.243
17801,CE30B,95.0,600.0,1,2022-01-26 15:18:38.000,2022-01-26 21:44:54.000
2561,CE09B,98.0,1720.0,1,2020-03-26 04:56:52.000,2020-03-26 11:32:05.000
4451,CE20B,94.0,2220.0,1,2020-07-01 05:06:31.000,2020-07-01 11:45:33.000
11855,CE18B,125.0,2260.0,1,2021-06-08 15:04:04.000,2021-06-08 21:24:54.000
4145,CP34,148.0,3100.0,1,2020-06-16 15:11:39.000,2020-06-16 22:29:07.000
16797,CP08,184.0,1600.0,1,2021-12-14 15:24:18.000,2021-12-14 22:07:42.000
1075,CP32,148.0,1960.0,1,2020-01-03 04:59:15.000,2020-01-03 13:02:08.000
23230,CP32,155.0,2100.0,1,2022-08-03 04:43:39.000,2022-08-03 12:39:17.830
28428,CE11,146.0,1380.0,4,2023-01-26 15:27:49.733,2023-01-26 22:16:34.800
23429,,234.0,2800.0,59,2022-08-09 15:01:33.000,2022-08-10 02:04:00.748
37636,,182.0,2720.0,19,2023-10-31 14:58:14.669,2023-10-31 23:31:49.972
36392,,155.0,1800.0,23,2023-09-26 15:10:26.650,2023-09-26 21:38:26.968
7491,CE44,134.0,1440.0,43,2020-11-19 05:00:25.000,2020-11-19 11:59:38.000
14657,,214.0,2480.0,41,2021-09-17 15:04:16.000,2021-09-17 23:23:31.000
29078,,198.0,2300.0,59,2023-02-17 14:59:49.264,2023-02-18 01:19:28.928
3988,CE44,127.0,2620.0,45,2020-06-09 15:02:03.000,2020-06-09 22:32:22.000
5925,CE44,126.0,2140.0,47,2020-09-05 04:44:05.000,2020-09-05 12:40:02.000
16047,,201.0,2180.0,45,2021-11-11 14:53:51.000,2021-11-12 00:02:33.000
32430,,157.0,2040.0,23,2023-06-07 15:13:03.382,2023-06-07 21:44:20.417
32562,,172.0,3020.0,35,2023-06-12 14:59:03.335,2023-06-13 00:30:03.244
33805,,151.0,2260.0,30,2023-07-18 15:39:06.385,2023-07-18 22:19:23.416
39893,,168.0,2620.0,46,2024-01-03 15:06:13.460,2024-01-03 21:53:56.932
14242,,219.0,2280.0,48,2021-09-02 15:03:41.000,2021-09-02 23:03:34.000
10740,,162.0,2140.0,29,2021-04-21 14:34:34.000,2021-04-21 23:06:35.000
4110,CE09B,103.0,2120.0,2,2020-06-15 05:05:35.000,2020-06-15 12:43:04.000
11917,CE09B,105.0,1540.0,2,2021-06-10 05:05:12.000,2021-06-10 12:25:51.000
2162,CP13,121.0,2940.0,46,2020-03-03 15:01:42.000,2020-03-03 22:37:44.000
4911,CE13,115.0,1820.0,50,2020-07-23 14:29:20.000,2020-07-23 21:37:44.000
26472,,170.0,1960.0,35,2022-11-18 15:11:34.058,2022-11-18 22:50:03.357
5832,CP13,123.0,2040.0,42,2020-09-01 05:05:04.000,2020-09-01 13:49:15.000
25701,CE39,94.0,3300.0,2,2022-10-24 14:53:41.863,2022-10-24 23:43:29.680
37113,,152.0,8720.0,22,2023-10-17 05:49:16.009,2023-10-17 13:55:13.276
3149,CP02,183.0,2920.0,2,2020-04-27 14:56:48.000,2020-04-27 23:10:10.000
40776,,203.0,2840.0,20,2024-01-29 15:07:40.673,2024-01-29 23:06:03.296
3358,CP06,185.0,2360.0,49,2020-05-07 14:57:50.000,2020-05-07 21:05:46.000
35477,,176.0,2040.0,24,2023-08-31 14:55:21.812,2023-08-31 23:04:38.145
19570,,225.0,2460.0,55,2022-04-02 05:05:52.000,2022-04-02 13:27:32.120
41128,,143.0,2480.0,36,2024-02-07 04:52:33.057,2024-02-07 12:03:10.492
3741,CE01,241.0,2360.0,1,2020-05-27 04:44:22.000,2020-05-27 13:24:43.000
20551,,217.0,2240.0,47,2022-05-06 14:11:04.000,2022-05-07 00:03:57.769
3479,CE13,125.0,1920.0,43,2020-05-14 15:01:55.000,2020-05-14 21:20:07.000
37834,,145.0,2660.0,13,2023-11-06 15:09:57.093,2023-11-06 22:02:49.276
12087,CE12,129.0,2520.0,1,2021-06-17 04:48:45.000,2021-06-17 13:57:46.000
26975,,166.0,2160.0,44,2022-12-06 14:58:57.192,2022-12-06 23:53:03.050
25328,,210.0,3260.0,48,2022-10-10 16:20:11.366,2022-10-11 00:34:55.778
6569,CP13,133.0,3640.0,49,2020-10-06 14:58:41.000,2020-10-06 23:06:34.000
9280,,206.0,2520.0,29,2021-02-15 14:20:27.000,2021-02-16 00:10:51.000
24914,CE39,120.0,3500.0,2,2022-09-26 15:01:33.956,2022-09-26 23:52:01.371
29687,Óbidos CE01,152.0,2000.0,1,2023-03-13 14:17:01.251,2023-03-13 23:46:54.937
34604,CP26,91.0,3900.0,1,2023-08-09 15:00:38.019,2023-08-09 23:56:19.177
14367,,187.0,1320.0,32,2021-09-07 14:59:51.000,2021-09-07 22:04:43.000
42686,,146.0,2960.0,25,2024-03-20 14:31:50.541,2024-03-20 21:54:49.247
43545,,131.0,2500.0,35,2024-04-11 15:53:29.147,2024-04-11 22:18:58.505
37427,,226.0,3920.0,1,2023-10-25 15:31:07.563,2023-10-26 01:57:29.078
37381,,169.0,2740.0,12,2023-10-24 15:06:49.086,2023-10-24 23:21:07.153
15393,,126.0,1220.0,21,2021-10-16 12:38:46.000,2021-10-16 18:16:22.000
16801,,214.0,1980.0,41,2021-12-13 14:36:07.000,2021-12-14 00:28:46.000
10096,CE19,109.0,1960.0,1,2021-03-26 14:57:42.000,2021-03-26 23:02:24.000
7658,CE11,86.0,1160.0,3,2020-11-27 15:13:26.000,2020-11-28 00:47:05.000
19804,CE30B,93.0,840.0,2,2022-04-12 15:00:42.000,2022-04-12 19:10:48.230
1099,CE24,167.0,2160.0,1,2020-01-06 14:59:23.000,2020-01-06 22:23:52.000
27515,,222.0,2220.0,46,2022-12-26 15:03:54.810,2022-12-27 02:31:16.983
14625,CE08,187.0,2400.0,1,2021-09-17 14:57:30.000,2021-09-17 22:25:26.000
8552,CP13,117.0,1940.0,44,2021-01-12 04:38:29.000,2021-01-12 11:52:22.000
23062,,198.0,2420.0,48,2022-07-28 15:28:58.000,2022-07-29 02:41:26.809
4719,CP13,124.0,2500.0,54,2020-07-14 15:04:27.000,2020-07-15 00:00:44.000
13731,,154.0,2340.0,51,2021-08-16 14:24:11.000,2021-08-16 22:25:21.000
16178,,203.0,3080.0,34,2021-11-16 14:57:04.000,2021-11-17 01:06:36.000
13073,,176.0,1740.0,36,2021-07-23 14:55:41.000,2021-07-23 21:50:23.000
25381,CP35,134.0,2500.0,3,2022-10-12 04:47:07.000,2022-10-12 12:45:15.005
8263,,11.0,8860.0,1,2020-12-28 05:36:55.000,2020-12-28 14:11:25.000
24931,,198.0,2880.0,49,2022-09-26 14:52:06.692,2022-09-27 01:21:36.226
36155,,147.0,2260.0,23,2023-09-19 15:13:25.453,2023-09-19 23:06:23.568
2690,CE13,120.0,1880.0,45,2020-04-02 14:58:32.000,2020-04-02 21:38:52.000
21528,CE33,133.0,2240.0,1,2022-06-09 15:00:10.000,2022-06-09 21:11:20.822
21777,CE46,96.0,1620.0,1,2022-06-17 05:01:49.000,2022-06-17 11:43:24.440
5189,,165.0,9280.0,25,2020-08-04 14:52:42.000,2020-08-04 22:14:29.000
9426,,134.0,9900.0,1,2021-02-22 15:00:57.000,2021-02-22 21:44:28.000
8415,CP06,180.0,2300.0,48,2021-01-05 14:36:04.000,2021-01-05 21:56:30.000
15925,CE20B,95.0,2220.0,2,2021-11-08 05:14:38.000,2021-11-08 15:05:07.000
5863,,193.0,11040.0,32,2020-09-02 08:55:56.000,2020-09-02 16:09:13.000
7175,CP13,150.0,2740.0,48,2020-11-03 16:50:34.000,2020-11-04 00:38:25.000
11457,,201.0,1880.0,35,2021-05-20 15:29:46.000,2021-05-21 00:19:55.000
1662,CP13,120.0,2280.0,36,2020-02-04 15:11:25.000,2020-02-04 23:40:03.000
43996,,158.0,2600.0,55,2024-04-23 05:03:28.520,2024-04-23 11:52:53.570
36000,,152.0,8620.0,16,2023-09-14 14:56:26.240,2023-09-14 21:47:12.230
7317,CP44,127.0,1980.0,27,2020-11-10 15:26:32.000,2020-11-10 21:51:57.000
22178,CP36,129.0,2660.0,1,2022-06-30 15:10:17.000,2022-06-30 22:38:05.707
21655,,213.0,2160.0,50,2022-06-13 15:33:06.000,2022-06-14 01:01:14.944
31705,,191.0,2480.0,56,2023-05-16 15:03:03.357,2023-05-17 00:30:44.542
8093,CP11,150.0,2500.0,13,2020-12-18 04:59:01.000,2020-12-18 11:48:53.000
26555,,147.0,2380.0,36,2022-11-22 14:56:24.721,2022-11-22 21:51:38.054
8166,CP13,118.0,3240.0,49,2020-12-22 15:03:57.000,2020-12-22 23:38:17.000
4575,CP13,123.0,1840.0,42,2020-07-07 15:06:17.000,2020-07-07 23:28:16.000
15599,CP07,82.0,3420.0,4,2021-10-25 15:04:15.000,2021-10-25 23:32:59.000
21203,CP07,95.0,1300.0,3,2022-05-28 10:10:19.000,2022-05-28 17:10:48.894
8583,CP01,235.0,2000.0,1,2021-01-13 05:04:16.000,2021-01-13 13:09:11.000
15902,,228.0,2320.0,51,2021-11-05 14:58:48.000,2021-11-06 00:10:36.000
24019,,202.0,2700.0,59,2022-08-27 04:53:38.000,2022-08-27 14:37:05.003
42262,,159.0,2200.0,31,2024-03-08 14:49:09.128,2024-03-08 22:47:19.377
41922,,163.0,8920.0,10,2024-02-29 05:53:25.942,2024-02-29 12:16:37.991
40676,,141.0,9180.0,13,2024-01-25 15:31:24.452,2024-01-25 23:10:08.771
30941,CE39,139.0,3100.0,1,2023-04-24 15:03:10.259,2023-04-24 22:53:58.672
20081,CP18B,128.0,2060.0,1,2022-04-21 04:54:01.000,2022-04-21 12:13:33.265
11205,CE50,141.0,1920.0,1,2021-05-12 14:58:50.000,2021-05-12 21:44:27.000
11676,,172.0,2840.0,44,2021-05-31 14:52:42.000,2021-05-31 23:59:00.000
12953,,161.0,3800.0,58,2021-07-20 15:03:29.000,2021-07-20 23:58:37.000
10745,,154.0,2640.0,31,2021-04-22 14:59:36.000,2021-04-23 00:19:07.000
42204,,194.0,2520.0,5,2024-03-07 15:25:12.961,2024-03-07 22:54:17.278
6674,CE39,103.0,3240.0,1,2020-10-12 14:44:30.000,2020-10-12 22:51:19.000
44182,,154.0,2280.0,10,2024-04-26 15:19:30.933,2024-04-26 22:30:13.432
18549,CE01,209.0,1800.0,1,2022-02-26 04:57:29.000,2022-02-26 12:49:59.517
36243,,113.0,1500.0,11,2023-09-21 15:02:36.661,2023-09-21 21:16:50.911
12864,CE16,130.0,1800.0,2,2021-07-17 13:02:58.000,2021-07-17 19:45:55.000
18256,,247.0,3020.0,45,2022-02-14 15:02:09.000,2022-02-15 01:09:39.000
32740,,164.0,2100.0,43,2023-06-16 15:30:45.746,2023-06-16 23:45:17.700
29732,CP12,129.0,2460.0,1,2023-03-14 04:53:31.032,2023-03-14 11:59:16.483
32641,CP12,130.0,1580.0,1,2023-06-14 04:54:10.428,2023-06-14 11:59:06.131
20340,,132.0,1320.0,2,2022-04-29 15:02:14.000,2022-04-29 21:31:04.829
22365,CE19,102.0,1860.0,1,2022-07-07 15:01:37.000,2022-07-07 21:30:55.896
18753,,225.0,2260.0,52,2022-03-05 04:50:45.000,2022-03-05 14:24:42.854
9598,CE37B,100.0,2380.0,1,2021-03-03 14:54:00.000,2021-03-03 22:03:57.000
9693,CE09B,103.0,2620.0,2,2021-03-08 04:45:05.000,2021-03-08 13:10:24.000
28718,CE34,154.0,1980.0,1,2023-02-06 14:48:45.448,2023-02-06 22:14:42.048
31593,,184.0,2100.0,42,2023-05-12 14:59:00.793,2023-05-12 23:02:30.458
39740,,155.0,2700.0,2,2023-12-29 14:27:28.055,2023-12-29 23:21:07.951
17089,,220.0,3240.0,61,2021-12-27 15:00:49.000,2021-12-28 02:53:11.000
16514,CE51,121.0,2400.0,1,2021-12-02 14:39:16.000,2021-12-02 22:02:41.000
7436,CE15,126.0,1740.0,1,2020-11-17 14:43:04.000,2020-11-17 21:16:40.000
20056,CP07,102.0,1500.0,3,2022-04-20 15:02:41.000,2022-04-21 00:02:51.258
41360,,146.0,1960.0,2,2024-02-13 14:30:38.151,2024-02-13 21:12:26.980
33493,CP35,128.0,3180.0,4,2023-07-10 04:51:00.685,2023-07-10 12:24:59.303
15839,,193.0,2920.0,36,2021-11-03 15:01:56.000,2021-11-03 23:21:04.000
26052,CP11,145.0,1460.0,2,2022-11-04 14:51:58.588,2022-11-04 21:10:16.733
10530,CE37B,93.0,2420.0,2,2021-04-14 04:54:43.000,2021-04-14 11:42:14.000
37469,,177.0,2660.0,12,2023-10-26 14:55:57.060,2023-10-26 21:39:51.380
15658,,242.0,2540.0,43,2021-10-26 15:09:09.000,2021-10-27 00:47:46.000
9404,CE04,113.0,2540.0,1,2021-02-22 04:56:39.000,2021-02-22 11:22:41.000
13742,CE04,110.0,1500.0,1,2021-08-17 04:46:04.000,2021-08-17 12:09:13.000
29417,,149.0,8160.0,2,2023-03-02 15:03:24.938,2023-03-02 22:12:48.213
8301,CE50,157.0,2160.0,1,2020-12-30 15:05:09.000,2020-12-31 00:35:49.000
27940,CE40,48.0,1000.0,2,2023-01-10 08:08:42.921,2023-01-10 12:12:11.201
36627,,157.0,2160.0,16,2023-10-03 15:24:05.095,2023-10-03 23:09:27.245
12942,CP31,208.0,2180.0,1,2021-07-20 14:54:00.000,2021-07-20 21:37:55.000
11780,CE26,90.0,2180.0,2,2021-06-04 14:50:10.000,2021-06-04 23:50:56.000
34369,CE34,154.0,1880.0,2,2023-08-03 15:03:29.417,2023-08-03 22:42:46.359
11941,CE19,112.0,1580.0,1,2021-06-11 04:42:10.000,2021-06-11 11:33:24.000
19709,CE19,117.0,1180.0,2,2022-04-08 05:01:21.000,2022-04-08 12:29:44.504
3174,CP09B,101.0,2660.0,1,2020-04-28 04:51:41.000,2020-04-28 11:18:04.000
15480,CP07,87.0,2640.0,3,2021-10-20 05:03:19.000,2021-10-20 12:43:18.000
7295,CE11,152.0,1760.0,10,2020-11-10 05:03:15.000,2020-11-10 13:04:52.000
29547,,156.0,2360.0,41,2023-03-07 15:42:33.623,2023-03-07 23:28:14.666
13743,CE41B,109.0,2440.0,2,2021-08-17 04:49:52.000,2021-08-17 13:17:36.000
32429,,157.0,2040.0,21,2023-06-07 15:07:31.057,2023-06-07 21:11:14.847
35281,CP26,89.0,4180.0,1,2023-08-28 14:58:46.859,2023-08-28 23:31:17.946
39513,CP26,94.0,4240.0,1,2023-12-22 04:53:00.462,2023-12-22 13:56:52.511
14828,CP12,155.0,2280.0,1,2021-09-24 05:00:58.000,2021-09-24 13:23:36.000
39072,,164.0,2920.0,12,2023-12-11 15:29:13.407,2023-12-11 23:45:24.529
15638,CE30B,137.0,1700.0,2,2021-10-27 14:57:55.000,2021-10-27 22:01:38.000
16083,CE08,188.0,1580.0,1,2021-11-13 04:56:27.000,2021-11-13 12:11:32.000
3614,CP13,120.0,2220.0,42,2020-05-19 16:42:30.000,2020-05-20 00:55:49.000
6220,,192.0,9420.0,22,2020-09-18 05:34:35.000,2020-09-18 15:39:49.000
9170,CE46,90.0,1940.0,1,2021-02-10 04:59:13.000,2021-02-10 13:05:00.000
38129,,153.0,2140.0,18,2023-11-14 16:11:01.166,2023-11-14 23:31:29.052
21684,CP40,49.0,1220.0,1,2022-06-14 21:02:11.000,2022-06-15 00:38:25.940
35257,,167.0,2140.0,19,2023-08-25 15:33:03.396,2023-08-25 23:41:04.198
10354,CE20B,95.0,3720.0,2,2021-04-07 14:20:52.000,2021-04-07 22:02:57.000
38155,CP07,87.0,3580.0,4,2023-11-15 14:59:01.869,2023-11-15 22:41:09.395
38311,CP07,81.0,3100.0,4,2023-11-20 04:43:32.496,2023-11-20 14:02:55.260
23106,,128.0,9820.0,13,2022-07-29 15:12:27.000,2022-07-29 20:57:09.279
1480,CP33,149.0,1760.0,1,2020-01-25 04:40:27.000,2020-01-25 11:01:22.000
25067,CP07,84.0,2640.0,4,2022-09-30 14:56:23.777,2022-09-30 21:15:48.548
8011,CE05,123.0,1780.0,1,2020-12-15 05:01:56.000,2020-12-15 12:13:53.000
17016,CE09B,106.0,2020.0,1,2021-12-23 04:53:25.000,2021-12-23 13:03:04.000
2358,CP43,130.0,1480.0,4,2020-03-13 14:28:34.000,2020-03-13 19:36:58.000
10436,,112.0,1260.0,1,2021-04-09 05:31:38.000,2021-04-09 11:25:42.000
2181,CP30B,147.0,1980.0,1,2020-03-04 14:48:20.000,2020-03-04 21:46:56.000
8642,CP19,104.0,1820.0,1,2021-01-15 14:32:34.000,2021-01-15 21:32:54.000
33930,CP26,93.0,4540.0,1,2023-07-21 14:59:05.783,2023-07-22 00:15:29.822
39150,CP26,92.0,4600.0,1,2023-12-13 04:51:43.577,2023-12-13 12:12:54.727
36457,CP12,144.0,2160.0,1,2023-09-28 04:40:11.281,2023-09-28 12:59:21.130
24202,CP07,88.0,1980.0,3,2022-09-02 05:07:17.000,2022-09-02 13:08:49.785
17937,CE41B,102.0,2620.0,2,2022-02-01 04:47:34.000,2022-02-01 12:08:46.000
11253,CP28,164.0,2060.0,1,2021-05-13 04:52:46.000,2021-05-13 14:48:19.000
26795,,139.0,9400.0,9,2022-11-30 06:01:06.177,2022-11-30 13:50:49.247
38678,,189.0,2060.0,1,2023-11-29 15:28:48.233,2023-11-29 23:32:56.328
20220,,99.0,7780.0,1,2022-04-25 15:01:02.000,2022-04-25 20:59:13.868
34756,CP07,93.0,3080.0,4,2023-08-14 15:09:55.471,2023-08-14 22:44:01.430
32929,,170.0,8880.0,13,2023-06-22 15:07:45.799,2023-06-22 23:47:53.375
3914,CP28,167.0,2420.0,2,2020-06-04 05:01:52.000,2020-06-04 12:36:22.000
4290,CP14,142.0,2040.0,1,2020-06-23 04:45:55.000,2020-06-23 10:53:34.000
30849,CP15,99.0,1500.0,1,2023-04-20 14:52:43.412,2023-04-20 21:43:11.599
8899,CE38B,142.0,2780.0,1,2021-01-28 14:50:40.000,2021-01-28 22:05:36.000
2750,CE16,139.0,3100.0,1,2020-04-06 04:51:23.000,2020-04-06 13:51:47.000
7271,CE09B,103.0,2320.0,2,2020-11-09 04:44:47.000,2020-11-09 14:00:29.000
26694,CE09B,107.0,2620.0,1,2022-11-28 04:53:52.551,2022-11-28 12:11:58.747
18974,CE04,121.0,1800.0,1,2022-03-14 05:07:19.000,2022-03-14 13:06:44.020
1622,CP43,121.0,1180.0,2,2020-02-01 04:50:09.000,2020-02-01 11:54:01.000
7600,CP43,118.0,1460.0,4,2020-11-24 14:52:24.000,2020-11-24 21:06:40.000
14793,CP18B,124.0,1900.0,1,2021-09-23 05:00:24.000,2021-09-23 12:48:07.000
6343,CE50,138.0,2020.0,1,2020-09-25 14:29:57.000,2020-09-25 22:29:50.000
15756,Óbidos CE02,126.0,1520.0,1,2021-11-01 05:09:42.000,2021-11-01 11:51:17.000
13036,CP35,127.0,2260.0,3,2021-07-23 04:43:50.000,2021-07-23 13:53:13.000
36373,CP35,131.0,3060.0,3,2023-09-26 05:06:37.442,2023-09-26 13:58:33.977
24672,CP11,143.0,2000.0,3,2022-09-17 04:57:18.997,2022-09-17 12:43:43.605
16990,CE26,90.0,2180.0,2,2021-12-22 15:07:19.000,2021-12-22 22:40:49.000
15893,CP39,102.0,3160.0,1,2021-11-05 15:00:29.000,2021-11-06 02:05:40.000
29116,CP12,125.0,2220.0,1,2023-02-20 05:05:23.403,2023-02-20 12:04:03.381
16872,CE11,147.0,1440.0,5,2021-12-17 14:54:50.000,2021-12-17 21:02:48.000
12895,CE09B,104.0,2520.0,2,2021-07-19 04:44:46.000,2021-07-19 12:56:19.000
7438,CE34,156.0,2140.0,1,2020-11-17 14:49:35.000,2020-11-17 21:58:46.000
15124,CE34,144.0,2280.0,1,2021-10-06 04:56:59.000,2021-10-06 13:23:36.000
16812,CE34,150.0,2060.0,1,2021-12-15 14:54:38.000,2021-12-15 21:24:00.000
18498,CE34,147.0,2020.0,1,2022-02-24 14:54:16.000,2022-02-24 21:29:59.256
39642,,117.0,3420.0,1,2023-12-27 15:01:29.412,2023-12-27 22:20:11.742
19314,,108.0,3480.0,2,2022-03-24 14:55:48.000,2022-03-24 18:10:27.352
6995,,148.0,9900.0,2,2020-10-26 14:16:11.000,2020-10-26 22:44:21.000
1352,CP43,122.0,1400.0,1,2020-01-18 04:54:09.000,2020-01-18 10:34:30.000
13469,CP35,135.0,2300.0,3,2021-08-06 04:39:58.000,2021-08-06 13:33:57.000
5869,CE20B,94.0,3560.0,1,2020-09-03 14:54:55.000,2020-09-03 22:17:11.000
12328,CP07,52.0,1500.0,2,2021-06-25 20:12:11.000,2021-06-25 23:34:00.000
6125,CP35,128.0,2560.0,1,2020-09-15 04:44:43.000,2020-09-15 11:51:33.000
1732,CP11,159.0,1420.0,6,2020-02-07 04:53:48.000,2020-02-07 10:23:40.000
9466,CP15,99.0,1920.0,1,2021-02-24 14:53:31.000,2021-02-24 20:29:01.000
18337,CP15,102.0,1540.0,1,2022-02-17 15:01:23.000,2022-02-17 21:14:02.911
26438,CE11,157.0,1680.0,5,2022-11-18 14:54:21.337,2022-11-18 22:40:55.307
2124,CE27,133.0,2460.0,1,2020-03-02 15:16:06.000,2020-03-02 23:18:37.000
1102,CP30B,156.0,2620.0,1,2020-01-06 15:01:28.000,2020-01-06 22:01:36.000
16590,CE12,121.0,1900.0,2,2021-12-06 05:05:28.000,2021-12-06 14:02:07.000
16054,CE41B,111.0,1700.0,2,2021-11-12 04:43:51.000,2021-11-12 13:24:48.000
33638,,107.0,9140.0,3,2023-07-13 06:13:11.101,2023-07-13 12:30:28.268
4567,CP10B,86.0,2780.0,2,2020-07-07 04:52:28.000,2020-07-07 11:02:32.000
1551,CP07,78.0,3700.0,3,2020-01-29 05:07:27.000,2020-01-29 12:08:19.000
2080,CP03,112.0,1600.0,1,2020-02-27 15:21:46.000,2020-02-27 21:07:48.000
30857,CP01,220.0,1800.0,1,2023-04-20 04:56:47.676,2023-04-20 13:26:44.317
12408,CE11,145.0,1800.0,6,2021-06-30 14:27:33.000,2021-06-30 22:11:39.000
26060,CE38B,119.0,2740.0,1,2022-11-03 17:52:37.369,2022-11-04 01:21:44.932
16513,CE37B,96.0,1800.0,2,2021-12-02 14:42:56.000,2021-12-02 22:26:21.000
30260,CE11,150.0,2040.0,7,2023-04-03 04:55:48.042,2023-04-03 11:55:29.885
8923,CE30B,149.0,1640.0,1,2021-01-29 14:44:54.000,2021-01-29 22:38:35.000
14718,CE30B,129.0,2080.0,2,2021-09-21 15:29:18.000,2021-09-21 23:17:56.000
36630,,134.0,2080.0,3,2023-10-03 15:24:32.420,2023-10-03 22:28:02.296
5767,CE16,136.0,1900.0,1,2020-08-29 10:10:42.000,2020-08-29 18:20:30.000
2002,CE09B,100.0,2020.0,2,2020-02-24 04:48:21.000,2020-02-24 12:11:18.000
1309,CE35,119.0,2220.0,2,2020-01-16 05:04:44.000,2020-01-16 13:34:27.000
1885,CE12,126.0,2580.0,1,2020-02-17 04:49:14.000,2020-02-17 12:35:36.000
2351,CP30B,156.0,1660.0,2,2020-03-13 14:50:23.000,2020-03-13 22:18:13.000
20460,CP07,142.0,1100.0,3,2022-05-04 15:20:19.000,2022-05-05 01:04:09.963
22677,CP11,140.0,1620.0,2,2022-07-16 04:52:13.000,2022-07-16 11:22:30.184
16214,CE35,142.0,1640.0,1,2021-11-19 04:55:35.000,2021-11-19 12:53:42.000
22304,CP05,127.0,1080.0,1,2022-07-05 05:04:09.000,2022-07-05 12:31:58.447
32264,CP35,119.0,1640.0,2,2023-06-02 04:49:57.107,2023-06-02 11:26:44.963
1606,CP39,94.0,2860.0,1,2020-01-31 14:55:18.000,2020-01-31 22:42:58.000
6717,CP40,1.0,460.0,1,2020-10-13 20:35:09.000,2020-10-13 22:51:16.000
9365,CE41B,100.0,1760.0,2,2021-02-19 05:01:36.000,2021-02-19 10:52:46.000
14812,CE41B,117.0,2080.0,2,2021-09-24 05:02:39.000,2021-09-24 11:19:57.000
15518,CP36,127.0,1720.0,1,2021-10-21 14:56:51.000,2021-10-21 22:30:47.000
4265,CP41B,117.0,3680.0,1,2020-06-22 05:02:46.000,2020-06-22 14:10:47.000
11352,CE38B,151.0,2180.0,2,2021-05-18 04:51:50.000,2021-05-18 12:26:58.000
11115,CE16,134.0,1700.0,2,2021-05-08 04:55:32.000,2021-05-08 12:06:35.000
9977,CP23,196.0,1800.0,1,2021-03-20 04:50:12.000,2021-03-20 13:44:14.000
14965,CE50,142.0,2000.0,1,2021-09-30 14:54:22.000,2021-09-30 22:16:12.000
11351,CE40,62.0,900.0,1,2021-05-18 04:58:11.000,2021-05-18 10:44:05.000
6826,Óbidos CE02,117.0,1640.0,1,2020-10-19 14:53:46.000,2020-10-19 22:06:52.000
8926,CE26,97.0,2520.0,1,2021-01-29 14:53:19.000,2021-01-29 22:07:25.000
20529,CP39,110.0,3060.0,1,2022-05-06 15:02:57.000,2022-05-07 00:22:34.854
30239,CP26,88.0,3200.0,1,2023-03-31 14:58:25.222,2023-03-31 23:35:33.198
34469,CP39,111.0,4160.0,1,2023-08-07 14:57:39.037,2023-08-08 00:54:25.681
22934,CE09B,96.0,1500.0,1,2022-07-25 09:31:57.000,2022-07-25 15:36:27.440
11091,CE04,113.0,1420.0,1,2021-05-07 04:58:39.000,2021-05-07 11:06:32.000
20166,CE04,113.0,1980.0,1,2022-04-25 04:50:58.000,2022-04-25 12:08:13.668
33053,CP18B,126.0,2140.0,1,2023-06-27 04:50:46.588,2023-06-27 11:48:35.466
20901,CP25B,110.0,2500.0,1,2022-05-19 04:54:44.000,2022-05-19 11:58:39.130
23254,CE09B,111.0,1920.0,1,2022-08-04 04:43:47.000,2022-08-04 13:15:07.879
25848,CE39,93.0,2400.0,2,2022-10-28 15:00:30.482,2022-10-28 22:42:40.541
1871,CE50,139.0,1740.0,1,2020-02-15 04:50:57.000,2020-02-15 11:32:24.000
13862,CP35,128.0,2300.0,4,2021-08-20 05:36:56.000,2021-08-20 14:15:07.000
7409,Óbidos CE02,117.0,1640.0,1,2020-11-16 14:41:45.000,2020-11-16 22:05:55.000
30668,CP26,90.0,3400.0,1,2023-04-14 14:57:39.973,2023-04-14 23:50:37.974
1944,CE35,78.0,2260.0,1,2020-02-20 04:53:37.000,2020-02-20 11:13:38.000
11828,CE46,110.0,1720.0,1,2021-06-07 04:50:55.000,2021-06-07 13:08:40.000
15530,CE46,92.0,1500.0,1,2021-10-22 04:53:58.000,2021-10-22 11:12:56.000
6900,CP07,79.0,3600.0,3,2020-10-21 04:27:41.000,2020-10-21 11:34:58.000
9438,CE18B,132.0,2060.0,1,2021-02-23 04:52:34.000,2021-02-23 11:48:44.000
3974,CP34,158.0,3960.0,1,2020-06-08 14:59:14.000,2020-06-09 00:35:24.000
25498,CE30B,135.0,1940.0,2,2022-10-17 15:13:26.190,2022-10-17 22:09:10.129
4706,CE16,132.0,2120.0,1,2020-07-14 14:41:41.000,2020-07-14 22:45:00.000
19082,CE09B,108.0,1560.0,1,2022-03-17 04:47:26.000,2022-03-17 11:32:01.313
27154,CE39,93.0,2880.0,1,2022-12-14 15:03:51.367,2022-12-14 22:49:53.262
7660,Óbidos CESexta,120.0,1620.0,1,2020-11-27 05:06:45.000,2020-11-27 11:30:57.000
16606,CP26,91.0,4620.0,1,2021-12-06 14:58:21.000,2021-12-06 23:10:11.000
7965,CE16,139.0,1820.0,1,2020-12-12 04:36:16.000,2020-12-12 14:53:44.000
17100,CE04,97.0,2240.0,1,2021-12-28 05:04:37.000,2021-12-28 12:24:26.000
7324,CE26,132.0,1580.0,1,2020-11-11 15:03:47.000,2020-11-12 00:23:31.000
10658,CE50,139.0,2300.0,1,2021-04-20 14:53:30.000,2021-04-20 22:03:39.000
11430,CE19,110.0,1420.0,1,2021-05-21 05:00:06.000,2021-05-21 12:00:19.000
5788,CE12,120.0,2020.0,1,2020-08-31 04:44:31.000,2020-08-31 13:28:57.000
15235,CP07,82.0,3140.0,4,2021-10-11 15:04:08.000,2021-10-11 22:11:21.000
7441,CE41B,111.0,2600.0,2,2020-11-17 04:26:57.000,2020-11-17 11:41:04.000
14338,CE30B,136.0,2120.0,2,2021-09-07 15:12:02.000,2021-09-07 22:00:34.000
22703,CP29,123.0,3000.0,1,2022-07-18 04:52:24.000,2022-07-18 13:25:17.181
1337,CP39,104.0,3800.0,1,2020-01-17 15:04:42.000,2020-01-17 22:41:43.000
15971,CP29,138.0,2380.0,2,2021-11-09 04:52:20.000,2021-11-09 12:49:52.000
12224,CP07,48.0,1640.0,1,2021-06-21 22:16:54.000,2021-06-22 01:32:47.000
22053,CE26,103.0,2960.0,2,2022-06-27 14:54:04.000,2022-06-28 00:08:19.355
7357,CE09B,130.0,1380.0,2,2020-11-12 05:04:40.000,2020-11-12 13:09:07.000
20695,CE09B,111.0,1900.0,1,2022-05-12 04:35:21.000,2022-05-12 12:53:20.818
5483,CP02,174.0,2540.0,2,2020-08-17 15:18:21.000,2020-08-17 23:48:56.000
7841,Óbidos CE02,113.0,1480.0,1,2020-12-07 05:03:03.000,2020-12-07 12:21:56.000
11180,CE41B,108.0,2620.0,2,2021-05-11 04:35:17.000,2021-05-11 12:48:24.000
20199,CE41B,113.0,2760.0,1,2022-04-26 04:35:17.000,2022-04-26 11:58:08.186
36277,Óbidos CE01,124.0,1620.0,1,2023-09-22 05:10:37.214,2023-09-22 11:03:18.909
8325,CE09B,116.0,3400.0,2,2020-12-31 04:47:13.000,2020-12-31 13:45:58.000
19293,CE34,150.0,1900.0,1,2022-03-24 15:08:53.000,2022-03-24 23:18:11.628
31238,CE30B,134.0,1980.0,1,2023-05-03 15:00:26.290,2023-05-03 22:00:00.684
13055,CE11,153.0,1380.0,3,2021-07-24 04:44:06.000,2021-07-24 11:43:11.000
1451,CE33,139.0,1500.0,1,2020-01-24 15:07:02.000,2020-01-24 22:04:40.000
9773,CE20B,129.0,2780.0,2,2021-03-11 14:32:28.000,2021-03-12 01:04:22.000
3613,CP07,77.0,2240.0,4,2020-05-20 04:56:55.000,2020-05-20 10:54:00.000
33622,CE34,144.0,2000.0,1,2023-07-13 04:44:42.466,2023-07-13 11:53:33.901
36393,,139.0,2220.0,2,2023-09-26 15:18:19.908,2023-09-26 22:00:32.865
2126,CE46,93.0,1700.0,1,2020-03-02 05:03:41.000,2020-03-02 12:33:53.000
35041,,167.0,3140.0,6,2023-08-21 15:01:39.471,2023-08-22 00:48:24.780
36926,,189.0,2440.0,7,2023-10-11 15:00:17.901,2023-10-11 22:39:26.838
5635,CE09B,101.0,2180.0,2,2020-08-24 05:02:45.000,2020-08-24 12:10:53.000
1048,CP28,163.0,2980.0,2,2020-01-02 04:54:54.000,2020-01-02 13:17:24.000
41489,,113.0,1980.0,8,2024-02-16 15:05:11.127,2024-02-16 21:56:22.312
12695,CE37B,105.0,2100.0,2,2021-07-12 15:01:00.000,2021-07-12 23:17:07.000
35864,,166.0,2300.0,4,2023-09-11 15:03:23.925,2023-09-11 22:13:01.068
24627,CE50,141.0,2300.0,1,2022-09-16 14:59:52.267,2022-09-16 21:23:49.279
9678,CE24,168.0,2180.0,1,2021-03-06 04:37:19.000,2021-03-06 11:38:12.000
16540,,129.0,10680.0,2,2021-12-02 15:02:33.000,2021-12-02 22:16:43.000
4464,CP50,141.0,1840.0,1,2020-07-01 04:53:45.000,2020-07-01 12:02:22.000
12740,CE15,118.0,1540.0,1,2021-07-13 04:56:05.000,2021-07-13 12:05:22.000
3744,CE20B,93.0,2800.0,2,2020-05-27 04:42:14.000,2020-05-27 11:43:39.000
9282,CE18B,122.0,2460.0,1,2021-02-16 04:43:58.000,2021-02-16 12:13:06.000
30646,CP35,117.0,1840.0,2,2023-04-13 05:08:43.722,2023-04-13 11:47:02.291
23508,,133.0,10460.0,3,2022-08-11 15:52:53.000,2022-08-11 22:20:52.560
13648,CE37B,101.0,1240.0,1,2021-08-13 14:53:52.000,2021-08-13 22:19:22.000
14811,CE24,187.0,2120.0,1,2021-09-24 14:52:35.000,2021-09-25 00:21:14.000
27186,CE24,174.0,1600.0,1,2022-12-15 14:47:17.258,2022-12-15 21:44:09.886
26011,CP35,124.0,2620.0,2,2022-11-03 04:51:14.869,2022-11-03 12:15:12.802
34914,,203.0,8120.0,1,2023-08-17 06:35:03.804,2023-08-17 15:03:31.905
7381,CE33,145.0,1420.0,1,2020-11-13 15:06:21.000,2020-11-13 21:32:30.000
12478,CE46,92.0,1280.0,1,2021-07-02 04:56:28.000,2021-07-02 11:47:29.000
28766,CP40,51.0,1060.0,1,2023-02-07 14:52:38.116,2023-02-07 18:43:38.910
24267,CP35,127.0,2860.0,4,2022-09-05 04:53:34.000,2022-09-05 12:52:49.460
12299,CP36,140.0,2720.0,1,2021-06-25 14:43:19.000,2021-06-26 00:26:03.000
16678,CE11,158.0,1280.0,5,2021-12-09 14:57:32.000,2021-12-09 21:35:53.000
26422,CP27,146.0,2600.0,1,2022-11-17 04:42:17.270,2022-11-17 11:44:47.610
7445,CE37B,94.0,2260.0,2,2020-11-17 04:53:57.000,2020-11-17 11:36:52.000
10251,CE33,147.0,1900.0,1,2021-04-02 09:33:13.000,2021-04-02 17:05:42.000
1370,CP35,136.0,3180.0,1,2020-01-20 04:52:31.000,2020-01-20 13:21:29.000
4667,CP36,138.0,1980.0,1,2020-07-11 04:55:20.000,2020-07-11 13:58:21.000
21302,CP36,119.0,2360.0,1,2022-06-01 14:42:53.000,2022-06-01 23:40:44.500
16321,CE38B,143.0,1800.0,1,2021-11-24 04:48:32.000,2021-11-24 13:30:46.000
8714,CE37B,95.0,2860.0,2,2021-01-20 15:03:06.000,2021-01-20 21:04:52.000
24738,CE41B,116.0,2840.0,2,2022-09-20 05:55:37.982,2022-09-20 15:21:58.287
3211,CE09B,106.0,1340.0,2,2020-04-30 05:11:00.000,2020-04-30 11:54:53.000
13613,CE09B,111.0,1860.0,2,2021-08-12 05:06:51.000,2021-08-12 13:28:45.000
3598,CE34,149.0,2660.0,1,2020-05-20 14:51:55.000,2020-05-20 23:50:08.000
15914,CP08,188.0,1900.0,1,2021-11-06 12:39:39.000,2021-11-06 19:53:52.000
31256,CP07,79.0,3020.0,3,2023-05-03 15:22:40.802,2023-05-04 00:20:03.795
2608,CP01,236.0,2900.0,1,2020-03-28 13:02:17.000,2020-03-28 21:56:30.000
13466,CP01,211.0,1300.0,1,2021-08-06 15:02:34.000,2021-08-06 21:34:43.000
6883,CE31,230.0,1960.0,1,2020-10-21 04:56:31.000,2020-10-21 12:35:27.000
3549,CE07,78.0,1680.0,1,2020-05-18 05:05:26.000,2020-05-18 11:06:48.000
5741,CE07,83.0,1860.0,1,2020-08-28 04:26:02.000,2020-08-28 11:23:26.000
22794,CE50,141.0,2440.0,1,2022-07-21 14:49:57.000,2022-07-21 21:38:39.793
4822,CE09B,120.0,2340.0,2,2020-07-20 05:05:56.000,2020-07-20 12:50:11.000
7889,CE34,154.0,1800.0,1,2020-12-09 15:21:32.000,2020-12-10 01:05:56.000
15988,CE34,151.0,1720.0,1,2021-11-10 14:41:10.000,2021-11-10 21:50:38.000
29306,,91.0,9200.0,1,2023-02-27 15:02:57.587,2023-02-27 20:44:59.450
29731,CP40,40.0,1240.0,1,2023-03-14 18:19:33.223,2023-03-14 21:33:43.901
4642,CP35,126.0,3960.0,1,2020-07-10 04:43:36.000,2020-07-10 12:17:09.000
10644,CP02,176.0,2340.0,1,2021-04-19 04:39:02.000,2021-04-19 13:29:28.000
1630,CE05,129.0,1900.0,2,2020-02-03 15:01:13.000,2020-02-03 21:58:17.000
15962,CE41B,99.0,2580.0,2,2021-11-09 04:46:06.000,2021-11-09 13:14:02.000
1945,CE37B,95.0,1780.0,2,2020-02-20 04:58:43.000,2020-02-20 12:26:53.000
26528,CE30B,141.0,1460.0,1,2022-11-22 14:59:28.038,2022-11-22 23:07:19.550
7408,CE46,98.0,2020.0,1,2020-11-16 04:38:07.000,2020-11-16 13:25:40.000
28716,CE04,108.0,2100.0,1,2023-02-06 05:02:36.549,2023-02-06 15:43:12.832
6352,CE51,136.0,2840.0,1,2020-09-25 15:22:11.000,2020-09-25 23:35:30.000
30320,CE20B,102.0,2900.0,1,2023-04-04 04:52:38.302,2023-04-04 12:08:03.178
2507,CP49,87.0,2340.0,1,2020-03-23 14:39:22.000,2020-03-23 21:10:55.000
3144,CP03,122.0,2180.0,1,2020-04-27 14:49:22.000,2020-04-27 22:52:03.000
23087,CP01,231.0,2020.0,1,2022-07-29 14:58:14.000,2022-07-29 23:53:53.368
33348,CP39,109.0,3900.0,1,2023-07-05 15:24:31.054,2023-07-06 00:54:55.080
10586,CE41B,114.0,1600.0,2,2021-04-16 04:48:37.000,2021-04-16 12:39:14.000
29120,,140.0,9360.0,1,2023-02-20 05:50:29.985,2023-02-20 13:17:19.292
17953,CP40,49.0,1040.0,1,2022-02-01 18:03:59.000,2022-02-01 21:19:15.000
3002,CP14,145.0,3160.0,1,2020-04-20 14:25:39.000,2020-04-20 21:28:42.000
21512,CP52,183.0,2360.0,1,2022-06-08 15:01:20.000,2022-06-08 22:37:43.177
2215,CE41B,101.0,1880.0,1,2020-03-06 04:48:50.000,2020-03-06 10:45:26.000
7224,CP28,159.0,1840.0,1,2020-11-05 05:09:47.000,2020-11-05 13:14:37.000
17422,CP28,170.0,2840.0,1,2022-01-11 05:05:08.000,2022-01-11 13:08:44.000
14213,CE46,113.0,1860.0,1,2021-09-02 05:03:18.000,2021-09-02 11:58:27.000
8349,CE20B,104.0,2420.0,2,2021-01-02 04:53:22.000,2021-01-02 13:48:49.000
17310,CE20B,92.0,3040.0,2,2022-01-06 14:58:56.000,2022-01-06 21:19:18.000
3197,CP34,150.0,2200.0,1,2020-04-29 14:55:32.000,2020-04-29 22:45:45.000
13197,CP15,100.0,1940.0,1,2021-07-29 14:58:08.000,2021-07-29 21:46:25.000
3648,CE19,113.0,2040.0,1,2020-05-22 14:36:00.000,2020-05-22 22:04:43.000
2425,CE29,120.0,2420.0,2,2020-03-18 04:44:21.000,2020-03-18 12:48:55.000
9030,CP28,163.0,2340.0,1,2021-02-03 04:50:33.000,2021-02-03 13:48:18.000
26343,CP35,123.0,3440.0,3,2022-11-15 04:57:43.078,2022-11-15 12:18:07.706
2454,CP28,164.0,2860.0,2,2020-03-19 04:55:45.000,2020-03-19 12:54:44.000
4055,CP41B,110.0,2380.0,1,2020-06-11 04:40:07.000,2020-06-11 12:19:23.000
7742,CP15,107.0,2120.0,1,2020-12-01 13:59:46.000,2020-12-01 22:00:09.000
14792,CP15,113.0,1960.0,1,2021-09-23 04:59:24.000,2021-09-23 12:54:50.000
30123,CE39,86.0,2940.0,1,2023-03-27 18:29:15.269,2023-03-28 00:12:59.046
8014,CP09B,107.0,3980.0,1,2020-12-15 05:02:00.000,2020-12-15 14:55:12.000
31548,CE33,135.0,1860.0,1,2023-05-12 15:01:06.191,2023-05-12 21:15:51.106
16752,CE46,92.0,1500.0,1,2021-12-13 04:50:52.000,2021-12-13 12:13:52.000
18756,CE20B,129.0,3340.0,2,2022-03-07 14:37:35.000,2022-03-08 00:08:39.760
10338,CP40,51.0,1620.0,2,2021-04-06 14:56:03.000,2021-04-06 18:03:41.000
10783,CP02,174.0,2880.0,1,2021-04-24 05:02:20.000,2021-04-24 12:09:50.000
7309,CP32,153.0,1900.0,1,2020-11-10 14:50:21.000,2020-11-10 23:27:04.000
10562,CP36,125.0,2380.0,1,2021-04-15 14:19:35.000,2021-04-15 21:09:13.000
2592,CP51,123.0,3000.0,1,2020-03-27 14:54:50.000,2020-03-27 22:43:28.000
28838,CP01,214.0,1600.0,1,2023-02-09 04:56:43.106,2023-02-09 12:16:03.674
6733,CE37B,93.0,1980.0,2,2020-10-14 04:46:27.000,2020-10-14 12:45:26.000
12734,CE08,203.0,2500.0,1,2021-07-13 14:51:49.000,2021-07-13 22:52:54.000
23261,CP11,146.0,1700.0,4,2022-08-04 04:44:17.000,2022-08-04 12:04:14.276
2113,CE21B,88.0,1480.0,2,2020-02-29 04:54:21.000,2020-02-29 13:19:03.000
28114,CE46,93.0,1600.0,1,2023-01-16 05:03:51.935,2023-01-16 12:25:43.428
28263,,161.0,8460.0,1,2023-01-19 14:57:12.072,2023-01-19 21:27:29.020
15267,CP40,49.0,1380.0,1,2021-10-12 14:58:54.000,2021-10-12 19:01:05.000
8266,CP02,175.0,3560.0,1,2020-12-28 14:42:10.000,2020-12-28 23:58:56.000
27622,CP15,102.0,2780.0,1,2022-12-29 04:50:38.274,2022-12-29 11:43:53.257
36342,,191.0,3000.0,2,2023-09-25 15:02:07.595,2023-09-25 22:43:30.362
11858,CE40,53.0,1200.0,1,2021-06-08 15:01:24.000,2021-06-08 18:29:20.000
4365,Óbidos CESexta,105.0,1480.0,1,2020-06-26 05:01:07.000,2020-06-26 11:52:45.000
1492,CE12,127.0,2000.0,1,2020-01-27 04:36:48.000,2020-01-27 12:31:02.000
25897,CE26,85.0,2840.0,1,2022-10-31 14:37:43.123,2022-10-31 22:25:54.618
32175,CP12,131.0,1740.0,1,2023-05-31 04:54:36.884,2023-05-31 11:49:44.453
31197,CE40,54.0,1020.0,2,2023-05-02 15:02:26.024,2023-05-02 18:44:38.895
2962,CE41B,103.0,1860.0,1,2020-04-17 04:54:19.000,2020-04-17 12:47:04.000
2982,CE31,243.0,2440.0,1,2020-04-18 04:43:13.000,2020-04-18 13:35:10.000
10287,CE31,206.0,2660.0,1,2021-04-05 15:56:03.000,2021-04-06 00:30:22.000
22611,,105.0,8520.0,1,2022-07-14 06:11:33.000,2022-07-14 14:06:44.916
25731,CE04,105.0,2380.0,1,2022-10-25 05:09:18.011,2022-10-25 12:09:12.913
28515,CE46,100.0,1460.0,1,2023-01-30 04:43:25.622,2023-01-30 11:45:25.439
30747,CE20B,95.0,2680.0,1,2023-04-18 05:10:40.319,2023-04-18 12:04:31.723
11282,CP36,128.0,1660.0,1,2021-05-14 04:47:15.000,2021-05-14 11:32:37.000
13620,CP36,133.0,2340.0,1,2021-08-12 04:52:30.000,2021-08-12 12:37:37.000
3957,CP49,162.0,1920.0,1,2020-06-06 05:04:12.000,2020-06-06 12:31:03.000
5037,CP01,272.0,1160.0,1,2020-07-29 05:06:36.000,2020-07-29 14:41:36.000
3481,CE27,134.0,2160.0,1,2020-05-14 15:05:55.000,2020-05-14 22:43:45.000
24642,CP29,128.0,1620.0,1,2022-09-16 05:03:59.053,2022-09-16 12:09:12.301
17247,CE12,134.0,1160.0,1,2022-01-04 04:13:26.000,2022-01-04 12:18:11.000
4827,CE39,103.0,2680.0,1,2020-07-20 17:43:31.000,2020-07-21 03:15:04.000
18600,CE35,121.0,2120.0,1,2022-03-01 04:31:38.000,2022-03-01 13:21:03.515
8812,CE26,91.0,2760.0,2,2021-01-25 14:45:07.000,2021-01-25 22:21:33.000
22050,Óbidos CE01,127.0,1020.0,1,2022-06-27 15:03:38.000,2022-06-27 22:13:56.324
23601,CP12,128.0,2040.0,1,2022-08-15 05:03:47.000,2022-08-15 12:55:42.395
25219,CP27,135.0,2500.0,1,2022-10-06 04:59:31.709,2022-10-06 12:50:54.546
2663,CE07,76.0,2160.0,1,2020-04-01 15:21:55.000,2020-04-01 21:58:16.000
1901,CE29,106.0,2000.0,2,2020-02-18 04:47:08.000,2020-02-18 11:19:25.000
2190,,152.0,9500.0,1,2020-03-04 14:28:49.000,2020-03-05 00:22:32.000
27452,,187.0,8800.0,3,2022-12-23 06:02:10.239,2022-12-23 14:30:45.631
9869,CE33,138.0,2560.0,1,2021-03-16 14:56:35.000,2021-03-16 22:02:13.000
16305,CP40,51.0,1640.0,1,2021-11-23 15:04:12.000,2021-11-23 19:30:15.000
14902,CE15,111.0,1560.0,1,2021-09-28 14:24:49.000,2021-09-28 21:06:57.000
22063,CP32,158.0,2180.0,1,2022-06-27 04:58:21.000,2022-06-27 13:31:30.738
10737,CE05,119.0,1900.0,1,2021-04-22 14:30:49.000,2021-04-22 21:58:37.000
1418,CP39,94.0,4040.0,1,2020-01-22 15:30:01.000,2020-01-23 00:29:01.000
8545,CE50,142.0,1320.0,1,2021-01-12 14:40:48.000,2021-01-12 20:37:56.000
16953,CE40,43.0,1180.0,2,2021-12-21 18:45:17.000,2021-12-21 21:53:24.000
24743,CE40,50.0,1340.0,2,2022-09-20 19:41:01.036,2022-09-20 23:08:58.588
34747,CE36,133.0,2400.0,1,2023-08-14 14:57:06.505,2023-08-14 23:55:43.035
17689,CP12,125.0,1360.0,1,2022-01-21 05:02:42.000,2022-01-21 11:05:42.000
36852,CP12,133.0,2560.0,1,2023-10-10 05:11:03.305,2023-10-10 13:47:08.278
20404,CE40,40.0,900.0,2,2022-05-03 19:42:55.000,2022-05-03 23:01:41.761
26560,CE10B,81.0,2120.0,1,2022-11-23 14:52:44.773,2022-11-23 21:26:41.048
28636,CP27,143.0,1800.0,1,2023-02-02 05:08:56.519,2023-02-02 12:43:50.192
31645,CP23,158.0,3080.0,1,2023-05-15 14:56:30.590,2023-05-15 21:25:47.139
7520,CE24,191.0,1440.0,1,2020-11-20 14:50:12.000,2020-11-20 23:21:53.000
23250,CE34,150.0,2540.0,1,2022-08-04 14:56:54.000,2022-08-04 22:42:30.425
26724,CE34,145.0,2180.0,1,2022-11-29 14:46:16.864,2022-11-29 21:31:12.177
28914,CE34,151.0,1860.0,1,2023-02-13 14:53:12.140,2023-02-13 21:57:04.221
4160,,175.0,10580.0,2,2020-06-16 13:28:00.000,2020-06-16 21:29:06.000
13688,CP08,193.0,2460.0,1,2021-08-14 13:57:46.000,2021-08-14 22:10:05.000
5240,CP10B,86.0,2520.0,1,2020-08-06 04:42:55.000,2020-08-06 10:57:42.000
20899,CP01,226.0,1820.0,1,2022-05-19 14:34:46.000,2022-05-19 22:18:06.731
22265,CE09B,107.0,2720.0,1,2022-07-04 04:50:24.000,2022-07-04 12:05:47.122
11355,CP25B,113.0,2340.0,1,2021-05-18 04:55:55.000,2021-05-18 11:37:03.000
13795,CP25B,117.0,2260.0,1,2021-08-18 04:49:10.000,2021-08-18 12:02:19.000
8304,CE39,111.0,2220.0,1,2020-12-30 14:54:02.000,2020-12-31 01:48:03.000
16886,CP39,107.0,3840.0,1,2021-12-17 15:01:04.000,2021-12-18 00:10:11.000
23030,CE24,169.0,1720.0,1,2022-07-28 05:05:46.000,2022-07-28 12:00:37.564
1690,CP50,142.0,1520.0,1,2020-02-05 15:04:58.000,2020-02-05 21:38:32.000
1568,CE35,127.0,2060.0,1,2020-01-30 04:33:31.000,2020-01-30 12:41:26.000
28277,CE46,103.0,1280.0,1,2023-01-20 05:07:34.602,2023-01-20 11:39:10.942
23839,CE15,113.0,1600.0,1,2022-08-23 15:10:20.000,2022-08-23 22:00:38.778
22270,CP07,94.0,2700.0,3,2022-07-04 15:35:20.000,2022-07-05 01:45:40.793
9352,CP35,125.0,2440.0,1,2021-02-18 04:41:36.000,2021-02-18 11:56:22.000
1665,CP15,106.0,2120.0,1,2020-02-04 15:31:17.000,2020-02-04 21:55:50.000
8229,CP01,240.0,2400.0,1,2020-12-26 04:46:54.000,2020-12-26 14:35:17.000
7028,CE26,88.0,2500.0,1,2020-10-28 14:43:47.000,2020-10-28 21:52:37.000
26631,CE01,218.0,1300.0,1,2022-11-25 05:16:22.530,2022-11-25 12:05:17.871
13311,Óbidos CE02,127.0,1840.0,1,2021-08-02 14:36:29.000,2021-08-02 22:27:54.000
6564,CP01,300.0,2200.0,1,2020-10-06 14:58:06.000,2020-10-07 00:55:34.000
31047,CP39,113.0,4220.0,1,2023-04-26 15:03:15.206,2023-04-27 00:11:20.166
38435,CP12,136.0,1620.0,1,2023-11-23 05:04:54.230,2023-11-23 11:34:59.584
16388,CE19,94.0,980.0,1,2021-11-26 04:43:19.000,2021-11-26 11:15:31.000
1925,CE24,161.0,1800.0,1,2020-02-19 15:07:02.000,2020-02-19 22:06:22.000
10519,CE05,129.0,2440.0,1,2021-04-14 04:50:33.000,2021-04-14 12:22:05.000
2582,CE16,128.0,2340.0,1,2020-03-27 15:29:31.000,2020-03-27 23:10:11.000
29560,CE39,101.0,2180.0,1,2023-03-08 14:56:47.878,2023-03-08 22:06:45.399
11945,CE27,135.0,2180.0,1,2021-06-11 14:54:39.000,2021-06-11 22:37:38.000
11832,CE01,219.0,1680.0,1,2021-06-07 15:03:57.000,2021-06-07 23:37:37.000
12058,CE39,112.0,2160.0,1,2021-06-16 15:03:51.000,2021-06-16 23:44:56.000
18003,CE29,123.0,2620.0,1,2022-02-03 05:14:08.000,2022-02-03 14:21:29.000
28105,Óbidos CE01,121.0,1300.0,1,2023-01-16 14:50:35.333,2023-01-16 21:05:48.603
16718,CP26,111.0,3720.0,1,2021-12-10 14:54:13.000,2021-12-10 23:36:43.000
3101,CE41B,98.0,1760.0,1,2020-04-24 04:58:17.000,2020-04-24 11:41:35.000
3120,CE34,151.0,2120.0,1,2020-04-25 05:16:47.000,2020-04-25 13:02:45.000
3461,CE26,92.0,1960.0,1,2020-05-13 15:05:00.000,2020-05-13 21:34:26.000
6252,CP30B,152.0,1800.0,1,2020-09-21 14:57:52.000,2020-09-21 21:05:10.000
19610,CE41B,111.0,2540.0,1,2022-04-05 05:02:47.000,2022-04-05 13:34:52.835
6034,CE19,115.0,1720.0,1,2020-09-10 14:31:15.000,2020-09-10 22:10:21.000
19244,CE08,189.0,1960.0,1,2022-03-23 04:39:55.000,2022-03-23 11:39:06.462
3863,CP15,110.0,1960.0,1,2020-06-02 05:02:43.000,2020-06-02 11:28:32.000
1619,CP23,209.0,3920.0,1,2020-02-01 04:26:05.000,2020-02-01 12:45:28.000
2001,CE12,125.0,1820.0,1,2020-02-24 04:56:25.000,2020-02-24 11:41:45.000
13581,CE27,116.0,1620.0,1,2021-08-11 14:59:15.000,2021-08-11 22:50:31.000
15595,CP26,88.0,4320.0,1,2021-10-25 15:06:14.000,2021-10-25 22:30:43.000
20865,CP26,87.0,3620.0,1,2022-05-18 15:06:35.000,2022-05-18 23:05:13.698
11519,CE10B,82.0,2060.0,1,2021-05-25 04:55:46.000,2021-05-25 13:00:37.000
28249,CP27,132.0,2280.0,1,2023-01-19 04:42:06.459,2023-01-19 12:28:43.036
5112,CE24,170.0,1480.0,1,2020-08-01 04:49:26.000,2020-08-01 12:01:13.000
24909,CE24,158.0,1840.0,1,2022-09-26 15:31:32.203,2022-09-26 22:45:53.084
7087,Óbidos CESexta,117.0,1080.0,1,2020-10-30 14:56:05.000,2020-10-30 21:42:26.000
14058,CP25B,114.0,2320.0,1,2021-08-27 05:08:34.000,2021-08-27 11:33:01.000
16848,CE01,209.0,1300.0,1,2021-12-16 04:44:48.000,2021-12-16 12:03:31.000
31077,CE29,128.0,2600.0,1,2023-04-27 05:04:10.656,2023-04-27 12:50:15.457
22104,CP12,127.0,2860.0,1,2022-06-28 04:45:07.000,2022-06-28 11:48:09.850
8483,CE41B,109.0,2160.0,1,2021-01-08 04:57:51.000,2021-01-08 14:20:16.000
13610,CE24,189.0,2020.0,1,2021-08-12 04:45:14.000,2021-08-12 11:58:12.000
11682,CE34,150.0,1940.0,1,2021-06-01 04:34:34.000,2021-06-01 12:08:53.000
9749,CE27,127.0,1980.0,1,2021-03-10 04:48:29.000,2021-03-10 11:08:55.000
12483,CE27,118.0,2060.0,1,2021-07-02 15:07:12.000,2021-07-02 22:08:18.000
11664,CP12,131.0,2980.0,1,2021-05-31 04:40:23.000,2021-05-31 14:09:45.000
14810,CE19,93.0,1660.0,1,2021-09-24 14:53:55.000,2021-09-24 21:05:09.000
5907,CP30B,156.0,1860.0,1,2020-09-04 04:52:02.000,2020-09-04 11:54:16.000
6003,CE39,104.0,1700.0,1,2020-09-09 04:26:29.000,2020-09-09 11:39:28.000
6704,CE12,126.0,2120.0,1,2020-10-13 05:04:36.000,2020-10-13 12:30:24.000
18396,CE12,125.0,1440.0,1,2022-02-21 04:56:38.000,2022-02-21 12:54:52.284
34465,CE29,121.0,2820.0,1,2023-08-07 04:48:12.900,2023-08-07 14:10:17.902
15185,CP12,128.0,1700.0,1,2021-10-08 04:43:15.000,2021-10-08 11:42:44.000
2275,CE41B,102.0,2540.0,1,2020-03-10 04:57:26.000,2020-03-10 12:17:34.000
26239,CP12,122.0,1980.0,1,2022-11-11 04:58:33.677,2022-11-11 12:46:41.204
24287,CE41B,135.0,3220.0,1,2022-09-06 05:03:47.061,2022-09-06 13:13:57.940
3019,CE41B,99.0,2860.0,1,2020-04-21 04:57:35.000,2020-04-21 12:19:00.000
17824,CE34,151.0,1700.0,1,2022-01-27 15:20:55.000,2022-01-27 22:48:06.000
23035,CE50,141.0,2300.0,1,2022-07-28 14:57:33.000,2022-07-28 22:40:12.273
5087,CE37B,102.0,1380.0,1,2020-07-31 04:39:07.000,2020-07-31 11:27:40.000
5163,CE21B,99.0,2380.0,1,2020-08-04 14:59:23.000,2020-08-05 00:25:10.000
16648,CE46,93.0,1660.0,1,2021-12-08 04:45:05.000,2021-12-08 12:23:04.000
16791,CP40,50.0,1480.0,1,2021-12-14 15:10:21.000,2021-12-14 18:36:40.000
11348,CE18B,128.0,1720.0,1,2021-05-18 04:31:37.000,2021-05-18 12:36:47.000
17982,CP35,120.0,1680.0,2,2022-02-02 04:40:02.000,2022-02-02 12:28:11.000
26740,CP52,183.0,1760.0,1,2022-11-29 14:50:18.465,2022-11-29 22:09:04.959
5513,CP15,109.0,1940.0,1,2020-08-18 15:01:32.000,2020-08-18 21:19:36.000
1159,CP01,236.0,3360.0,1,2020-01-08 15:06:58.000,2020-01-08 23:27:57.000
10721,CE30B,61.0,600.0,1,2021-04-22 16:23:42.000,2021-04-22 21:06:41.000
17209,,136.0,8840.0,1,2021-12-31 05:42:18.000,2021-12-31 13:28:16.000
29683,CE46,94.0,1820.0,1,2023-03-13 04:59:00.681,2023-03-13 11:54:12.192
1631,CE21B,94.0,1740.0,2,2020-02-03 05:04:01.000,2020-02-03 12:13:54.000
8299,CE18B,131.0,1300.0,1,2020-12-30 05:03:01.000,2020-12-30 12:44:18.000
16361,CP36,125.0,1780.0,1,2021-11-25 04:35:10.000,2021-11-25 12:40:32.000
10534,CP15,107.0,1840.0,1,2021-04-14 14:53:50.000,2021-04-14 22:50:02.000
18326,CE37B,99.0,2220.0,1,2022-02-17 14:28:51.000,2022-02-17 21:44:00.665
6784,,162.0,9720.0,1,2020-10-15 06:04:23.000,2020-10-15 13:35:22.000
6661,,215.0,9040.0,1,2020-10-09 14:58:28.000,2020-10-09 21:54:38.000
6496,CE46,94.0,2820.0,1,2020-10-02 04:44:40.000,2020-10-02 11:37:59.000
15202,CE51,124.0,1700.0,1,2021-10-09 04:58:19.000,2021-10-09 12:14:17.000
12216,CP40,48.0,1480.0,1,2021-06-22 18:05:45.000,2021-06-22 21:17:24.000
20832,CP40,42.0,1160.0,1,2022-05-17 08:12:00.000,2022-05-17 11:49:08.250
16289,CE15,101.0,1520.0,1,2021-11-23 15:02:38.000,2021-11-23 21:04:28.000
31679,CE20B,107.0,3140.0,1,2023-05-16 04:57:10.560,2023-05-16 12:50:43.953
1155,CE05,133.0,1960.0,2,2020-01-08 04:40:44.000,2020-01-08 12:18:48.000
27586,CP32,141.0,2620.0,1,2022-12-28 05:04:23.265,2022-12-28 11:32:47.172
28212,CP32,148.0,1600.0,1,2023-01-18 04:51:34.647,2023-01-18 12:02:20.443
1937,CP28,157.0,2320.0,1,2020-02-19 04:48:18.000,2020-02-19 12:05:05.000
2571,CP28,178.0,2600.0,1,2020-03-26 04:41:29.000,2020-03-26 11:49:44.000
33577,CE33,134.0,1700.0,1,2023-07-12 04:56:06.315,2023-07-12 11:19:11.470
6215,CP34,150.0,2940.0,1,2020-09-18 14:53:19.000,2020-09-18 21:53:12.000
32228,CP15,101.0,1700.0,1,2023-06-01 14:24:28.529,2023-06-01 21:40:01.105
10781,CE16,138.0,1840.0,1,2021-04-24 04:55:09.000,2021-04-24 12:35:23.000
23031,CE09B,109.0,1620.0,1,2022-07-28 04:59:10.000,2022-07-28 13:15:34.993
26000,CE09B,171.0,1660.0,1,2022-11-03 04:54:37.870,2022-11-03 15:09:07.373
11740,,145.0,10360.0,1,2021-06-02 05:32:24.000,2021-06-02 12:46:57.000
39866,,141.0,8300.0,1,2024-01-03 05:56:00.823,2024-01-03 13:08:15.974
10009,CE18B,124.0,2360.0,1,2021-03-23 14:34:38.000,2021-03-23 22:26:29.000
19186,CP08,190.0,1880.0,1,2022-03-21 04:41:50.000,2022-03-21 11:31:47.911
22209,CP08,184.0,2100.0,1,2022-07-01 14:47:12.000,2022-07-01 21:16:02.355
23668,CP08,184.0,1840.0,1,2022-08-17 05:04:30.000,2022-08-17 11:57:00.479
38930,CE38B,134.0,2080.0,1,2023-12-07 05:05:56.816,2023-12-07 12:25:31.816
10187,CE04,104.0,2260.0,1,2021-03-31 04:49:19.000,2021-03-31 13:28:21.000
7085,CE33,144.0,2080.0,1,2020-10-30 15:07:06.000,2020-10-30 21:50:51.000
1496,CP35,421.0,3720.0,1,2020-01-27 05:02:23.000,2020-01-27 14:33:15.000
6551,CE31,214.0,1520.0,1,2020-10-06 14:43:33.000,2020-10-06 21:49:09.000
1800,CE51,120.0,2180.0,1,2020-02-12 14:32:24.000,2020-02-12 22:05:57.000
23630,CE15,115.0,1520.0,1,2022-08-16 15:00:24.000,2022-08-16 21:47:35.664
14141,CE18B,123.0,2220.0,1,2021-08-31 04:44:08.000,2021-08-31 11:30:14.000
29591,CE18B,127.0,1640.0,1,2023-03-09 15:15:54.150,2023-03-09 22:19:28.288
20273,CE37B,100.0,2140.0,1,2022-04-28 04:45:38.000,2022-04-28 12:40:31.922
12322,CE16,130.0,1800.0,1,2021-06-26 04:52:08.000,2021-06-26 13:16:03.000
13882,CE16,125.0,2300.0,1,2021-08-21 12:26:06.000,2021-08-21 19:50:51.000
19966,CE09B,105.0,1960.0,1,2022-04-18 04:58:27.000,2022-04-18 12:34:31.147
6531,CE04,113.0,1400.0,1,2020-10-05 05:03:10.000,2020-10-05 12:01:16.000
23744,CE39,108.0,2260.0,1,2022-08-19 14:54:07.000,2022-08-19 22:58:22.115
26354,,99.0,9520.0,1,2022-11-15 15:11:48.532,2022-11-15 19:52:29.848
24397,CE33,156.0,880.0,1,2022-09-09 15:01:41.377,2022-09-09 21:49:41.635
9281,CE46,93.0,1040.0,1,2021-02-15 14:38:06.000,2021-02-15 22:20:59.000
27399,CE46,98.0,1540.0,1,2022-12-22 04:46:59.235,2022-12-22 11:33:32.425
2681,,155.0,10120.0,1,2020-04-01 06:09:55.000,2020-04-01 14:21:03.000
21964,CP08,190.0,1540.0,1,2022-06-23 05:06:29.000,2022-06-23 13:15:02.030
26003,CP15,112.0,1920.0,1,2022-11-03 14:50:32.134,2022-11-03 23:15:31.641
36039,,94.0,8700.0,1,2023-09-15 06:08:55.134,2023-09-15 12:27:50.914
8175,CE46,93.0,1820.0,1,2020-12-23 04:46:50.000,2020-12-23 11:30:41.000
23363,CE46,102.0,1520.0,1,2022-08-08 14:53:00.000,2022-08-08 22:06:26.235
21467,CP40,37.0,620.0,1,2022-06-07 20:10:23.000,2022-06-07 23:51:37.265
1165,CE15,114.0,1300.0,1,2020-01-08 15:03:46.000,2020-01-08 23:02:09.000
26113,CE15,108.0,1300.0,1,2022-11-08 05:05:58.857,2022-11-08 13:50:10.437
7674,CP02,170.0,1840.0,1,2020-11-27 14:40:22.000,2020-11-27 21:37:28.000
2698,CP28,165.0,2580.0,1,2020-04-02 04:40:55.000,2020-04-02 10:57:51.000
17293,CP01,213.0,2060.0,1,2022-01-05 04:45:23.000,2022-01-05 12:41:32.000
23530,CP01,217.0,1700.0,1,2022-08-12 14:58:23.000,2022-08-12 23:39:07.777
13884,CE11,161.0,1420.0,6,2021-08-21 04:47:59.000,2021-08-21 13:49:44.000
10035,,211.0,2340.0,47,2021-03-23 15:03:07.000,2021-03-24 00:25:09.000
22463,,233.0,2380.0,56,2022-07-09 05:04:41.000,2022-07-09 13:50:59.575
20776,,216.0,2200.0,59,2022-05-14 05:10:50.000,2022-05-14 13:29:43.603
13874,,204.0,2680.0,43,2021-08-20 15:21:13.000,2021-08-20 23:41:09.000
36196,,155.0,1900.0,32,2023-09-20 14:53:56.286,2023-09-20 22:04:07.984
25279,,167.0,2660.0,59,2022-10-07 15:10:56.165,2022-10-07 23:01:22.056
8542,CE44,133.0,2340.0,49,2021-01-12 14:40:42.000,2021-01-12 21:55:31.000
9159,,205.0,1820.0,51,2021-02-09 14:21:36.000,2021-02-10 00:00:08.000
10955,,211.0,2580.0,37,2021-04-30 15:04:47.000,2021-04-30 23:16:01.000
39574,,198.0,2320.0,28,2023-12-23 14:01:27.897,2023-12-23 22:59:41.908
12257,,190.0,1820.0,19,2021-06-23 14:28:08.000,2021-06-23 23:27:08.000
9989,CE09B,112.0,2900.0,2,2021-03-22 05:00:36.000,2021-03-22 14:15:07.000
23145,CE09B,121.0,2900.0,1,2022-08-01 04:40:41.000,2022-08-01 14:20:41.743
19598,,225.0,2160.0,49,2022-04-04 15:05:48.000,2022-04-04 23:03:24.261
23991,,171.0,2720.0,53,2022-08-26 15:06:42.000,2022-08-26 23:22:09.621
19641,CE39,88.0,2400.0,1,2022-04-06 14:08:09.000,2022-04-06 22:59:58.909
26110,,191.0,2740.0,49,2022-11-07 15:02:29.295,2022-11-07 23:40:16.049
5454,CP24,199.0,1640.0,7,2020-08-15 04:57:54.000,2020-08-15 12:24:05.000
23386,,216.0,3120.0,59,2022-08-08 15:06:45.000,2022-08-09 01:44:40.346
12519,,235.0,2840.0,54,2021-07-03 05:00:12.000,2021-07-03 14:21:51.000
18560,,227.0,2640.0,43,2022-02-25 15:02:52.000,2022-02-26 00:08:02.715
25526,,214.0,2960.0,45,2022-10-17 14:53:46.415,2022-10-18 01:15:33.764
7883,CP13,123.0,2600.0,40,2020-12-08 04:48:31.000,2020-12-08 12:51:23.000
15335,CP25B,119.0,1700.0,1,2021-10-14 05:05:21.000,2021-10-14 12:01:40.000
20575,CE12,115.0,1980.0,1,2022-05-07 05:25:59.000,2022-05-07 12:29:07.123
12503,CE16,110.0,2040.0,2,2021-07-03 13:10:05.000,2021-07-03 21:15:52.000
12584,,172.0,2200.0,39,2021-07-06 14:44:04.000,2021-07-06 23:26:29.000
14930,,232.0,2500.0,53,2021-09-28 15:06:43.000,2021-09-29 00:29:11.000
42158,,185.0,2300.0,31,2024-03-06 14:58:54.364,2024-03-06 22:00:22.119
31365,,200.0,1820.0,38,2023-05-05 15:05:23.442,2023-05-05 23:44:00.530
39550,,144.0,4180.0,34,2023-12-23 06:03:19.955,2023-12-23 14:44:37.241
28181,,219.0,2940.0,48,2023-01-17 14:59:17.300,2023-01-18 00:05:42.304
43789,,163.0,2680.0,48,2024-04-18 05:06:01.087,2024-04-18 12:34:37.682
5495,CE46,84.0,1820.0,2,2020-08-18 04:53:04.000,2020-08-18 11:20:04.000
13346,CE41B,108.0,2220.0,2,2021-08-03 04:51:16.000,2021-08-03 13:37:30.000
25252,CE50,141.0,2400.0,1,2022-10-07 14:22:41.032,2022-10-07 21:55:20.303
9104,,176.0,1580.0,45,2021-02-05 17:54:03.000,2021-02-06 03:38:25.000
24117,,191.0,2300.0,57,2022-08-30 14:58:08.000,2022-08-30 22:16:33.367
5771,CE06,193.0,2220.0,46,2020-08-29 14:08:15.000,2020-08-29 22:15:14.000
22235,,197.0,2600.0,50,2022-07-01 15:41:29.000,2022-07-02 01:40:21.852
6294,CP06,186.0,1980.0,32,2020-09-23 14:57:34.000,2020-09-23 23:02:02.000
27172,,175.0,2720.0,38,2022-12-13 15:11:58.030,2022-12-13 23:25:53.610
19793,,223.0,2220.0,45,2022-04-11 14:51:57.000,2022-04-11 22:44:37.805
2611,CP06,189.0,2740.0,42,2020-03-28 05:03:17.000,2020-03-28 12:13:52.000
9882,CP40,47.0,1320.0,2,2021-03-16 18:19:40.000,2021-03-16 21:28:15.000
19535,CP11,158.0,1580.0,3,2022-04-01 14:49:50.000,2022-04-01 21:10:24.537
33345,CP35,128.0,2420.0,3,2023-07-05 05:02:26.947,2023-07-05 12:27:11.589
6629,,185.0,10700.0,18,2020-10-07 14:54:01.000,2020-10-07 22:48:13.000
23466,,152.0,10480.0,19,2022-08-10 15:09:38.000,2022-08-10 22:21:34.365
24244,,103.0,9160.0,22,2022-09-03 14:12:08.000,2022-09-03 19:11:18.127
9763,,186.0,10400.0,33,2021-03-09 15:07:15.000,2021-03-09 21:57:43.000
13300,,161.0,2400.0,71,2021-07-31 13:36:59.000,2021-07-31 22:11:09.000
37588,,151.0,2320.0,20,2023-10-30 16:08:13.156,2023-10-31 00:37:08.539
30519,,183.0,2520.0,41,2023-04-10 15:00:44.715,2023-04-10 23:46:57.369
36103,,133.0,2540.0,35,2023-09-18 14:17:59.057,2023-09-18 21:47:38.555
27716,,178.0,10400.0,38,2023-01-02 06:06:37.598,2023-01-02 14:21:02.872
6413,CP13,122.0,2760.0,43,2020-09-29 15:13:57.000,2020-09-29 22:01:10.000
4143,CP13,128.0,2760.0,54,2020-06-16 14:23:59.000,2020-06-16 22:34:45.000
23006,CP07,87.0,2700.0,3,2022-07-27 14:59:39.000,2022-07-27 23:36:16.996
3662,CP34,148.0,3020.0,1,2020-05-22 15:03:23.000,2020-05-22 23:28:38.000
31524,CP35,141.0,3260.0,2,2023-05-11 15:05:30.987,2023-05-12 00:00:10.321
26353,,147.0,9220.0,14,2022-11-15 15:04:31.614,2022-11-15 21:03:55.329
2308,CP33,148.0,2200.0,1,2020-03-11 04:43:54.000,2020-03-11 12:13:14.000
1546,CP44,125.0,2000.0,39,2020-01-29 04:36:55.000,2020-01-29 11:39:25.000
3084,CP06,191.0,2200.0,31,2020-04-23 05:13:11.000,2020-04-23 11:54:58.000
2773,CP13,122.0,2360.0,38,2020-04-07 14:44:24.000,2020-04-07 22:37:22.000
16007,,202.0,3180.0,41,2021-11-09 14:22:40.000,2021-11-10 00:33:48.000
21025,,191.0,2520.0,47,2022-05-23 15:17:17.000,2022-05-24 00:26:44.329
36390,,151.0,3020.0,54,2023-09-26 15:08:09.560,2023-09-26 22:46:31.037
10159,,187.0,3080.0,46,2021-03-29 14:52:27.000,2021-03-29 23:36:35.000
28784,,190.0,2080.0,48,2023-02-07 15:01:23.623,2023-02-07 23:32:34.034
18583,CP07,87.0,3260.0,4,2022-02-28 05:02:34.000,2022-02-28 13:24:53.282
17144,CP01,237.0,3540.0,1,2021-12-29 05:02:27.000,2021-12-29 14:32:23.000
2770,CE11,159.0,2260.0,14,2020-04-07 14:51:22.000,2020-04-07 22:48:10.000
3858,CE38B,173.0,2140.0,1,2020-06-02 15:07:40.000,2020-06-03 02:16:12.000
22824,,181.0,2460.0,39,2022-07-20 15:26:19.000,2022-07-21 01:42:51.675
21410,,217.0,2220.0,46,2022-06-04 04:57:37.000,2022-06-04 16:41:43.482
2450,CE05,123.0,2300.0,2,2020-03-19 04:48:19.000,2020-03-19 11:36:35.000
32343,,178.0,2740.0,45,2023-06-05 14:48:55.701,2023-06-05 22:17:45.387
43839,,169.0,1980.0,42,2024-04-18 15:04:12.096,2024-04-18 22:54:09.009
3031,CP44,151.0,2900.0,43,2020-04-21 15:01:30.000,2020-04-21 22:31:35.000
16855,CP18B,121.0,2160.0,1,2021-12-16 14:17:31.000,2021-12-16 22:11:00.000
22844,CP29,146.0,2340.0,2,2022-07-22 04:50:15.000,2022-07-22 13:25:16.664
12498,,112.0,1460.0,1,2021-07-02 05:03:54.000,2021-07-02 11:32:26.000
16102,Óbidos CE02,127.0,1420.0,1,2021-11-15 05:07:46.000,2021-11-15 12:28:42.000
9960,CP07,87.0,2200.0,4,2021-03-19 13:51:38.000,2021-03-19 22:55:15.000
17728,CE26,92.0,2760.0,2,2022-01-24 14:58:17.000,2022-01-24 23:33:01.000
18909,CE26,95.0,1820.0,2,2022-03-11 15:02:25.000,2022-03-11 23:08:19.630
16543,CE26,91.0,2140.0,2,2021-12-03 14:52:19.000,2021-12-03 22:48:46.000
12714,CP12,150.0,3780.0,1,2021-07-12 05:04:21.000,2021-07-12 12:53:35.000
14082,CE11,149.0,1380.0,3,2021-08-28 04:54:47.000,2021-08-28 11:26:08.000
18676,CE11,146.0,2180.0,9,2022-03-03 14:54:59.000,2022-03-03 22:23:02.004
2485,CE44,135.0,2340.0,47,2020-03-21 14:09:34.000,2020-03-21 21:41:45.000
11336,,218.0,2780.0,51,2021-05-17 14:46:22.000,2021-05-17 23:07:58.000
14737,,175.0,2180.0,46,2021-09-21 14:59:03.000,2021-09-21 22:53:04.000
42599,,176.0,2960.0,21,2024-03-18 14:58:07.100,2024-03-18 23:28:35.353
42740,,120.0,7080.0,12,2024-03-21 15:27:26.468,2024-03-21 22:07:01.369
17716,,225.0,2560.0,58,2022-01-22 09:49:20.000,2022-01-22 19:09:05.000
28932,,183.0,2120.0,42,2023-02-13 14:53:52.943,2023-02-13 23:54:02.246
36152,,152.0,2180.0,18,2023-09-19 15:21:56.661,2023-09-19 22:36:55.852
42404,,178.0,2000.0,41,2024-03-13 04:37:48.189,2024-03-13 12:17:21.665
5825,CP40,55.0,1480.0,3,2020-09-01 18:36:04.000,2020-09-01 22:20:59.000
10678,CP40,48.0,1580.0,2,2021-04-20 18:24:40.000,2021-04-20 23:50:59.000
7563,CP29,129.0,2960.0,2,2020-11-23 05:03:53.000,2020-11-23 14:55:53.000
36120,CE20B,99.0,3640.0,1,2023-09-19 04:55:38.682,2023-09-19 13:28:58.163
13994,,177.0,10260.0,18,2021-08-24 15:04:16.000,2021-08-24 22:12:04.000
6264,CP32,156.0,1960.0,1,2020-09-22 04:58:59.000,2020-09-22 12:37:33.000
21471,CP36,105.0,920.0,1,2022-06-07 15:02:10.000,2022-06-07 22:36:25.495
8816,CP44,122.0,2080.0,34,2021-01-25 04:22:31.000,2021-01-25 11:00:53.000
40605,,169.0,2440.0,24,2024-01-24 15:08:41.138,2024-01-24 22:33:35.846
2315,CP15,104.0,740.0,1,2020-03-11 15:28:10.000,2020-03-11 21:46:21.000
23675,CP01,216.0,1760.0,1,2022-08-17 15:09:56.000,2022-08-17 23:01:46.606
3766,CE44,153.0,1600.0,44,2020-05-28 15:01:02.000,2020-05-28 23:16:10.000
34670,,168.0,2180.0,16,2023-08-10 14:46:09.186,2023-08-10 22:54:48.313
28388,CE39,99.0,2760.0,1,2023-01-25 15:02:47.079,2023-01-25 22:32:19.822
1804,CE43,117.0,1600.0,1,2020-02-12 05:03:20.000,2020-02-12 12:45:42.000
12827,,211.0,2500.0,43,2021-07-15 14:52:35.000,2021-07-16 01:48:59.000
22180,CP18B,124.0,2560.0,1,2022-06-30 14:23:26.000,2022-06-30 22:19:15.563
41125,,119.0,2080.0,1,2024-02-07 04:46:57.676,2024-02-07 11:23:52.716
17754,CE40,51.0,1100.0,2,2022-01-25 14:51:20.000,2022-01-25 19:04:27.000
21432,CP29,138.0,2660.0,1,2022-06-06 04:49:44.000,2022-06-06 13:09:24.249
4819,CE35,138.0,2580.0,1,2020-07-18 06:15:26.000,2020-07-18 12:57:23.000
5264,CP09B,102.0,2000.0,1,2020-08-07 04:43:51.000,2020-08-07 12:11:02.000
25508,CP11,149.0,2140.0,3,2022-10-17 05:01:32.924,2022-10-17 12:01:43.153
11343,CE41B,113.0,2600.0,2,2021-05-18 04:36:35.000,2021-05-18 13:24:31.000
37849,CE29,133.0,2480.0,1,2023-11-07 04:48:35.956,2023-11-07 12:22:12.298
22721,CE16,129.0,2780.0,2,2022-07-19 14:59:26.000,2022-07-19 22:49:50.889
13652,CP12,126.0,2240.0,1,2021-08-13 04:49:10.000,2021-08-13 12:15:52.000
16052,CE19,100.0,1160.0,2,2021-11-12 14:35:23.000,2021-11-12 21:30:40.000
26812,CP18B,122.0,1460.0,1,2022-12-01 12:10:58.195,2022-12-01 18:11:05.971
16159,CE12,123.0,1100.0,1,2021-11-17 04:58:25.000,2021-11-17 12:54:23.000
13988,CP07,82.0,3180.0,4,2021-08-25 04:58:32.000,2021-08-25 11:59:07.000
7946,CE41B,105.0,1740.0,2,2020-12-11 04:37:37.000,2020-12-11 13:32:05.000
44014,,160.0,2780.0,39,2024-04-23 14:58:36.035,2024-04-23 23:37:03.449
34182,CP39,148.0,3180.0,1,2023-07-28 15:05:13.269,2023-07-29 00:13:21.171
40193,CP39,109.0,4160.0,1,2024-01-12 05:02:08.987,2024-01-12 11:40:06.804
21608,,175.0,3000.0,47,2022-06-10 14:34:51.000,2022-06-10 21:27:54.804
23178,CE41B,109.0,2740.0,2,2022-08-02 04:51:04.000,2022-08-02 12:54:35.568
3187,CE07,76.0,1760.0,1,2020-04-29 14:58:10.000,2020-04-29 22:16:48.000
10855,CE37B,95.0,2240.0,2,2021-04-28 04:49:55.000,2021-04-28 11:49:36.000
12294,CE24,171.0,1800.0,1,2021-06-25 05:42:45.000,2021-06-25 12:08:46.000
5987,CP13,120.0,2840.0,48,2020-09-08 14:59:51.000,2020-09-08 22:25:25.000
23021,,123.0,3120.0,9,2022-07-27 15:10:36.000,2022-07-27 19:33:36.450
8059,CE21B,82.0,2440.0,1,2020-12-17 15:57:30.000,2020-12-18 01:20:16.000
16485,CE20B,93.0,1880.0,2,2021-12-01 12:24:00.000,2021-12-01 19:07:56.000
9445,CP40,54.0,1640.0,2,2021-02-23 14:56:43.000,2021-02-23 19:13:44.000
32145,CP40,45.0,1520.0,1,2023-05-30 15:14:24.702,2023-05-30 19:21:12.171
3049,CE20B,92.0,3100.0,2,2020-04-22 15:03:06.000,2020-04-22 21:34:09.000
26899,CP07,97.0,3220.0,4,2022-12-05 05:26:45.531,2022-12-05 12:18:56.253
34953,CP07,85.0,2440.0,1,2023-08-18 15:06:56.727,2023-08-18 22:10:43.950
37302,,210.0,8420.0,16,2023-10-23 06:06:26.789,2023-10-23 14:15:09.298
22011,,178.0,8800.0,20,2022-06-24 05:54:58.000,2022-06-24 13:38:51.292
23045,CP15,108.0,1260.0,1,2022-07-28 15:24:44.000,2022-07-28 22:29:30.707
10610,CE16,139.0,1960.0,1,2021-04-17 04:55:23.000,2021-04-17 13:30:56.000
17504,CE04,111.0,2380.0,1,2022-01-14 04:58:36.000,2022-01-14 11:45:45.000
3147,CP43,115.0,1640.0,4,2020-04-27 15:04:01.000,2020-04-27 20:43:10.000
12646,CE19,99.0,1780.0,1,2021-07-09 14:59:45.000,2021-07-09 21:29:53.000
18184,CE19,106.0,1600.0,2,2022-02-11 14:50:51.000,2022-02-11 20:48:55.000
13048,,148.0,1160.0,1,2021-07-23 04:52:06.000,2021-07-23 12:31:53.000
2752,CE12,123.0,1680.0,1,2020-04-06 04:56:36.000,2020-04-06 11:17:59.000
24749,CP35,124.0,3460.0,4,2022-09-20 04:57:46.207,2022-09-20 13:05:30.906
9762,CP07,80.0,3880.0,4,2021-03-10 14:27:31.000,2021-03-10 22:21:50.000
15674,CE29,120.0,2240.0,1,2021-10-28 04:49:27.000,2021-10-28 12:59:16.000
16557,CP12,130.0,1300.0,1,2021-12-03 05:02:21.000,2021-12-03 11:52:35.000
31442,CE40,59.0,1300.0,2,2023-05-09 15:02:50.362,2023-05-09 18:37:49.207
1780,CE41B,105.0,2440.0,1,2020-02-11 04:40:07.000,2020-02-11 12:08:00.000
8303,CE41B,116.0,2700.0,2,2020-12-30 04:19:33.000,2020-12-30 12:29:06.000
14602,CE37B,98.0,2480.0,2,2021-09-16 04:44:06.000,2021-09-16 11:56:20.000
40623,,157.0,2420.0,23,2024-01-24 15:03:25.441,2024-01-24 22:53:45.041
3603,CE29,123.0,2240.0,1,2020-05-20 04:51:20.000,2020-05-20 13:16:19.000
44250,,128.0,2340.0,23,2024-04-29 14:53:17.475,2024-04-29 22:35:33.023
6908,,201.0,10080.0,19,2020-10-21 15:01:21.000,2020-10-21 22:42:54.000
16394,CP07,83.0,2480.0,2,2021-11-26 14:56:55.000,2021-11-26 21:16:46.000
4873,CP34,148.0,2260.0,1,2020-07-21 16:10:37.000,2020-07-22 01:05:18.000
40088,,195.0,8020.0,16,2024-01-09 15:22:05.739,2024-01-09 22:44:06.336
29620,,171.0,6740.0,11,2023-03-09 05:36:26.081,2023-03-09 13:14:23.732
40914,,185.0,8860.0,14,2024-02-01 06:06:01.686,2024-02-01 13:16:49.853
23796,,213.0,1960.0,1,2022-08-20 04:54:52.000,2022-08-20 14:02:08.025
6298,CP33,157.0,2320.0,2,2020-09-23 14:50:47.000,2020-09-23 22:13:58.000
9182,CP11,132.0,2560.0,3,2021-02-10 14:49:11.000,2021-02-10 21:12:00.000
40985,,150.0,1420.0,14,2024-02-02 15:29:43.406,2024-02-02 22:07:35.730
34392,,139.0,1880.0,30,2023-08-03 15:00:34.440,2023-08-03 21:58:55.146
12407,CE04,115.0,2180.0,1,2021-06-30 05:01:04.000,2021-06-30 13:11:00.000
3803,CP09B,101.0,1940.0,1,2020-05-29 04:52:14.000,2020-05-29 11:48:36.000
8008,CE41B,183.0,3340.0,2,2020-12-15 04:24:33.000,2020-12-15 14:52:19.000
12122,CE26,90.0,2500.0,2,2021-06-18 15:00:19.000,2021-06-18 23:06:35.000
12538,CE01,214.0,1800.0,1,2021-07-05 05:22:14.000,2021-07-05 13:17:38.000
24697,CE26,87.0,2140.0,1,2022-09-19 16:10:36.139,2022-09-19 23:23:02.435
29565,CE10B,81.0,1960.0,1,2023-03-08 04:58:33.489,2023-03-08 12:06:41.255
33379,CE47,114.0,1800.0,1,2023-07-06 05:12:32.401,2023-07-06 12:17:46.123
2372,CE19,66.0,620.0,1,2020-03-13 19:19:55.000,2020-03-13 23:01:44.000
7056,CE19,117.0,1740.0,1,2020-10-29 14:32:48.000,2020-10-29 23:16:53.000
31032,CE33,130.0,1480.0,1,2023-04-26 15:01:24.262,2023-04-26 21:26:30.321
37637,,145.0,2400.0,1,2023-10-31 15:01:54.220,2023-10-31 22:59:40.982
11136,CE46,93.0,2120.0,1,2021-05-10 04:46:59.000,2021-05-10 12:02:57.000
4688,CP41B,111.0,3140.0,1,2020-07-13 04:56:57.000,2020-07-13 14:08:31.000
26581,CP11,146.0,1400.0,4,2022-11-23 14:47:22.449,2022-11-23 21:49:33.359
16930,CP52,182.0,2360.0,1,2021-12-20 14:45:28.000,2021-12-20 21:46:19.000
6424,CP01,272.0,2940.0,2,2020-09-29 04:58:03.000,2020-09-29 16:47:34.000
18293,CE30B,126.0,1760.0,1,2022-02-16 14:59:29.000,2022-02-16 20:55:39.208
36003,,183.0,1060.0,2,2023-09-14 15:22:49.556,2023-09-14 21:33:47.064
16623,CE41B,110.0,2340.0,2,2021-12-07 05:06:46.000,2021-12-07 14:01:47.000
8348,CE26,87.0,3180.0,2,2021-01-02 12:32:20.000,2021-01-02 22:06:59.000
19708,CE26,88.0,2060.0,1,2022-04-08 14:36:38.000,2022-04-08 23:25:33.800
13845,CE29,125.0,2320.0,1,2021-08-20 05:35:59.000,2021-08-20 14:03:39.000
39290,CP26,80.0,4380.0,1,2023-12-18 04:51:36.367,2023-12-18 12:25:48.258
8877,CP15,111.0,1620.0,1,2021-01-27 05:07:04.000,2021-01-27 11:53:05.000
15879,CE11,145.0,1460.0,5,2021-11-05 14:54:33.000,2021-11-05 21:59:25.000
19879,CE37B,98.0,1840.0,1,2022-04-14 05:03:58.000,2022-04-14 11:17:21.942
11406,CE05,124.0,3160.0,1,2021-05-20 14:32:55.000,2021-05-20 21:46:02.000
2789,CE27,129.0,2020.0,1,2020-04-08 14:41:01.000,2020-04-08 22:08:54.000
24812,CP18B,124.0,1820.0,1,2022-09-22 15:03:22.634,2022-09-22 22:35:38.008
29610,CP11,155.0,1280.0,4,2023-03-09 04:58:10.464,2023-03-09 12:19:28.687
42065,,156.0,2480.0,1,2024-03-04 15:04:22.113,2024-03-04 22:44:02.608
14460,CE27,136.0,1960.0,1,2021-09-10 14:37:06.000,2021-09-11 01:09:29.000
8716,CE26,89.0,2220.0,1,2021-01-20 15:14:00.000,2021-01-20 23:04:08.000
17472,CE39,62.0,2440.0,2,2022-01-12 19:04:16.000,2022-01-13 00:02:30.000
38538,CP39,113.0,4920.0,1,2023-11-27 04:59:35.559,2023-11-27 13:59:48.014
24602,CP36,141.0,2100.0,1,2022-09-15 15:07:18.375,2022-09-15 23:37:21.740
6677,CE46,93.0,1920.0,1,2020-10-12 05:01:13.000,2020-10-12 11:11:18.000
12027,CE15,113.0,1760.0,1,2021-06-15 14:22:18.000,2021-06-15 21:50:41.000
14710,CE15,173.0,1560.0,1,2021-09-21 05:03:12.000,2021-09-21 13:47:28.000
1474,,73.0,10020.0,1,2020-01-24 14:51:42.000,2020-01-25 00:20:35.000
4771,CP23,215.0,2420.0,1,2020-07-16 14:41:56.000,2020-07-17 00:47:02.000
2428,CE50,141.0,1960.0,1,2020-03-18 15:01:15.000,2020-03-18 22:13:33.000
19017,CP29,126.0,2680.0,1,2022-03-15 05:05:06.000,2022-03-15 13:16:13.939
6591,CP35,122.0,1700.0,1,2020-10-07 04:59:10.000,2020-10-07 14:13:51.000
14284,CP07,107.0,3400.0,4,2021-09-04 14:21:31.000,2021-09-04 21:17:48.000
6489,CE39,102.0,1960.0,1,2020-10-02 14:26:33.000,2020-10-02 20:55:48.000
16923,CE12,109.0,1580.0,2,2021-12-20 04:43:17.000,2021-12-20 13:12:07.000
20651,CE26,92.0,2180.0,1,2022-05-11 04:42:36.000,2022-05-11 12:09:52.607
17956,CP26,87.0,3760.0,1,2022-02-01 05:04:48.000,2022-02-01 13:29:37.000
17917,CP12,126.0,2140.0,1,2022-01-31 05:04:51.000,2022-01-31 11:46:27.000
4179,CP02,168.0,2120.0,2,2020-06-17 14:31:32.000,2020-06-17 23:24:53.000
27989,CP07,89.0,3380.0,3,2023-01-11 14:51:20.789,2023-01-11 21:57:51.974
6945,CE51,131.0,2000.0,1,2020-10-23 14:48:59.000,2020-10-23 23:19:26.000
19878,CE09B,109.0,1700.0,1,2022-04-14 04:44:06.000,2022-04-14 13:21:42.462
4634,CE04,91.0,1700.0,1,2020-07-10 05:05:44.000,2020-07-10 11:38:47.000
4019,CE50,142.0,2120.0,1,2020-06-10 14:51:53.000,2020-06-10 21:54:18.000
11280,CP29,148.0,3060.0,2,2021-05-14 04:54:25.000,2021-05-14 13:21:51.000
3240,CP09B,102.0,1940.0,1,2020-05-01 05:08:11.000,2020-05-01 11:11:43.000
15166,CP25B,202.0,2340.0,1,2021-10-07 05:02:50.000,2021-10-07 13:18:58.000
5585,CE39,100.0,2480.0,1,2020-08-21 14:18:19.000,2020-08-21 21:24:15.000
22966,CE16,136.0,1880.0,2,2022-07-26 15:35:49.000,2022-07-26 23:18:13.985
28954,CE16,132.0,1560.0,1,2023-02-14 05:04:46.618,2023-02-14 12:54:18.522
22069,CP39,96.0,4900.0,1,2022-06-27 15:06:52.000,2022-06-28 00:18:21.594
34229,CP12,131.0,2680.0,1,2023-07-31 04:57:08.464,2023-07-31 12:34:46.581
3273,CE16,129.0,2700.0,1,2020-05-04 14:35:22.000,2020-05-04 21:34:38.000
18321,CE09B,105.0,1480.0,1,2022-02-17 04:48:04.000,2022-02-17 12:09:29.346
7890,CE26,94.0,2040.0,2,2020-12-09 14:57:16.000,2020-12-09 22:32:09.000
19120,CE39,108.0,2600.0,1,2022-03-18 14:50:41.000,2022-03-18 23:06:40.730
22923,CP39,89.0,3160.0,1,2022-07-25 15:42:08.000,2022-07-25 23:39:36.804
8344,CE16,131.0,3280.0,1,2021-01-02 13:48:12.000,2021-01-02 21:32:52.000
21571,CE39,106.0,2580.0,1,2022-06-10 14:01:00.000,2022-06-10 22:42:34.349
31556,CE39,96.0,2000.0,1,2023-05-12 14:42:17.290,2023-05-12 23:11:52.324
6042,CP23,223.0,2400.0,1,2020-09-10 14:55:27.000,2020-09-11 00:52:19.000
19817,CP29,132.0,3640.0,1,2022-04-12 05:05:42.000,2022-04-12 14:12:35.698
14873,CE12,148.0,1900.0,1,2021-09-27 04:47:28.000,2021-09-27 13:06:59.000
1659,CP30B,129.0,2300.0,2,2020-02-04 04:46:18.000,2020-02-04 14:26:37.000
28283,CP35,125.0,1420.0,3,2023-01-20 05:10:18.881,2023-01-20 11:20:11.043
29163,CP35,122.0,1920.0,3,2023-02-22 04:49:55.420,2023-02-22 11:08:35.026
18457,CE39,83.0,2480.0,2,2022-02-23 14:56:17.000,2022-02-23 22:42:27.759
24545,CE26,83.0,2240.0,1,2022-09-14 14:58:54.234,2022-09-14 22:22:47.225
33960,CE29,127.0,2740.0,1,2023-07-24 04:54:36.446,2023-07-24 12:57:50.721
15418,CP12,126.0,2040.0,1,2021-10-18 05:01:49.000,2021-10-18 11:47:00.000
16771,CP12,123.0,2020.0,1,2021-12-13 05:10:06.000,2021-12-13 13:15:47.000
24317,,113.0,8800.0,1,2022-09-06 05:35:49.242,2022-09-06 12:55:27.982
8961,CE33,139.0,2180.0,1,2021-02-01 15:04:17.000,2021-02-01 22:07:00.000
20777,CE46,98.0,1940.0,1,2022-05-16 04:46:24.000,2022-05-16 11:23:32.267
4910,CE15,110.0,1560.0,1,2020-07-23 14:52:03.000,2020-07-23 23:38:52.000
20332,CP07,118.0,1620.0,2,2022-04-29 04:52:44.000,2022-04-29 13:30:14.273
21389,,209.0,10320.0,1,2022-06-03 15:04:23.000,2022-06-03 23:18:01.296
8341,CE04,134.0,2400.0,1,2021-01-02 05:01:31.000,2021-01-02 12:47:38.000
4675,CE35,123.0,2640.0,1,2020-07-13 04:53:21.000,2020-07-13 12:03:43.000
5910,CP07,94.0,3000.0,2,2020-09-04 14:59:22.000,2020-09-04 22:00:12.000
26577,CP39,110.0,4260.0,1,2022-11-23 14:55:26.888,2022-11-23 22:20:10.250
37723,,180.0,2560.0,8,2023-11-02 15:04:26.225,2023-11-02 22:49:40.436
9782,CP29,131.0,3140.0,2,2021-03-11 04:17:52.000,2021-03-11 12:07:03.000
10639,CE26,106.0,2640.0,1,2021-04-19 14:27:37.000,2021-04-19 23:34:28.000
21080,CP12,133.0,1520.0,1,2022-05-25 05:07:05.000,2022-05-25 11:33:34.166
8250,CE30B,153.0,2140.0,1,2020-12-28 14:44:02.000,2020-12-28 21:52:50.000
4542,CE09B,102.0,2100.0,2,2020-07-06 05:03:33.000,2020-07-06 11:43:01.000
11531,CP23,181.0,1160.0,1,2021-05-25 14:58:09.000,2021-05-25 21:48:30.000
37795,CP18B,142.0,2200.0,1,2023-11-06 05:09:16.496,2023-11-06 12:43:38.264
13818,CE50,216.0,2300.0,1,2021-08-19 14:55:23.000,2021-08-19 23:59:55.000
15300,CP02,167.0,1900.0,1,2021-10-13 04:55:51.000,2021-10-13 11:56:18.000
10013,CE41B,114.0,2540.0,2,2021-03-23 04:17:05.000,2021-03-23 11:49:49.000
37884,,183.0,2300.0,1,2023-11-07 15:13:23.030,2023-11-07 22:58:38.250
22056,CE09B,107.0,2280.0,1,2022-06-27 04:51:07.000,2022-06-27 11:56:04.524
15291,CE50,138.0,1800.0,1,2021-10-13 15:01:51.000,2021-10-13 21:24:32.000
26453,CP29,119.0,2500.0,1,2022-11-18 05:01:17.739,2022-11-18 13:31:42.807
4978,Óbidos CE02,117.0,1560.0,1,2020-07-27 14:53:30.000,2020-07-27 21:57:42.000
15304,CP05,118.0,2100.0,1,2021-10-13 15:01:58.000,2021-10-13 21:57:01.000
4399,CE04,92.0,1940.0,1,2020-06-29 05:00:19.000,2020-06-29 11:56:12.000
6903,CP01,232.0,2920.0,1,2020-10-21 04:55:08.000,2020-10-21 13:46:45.000
15129,CP07,83.0,3000.0,3,2021-10-06 15:01:49.000,2021-10-06 22:17:53.000
20369,CE12,129.0,2400.0,1,2022-05-02 04:48:40.000,2022-05-02 11:34:26.104
19326,CE26,94.0,2120.0,2,2022-03-25 15:02:33.000,2022-03-25 23:10:11.763
14190,CP39,103.0,4060.0,1,2021-09-01 14:52:49.000,2021-09-02 01:37:30.000
8627,CE41B,106.0,2040.0,1,2021-01-15 04:55:00.000,2021-01-15 11:50:08.000
4660,CE24,161.0,1740.0,1,2020-07-11 04:55:19.000,2020-07-11 11:56:03.000
30539,CE34,150.0,2060.0,1,2023-04-11 15:12:45.939,2023-04-11 21:55:53.167
32901,CE47,99.0,1480.0,1,2023-06-22 04:44:04.832,2023-06-22 12:12:04.548
18459,CE30B,125.0,1640.0,2,2022-02-23 14:56:43.000,2022-02-23 21:06:28.478
36772,,214.0,2040.0,1,2023-10-06 15:04:02.150,2023-10-06 23:13:28.978
31562,CE46,93.0,1380.0,1,2023-05-12 04:44:03.186,2023-05-12 11:24:59.434
17752,CE15,112.0,1400.0,1,2022-01-25 14:53:32.000,2022-01-25 21:35:56.000
1166,,151.0,9700.0,3,2020-01-08 14:57:05.000,2020-01-08 22:37:11.000
1968,CE41B,90.0,1560.0,1,2020-02-21 04:32:37.000,2020-02-21 11:50:24.000
9486,CE09B,109.0,1480.0,2,2021-02-25 04:45:00.000,2021-02-25 11:41:17.000
1640,CP40,43.0,940.0,3,2020-02-03 20:45:34.000,2020-02-04 00:37:17.000
5884,CP19,117.0,1680.0,1,2020-09-03 15:02:34.000,2020-09-03 22:34:46.000
38050,,181.0,8500.0,15,2023-11-13 05:57:16.102,2023-11-13 14:13:47.271
15886,CP11,143.0,1960.0,4,2021-11-05 04:59:46.000,2021-11-05 11:23:52.000
16360,CP52,194.0,1700.0,1,2021-11-25 14:57:12.000,2021-11-25 22:27:13.000
6414,CP15,133.0,2800.0,1,2020-09-29 14:34:15.000,2020-09-29 21:26:47.000
35057,CE38B,141.0,1380.0,1,2023-08-22 15:11:55.036,2023-08-22 23:07:30.174
7721,CE37B,95.0,2520.0,2,2020-12-01 14:34:52.000,2020-12-01 21:56:43.000
8629,CE05,123.0,1320.0,1,2021-01-15 05:01:25.000,2021-01-15 11:19:53.000
5367,CE46,94.0,2000.0,2,2020-08-12 14:53:07.000,2020-08-12 21:40:19.000
25407,CE50,139.0,1420.0,1,2022-10-13 15:01:42.845,2022-10-13 21:11:44.132
2067,CE37B,95.0,2100.0,2,2020-02-27 15:26:23.000,2020-02-28 00:55:32.000
9515,CE24,168.0,1400.0,1,2021-02-26 04:17:32.000,2021-02-26 10:48:39.000
4256,CE31,211.0,1980.0,2,2020-06-22 04:38:52.000,2020-06-22 13:02:13.000
21239,,94.0,9220.0,1,2022-05-30 15:04:40.000,2022-05-30 21:41:49.462
15600,,158.0,10280.0,7,2021-10-25 06:01:35.000,2021-10-25 13:01:02.000
13740,CE15,112.0,1720.0,1,2021-08-17 04:48:46.000,2021-08-17 11:52:30.000
21253,CE15,110.0,1260.0,1,2022-05-31 14:58:43.000,2022-05-31 22:05:19.628
26326,CE15,140.0,1720.0,1,2022-11-15 15:02:52.804,2022-11-15 23:51:40.662
31906,CP11,155.0,1920.0,3,2023-05-23 04:34:54.560,2023-05-23 11:50:54.902
2520,CE46,92.0,2160.0,1,2020-03-24 05:08:25.000,2020-03-24 12:35:30.000
3132,CE09B,104.0,2260.0,2,2020-04-27 05:04:11.000,2020-04-27 12:15:06.000
3320,CE29,128.0,2140.0,2,2020-05-06 04:50:47.000,2020-05-06 12:22:43.000
15448,CP28,161.0,2820.0,1,2021-10-19 04:54:19.000,2021-10-19 11:48:20.000
16476,CP28,169.0,2400.0,1,2021-11-30 04:51:33.000,2021-11-30 12:48:35.000
17108,CP28,165.0,4220.0,1,2021-12-28 05:09:35.000,2021-12-28 13:23:30.000
21882,CE33,187.0,1300.0,1,2022-06-21 15:19:26.000,2022-06-21 23:36:30.026
24589,CE33,141.0,1520.0,1,2022-09-15 04:48:21.749,2022-09-15 11:38:25.828
14682,CE46,93.0,2140.0,1,2021-09-20 04:59:17.000,2021-09-20 11:37:08.000
16425,CE46,93.0,1700.0,1,2021-11-29 05:01:35.000,2021-11-29 12:24:58.000
5749,CE20B,94.0,3260.0,2,2020-08-28 14:28:01.000,2020-08-28 22:05:07.000
16963,CP40,52.0,1480.0,1,2021-12-21 15:02:57.000,2021-12-21 18:45:04.000
25550,CE15,111.0,1840.0,1,2022-10-18 14:20:32.243,2022-10-18 21:29:50.597
2652,CP36,123.0,2460.0,1,2020-03-31 04:41:09.000,2020-03-31 11:54:24.000
15694,CP36,136.0,2300.0,1,2021-10-28 14:55:49.000,2021-10-28 22:14:17.000
1569,CP14,141.0,1860.0,1,2020-01-30 14:56:15.000,2020-01-30 20:20:27.000
6836,CE30B,181.0,1860.0,1,2020-10-19 15:05:37.000,2020-10-19 21:51:15.000
24512,CE10B,83.0,1840.0,1,2022-09-13 05:08:41.814,2022-09-13 13:33:49.986
7032,CE24,164.0,2040.0,1,2020-10-28 14:49:45.000,2020-10-28 21:47:41.000
36289,,86.0,8700.0,1,2023-09-22 15:03:27.095,2023-09-22 21:10:32.270
9534,CE33,154.0,1660.0,1,2021-02-27 05:09:13.000,2021-02-27 13:01:45.000
14372,CE33,139.0,1260.0,1,2021-09-08 14:47:08.000,2021-09-08 21:43:13.000
14406,CE51,116.0,2160.0,1,2021-09-09 04:48:58.000,2021-09-09 11:46:29.000
11906,,110.0,9760.0,1,2021-06-08 14:16:18.000,2021-06-08 21:15:49.000
11193,CP40,49.0,1340.0,1,2021-05-11 14:51:26.000,2021-05-11 18:02:45.000
2723,CP29,131.0,3080.0,1,2020-04-03 04:44:05.000,2020-04-03 12:51:51.000
7597,CP15,112.0,1800.0,1,2020-11-24 04:46:07.000,2020-11-24 14:08:08.000
1629,CE09B,107.0,2200.0,2,2020-02-03 04:34:51.000,2020-02-03 12:28:44.000
13908,CE37B,106.0,1980.0,2,2021-08-23 14:51:24.000,2021-08-23 22:27:17.000
2660,CE30B,159.0,1900.0,1,2020-04-01 04:52:28.000,2020-04-01 15:04:38.000
3899,CE46,92.0,1180.0,1,2020-06-03 15:02:51.000,2020-06-03 20:41:27.000
11433,CE41B,102.0,1600.0,2,2021-05-21 04:35:43.000,2021-05-21 11:42:29.000
4473,CE09B,111.0,1440.0,2,2020-07-02 05:00:38.000,2020-07-02 11:53:13.000
5980,CP15,106.0,1940.0,1,2020-09-08 15:00:04.000,2020-09-08 21:22:35.000
19492,CP15,104.0,2020.0,1,2022-03-31 15:01:02.000,2022-03-31 20:46:31.493
23875,CE37B,100.0,1920.0,1,2022-08-24 04:45:28.000,2022-08-24 11:30:20.901
26012,CP27,121.0,2500.0,1,2022-11-03 14:49:52.204,2022-11-03 22:15:12.185
38473,,160.0,1660.0,3,2023-11-23 15:00:11.431,2023-11-23 21:00:42.919
12832,CE07,96.0,1680.0,1,2021-07-16 15:00:01.000,2021-07-16 21:20:05.000
17297,CE24,172.0,1140.0,1,2022-01-05 04:44:38.000,2022-01-05 12:28:17.000
3154,,131.0,9320.0,1,2020-04-27 14:22:17.000,2020-04-27 21:29:03.000
7092,CE46,92.0,1520.0,1,2020-10-30 04:41:14.000,2020-10-30 10:51:07.000
6772,CP28,172.0,1980.0,2,2020-10-15 04:42:46.000,2020-10-15 11:24:27.000
1573,CP49,165.0,1680.0,1,2020-01-30 14:51:51.000,2020-01-30 22:16:38.000
14131,CP01,227.0,1980.0,1,2021-08-30 15:00:03.000,2021-08-30 21:54:54.000
29602,CP27,132.0,2500.0,1,2023-03-09 14:21:42.899,2023-03-09 22:22:11.966
4954,CE24,155.0,1680.0,1,2020-07-25 13:59:04.000,2020-07-25 20:24:14.000
19777,CE08,197.0,2000.0,1,2022-04-11 15:13:00.000,2022-04-11 22:22:12.713
7874,CP40,48.0,1460.0,2,2020-12-08 19:46:26.000,2020-12-08 23:10:00.000
29634,CE04,111.0,1220.0,1,2023-03-10 04:55:06.209,2023-03-10 12:11:05.308
2719,CP07,77.0,2520.0,3,2020-04-03 14:40:20.000,2020-04-03 20:51:13.000
9812,CP11,132.0,2280.0,3,2021-03-12 14:29:19.000,2021-03-12 21:42:36.000
8431,CE37B,92.0,2420.0,2,2021-01-06 14:45:51.000,2021-01-06 20:45:44.000
30848,CP27,127.0,1820.0,1,2023-04-20 05:00:48.795,2023-04-20 13:53:09.030
39056,,126.0,2700.0,4,2023-12-11 04:49:57.498,2023-12-11 11:50:07.321
1826,CE35,122.0,2160.0,2,2020-02-13 05:00:52.000,2020-02-13 12:18:02.000
9742,CE46,90.0,2020.0,1,2021-03-10 04:55:22.000,2021-03-10 11:29:47.000
12527,CE51,117.0,2200.0,1,2021-07-05 15:00:34.000,2021-07-05 21:52:40.000
8292,CP29,183.0,3500.0,2,2020-12-29 05:00:51.000,2020-12-29 16:05:26.000
24370,CE20B,99.0,2500.0,1,2022-09-08 14:57:27.466,2022-09-08 22:21:54.660
18615,CP08,184.0,1880.0,1,2022-03-01 14:24:00.000,2022-03-01 20:56:07.558
2141,CP41B,102.0,3920.0,1,2020-03-02 04:48:04.000,2020-03-02 13:08:23.000
3699,CP41B,114.0,4020.0,1,2020-05-25 04:32:15.000,2020-05-25 13:47:23.000
25037,CP27,144.0,1380.0,1,2022-09-29 04:44:37.544,2022-09-29 15:35:08.643
1653,CE41B,96.0,2520.0,1,2020-02-04 04:51:50.000,2020-02-04 11:03:19.000
11078,CP28,156.0,2620.0,1,2021-05-06 04:51:25.000,2021-05-06 15:09:47.000
9945,CE46,120.0,1280.0,1,2021-03-19 04:38:39.000,2021-03-19 11:21:44.000
15053,CE46,98.0,1340.0,1,2021-10-04 04:40:50.000,2021-10-04 11:30:21.000
2939,CE15,109.0,1700.0,1,2020-04-16 15:01:07.000,2020-04-16 21:10:09.000
1295,CP07,82.0,2320.0,2,2020-01-15 05:01:49.000,2020-01-15 12:00:29.000
8730,CP02,175.0,2260.0,1,2021-01-20 04:51:28.000,2021-01-20 12:12:56.000
22316,CP52,181.0,2440.0,1,2022-07-05 14:56:14.000,2022-07-05 22:44:57.365
11308,CE07,87.0,2480.0,1,2021-05-17 05:00:44.000,2021-05-17 12:28:21.000
9197,CE09B,102.0,1220.0,2,2021-02-11 04:22:01.000,2021-02-11 11:52:53.000
8471,,44.0,3800.0,1,2021-01-07 11:20:10.000,2021-01-07 14:01:18.000
22200,CE46,94.0,1200.0,1,2022-07-01 05:03:28.000,2022-07-01 11:37:28.117
24507,CE15,114.0,1680.0,1,2022-09-13 05:03:57.459,2022-09-13 11:18:44.695
1515,CE20B,101.0,2160.0,1,2020-01-28 04:54:26.000,2020-01-28 12:10:11.000
10088,CE20B,90.0,1180.0,1,2021-03-26 04:53:02.000,2021-03-26 11:01:24.000
14708,CE20B,102.0,3020.0,2,2021-09-21 15:21:19.000,2021-09-21 22:45:33.000
16035,CP15,107.0,2020.0,1,2021-11-11 14:59:55.000,2021-11-11 22:05:25.000
2540,CE29,130.0,2620.0,3,2020-03-25 04:54:39.000,2020-03-25 13:08:08.000
38963,,169.0,2460.0,1,2023-12-07 14:52:50.954,2023-12-07 21:24:01.348
9926,CE16,143.0,1660.0,1,2021-03-18 14:53:32.000,2021-03-18 22:18:40.000
17721,CE16,128.0,2040.0,1,2022-01-24 04:57:13.000,2022-01-24 11:52:41.000
20996,CE39,110.0,3460.0,1,2022-05-23 14:48:01.000,2022-05-23 22:39:46.961
29940,CE39,98.0,2660.0,1,2023-03-22 14:45:03.980,2023-03-22 22:45:46.777
10010,CE50,140.0,2140.0,1,2021-03-23 05:02:34.000,2021-03-23 11:55:09.000
12445,CE50,133.0,2320.0,1,2021-07-01 14:42:53.000,2021-07-01 21:57:44.000
18037,CP07,83.0,2640.0,4,2022-02-04 05:05:17.000,2022-02-04 13:25:35.000
36452,CE33,140.0,1620.0,1,2023-09-28 15:01:08.864,2023-09-28 22:19:59.524
35039,,112.0,8340.0,1,2023-08-21 15:02:43.697,2023-08-21 19:14:18.183
29327,CP40,46.0,1100.0,1,2023-02-28 18:43:46.172,2023-02-28 21:55:42.069
5704,CP02,176.0,2540.0,2,2020-08-26 15:01:06.000,2020-08-26 23:17:12.000
22507,CP36,129.0,2060.0,1,2022-07-12 04:50:35.000,2022-07-12 12:53:27.907
17320,CP15,110.0,2000.0,1,2022-01-06 14:18:28.000,2022-01-06 20:40:42.000
6831,CE34,147.0,2640.0,1,2020-10-19 15:13:05.000,2020-10-20 02:54:01.000
10975,CE51,121.0,2640.0,1,2021-05-03 14:17:07.000,2021-05-03 22:15:19.000
1417,CP29,132.0,2100.0,1,2020-01-22 04:51:43.000,2020-01-22 13:31:09.000
36843,CE20B,104.0,3080.0,1,2023-10-10 04:44:40.357,2023-10-10 12:14:51.625
5603,CP35,143.0,2160.0,1,2020-08-21 04:45:28.000,2020-08-21 11:14:18.000
6718,CP32,168.0,1580.0,1,2020-10-13 04:44:38.000,2020-10-13 11:32:08.000
8234,CP32,143.0,2800.0,1,2020-12-26 04:51:57.000,2020-12-26 13:40:54.000
8232,CP36,113.0,2380.0,1,2020-12-26 05:10:14.000,2020-12-26 13:40:23.000
12623,CP15,117.0,1560.0,1,2021-07-08 15:00:15.000,2021-07-08 23:27:50.000
17444,CE38B,142.0,1920.0,1,2022-01-12 15:27:01.000,2022-01-12 23:31:15.000
16517,CE09B,115.0,1600.0,1,2021-12-02 05:03:48.000,2021-12-02 11:41:26.000
30807,CP18B,87.0,1980.0,1,2023-04-19 15:16:39.031,2023-04-19 23:21:23.103
6491,CE50,166.0,2120.0,1,2020-10-02 14:54:28.000,2020-10-02 22:57:29.000
2118,CP43,115.0,1860.0,2,2020-02-29 04:58:23.000,2020-02-29 12:22:33.000
17331,CE19,94.0,1840.0,2,2022-01-07 14:39:24.000,2022-01-07 20:31:49.000
44067,,155.0,2600.0,3,2024-04-24 15:05:19.266,2024-04-24 23:00:56.756
1626,CE24,168.0,2020.0,1,2020-02-03 14:34:43.000,2020-02-03 21:34:06.000
13398,,45.0,7100.0,1,2021-08-03 21:32:08.000,2021-08-04 00:32:04.000
9397,,162.0,8920.0,1,2021-02-19 14:47:59.000,2021-02-19 23:37:02.000
23962,CE46,92.0,1480.0,1,2022-08-26 15:05:46.000,2022-08-26 21:19:24.330
21452,CE15,109.0,1380.0,1,2022-06-07 15:28:10.000,2022-06-07 21:44:45.909
9185,,181.0,9560.0,1,2021-02-10 05:37:50.000,2021-02-10 13:33:17.000
17178,CP36,128.0,3420.0,1,2021-12-30 05:09:02.000,2021-12-30 13:08:11.000
20703,CP36,131.0,2040.0,1,2022-05-12 04:48:46.000,2022-05-12 12:28:56.586
3491,CP14,138.0,2820.0,1,2020-05-14 04:57:00.000,2020-05-14 11:18:11.000
2769,CE17B,89.0,2340.0,1,2020-04-07 04:53:02.000,2020-04-07 11:27:12.000
25103,CE09B,103.0,2580.0,1,2022-10-03 04:48:33.834,2022-10-03 11:36:16.822
7121,CE04,117.0,1680.0,1,2020-11-02 05:02:14.000,2020-11-02 12:59:00.000
9511,CE26,92.0,2300.0,2,2021-02-26 14:45:13.000,2021-02-26 21:49:39.000
20323,CE39,96.0,2240.0,1,2022-04-29 15:31:31.000,2022-04-29 22:59:31.342
41308,,138.0,2320.0,1,2024-02-12 15:03:08.775,2024-02-12 22:10:52.712
22273,CP29,124.0,3180.0,1,2022-07-04 05:16:09.000,2022-07-04 14:34:59.418
9114,Óbidos CE02,117.0,1620.0,1,2021-02-08 14:59:01.000,2021-02-08 21:19:38.000
7780,CE12,118.0,2000.0,1,2020-12-03 05:02:50.000,2020-12-03 12:43:14.000
23149,CP25B,118.0,1040.0,1,2022-08-01 04:41:16.000,2022-08-01 11:26:00.827
35271,Óbidos CE01,155.0,2140.0,1,2023-08-28 05:15:02.535,2023-08-28 14:47:03.398
8054,CE24,173.0,1540.0,1,2020-12-17 05:06:22.000,2020-12-17 12:45:55.000
24825,,92.0,9560.0,1,2022-09-21 15:36:20.085,2022-09-21 21:14:05.430
9939,,47.0,10360.0,2,2021-03-17 19:00:32.000,2021-03-17 22:11:16.000
19837,CE33,135.0,1700.0,1,2022-04-13 04:46:01.000,2022-04-13 12:03:18.111
16636,CP40,51.0,1780.0,1,2021-12-07 18:31:45.000,2021-12-07 22:16:26.000
8773,CE38B,142.0,2100.0,1,2021-01-22 04:47:16.000,2021-01-22 12:45:35.000
13487,CE16,128.0,1820.0,1,2021-08-07 04:43:46.000,2021-08-07 12:37:06.000
21809,CE19,101.0,1760.0,2,2022-06-18 12:32:14.000,2022-06-18 19:15:09.565
19284,CE29,117.0,1580.0,1,2022-03-24 04:57:45.000,2022-03-24 12:52:38.440
3739,CE29,133.0,2160.0,1,2020-05-27 04:52:47.000,2020-05-27 13:55:37.000
9278,,77.0,9820.0,1,2021-02-15 05:57:04.000,2021-02-15 12:11:59.000
15501,CE51,115.0,2220.0,1,2021-10-21 04:58:14.000,2021-10-21 13:03:38.000
16097,CE51,115.0,2480.0,1,2021-11-15 15:01:08.000,2021-11-15 23:04:33.000
33584,CP07,88.0,2820.0,1,2023-07-12 14:56:39.892,2023-07-12 23:49:23.447
20244,CP08,195.0,1860.0,1,2022-04-27 05:01:05.000,2022-04-27 11:44:07.465
12131,CP36,137.0,1860.0,1,2021-06-18 04:19:23.000,2021-06-18 11:56:20.000
23763,CP07,81.0,2100.0,3,2022-08-19 15:06:13.000,2022-08-19 20:45:33.008
14483,CP52,198.0,1920.0,1,2021-09-11 04:53:26.000,2021-09-11 11:57:46.000
9823,CE16,134.0,2140.0,1,2021-03-13 04:13:50.000,2021-03-13 11:13:22.000
23717,CP18B,128.0,2240.0,1,2022-08-18 04:51:37.000,2022-08-18 13:33:17.584
12731,CE40,20.0,1060.0,1,2021-07-13 18:42:12.000,2021-07-13 22:53:04.000
4784,Óbidos CESexta,111.0,1460.0,1,2020-07-17 14:50:56.000,2020-07-17 21:32:13.000
8221,CE01,223.0,2000.0,1,2020-12-26 05:03:27.000,2020-12-26 13:20:22.000
27280,CE01,213.0,2040.0,1,2022-12-19 14:55:04.230,2022-12-19 22:49:46.549
11494,CP05,117.0,1680.0,1,2021-05-24 14:53:31.000,2021-05-24 21:20:47.000
22400,CE41B,116.0,2020.0,2,2022-07-08 05:06:54.000,2022-07-08 13:29:29.005
1675,CE01,250.0,1660.0,2,2020-02-05 14:30:16.000,2020-02-05 22:16:26.000
19976,CE46,94.0,1720.0,1,2022-04-18 04:56:11.000,2022-04-18 11:18:12.333
2765,CE51,121.0,2800.0,1,2020-04-07 15:06:09.000,2020-04-07 22:48:58.000
18791,CE15,111.0,1480.0,1,2022-03-08 14:45:13.000,2022-03-08 21:41:32.623
3027,CP10B,85.0,2080.0,1,2020-04-21 14:57:36.000,2020-04-21 20:28:23.000
9342,CE38B,135.0,2380.0,1,2021-02-18 14:23:44.000,2021-02-18 21:51:34.000
20198,CE30B,152.0,1760.0,2,2022-04-26 14:37:45.000,2022-04-26 21:28:31.312
7810,CE05,119.0,2120.0,1,2020-12-04 14:27:32.000,2020-12-04 22:05:52.000
43494,,210.0,2460.0,1,2024-04-10 15:03:33.679,2024-04-10 23:12:16.818
35894,CP18B,131.0,2680.0,1,2023-09-12 15:02:59.536,2023-09-12 22:15:00.899
20837,CP29,133.0,3420.0,1,2022-05-17 04:58:10.000,2022-05-17 12:36:52.527
15353,CE16,137.0,1900.0,2,2021-10-15 04:49:31.000,2021-10-15 13:21:30.000
14580,CP39,112.0,3840.0,1,2021-09-15 14:59:32.000,2021-09-15 23:49:27.000
33104,CP26,93.0,3540.0,1,2023-06-28 15:01:33.802,2023-06-29 00:18:25.701
3954,CE05,154.0,1760.0,1,2020-06-06 05:07:42.000,2020-06-06 12:38:43.000
5739,CE26,87.0,2380.0,1,2020-08-28 15:00:39.000,2020-08-28 22:57:53.000
2844,CP09B,100.0,2460.0,1,2020-04-10 05:19:45.000,2020-04-10 11:18:26.000
6360,CP09B,99.0,2140.0,1,2020-09-25 04:19:34.000,2020-09-25 10:35:37.000
29054,CP05,127.0,1040.0,1,2023-02-17 15:04:34.771,2023-02-17 23:05:36.689
39615,CP26,86.0,3540.0,1,2023-12-27 05:02:23.675,2023-12-27 12:23:12.558
28752,CE30B,135.0,1300.0,2,2023-02-07 14:55:23.734,2023-02-07 21:02:04.295
12056,CE24,175.0,2080.0,1,2021-06-16 04:54:54.000,2021-06-16 11:44:50.000
23039,CP18B,131.0,2380.0,1,2022-07-28 04:57:08.000,2022-07-28 13:14:09.871
21986,CE41B,108.0,1820.0,1,2022-06-24 04:50:46.000,2022-06-24 11:56:04.980
13246,CE01,218.0,1700.0,1,2021-07-30 15:07:02.000,2021-07-30 22:43:07.000
14495,CE39,115.0,2680.0,1,2021-09-13 14:53:38.000,2021-09-13 21:31:06.000
24590,CE16,129.0,2080.0,2,2022-09-15 15:08:01.720,2022-09-15 22:38:07.647
22538,CE37B,108.0,1860.0,1,2022-07-13 05:01:48.000,2022-07-13 12:39:59.360
20327,CE04,112.0,1200.0,1,2022-04-29 04:50:39.000,2022-04-29 11:28:52.090
3964,CE12,126.0,1840.0,1,2020-06-08 04:47:49.000,2020-06-08 11:08:02.000
7315,CP09B,105.0,3480.0,1,2020-11-10 05:02:00.000,2020-11-10 14:59:32.000
22840,CE41B,107.0,1820.0,2,2022-07-22 04:40:45.000,2022-07-22 12:40:29.095
9047,CE01,241.0,2720.0,1,2021-02-04 14:34:14.000,2021-02-04 22:48:26.000
25308,CP26,88.0,4080.0,1,2022-10-10 14:58:29.394,2022-10-10 23:34:44.229
1077,CP49,171.0,3140.0,1,2020-01-03 14:38:45.000,2020-01-03 21:29:51.000
2414,CP15,112.0,1640.0,1,2020-03-17 14:44:44.000,2020-03-17 21:19:05.000
12802,CE38B,136.0,1800.0,1,2021-07-15 16:42:49.000,2021-07-15 23:18:40.000
2087,CE30B,129.0,1940.0,1,2020-02-28 14:45:40.000,2020-02-28 21:22:16.000
11714,CE30B,184.0,2020.0,2,2021-06-02 04:43:20.000,2021-06-02 14:03:26.000
5614,CE16,133.0,1860.0,1,2020-08-22 04:51:27.000,2020-08-22 12:02:17.000
29686,CE39,98.0,3320.0,1,2023-03-13 14:55:28.026,2023-03-13 23:58:08.274
22831,CE01,225.0,1280.0,1,2022-07-22 04:36:25.000,2022-07-22 11:49:23.018
2172,CE07,78.0,1780.0,1,2020-03-04 04:50:18.000,2020-03-04 11:29:03.000
3852,CE41B,100.0,2980.0,1,2020-06-02 04:24:43.000,2020-06-02 10:53:34.000
21045,CP29,127.0,3160.0,1,2022-05-24 05:01:30.000,2022-05-24 14:07:02.440
32050,CP29,145.0,2960.0,1,2023-05-26 04:52:40.944,2023-05-26 14:49:19.626
24551,CE01,218.0,2160.0,1,2022-09-14 04:51:39.387,2022-09-14 12:18:14.797
30535,CE01,223.0,1760.0,1,2023-04-11 05:04:56.967,2023-04-11 15:09:07.122
23808,CE26,92.0,2420.0,1,2022-08-22 15:05:30.000,2022-08-22 22:24:43.430
13785,CP39,111.0,3220.0,1,2021-08-18 14:56:10.000,2021-08-18 22:15:54.000
15060,CP12,126.0,2080.0,1,2021-10-04 04:44:21.000,2021-10-04 11:32:25.000
12482,CE07,86.0,2060.0,1,2021-07-02 05:04:37.000,2021-07-02 12:04:11.000
9577,CE34,145.0,2400.0,1,2021-03-02 04:41:28.000,2021-03-02 12:03:57.000
14998,CE39,104.0,2080.0,1,2021-10-01 15:01:01.000,2021-10-01 21:37:01.000
28978,CE29,125.0,2180.0,1,2023-02-15 05:08:00.518,2023-02-15 13:24:03.306
20291,CP12,128.0,1960.0,1,2022-04-28 05:07:28.000,2022-04-28 11:50:35.045
16546,CE19,104.0,1240.0,2,2021-12-03 04:51:11.000,2021-12-03 10:57:11.000
19798,CE50,136.0,1880.0,1,2022-04-12 15:11:16.000,2022-04-12 21:39:14.460
12315,CE08,183.0,1540.0,1,2021-06-25 14:54:10.000,2021-06-25 21:07:40.000
17851,CE19,100.0,1240.0,2,2022-01-28 14:50:55.000,2022-01-28 21:25:56.000
14246,CE12,132.0,1680.0,1,2021-09-03 04:58:55.000,2021-09-03 12:55:03.000
11429,CE27,132.0,1860.0,1,2021-05-21 14:51:57.000,2021-05-21 20:54:46.000
21456,CE41B,108.0,2460.0,1,2022-06-07 04:47:45.000,2022-06-07 12:42:07.344
4495,CE07,78.0,1840.0,1,2020-07-03 14:43:11.000,2020-07-03 22:12:53.000
31034,CE34,152.0,2440.0,1,2023-04-26 14:55:59.101,2023-04-26 23:01:11.081
7239,Óbidos CESexta,113.0,1220.0,1,2020-11-06 14:48:27.000,2020-11-06 21:37:15.000
28797,CE29,114.0,1800.0,1,2023-02-08 04:48:18.862,2023-02-08 12:53:57.755
31182,CP39,118.0,3840.0,1,2023-05-01 14:05:58.096,2023-05-01 23:39:36.730
17697,CE24,175.0,1600.0,1,2022-01-22 10:02:14.000,2022-01-22 18:09:42.000
11512,CE34,149.0,2160.0,1,2021-05-25 05:03:47.000,2021-05-25 12:33:15.000
4860,CP29,129.0,2260.0,1,2020-07-21 04:45:31.000,2020-07-21 13:36:55.000
7127,Óbidos CE02,115.0,1300.0,1,2020-11-02 14:49:35.000,2020-11-02 21:42:32.000
19124,CE41B,111.0,1840.0,1,2022-03-18 04:49:21.000,2022-03-18 12:01:14.978
20003,CE41B,106.0,2300.0,1,2022-04-19 04:47:00.000,2022-04-19 11:52:41.736
10087,CE01,221.0,2100.0,1,2021-03-26 05:00:24.000,2021-03-26 13:30:08.000
29877,CP12,124.0,2340.0,1,2023-03-20 04:57:40.902,2023-03-20 14:58:28.270
3429,CE41B,103.0,3020.0,1,2020-05-12 04:35:33.000,2020-05-12 12:15:29.000
20888,CE34,147.0,1900.0,1,2022-05-19 14:20:19.000,2022-05-19 21:45:58.228
39759,CP26,87.0,3500.0,1,2023-12-30 08:43:07.929,2023-12-30 16:15:41.354
12504,CE08,186.0,1920.0,1,2021-07-03 04:59:02.000,2021-07-03 12:02:01.000
17018,CE46,118.0,1500.0,1,2021-12-23 04:52:02.000,2021-12-23 16:15:44.000
12362,CP12,159.0,3660.0,2,2021-06-28 04:43:01.000,2021-06-28 14:21:06.000
2772,CP15,112.0,1260.0,1,2020-04-07 04:48:35.000,2020-04-07 11:19:41.000
36406,CE38B,136.0,2080.0,1,2023-09-27 14:58:21.400,2023-09-27 21:55:33.644
18477,,106.0,8440.0,2,2022-02-22 14:51:06.000,2022-02-22 19:02:15.424
24996,CP32,147.0,2280.0,1,2022-09-28 04:49:13.472,2022-09-28 12:42:57.378
2223,CP36,125.0,1880.0,1,2020-03-06 15:07:14.000,2020-03-06 21:50:11.000
2548,CP14,140.0,2320.0,1,2020-03-25 14:51:15.000,2020-03-25 20:19:34.000
9690,CE10B,79.0,2260.0,1,2021-03-08 05:25:29.000,2021-03-08 11:36:18.000
10856,CE33,153.0,1840.0,1,2021-04-28 15:00:23.000,2021-04-28 21:59:59.000
18517,CE46,93.0,1300.0,1,2022-02-25 04:56:05.000,2022-02-25 11:43:40.538
3707,,92.0,10300.0,1,2020-05-26 05:59:34.000,2020-05-26 12:17:45.000
13135,CP40,46.0,960.0,1,2021-07-27 18:44:29.000,2021-07-27 22:02:51.000
7981,CE15,109.0,1280.0,1,2020-12-14 15:04:45.000,2020-12-14 22:34:37.000
7728,CE18B,142.0,2240.0,1,2020-12-01 14:39:55.000,2020-12-01 23:27:18.000
12946,CP08,190.0,2200.0,1,2021-07-20 05:23:16.000,2021-07-20 13:21:02.000
13426,CP15,123.0,1880.0,1,2021-08-05 04:54:21.000,2021-08-05 12:30:30.000
17836,CP01,236.0,1620.0,1,2022-01-27 14:59:21.000,2022-01-27 22:22:55.000
5737,,105.0,11160.0,1,2020-08-27 15:15:16.000,2020-08-27 22:11:12.000
15095,CP40,57.0,1600.0,1,2021-10-05 14:16:49.000,2021-10-05 20:49:02.000
20194,CE18B,132.0,2060.0,1,2022-04-26 15:00:36.000,2022-04-26 21:32:01.421
18501,CP32,141.0,1480.0,1,2022-02-24 05:01:40.000,2022-02-24 12:13:17.051
8595,CE30B,156.0,1260.0,1,2021-01-14 14:56:30.000,2021-01-14 22:15:16.000
6345,CE26,85.0,2060.0,1,2020-09-25 14:22:13.000,2020-09-25 22:42:51.000
24816,CP15,108.0,1880.0,1,2022-09-22 15:49:29.654,2022-09-22 22:58:20.299
28274,CE38B,143.0,2160.0,1,2023-01-20 14:55:07.447,2023-01-20 23:11:15.443
21423,CE39,108.0,3320.0,1,2022-06-06 14:56:16.000,2022-06-06 22:32:19.835
6270,CP23,192.0,2560.0,1,2020-09-22 14:59:00.000,2020-09-22 22:55:46.000
31704,,104.0,9300.0,1,2023-05-16 15:04:37.134,2023-05-16 21:31:58.818
1072,CP50,143.0,1220.0,1,2020-01-03 05:04:03.000,2020-01-03 11:20:35.000
30163,,118.0,8940.0,1,2023-03-29 05:53:40.873,2023-03-29 14:18:35.073
15244,CP35,122.0,2280.0,1,2021-10-11 04:42:47.000,2021-10-11 12:09:55.000
18385,CP08,225.0,1400.0,1,2022-02-19 04:54:32.000,2022-02-19 12:58:01.410
22485,CP01,242.0,1880.0,1,2022-07-11 14:58:01.000,2022-07-12 00:27:28.036
26530,CP40,50.0,1240.0,1,2022-11-22 15:00:38.764,2022-11-22 19:29:46.162
4429,CE38B,136.0,1800.0,1,2020-06-30 14:22:51.000,2020-06-30 20:17:59.000
7002,CE30B,147.0,1660.0,1,2020-10-27 15:01:15.000,2020-10-27 22:13:57.000
7398,CE30B,165.0,1920.0,1,2020-11-14 04:44:05.000,2020-11-14 13:49:21.000
18572,CE04,111.0,1980.0,1,2022-02-28 04:47:45.000,2022-02-28 11:45:26.903
2944,CP50,145.0,1920.0,1,2020-04-16 04:49:50.000,2020-04-16 10:24:59.000
4092,CE33,147.0,2000.0,1,2020-06-13 04:46:32.000,2020-06-13 12:47:00.000
11262,CE46,95.0,1180.0,1,2021-05-14 04:46:29.000,2021-05-14 11:44:22.000
12037,CP40,53.0,940.0,1,2021-06-15 04:51:25.000,2021-06-15 08:42:23.000
3330,CP34,145.0,3620.0,1,2020-05-06 14:54:33.000,2020-05-06 21:56:50.000
28841,CP15,107.0,1840.0,1,2023-02-09 14:55:43.491,2023-02-09 21:36:13.465
7944,CE30B,151.0,1320.0,1,2020-12-11 14:41:27.000,2020-12-11 22:42:24.000
6882,CE46,90.0,2180.0,1,2020-10-21 14:45:27.000,2020-10-21 20:36:01.000
31474,CE04,109.0,1160.0,1,2023-05-10 05:07:20.150,2023-05-10 12:11:16.276
17166,CE20B,96.0,3900.0,1,2021-12-30 14:52:16.000,2021-12-30 21:41:35.000
35053,CE20B,100.0,3160.0,1,2023-08-22 04:50:15.830,2023-08-22 11:41:01.817
5665,CP15,107.0,1820.0,1,2020-08-25 14:26:24.000,2020-08-25 21:43:11.000
32067,,154.0,1900.0,15,2023-05-26 15:13:19.440,2023-05-26 22:18:18.219
2062,CE13,121.0,1740.0,51,2020-02-27 14:19:23.000,2020-02-27 21:39:01.000
7724,CE06,194.0,1120.0,44,2020-12-01 05:03:57.000,2020-12-01 13:24:23.000
22364,CE11,144.0,2080.0,7,2022-07-07 14:59:16.000,2022-07-07 22:17:27.773
26277,,197.0,2440.0,44,2022-11-11 14:59:15.978,2022-11-11 23:59:12.240
37772,,159.0,1960.0,37,2023-11-03 15:10:34.390,2023-11-03 21:52:18.630
3121,CE44,132.0,2440.0,45,2020-04-25 04:59:46.000,2020-04-25 12:47:12.000
6077,CE06,190.0,1720.0,44,2020-09-12 04:25:33.000,2020-09-12 11:20:52.000
23576,,236.0,3300.0,48,2022-08-13 05:01:34.000,2022-08-13 15:20:07.097
38225,,175.0,1940.0,39,2023-11-16 15:16:58.894,2023-11-16 23:41:32.174
3933,CE11,151.0,2340.0,13,2020-06-05 14:52:26.000,2020-06-05 21:30:44.000
33943,,178.0,1760.0,27,2023-07-21 15:00:50.103,2023-07-21 21:39:36.084
15039,,211.0,2420.0,39,2021-10-01 15:01:32.000,2021-10-02 00:22:47.000
8810,CE13,182.0,1160.0,35,2021-01-25 14:54:59.000,2021-01-25 22:54:08.000
3824,CE09B,109.0,2660.0,2,2020-06-01 05:06:29.000,2020-06-01 12:04:38.000
4609,CE09B,109.0,1400.0,1,2020-07-09 05:03:01.000,2020-07-09 11:43:19.000
30250,,202.0,2160.0,57,2023-03-31 14:56:11.579,2023-03-31 23:19:54.837
8936,CP11,163.0,1980.0,10,2021-01-29 14:46:39.000,2021-01-29 22:27:52.000
9570,,198.0,2260.0,45,2021-03-01 15:19:12.000,2021-03-01 22:31:06.000
4205,CP11,152.0,2080.0,16,2020-06-18 15:03:20.000,2020-06-18 21:44:34.000
14009,CE50,141.0,2400.0,1,2021-08-26 14:17:20.000,2021-08-26 21:09:18.000
8192,CP44,145.0,2040.0,38,2020-12-23 14:42:57.000,2020-12-23 21:24:00.000
24539,,166.0,3280.0,40,2022-09-13 15:41:03.604,2022-09-13 22:39:17.858
10990,,217.0,3240.0,55,2021-05-03 14:41:56.000,2021-05-04 02:11:24.000
28293,,223.0,2280.0,46,2023-01-20 14:52:31.244,2023-01-21 00:46:54.607
7635,CE12,131.0,1580.0,1,2020-11-26 05:02:12.000,2020-11-26 12:49:19.000
28121,CP11,150.0,2400.0,5,2023-01-16 14:59:49.255,2023-01-16 21:45:51.247
8218,CE39,88.0,2780.0,1,2020-12-26 14:04:32.000,2020-12-26 22:36:58.000
30251,,213.0,1980.0,59,2023-03-31 14:59:26.511,2023-03-31 23:36:46.167
43259,,189.0,2380.0,36,2024-04-04 15:56:42.435,2024-04-05 00:37:13.988
31468,,200.0,2940.0,52,2023-05-09 14:50:14.004,2023-05-09 23:29:02.957
12050,,168.0,2240.0,44,2021-06-15 15:21:23.000,2021-06-16 00:03:40.000
37827,,152.0,2660.0,15,2023-11-06 14:56:46.366,2023-11-06 22:15:53.103
33403,,183.0,2360.0,32,2023-07-06 15:05:23.064,2023-07-07 00:51:39.319
17579,,223.0,3220.0,56,2022-01-17 15:03:31.000,2022-01-18 01:05:32.000
18414,,206.0,2220.0,49,2022-02-19 11:57:06.000,2022-02-19 20:55:27.180
38180,,160.0,2020.0,40,2023-11-15 15:10:39.847,2023-11-15 22:14:29.973
9746,CE11,134.0,2240.0,6,2021-03-10 15:04:35.000,2021-03-10 22:27:05.000
5563,CE13,112.0,1980.0,39,2020-08-20 15:06:30.000,2020-08-20 22:47:31.000
13934,,235.0,2460.0,42,2021-08-23 15:05:46.000,2021-08-24 03:24:43.000
1704,CE37B,92.0,1600.0,1,2020-02-06 15:06:19.000,2020-02-06 21:57:11.000
21324,CE24,176.0,1660.0,1,2022-06-02 14:45:17.000,2022-06-02 21:41:44.172
4936,CE44,133.0,1980.0,51,2020-07-24 04:38:10.000,2020-07-24 12:34:52.000
11543,,179.0,2280.0,42,2021-05-25 15:00:01.000,2021-05-25 22:52:46.000
23380,,126.0,1760.0,37,2022-08-06 20:14:07.000,2022-08-07 02:34:41.624
34838,,162.0,2900.0,23,2023-08-15 15:08:22.311,2023-08-15 22:44:55.367
27565,,175.0,3760.0,59,2022-12-27 17:49:09.474,2022-12-28 04:50:09.225
9540,,218.0,3900.0,36,2021-02-26 14:04:21.000,2021-02-27 02:56:35.000
5009,CP13,117.0,2520.0,48,2020-07-28 14:52:55.000,2020-07-28 23:23:38.000
2905,CP13,126.0,2500.0,33,2020-04-14 15:24:32.000,2020-04-14 23:55:04.000
35866,,133.0,2540.0,31,2023-09-11 16:45:49.380,2023-09-12 00:21:36.958
33470,,174.0,2020.0,29,2023-07-07 14:44:51.388,2023-07-07 23:38:45.324
15567,,187.0,2600.0,57,2021-10-23 05:02:02.000,2021-10-23 12:35:06.000
22656,,218.0,2640.0,50,2022-07-15 15:09:11.000,2022-07-16 00:22:18.850
17895,,221.0,2100.0,54,2022-01-29 04:50:49.000,2022-01-29 13:26:11.000
41839,,140.0,3700.0,34,2024-02-27 14:56:47.778,2024-02-27 21:31:54.065
30046,,193.0,1840.0,47,2023-03-24 15:27:30.929,2023-03-24 23:38:53.856
2508,CP40,51.0,1100.0,2,2020-03-23 05:45:11.000,2020-03-23 11:27:03.000
2069,CE15,87.0,2000.0,1,2020-02-27 14:28:44.000,2020-02-27 21:05:37.000
16118,,175.0,3820.0,46,2021-11-13 15:35:29.000,2021-11-13 22:28:20.000
4895,CP35,141.0,3360.0,1,2020-07-22 04:41:20.000,2020-07-22 12:07:39.000
34349,,132.0,8920.0,3,2023-08-02 14:58:29.518,2023-08-02 22:40:55.383
20306,,191.0,10360.0,25,2022-04-28 15:00:54.000,2022-04-28 22:08:16.201
2799,CP36,115.0,2460.0,1,2020-04-08 04:51:47.000,2020-04-08 12:35:18.000
34877,,168.0,3060.0,39,2023-08-16 15:03:41.835,2023-08-16 21:58:08.303
3812,CP44,137.0,2020.0,44,2020-05-30 04:33:17.000,2020-05-30 12:38:24.000
17328,,289.0,3440.0,59,2022-01-05 15:09:31.000,2022-01-06 03:24:52.000
19740,,212.0,2420.0,52,2022-04-08 15:08:22.000,2022-04-09 01:12:27.726
31834,,167.0,2220.0,41,2023-05-19 15:23:26.679,2023-05-19 23:31:59.710
39897,,139.0,2120.0,29,2024-01-03 15:14:34.337,2024-01-03 21:00:43.244
34420,CP07,85.0,3320.0,3,2023-08-04 15:06:11.031,2023-08-04 21:41:36.671
16670,,221.0,3080.0,42,2021-12-07 15:10:07.000,2021-12-08 00:16:18.000
25785,CP52,171.0,2080.0,1,2022-10-26 15:20:42.074,2022-10-26 21:42:48.184
1716,CP01,225.0,3900.0,1,2020-02-06 14:29:21.000,2020-02-06 22:09:34.000
6006,CE11,150.0,1700.0,10,2020-09-09 15:01:15.000,2020-09-09 21:11:24.000
12918,,166.0,1080.0,23,2021-07-17 19:42:01.000,2021-07-18 00:25:17.000
9620,,212.0,2520.0,48,2021-03-02 14:34:22.000,2021-03-02 22:16:19.000
41576,,124.0,3040.0,33,2024-02-20 05:00:03.003,2024-02-20 12:01:51.202
29305,,203.0,2480.0,64,2023-02-27 14:56:14.238,2023-02-27 23:39:05.167
34099,,145.0,2240.0,29,2023-07-26 14:58:49.210,2023-07-26 22:49:37.759
1989,CE27,130.0,1800.0,1,2020-02-22 04:57:28.000,2020-02-22 12:51:22.000
6580,CE44,131.0,2220.0,47,2020-10-07 04:57:15.000,2020-10-07 12:00:43.000
21142,CE04,135.0,1060.0,1,2022-05-27 04:59:47.000,2022-05-27 12:57:29.705
8613,CP44,141.0,1460.0,26,2021-01-14 14:51:48.000,2021-01-14 23:30:12.000
4764,CP06,189.0,1480.0,35,2020-07-16 15:00:24.000,2020-07-16 23:13:36.000
23332,,180.0,2800.0,41,2022-08-05 15:14:02.000,2022-08-06 01:21:59.282
8486,CP11,155.0,1700.0,12,2021-01-08 04:44:19.000,2021-01-08 11:46:12.000
2097,CP39,105.0,3680.0,1,2020-02-28 05:00:38.000,2020-02-28 13:59:08.000
25485,,178.0,2160.0,38,2022-10-14 14:57:17.994,2022-10-14 21:52:38.524
18481,CE40,52.0,980.0,2,2022-02-22 17:50:43.000,2022-02-22 21:38:00.529
34703,CP35,148.0,2980.0,4,2023-08-11 05:00:46.454,2023-08-11 14:10:49.048
14869,Óbidos CE02,123.0,1840.0,1,2021-09-27 15:03:04.000,2021-09-27 21:59:25.000
13394,CP25B,117.0,1740.0,1,2021-08-04 04:51:17.000,2021-08-04 11:54:34.000
15309,,144.0,9260.0,20,2021-10-13 05:54:22.000,2021-10-13 12:18:02.000
14147,CE41B,111.0,2760.0,2,2021-08-31 04:37:45.000,2021-08-31 13:02:46.000
35748,,162.0,2100.0,27,2023-09-07 15:11:55.758,2023-09-07 23:28:29.217
32799,,134.0,2080.0,24,2023-06-19 14:46:32.524,2023-06-19 21:46:36.798
17252,CE41B,108.0,2560.0,2,2022-01-04 04:46:03.000,2022-01-04 12:38:31.000
2192,CE13,134.0,1700.0,54,2020-03-05 04:57:11.000,2020-03-05 12:54:40.000
3764,CE13,126.0,2160.0,49,2020-05-28 15:02:49.000,2020-05-28 22:11:32.000
28951,CE30B,136.0,1260.0,1,2023-02-14 16:12:54.107,2023-02-14 23:37:03.892
16713,CE24,176.0,1300.0,1,2021-12-10 04:55:34.000,2021-12-10 11:51:52.000
27764,,185.0,2680.0,50,2023-01-03 15:04:24.317,2023-01-03 23:53:33.132
4118,CP40,44.0,1200.0,2,2020-06-15 18:28:12.000,2020-06-15 21:20:59.000
4268,CP40,38.0,1040.0,2,2020-06-22 19:03:12.000,2020-06-22 22:21:09.000
10848,CP40,51.0,1520.0,2,2021-04-27 04:54:32.000,2021-04-27 10:06:49.000
1479,CP06,185.0,1640.0,42,2020-01-25 05:06:43.000,2020-01-25 12:23:15.000
9683,,187.0,2200.0,28,2021-03-05 14:57:21.000,2021-03-05 21:43:43.000
34189,,144.0,1420.0,17,2023-07-28 14:44:23.598,2023-07-28 22:02:45.989
27848,CE46,95.0,1540.0,1,2023-01-06 04:40:19.199,2023-01-06 11:29:03.113
30225,CE46,100.0,1440.0,1,2023-03-31 05:09:17.595,2023-03-31 13:18:59.456
17713,,153.0,10480.0,17,2022-01-21 14:53:16.000,2022-01-21 21:11:43.000
1794,CP44,146.0,1680.0,35,2020-02-11 05:02:15.000,2020-02-11 12:50:12.000
7453,CP40,52.0,1200.0,2,2020-11-17 15:22:15.000,2020-11-17 21:17:42.000
35370,,142.0,2440.0,11,2023-08-29 14:55:28.197,2023-08-29 22:00:48.601
33029,,172.0,2080.0,28,2023-06-26 15:09:27.701,2023-06-26 23:24:25.846
31660,,188.0,2140.0,63,2023-05-15 14:47:35.176,2023-05-15 23:45:42.994
12663,CP07,82.0,2540.0,4,2021-07-09 14:56:50.000,2021-07-09 21:54:32.000
7442,CE18B,125.0,2020.0,1,2020-11-17 04:57:04.000,2020-11-17 12:32:22.000
2138,CP02,177.0,2060.0,2,2020-03-02 15:51:43.000,2020-03-02 23:39:23.000
1547,CP32,149.0,1140.0,1,2020-01-29 04:35:02.000,2020-01-29 11:38:48.000
5016,CP33,152.0,2580.0,2,2020-07-28 14:50:03.000,2020-07-28 22:54:49.000
38572,,134.0,2940.0,16,2023-11-27 14:53:00.384,2023-11-27 22:35:36.307
12106,CP15,111.0,2060.0,1,2021-06-17 14:39:42.000,2021-06-17 21:51:39.000
26762,CE38B,139.0,2400.0,1,2022-11-30 14:45:32.089,2022-11-30 22:39:58.172
14487,,227.0,2240.0,32,2021-09-11 12:37:11.000,2021-09-11 22:09:45.000
8200,CE09B,103.0,1620.0,2,2020-12-24 04:40:48.000,2020-12-24 12:29:04.000
12799,CE04,112.0,2160.0,1,2021-07-15 05:01:25.000,2021-07-15 11:59:50.000
18967,CE39,111.0,3700.0,1,2022-03-14 15:07:15.000,2022-03-15 00:08:29.099
21144,CE39,110.0,1860.0,1,2022-05-27 14:31:26.000,2022-05-27 21:47:21.149
18949,,222.0,9820.0,5,2022-03-11 14:46:33.000,2022-03-11 23:24:27.580
7218,CP01,222.0,2500.0,1,2020-11-05 05:04:08.000,2020-11-05 13:41:03.000
3247,CP07,76.0,2320.0,3,2020-05-01 14:40:48.000,2020-05-01 22:10:55.000
6599,CP07,82.0,3540.0,4,2020-10-07 14:46:40.000,2020-10-07 21:54:12.000
34051,,175.0,2600.0,44,2023-07-25 15:06:02.954,2023-07-25 23:29:21.160
19523,CE41B,113.0,1740.0,1,2022-04-01 04:43:45.000,2022-04-01 12:31:46.739
23088,CP39,116.0,4060.0,1,2022-07-29 14:29:06.000,2022-07-29 23:08:50.555
35509,CP12,131.0,2400.0,1,2023-09-01 04:46:20.260,2023-09-01 14:06:19.313
38376,,146.0,2640.0,38,2023-11-21 14:53:58.125,2023-11-21 21:52:30.757
24609,CP18B,125.0,2540.0,1,2022-09-15 15:09:47.134,2022-09-15 21:49:01.215
17171,CE19,91.0,1120.0,1,2021-12-30 15:21:53.000,2021-12-30 22:44:04.000
9262,Óbidos CE02,115.0,1620.0,1,2021-02-15 05:01:32.000,2021-02-15 12:08:03.000
26810,CP35,124.0,2340.0,3,2022-12-01 05:03:44.928,2022-12-01 13:02:31.301
35862,,182.0,2060.0,6,2023-09-11 14:56:10.590,2023-09-11 22:17:15.859
3895,CP07,80.0,2660.0,3,2020-06-03 05:01:25.000,2020-06-03 11:47:57.000
39410,,180.0,9780.0,13,2023-12-20 06:13:16.199,2023-12-20 14:21:51.812
15282,CE26,84.0,1960.0,2,2021-10-13 15:04:27.000,2021-10-13 22:32:33.000
38406,CP39,105.0,4020.0,1,2023-11-22 05:03:50.297,2023-11-22 13:09:27.846
31563,CP07,83.0,2380.0,3,2023-05-12 14:52:22.145,2023-05-12 21:47:42.257
16017,CE37B,93.0,2220.0,2,2021-11-11 15:07:11.000,2021-11-11 21:55:09.000
3748,CP11,167.0,1780.0,14,2020-05-27 05:06:48.000,2020-05-27 12:33:45.000
1715,CP19,115.0,1560.0,1,2020-02-06 15:01:14.000,2020-02-06 22:02:11.000
18663,,208.0,10260.0,17,2022-03-02 15:11:30.000,2022-03-02 23:35:23.306
26437,CE46,95.0,1200.0,1,2022-11-18 05:02:09.623,2022-11-18 11:11:28.229
25203,,195.0,9140.0,1,2022-10-05 05:57:41.862,2022-10-05 12:51:52.570
17783,CE51,116.0,1980.0,1,2022-01-26 14:24:08.000,2022-01-26 22:11:06.000
38378,,123.0,1960.0,1,2023-11-21 15:10:35.893,2023-11-21 23:00:17.907
14247,CE20B,132.0,1980.0,2,2021-09-03 15:14:26.000,2021-09-04 01:19:29.000
4267,CP07,81.0,3320.0,3,2020-06-22 14:53:56.000,2020-06-22 21:39:13.000
12460,CP08,189.0,2420.0,1,2021-07-01 14:52:07.000,2021-07-01 22:05:51.000
4665,CP32,147.0,1960.0,1,2020-07-11 05:00:20.000,2020-07-11 12:03:05.000
1101,CP07,75.0,2580.0,3,2020-01-06 18:32:30.000,2020-01-07 00:45:01.000
7986,Óbidos CE02,113.0,1480.0,1,2020-12-14 14:58:04.000,2020-12-14 21:37:34.000
11147,CP07,83.0,3840.0,4,2021-05-10 14:45:27.000,2021-05-10 21:42:50.000
43672,,144.0,2560.0,15,2024-04-15 15:02:33.574,2024-04-15 23:07:01.343
20331,CP26,89.0,3100.0,1,2022-04-29 14:55:38.000,2022-04-29 22:54:59.464
27363,CP39,91.0,4000.0,1,2022-12-21 15:09:50.499,2022-12-21 23:53:38.679
43384,,137.0,2840.0,24,2024-04-08 15:01:24.451,2024-04-08 22:07:54.526
14178,CP12,116.0,2240.0,1,2021-09-01 05:04:58.000,2021-09-01 11:59:22.000
22297,CE40,54.0,1380.0,2,2022-07-05 14:58:53.000,2022-07-05 20:52:41.247
11974,,194.0,1300.0,27,2021-06-11 14:59:12.000,2021-06-11 23:13:21.000
30625,CE11,151.0,1960.0,4,2023-04-13 14:58:48.891,2023-04-13 22:07:55.032
5820,CE41B,111.0,2140.0,1,2020-09-01 04:46:16.000,2020-09-01 12:41:07.000
10839,CE41B,115.0,3220.0,2,2021-04-27 04:39:35.000,2021-04-27 13:02:58.000
13939,CE41B,114.0,2520.0,2,2021-08-24 04:22:39.000,2021-08-24 11:35:51.000
19601,CE50,149.0,1620.0,1,2022-04-05 14:55:22.000,2022-04-05 22:13:16.559
25810,CE50,136.0,1780.0,1,2022-10-27 14:47:24.933,2022-10-27 21:04:20.834
14309,CE37B,112.0,1960.0,1,2021-09-06 14:46:28.000,2021-09-06 22:22:50.000
12994,CE09B,102.0,2000.0,2,2021-07-22 04:42:35.000,2021-07-22 12:14:13.000
15373,,72.0,8680.0,1,2021-10-15 15:06:13.000,2021-10-15 21:37:34.000
18261,CE46,100.0,2040.0,1,2022-02-15 04:51:57.000,2022-02-15 12:21:37.000
32601,CP40,46.0,1100.0,1,2023-06-13 14:59:28.545,2023-06-13 18:49:51.851
21159,CP07,48.0,780.0,1,2022-05-27 15:50:38.000,2022-05-27 23:27:33.519
36315,CP07,82.0,2620.0,3,2023-09-25 05:02:53.629,2023-09-25 11:09:56.960
5293,CP10B,89.0,2460.0,1,2020-08-10 14:50:24.000,2020-08-10 21:09:01.000
25616,CP15,108.0,2080.0,1,2022-10-20 15:00:12.496,2022-10-20 21:48:02.902
39278,,149.0,1860.0,17,2023-12-15 15:01:09.750,2023-12-15 22:45:39.368
3123,CE04,91.0,1920.0,1,2020-04-25 04:52:39.000,2020-04-25 10:36:35.000
14500,CE04,103.0,1800.0,1,2021-09-13 04:47:14.000,2021-09-13 11:46:13.000
4310,CE50,140.0,2020.0,1,2020-06-24 14:58:17.000,2020-06-24 21:30:21.000
22088,CE40,48.0,1020.0,2,2022-06-28 14:57:34.000,2022-06-28 19:51:42.008
12715,CP25B,115.0,2000.0,1,2021-07-12 04:45:26.000,2021-07-12 11:34:16.000
31026,CE16,124.0,1640.0,1,2023-04-26 04:54:07.768,2023-04-26 12:19:51.528
43154,,157.0,3440.0,41,2024-04-02 15:06:01.158,2024-04-02 21:44:43.192
5232,CE46,93.0,2180.0,2,2020-08-06 15:02:29.000,2020-08-06 22:41:08.000
15050,CE07,91.0,2240.0,1,2021-10-04 14:52:47.000,2021-10-04 22:30:36.000
32447,CE34,145.0,2700.0,2,2023-06-08 13:25:44.756,2023-06-08 20:14:49.066
9902,CP28,160.0,2440.0,1,2021-03-17 04:40:54.000,2021-03-17 12:23:08.000
20042,CP35,127.0,2040.0,3,2022-04-20 05:06:01.000,2022-04-20 12:26:22.203
17223,CE33,135.0,2000.0,1,2022-01-03 15:01:15.000,2022-01-03 20:54:08.000
10075,CP36,111.0,1920.0,1,2021-03-25 14:55:39.000,2021-03-25 22:08:59.000
12666,CP11,147.0,1300.0,2,2021-07-09 04:42:17.000,2021-07-09 12:09:25.000
5823,CP15,110.0,1920.0,1,2020-09-01 14:15:20.000,2020-09-01 20:59:52.000
19092,CP01,223.0,1960.0,1,2022-03-17 14:29:37.000,2022-03-17 21:58:54.296
1775,CE29,130.0,1500.0,3,2020-02-11 05:14:34.000,2020-02-11 15:08:45.000
19040,CE38B,149.0,1920.0,1,2022-03-16 04:47:59.000,2022-03-16 12:38:10.687
17329,CE11,142.0,1740.0,6,2022-01-06 15:07:04.000,2022-01-06 22:16:02.000
9633,CE05,122.0,2160.0,1,2021-03-04 13:55:26.000,2021-03-04 21:51:45.000
2131,CE50,141.0,2500.0,1,2020-03-02 04:50:55.000,2020-03-02 13:23:10.000
7859,CP29,135.0,3760.0,2,2020-12-07 04:42:44.000,2020-12-07 13:08:01.000
15001,CE12,125.0,1660.0,1,2021-10-01 14:51:37.000,2021-10-01 20:49:09.000
7806,CE11,181.0,1580.0,14,2020-12-04 14:37:50.000,2020-12-04 21:01:00.000
19217,CE12,125.0,1800.0,1,2022-03-22 04:35:47.000,2022-03-22 11:34:02.497
24927,,180.0,9460.0,19,2022-09-26 06:24:06.279,2022-09-26 13:21:55.843
10873,CP39,129.0,3700.0,1,2021-04-28 14:55:45.000,2021-04-29 00:56:48.000
11102,CP39,111.0,4140.0,1,2021-05-07 15:23:38.000,2021-05-08 00:43:34.000
11633,CP26,84.0,3420.0,1,2021-05-28 15:05:26.000,2021-05-28 21:37:08.000
19527,CP26,90.0,3560.0,1,2022-04-01 15:03:01.000,2022-04-01 22:34:55.177
10305,CP02,169.0,2960.0,1,2021-04-05 14:10:07.000,2021-04-05 22:46:11.000
5564,CE30B,147.0,1900.0,1,2020-08-20 14:33:16.000,2020-08-20 21:35:56.000
14536,CE30B,132.0,2080.0,2,2021-09-14 14:56:16.000,2021-09-14 22:18:35.000
17726,CE11,145.0,1880.0,6,2022-01-24 04:57:10.000,2022-01-24 12:45:40.000
20165,CE11,146.0,1780.0,5,2022-04-25 14:04:38.000,2022-04-25 20:49:03.271
13509,CE09B,108.0,2500.0,2,2021-08-09 15:12:25.000,2021-08-09 22:03:54.000
2991,CE50,140.0,2760.0,1,2020-04-20 14:31:20.000,2020-04-20 20:32:45.000
17931,CE40,51.0,880.0,2,2022-02-01 14:58:20.000,2022-02-01 18:03:39.000
22879,CE39,111.0,2700.0,2,2022-07-23 04:46:35.000,2022-07-23 12:21:05.317
15241,CP26,105.0,4200.0,1,2021-10-11 14:58:46.000,2021-10-11 23:04:49.000
33739,CP12,147.0,2260.0,1,2023-07-17 05:15:00.447,2023-07-17 13:30:24.671
7391,CP07,81.0,2640.0,4,2020-11-13 04:52:13.000,2020-11-13 15:31:34.000
27733,CE40,43.0,1200.0,2,2023-01-03 14:57:43.948,2023-01-03 17:58:24.375
12897,Óbidos CE02,139.0,1420.0,1,2021-07-19 05:03:45.000,2021-07-19 13:21:29.000
4569,CP09B,102.0,2540.0,1,2020-07-07 05:02:46.000,2020-07-07 11:48:05.000
6009,CP07,80.0,2800.0,4,2020-09-09 14:20:07.000,2020-09-09 22:04:11.000
12549,CP07,82.0,3340.0,4,2021-07-05 15:10:26.000,2021-07-05 21:54:38.000
10250,CE41B,110.0,1900.0,2,2021-04-02 04:39:48.000,2021-04-02 12:23:18.000
24771,CE01,248.0,1620.0,1,2022-09-21 05:00:17.780,2022-09-21 14:52:53.108
11953,CP26,87.0,3640.0,1,2021-06-11 14:39:23.000,2021-06-11 22:34:34.000
27776,CE10B,86.0,2120.0,1,2023-01-04 04:42:02.338,2023-01-04 11:31:27.179
36082,,149.0,9780.0,4,2023-09-18 05:44:21.258,2023-09-18 13:14:02.904
5043,CP28,167.0,2060.0,2,2020-07-29 04:28:13.000,2020-07-29 11:40:23.000
21968,CP36,130.0,1780.0,1,2022-06-23 05:03:20.000,2022-06-23 12:13:33.332
4435,CP11,167.0,2300.0,10,2020-06-30 13:40:30.000,2020-06-30 22:30:00.000
23190,CP52,178.0,2600.0,1,2022-08-02 15:00:40.000,2022-08-02 22:19:41.544
31572,CP15,112.0,1900.0,1,2023-05-12 14:55:01.146,2023-05-12 21:38:53.954
28459,CE38B,160.0,1580.0,1,2023-01-27 05:02:14.413,2023-01-27 13:40:19.364
22835,CE37B,104.0,1480.0,1,2022-07-22 05:04:44.000,2022-07-22 13:14:19.620
12474,CE19,111.0,1600.0,1,2021-07-02 16:16:39.000,2021-07-02 23:40:50.000
12654,CE41B,111.0,2020.0,2,2021-07-09 04:46:31.000,2021-07-09 12:34:42.000
20173,CE39,94.0,2760.0,2,2022-04-25 13:25:44.000,2022-04-25 21:19:40.982
32225,CE29,128.0,2700.0,1,2023-06-01 04:54:34.816,2023-06-01 12:57:04.574
39766,,154.0,2360.0,1,2023-12-30 05:22:53.414,2023-12-30 13:09:27.042
7670,CP09B,104.0,2160.0,1,2020-11-27 04:43:42.000,2020-11-27 11:23:30.000
32539,Óbidos CE01,137.0,2340.0,1,2023-06-12 05:02:47.411,2023-06-12 12:58:08.731
44132,,160.0,2180.0,2,2024-04-25 13:59:45.136,2024-04-25 21:56:12.667
24741,CE29,127.0,2680.0,1,2022-09-20 04:52:44.864,2022-09-20 13:04:16.215
35004,CE29,127.0,3060.0,1,2023-08-21 04:52:16.509,2023-08-21 12:07:15.244
24881,CP39,116.0,3640.0,1,2022-09-24 05:05:11.464,2022-09-24 15:19:12.670
11381,CE46,90.0,1940.0,1,2021-05-19 04:56:47.000,2021-05-19 12:08:51.000
30454,CP35,121.0,1960.0,3,2023-04-07 04:50:58.891,2023-04-07 11:44:49.116
23480,CE16,132.0,1920.0,2,2022-08-11 15:15:11.000,2022-08-11 22:14:58.573
4462,CP02,173.0,2400.0,2,2020-07-01 14:27:06.000,2020-07-01 22:38:54.000
5944,Óbidos CE02,114.0,1500.0,1,2020-09-07 14:56:09.000,2020-09-07 22:19:53.000
7270,Óbidos CE02,113.0,1200.0,1,2020-11-09 05:00:41.000,2020-11-09 12:11:17.000
17044,CE41B,117.0,2300.0,2,2021-12-24 05:05:15.000,2021-12-24 13:59:48.000
21364,CE41B,109.0,2080.0,1,2022-06-03 04:59:35.000,2022-06-03 11:25:55.495
21773,CE26,90.0,1860.0,1,2022-06-17 14:34:20.000,2022-06-17 23:01:49.928
23523,CE26,87.0,1980.0,1,2022-08-12 14:59:33.000,2022-08-12 22:06:49.414
31295,CE29,128.0,2920.0,1,2023-05-04 04:44:49.171,2023-05-04 11:36:22.193
33435,CP26,72.0,3440.0,1,2023-07-07 16:29:50.033,2023-07-07 23:43:24.636
11238,CE09B,108.0,1620.0,2,2021-05-13 05:11:58.000,2021-05-13 12:24:09.000
8450,CE04,96.0,1620.0,1,2021-01-07 05:00:53.000,2021-01-07 11:20:44.000
8828,CE50,137.0,1580.0,1,2021-01-26 14:26:58.000,2021-01-26 21:03:43.000
15063,CP02,164.0,3020.0,1,2021-10-04 14:06:25.000,2021-10-04 22:19:38.000
8215,CE41B,107.0,2580.0,2,2020-12-26 04:49:37.000,2020-12-26 14:35:04.000
9661,CE41B,102.0,2320.0,2,2021-03-05 04:36:10.000,2021-03-05 12:05:32.000
18634,CE26,85.0,2680.0,1,2022-03-02 14:54:23.000,2022-03-02 22:24:30.952
15637,CE26,87.0,2040.0,2,2021-10-27 14:54:15.000,2021-10-27 22:18:58.000
22711,CP26,88.0,4220.0,1,2022-07-18 15:02:16.000,2022-07-19 01:13:34.277
26096,CE39,98.0,2880.0,1,2022-11-07 14:58:19.608,2022-11-07 22:30:50.847
1738,CP02,188.0,2580.0,2,2020-02-07 05:00:50.000,2020-02-07 14:37:20.000
1815,CP02,177.0,2540.0,1,2020-02-12 14:49:55.000,2020-02-12 22:45:06.000
5477,Óbidos CE02,115.0,1240.0,1,2020-08-17 14:45:35.000,2020-08-17 22:11:39.000
11092,CE27,130.0,1820.0,1,2021-05-07 04:57:20.000,2021-05-07 11:38:19.000
25178,CE39,87.0,3060.0,2,2022-10-05 13:09:45.762,2022-10-05 21:29:04.863
10770,CP39,115.0,3160.0,1,2021-04-23 14:37:32.000,2021-04-24 01:41:56.000
16110,CP39,113.0,4140.0,1,2021-11-15 15:04:43.000,2021-11-16 01:09:07.000
21158,CP26,86.0,3060.0,1,2022-05-27 14:58:50.000,2022-05-27 21:46:02.707
28606,CP39,90.0,3440.0,1,2023-02-01 14:56:36.818,2023-02-01 22:52:58.453
1359,CE09B,101.0,2300.0,2,2020-01-20 04:57:02.000,2020-01-20 11:38:16.000
6204,CE04,114.0,2060.0,1,2020-09-18 04:59:53.000,2020-09-18 11:59:59.000
8047,CP07,97.0,2100.0,4,2020-12-16 14:52:37.000,2020-12-17 01:25:59.000
16759,CE26,87.0,2580.0,2,2021-12-13 15:03:12.000,2021-12-14 00:33:51.000
19388,CP26,90.0,4860.0,1,2022-03-28 15:00:42.000,2022-03-29 00:14:05.556
15375,CE04,135.0,1540.0,1,2021-10-16 04:40:27.000,2021-10-16 11:27:21.000
27432,CE39,93.0,2760.0,1,2022-12-23 15:10:28.042,2022-12-23 22:58:49.269
19303,CP18B,128.0,1620.0,1,2022-03-24 15:02:12.000,2022-03-24 21:55:04.082
17015,CE19,91.0,1460.0,1,2021-12-23 15:03:22.000,2021-12-23 20:07:25.000
29131,CE40,51.0,1260.0,2,2023-02-21 04:54:46.914,2023-02-21 10:39:43.537
34960,CP29,125.0,2500.0,1,2023-08-18 04:45:51.046,2023-08-18 12:47:06.176
8326,CE12,131.0,2240.0,1,2020-12-31 04:59:09.000,2020-12-31 13:03:49.000
22532,CE39,109.0,2260.0,2,2022-07-13 13:46:47.000,2022-07-13 22:35:18.518
13860,CP26,86.0,4000.0,1,2021-08-20 14:53:39.000,2021-08-20 23:06:07.000
17571,CP26,140.0,3080.0,1,2022-01-17 15:24:25.000,2022-01-18 02:06:59.000
23438,CE01,222.0,1500.0,1,2022-08-10 04:56:48.000,2022-08-10 13:57:41.672
21995,CP26,95.0,2560.0,1,2022-06-24 05:05:08.000,2022-06-24 13:20:45.593
35109,CP26,91.0,3920.0,1,2023-08-23 15:10:26.235,2023-08-24 00:01:58.532
31397,CP12,128.0,2020.0,1,2023-05-08 04:41:35.219,2023-05-08 11:49:31.610
11785,CE07,82.0,1940.0,1,2021-06-04 15:00:43.000,2021-06-04 22:12:13.000
24861,CE50,142.0,1560.0,1,2022-09-23 16:39:15.249,2022-09-23 23:06:05.195
5062,CE09B,102.0,1620.0,2,2020-07-30 05:01:53.000,2020-07-30 11:56:11.000
20212,CP35,126.0,2160.0,2,2022-04-26 04:57:02.000,2022-04-26 11:54:11.544
2471,CE31,221.0,2380.0,1,2020-03-20 04:48:15.000,2020-03-20 14:23:33.000
5559,CE15,107.0,1820.0,1,2020-08-20 15:03:14.000,2020-08-20 22:19:10.000
16128,CE41B,104.0,2320.0,1,2021-11-16 04:42:14.000,2021-11-16 11:52:50.000
27434,CP08,183.0,1200.0,1,2022-12-23 05:11:59.347,2022-12-23 11:44:43.700
5261,CP28,177.0,1960.0,2,2020-08-07 04:55:59.000,2020-08-07 13:36:42.000
16860,CP36,129.0,2160.0,1,2021-12-16 14:12:05.000,2021-12-16 21:48:53.000
10521,CE07,84.0,2840.0,1,2021-04-14 14:58:42.000,2021-04-14 22:11:30.000
12709,CP28,202.0,2840.0,1,2021-07-12 05:02:42.000,2021-07-12 14:21:39.000
17500,,87.0,9200.0,1,2022-01-13 16:09:10.000,2022-01-13 21:53:01.000
11029,CE46,118.0,1940.0,1,2021-05-05 05:01:13.000,2021-05-05 12:51:26.000
15774,CE20B,106.0,2740.0,2,2021-11-02 15:07:26.000,2021-11-02 22:47:20.000
24291,CE15,105.0,1800.0,1,2022-09-06 14:26:52.747,2022-09-06 23:01:25.640
25728,CE15,104.0,1220.0,1,2022-10-25 15:06:48.711,2022-10-25 20:48:53.201
33270,CE20B,101.0,3120.0,1,2023-07-04 05:05:47.557,2023-07-04 12:21:52.410
23503,,174.0,11020.0,1,2022-08-11 05:56:07.000,2022-08-11 15:44:55.645
25967,CP07,102.0,1260.0,4,2022-11-02 05:02:01.554,2022-11-02 12:52:47.094
31401,,126.0,2960.0,9,2023-05-08 05:52:35.345,2023-05-08 11:25:53.929
1706,CE15,113.0,1660.0,1,2020-02-06 14:47:17.000,2020-02-06 21:43:00.000
5989,CP32,154.0,1760.0,1,2020-09-08 04:56:26.000,2020-09-08 13:16:50.000
7090,CE05,129.0,1400.0,1,2020-10-30 04:45:25.000,2020-10-30 11:26:58.000
23710,CE50,140.0,2140.0,1,2022-08-18 05:07:33.000,2022-08-18 12:18:30.498
2094,CE19,109.0,1380.0,1,2020-02-28 14:57:37.000,2020-02-28 22:56:16.000
16303,CP11,146.0,1700.0,3,2021-11-23 05:02:36.000,2021-11-23 12:31:16.000
3905,CE33,146.0,1960.0,1,2020-06-04 14:29:52.000,2020-06-04 21:30:56.000
4829,CE46,93.0,2520.0,2,2020-07-20 14:54:53.000,2020-07-20 22:10:41.000
22842,CE04,120.0,1240.0,1,2022-07-22 05:11:28.000,2022-07-22 11:39:01.900
26164,CE18B,121.0,2540.0,1,2022-11-09 14:55:34.206,2022-11-09 21:52:05.783
27165,CP35,122.0,4040.0,2,2022-12-14 04:55:10.735,2022-12-14 12:00:53.351
2792,CP02,171.0,2340.0,2,2020-04-08 04:53:37.000,2020-04-08 11:35:33.000
18882,CP32,143.0,2020.0,1,2022-03-10 05:05:47.000,2022-03-10 13:36:08.967
7294,CE38B,146.0,1460.0,1,2020-11-10 15:06:51.000,2020-11-10 22:35:59.000
15987,CE38B,148.0,2040.0,1,2021-11-10 05:10:55.000,2021-11-10 13:13:19.000
20894,CE37B,93.0,1880.0,1,2022-05-19 15:04:24.000,2022-05-19 21:30:42.872
23478,CE30B,133.0,2060.0,2,2022-08-11 04:52:08.000,2022-08-11 11:18:18.220
3422,CP02,174.0,2360.0,2,2020-05-11 04:45:32.000,2020-05-11 12:22:14.000
2242,CP03,139.0,1760.0,1,2020-03-07 05:25:42.000,2020-03-07 15:21:01.000
13265,CP52,188.0,2440.0,1,2021-07-30 14:42:56.000,2021-07-30 22:57:57.000
12335,CE07,97.0,1680.0,1,2021-06-28 04:56:50.000,2021-06-28 12:22:26.000
32626,CE34,157.0,1780.0,1,2023-06-14 14:44:43.655,2023-06-14 22:04:36.375
5439,,192.0,10040.0,2,2020-08-13 15:14:32.000,2020-08-14 00:31:04.000
1171,CE35,131.0,2140.0,1,2020-01-09 05:14:32.000,2020-01-09 14:25:13.000
1513,CE21B,92.0,1940.0,1,2020-01-28 15:06:26.000,2020-01-28 22:24:58.000
5168,CE51,116.0,2440.0,1,2020-08-04 14:52:21.000,2020-08-04 21:44:22.000
28163,CP40,46.0,1480.0,1,2023-01-17 18:14:18.812,2023-01-17 21:19:48.168
33041,CE20B,106.0,2980.0,1,2023-06-27 04:52:50.922,2023-06-27 13:14:28.518
15612,CE18B,126.0,1580.0,1,2021-10-26 04:45:07.000,2021-10-26 11:35:56.000
2137,CP32,146.0,1860.0,1,2020-03-02 04:57:49.000,2020-03-02 11:29:49.000
5674,CP33,153.0,1580.0,2,2020-08-25 14:53:15.000,2020-08-25 21:57:42.000
16691,CP36,112.0,1800.0,1,2021-12-09 14:30:36.000,2021-12-09 21:07:44.000
4125,CP41B,111.0,2940.0,1,2020-06-15 04:37:15.000,2020-06-15 11:36:58.000
9028,CP15,104.0,2340.0,1,2021-02-03 14:55:30.000,2021-02-03 21:12:48.000
25908,CP01,233.0,1880.0,1,2022-10-31 04:54:48.127,2022-10-31 12:17:02.700
1252,CE29,125.0,1680.0,3,2020-01-14 04:57:59.000,2020-01-14 12:25:36.000
38428,CE38B,138.0,1680.0,1,2023-11-23 05:10:12.762,2023-11-23 12:31:15.102
27200,CP12,125.0,1540.0,1,2022-12-15 04:58:40.374,2022-12-15 11:47:52.951
3509,CE41B,96.0,1940.0,1,2020-05-15 04:37:47.000,2020-05-15 12:02:26.000
1828,CE37B,96.0,2140.0,2,2020-02-13 14:53:32.000,2020-02-13 22:27:26.000
5744,CE37B,103.0,1340.0,1,2020-08-28 05:03:39.000,2020-08-28 11:33:58.000
15640,CE34,146.0,2380.0,1,2021-10-27 15:02:14.000,2021-10-27 21:11:45.000
22174,CP35,119.0,2280.0,2,2022-06-30 04:57:59.000,2022-06-30 11:53:03.013
34657,,75.0,6760.0,1,2023-08-09 20:41:36.462,2023-08-10 00:40:34.935
8473,,69.0,4120.0,1,2021-01-07 15:14:20.000,2021-01-07 21:31:36.000
26131,CP40,51.0,1620.0,1,2022-11-08 14:55:47.747,2022-11-08 18:56:41.697
11241,CP35,121.0,2820.0,1,2021-05-13 04:50:23.000,2021-05-13 13:45:59.000
22479,CP32,149.0,2100.0,1,2022-07-11 04:54:07.000,2022-07-11 13:28:29.418
3080,CP28,161.0,2940.0,2,2020-04-23 05:11:28.000,2020-04-23 14:03:04.000
14689,CP52,200.0,2220.0,1,2021-09-20 14:50:11.000,2021-09-20 22:26:13.000
22672,CP01,231.0,1920.0,1,2022-07-16 14:33:08.000,2022-07-16 23:33:00.838
13450,CE17B,112.0,1920.0,1,2021-08-06 04:53:35.000,2021-08-06 11:54:10.000
38918,,134.0,2500.0,1,2023-12-06 15:02:46.154,2023-12-06 23:36:46.227
40083,,139.0,2760.0,1,2024-01-09 15:09:06.328,2024-01-09 21:59:47.888
11787,CE41B,116.0,1940.0,2,2021-06-04 04:18:51.000,2021-06-04 11:59:09.000
23482,CE50,143.0,2360.0,1,2022-08-11 15:07:35.000,2022-08-11 22:47:03.813
25896,CE04,106.0,2740.0,1,2022-10-31 04:58:10.747,2022-10-31 11:59:15.230
7184,CE15,109.0,1360.0,1,2020-11-04 15:00:08.000,2020-11-04 21:29:34.000
17138,CP07,83.0,3840.0,2,2021-12-29 04:59:06.000,2021-12-29 12:56:03.000
8133,CP02,186.0,3200.0,1,2020-12-21 14:38:40.000,2020-12-22 00:05:41.000
14180,CP08,191.0,2340.0,1,2021-09-01 05:24:20.000,2021-09-01 13:32:14.000
24205,CP08,200.0,2440.0,1,2022-09-02 14:34:48.000,2022-09-03 01:12:02.802
22333,CP36,132.0,1800.0,1,2022-07-06 04:49:07.000,2022-07-06 12:02:30.781
41595,,167.0,2940.0,1,2024-02-20 15:17:05.679,2024-02-20 22:58:12.565
13122,CE41B,109.0,2540.0,2,2021-07-27 04:54:54.000,2021-07-27 11:43:33.000
29359,CE30B,133.0,1220.0,1,2023-03-01 14:55:42.515,2023-03-01 21:19:01.295
18137,CE24,163.0,2060.0,1,2022-02-09 15:04:59.000,2022-02-09 21:37:03.000
21096,,211.0,9920.0,1,2022-05-25 06:00:00.000,2022-05-25 13:16:52.394
9602,CE51,114.0,3280.0,1,2021-03-03 15:03:46.000,2021-03-03 22:17:02.000
5296,CP29,132.0,2800.0,2,2020-08-10 05:01:16.000,2020-08-10 12:50:25.000
6124,CE20B,96.0,2280.0,1,2020-09-15 14:58:24.000,2020-09-15 22:55:26.000
8063,CP35,125.0,2920.0,1,2020-12-17 05:05:15.000,2020-12-17 13:33:40.000
10662,CE10B,83.0,2400.0,1,2021-04-20 04:57:48.000,2021-04-20 12:20:37.000
25723,CE37B,98.0,2340.0,1,2022-10-24 15:13:04.772,2022-10-24 21:51:10.930
17531,CE11,143.0,1080.0,5,2022-01-15 05:01:40.000,2022-01-15 12:34:21.000
16107,CP12,125.0,2020.0,1,2021-11-15 04:59:16.000,2021-11-15 13:42:41.000
17455,CP12,124.0,1460.0,1,2022-01-12 05:07:14.000,2022-01-12 12:14:50.000
1599,CE07,80.0,1860.0,1,2020-01-31 14:30:42.000,2020-01-31 22:55:18.000
2794,CP07,77.0,3040.0,4,2020-04-08 14:57:30.000,2020-04-08 21:11:21.000
4834,CP28,208.0,2800.0,2,2020-07-20 04:47:23.000,2020-07-20 12:51:36.000
8247,CE46,91.0,1980.0,1,2020-12-28 04:59:37.000,2020-12-28 10:59:34.000
17173,CE46,92.0,2620.0,1,2021-12-30 04:55:56.000,2021-12-30 13:32:15.000
5348,CP40,50.0,1180.0,3,2020-08-11 14:52:39.000,2020-08-11 18:35:02.000
6913,CE15,103.0,1540.0,1,2020-10-22 14:54:46.000,2020-10-22 23:46:45.000
29798,CP35,126.0,1820.0,2,2023-03-16 05:08:58.623,2023-03-16 13:04:57.977
3896,CP02,175.0,2480.0,2,2020-06-03 14:57:48.000,2020-06-03 23:54:09.000
7767,CP32,163.0,1360.0,1,2020-12-02 14:44:38.000,2020-12-03 00:06:11.000
7242,CP36,130.0,1720.0,1,2020-11-06 14:35:54.000,2020-11-06 22:34:52.000
3976,CP01,231.0,1600.0,1,2020-06-08 04:52:59.000,2020-06-08 13:17:02.000
8220,CE04,121.0,1920.0,1,2020-12-26 04:51:06.000,2020-12-26 11:52:56.000
13588,CP35,138.0,2400.0,3,2021-08-11 04:47:26.000,2021-08-11 12:53:26.000
6832,CE12,126.0,2480.0,1,2020-10-19 05:04:26.000,2020-10-19 12:50:48.000
6874,CP09B,103.0,2880.0,1,2020-10-20 05:08:00.000,2020-10-20 11:55:01.000
10750,CE27,132.0,2180.0,1,2021-04-23 04:59:35.000,2021-04-23 11:51:28.000
8239,CE33,148.0,2000.0,1,2020-12-28 04:58:44.000,2020-12-28 12:59:48.000
33223,CE33,144.0,1360.0,1,2023-07-03 15:05:38.980,2023-07-03 22:02:31.044
1106,CP40,50.0,1220.0,2,2020-01-06 04:48:16.000,2020-01-06 10:04:26.000
18883,CP36,125.0,1820.0,1,2022-03-10 15:20:54.000,2022-03-10 23:30:22.493
24262,CP01,221.0,2220.0,1,2022-09-05 14:30:50.000,2022-09-05 23:45:07.233
9406,CE10B,79.0,2700.0,1,2021-02-22 14:33:59.000,2021-02-22 21:23:32.000
11515,CE37B,95.0,1980.0,2,2021-05-25 14:59:26.000,2021-05-25 21:04:33.000
2914,CE49,164.0,2560.0,1,2020-04-15 04:45:21.000,2020-04-15 12:51:02.000
1388,CE41B,100.0,3040.0,1,2020-01-21 14:48:42.000,2020-01-21 22:16:53.000
26661,,190.0,9200.0,1,2022-11-25 06:05:50.467,2022-11-25 12:46:45.563
10917,CE46,95.0,1400.0,1,2021-04-30 04:54:01.000,2021-04-30 11:55:54.000
5721,CE51,118.0,2180.0,1,2020-08-27 05:00:13.000,2020-08-27 11:38:53.000
19227,CP35,133.0,2340.0,2,2022-03-22 05:05:17.000,2022-03-22 13:12:06.098
16651,CE38B,149.0,1880.0,1,2021-12-08 04:56:39.000,2021-12-08 13:36:12.000
28107,CE09B,109.0,2400.0,1,2023-01-16 04:43:29.328,2023-01-16 12:23:24.977
15462,CE04,107.0,1420.0,1,2021-10-20 05:03:37.000,2021-10-20 12:48:53.000
5906,CP02,180.0,2120.0,1,2020-09-04 14:52:17.000,2020-09-04 22:32:22.000
33538,CP18B,136.0,2820.0,1,2023-07-11 04:49:10.365,2023-07-11 12:37:55.990
17415,CE40,47.0,1240.0,2,2022-01-11 18:40:49.000,2022-01-11 22:38:49.000
23592,CP29,124.0,2660.0,1,2022-08-15 04:47:52.000,2022-08-15 12:48:39.486
13117,CE27,128.0,1740.0,1,2021-07-27 04:58:31.000,2021-07-27 11:11:19.000
18132,CE35,127.0,1440.0,1,2022-02-09 05:01:24.000,2022-02-09 13:55:03.000
20444,CE16,122.0,1520.0,2,2022-05-04 14:42:28.000,2022-05-04 22:52:49.367
16505,CP26,96.0,3300.0,1,2021-12-01 13:47:36.000,2021-12-01 22:58:51.000
25329,CE41B,100.0,2540.0,2,2022-10-11 05:06:56.931,2022-10-11 12:04:00.787
11017,CP27,132.0,2640.0,2,2021-05-04 04:55:52.000,2021-05-04 11:51:02.000
16811,CE04,106.0,1520.0,1,2021-12-15 05:07:54.000,2021-12-15 12:19:39.000
11144,Óbidos CE02,114.0,2380.0,1,2021-05-10 14:54:00.000,2021-05-11 05:13:41.000
8204,CP35,121.0,3280.0,2,2020-12-24 04:49:30.000,2020-12-24 12:19:35.000
23662,CE29,123.0,3100.0,1,2022-08-17 04:46:27.000,2022-08-17 12:45:56.315
19654,CP26,89.0,3580.0,1,2022-04-06 14:52:47.000,2022-04-06 22:52:23.663
29787,CE19,108.0,1600.0,2,2023-03-16 04:56:49.172,2023-03-16 12:52:55.053
6044,CP19,107.0,1520.0,1,2020-09-10 14:20:48.000,2020-09-10 21:54:10.000
14942,CE33,145.0,1600.0,1,2021-09-29 15:03:06.000,2021-09-29 21:41:23.000
5242,,137.0,9880.0,1,2020-08-06 05:54:17.000,2020-08-06 13:24:02.000
3506,CE20B,94.0,2200.0,1,2020-05-15 04:46:50.000,2020-05-15 11:54:51.000
21727,CP07,85.0,2820.0,2,2022-06-15 15:17:13.000,2022-06-16 00:31:45.866
13938,CE18B,132.0,2340.0,1,2021-08-24 04:57:35.000,2021-08-24 12:09:13.000
21849,CP07,113.0,1460.0,2,2022-06-20 14:59:56.000,2022-06-20 23:14:32.493
2011,CP35,122.0,2680.0,1,2020-02-24 04:48:51.000,2020-02-24 12:44:44.000
28633,CP15,113.0,1400.0,1,2023-02-02 04:49:20.081,2023-02-02 12:28:12.351
29031,CP01,216.0,1660.0,1,2023-02-16 15:00:23.720,2023-02-16 22:06:38.162
27817,CE38B,136.0,2160.0,1,2023-01-05 15:04:14.426,2023-01-05 21:50:23.589
14901,CE17B,100.0,2520.0,1,2021-09-28 04:44:15.000,2021-09-28 11:45:29.000
3042,CE30B,170.0,1800.0,1,2020-04-22 14:59:11.000,2020-04-22 23:13:19.000
6726,CP43,132.0,2160.0,3,2020-10-13 15:02:43.000,2020-10-13 21:49:39.000
11655,Óbidos CE02,121.0,1520.0,1,2021-05-31 05:14:04.000,2021-05-31 12:28:34.000
18885,CP25B,132.0,2680.0,1,2022-03-10 04:57:22.000,2022-03-10 12:49:16.824
15614,CE40,51.0,1180.0,2,2021-10-26 15:01:50.000,2021-10-26 18:19:18.000
27930,CE30B,150.0,1160.0,1,2023-01-10 15:06:57.324,2023-01-10 22:45:30.475
9696,CE07,81.0,2580.0,1,2021-03-08 15:03:40.000,2021-03-08 22:48:22.000
28661,CE46,95.0,960.0,1,2023-02-03 04:51:53.211,2023-02-03 10:46:35.079
13558,CP40,49.0,1400.0,1,2021-08-10 18:23:40.000,2021-08-10 21:54:33.000
9458,CE05,126.0,1660.0,1,2021-02-24 04:49:52.000,2021-02-24 11:18:13.000
25418,CP18B,129.0,2460.0,1,2022-10-13 14:59:38.356,2022-10-13 23:24:52.273
31552,CE19,108.0,1720.0,2,2023-05-12 05:01:21.204,2023-05-12 11:45:44.510
27827,CP29,137.0,3700.0,1,2023-01-05 05:04:43.050,2023-01-05 16:12:23.634
10554,CE12,121.0,2060.0,1,2021-04-15 04:52:44.000,2021-04-15 12:10:48.000
13028,CE12,128.0,1640.0,1,2021-07-23 05:04:37.000,2021-07-23 11:35:47.000
27318,CE40,50.0,1340.0,2,2022-12-20 15:01:27.766,2022-12-20 19:16:27.954
26228,CE41B,107.0,1860.0,2,2022-11-11 05:05:56.287,2022-11-11 11:42:21.831
44013,,211.0,3380.0,1,2024-04-23 14:57:44.950,2024-04-24 01:07:36.032
2960,CE19,107.0,1820.0,1,2020-04-17 15:10:43.000,2020-04-17 22:03:20.000
1516,CE41B,85.0,1820.0,1,2020-01-28 05:18:16.000,2020-01-28 11:52:32.000
5420,CE37B,101.0,1300.0,1,2020-08-14 14:35:53.000,2020-08-14 21:50:33.000
12505,CE24,165.0,1780.0,1,2021-07-03 05:09:37.000,2021-07-03 12:09:25.000
17196,CE08,185.0,2420.0,1,2021-12-31 05:03:48.000,2021-12-31 12:01:32.000
21316,,133.0,10260.0,3,2022-06-01 14:52:15.000,2022-06-01 21:49:42.310
29281,CE46,93.0,1740.0,1,2023-02-27 04:51:08.996,2023-02-27 12:00:03.512
6465,CE51,118.0,2340.0,1,2020-10-01 14:49:13.000,2020-10-01 21:57:14.000
24056,CE20B,91.0,2620.0,1,2022-08-30 14:59:16.000,2022-08-30 22:38:48.241
8430,CE26,87.0,1880.0,2,2021-01-06 15:00:21.000,2021-01-06 23:02:55.000
1988,CE01,228.0,1720.0,1,2020-02-22 05:06:50.000,2020-02-22 14:36:47.000
29604,CP05,139.0,1360.0,1,2023-03-09 04:51:43.210,2023-03-09 11:24:52.013
23956,CE12,155.0,2300.0,1,2022-08-26 04:52:01.000,2022-08-26 13:28:21.632
1841,CP19,124.0,1980.0,1,2020-02-13 14:08:47.000,2020-02-13 23:37:24.000
3602,CE16,137.0,1800.0,1,2020-05-20 05:03:48.000,2020-05-20 13:41:36.000
13758,CP23,224.0,2220.0,1,2021-08-17 04:58:28.000,2021-08-17 14:15:58.000
2127,CE01,233.0,2700.0,1,2020-03-02 14:54:57.000,2020-03-03 00:39:03.000
2128,CE12,85.0,2180.0,1,2020-03-02 04:47:14.000,2020-03-02 10:50:51.000
5468,CE12,126.0,2160.0,1,2020-08-17 04:47:18.000,2020-08-17 11:57:26.000
29525,CE01,222.0,2120.0,1,2023-03-07 14:49:11.050,2023-03-07 23:54:32.352
24255,CE26,86.0,3060.0,1,2022-09-05 15:08:52.000,2022-09-05 23:21:12.011
28511,CE09B,185.0,2180.0,1,2023-01-30 04:57:17.608,2023-01-30 14:24:35.875
7894,CE50,137.0,1360.0,1,2020-12-09 14:28:28.000,2020-12-09 20:58:15.000
8856,CE27,118.0,1700.0,1,2021-01-27 04:38:19.000,2021-01-27 11:07:42.000
25737,CE41B,102.0,3240.0,2,2022-10-25 05:05:46.584,2022-10-25 13:07:18.613
17458,CP26,86.0,3580.0,1,2022-01-12 15:28:50.000,2022-01-12 23:04:28.000
24342,CP26,91.0,3840.0,1,2022-09-07 15:09:36.446,2022-09-07 23:37:58.505
5904,CE41B,109.0,1780.0,1,2020-09-04 04:45:04.000,2020-09-04 12:18:21.000
21747,CP52,181.0,1880.0,1,2022-06-16 11:40:44.000,2022-06-16 20:14:50.505
9225,CE30B,149.0,1360.0,1,2021-02-12 04:42:34.000,2021-02-12 12:45:54.000
14471,CE19,105.0,1780.0,1,2021-09-11 04:41:10.000,2021-09-11 11:24:33.000
31073,CE19,98.0,1280.0,1,2023-04-27 14:43:55.767,2023-04-27 21:23:18.767
11407,CE12,119.0,2200.0,1,2021-05-20 04:56:12.000,2021-05-20 13:00:51.000
39403,CP39,118.0,4520.0,1,2023-12-20 04:55:09.291,2023-12-20 13:40:51.975
19132,CP12,127.0,1940.0,1,2022-03-18 04:37:59.000,2022-03-18 12:00:46.206
22704,CP12,120.0,2720.0,1,2022-07-18 04:50:58.000,2022-07-18 13:43:17.036
15907,CE24,187.0,1520.0,1,2021-11-06 05:03:26.000,2021-11-06 12:20:15.000
7306,CE34,155.0,1780.0,1,2020-11-10 05:01:00.000,2020-11-10 12:21:53.000
16816,CE12,129.0,1520.0,1,2021-12-15 04:56:05.000,2021-12-15 12:38:43.000
13255,CP25B,113.0,1600.0,1,2021-07-30 05:00:49.000,2021-07-30 11:25:08.000
10346,CE27,127.0,1740.0,1,2021-04-07 04:21:04.000,2021-04-07 11:26:15.000
9014,CE26,94.0,2300.0,1,2021-02-03 14:27:48.000,2021-02-03 22:12:35.000
25562,CE29,152.0,2700.0,1,2022-10-19 04:50:11.084,2022-10-19 15:05:57.426
40309,,200.0,3400.0,1,2024-01-16 14:53:04.343,2024-01-16 22:52:45.475
28336,,184.0,2500.0,1,2023-01-23 14:54:31.653,2023-01-23 23:06:12.583
6090,CE39,102.0,3140.0,1,2020-09-14 14:51:27.000,2020-09-15 00:12:01.000
32178,CP23,180.0,3120.0,1,2023-05-31 05:11:43.605,2023-05-31 12:49:00.590
13516,CE07,84.0,2560.0,1,2021-08-09 04:56:47.000,2021-08-09 12:45:33.000
23259,CE50,139.0,2160.0,1,2022-08-04 14:56:19.000,2022-08-04 21:31:57.155
20896,CE24,164.0,1480.0,1,2022-05-19 14:13:15.000,2022-05-19 22:15:03.129
1204,CP26,96.0,2900.0,1,2020-01-10 15:16:00.000,2020-01-10 23:42:14.000
20726,CE19,99.0,1440.0,2,2022-05-13 05:04:19.000,2022-05-13 12:11:39.328
22983,CE40,50.0,1400.0,2,2022-07-26 18:35:00.000,2022-07-26 22:04:30.535
28019,CE19,102.0,1260.0,2,2023-01-12 14:32:14.439,2023-01-12 21:42:23.273
28826,CE19,101.0,1540.0,2,2023-02-09 14:38:25.760,2023-02-09 21:09:47.509
32267,CP29,127.0,4020.0,1,2023-06-02 04:54:21.912,2023-06-02 14:02:58.892
18703,CE12,118.0,1940.0,1,2022-03-04 05:12:06.000,2022-03-04 13:33:51.501
14174,CE26,95.0,2560.0,1,2021-09-01 14:57:27.000,2021-09-01 21:53:17.000
20274,CE29,121.0,2420.0,1,2022-04-28 05:45:45.000,2022-04-28 12:52:26.330
18775,CP39,115.0,4000.0,1,2022-03-07 15:14:58.000,2022-03-08 00:32:13.285
3502,CE19,118.0,1660.0,1,2020-05-15 14:56:17.000,2020-05-15 22:04:46.000
7207,CE19,122.0,1620.0,1,2020-11-05 15:05:42.000,2020-11-05 23:09:15.000
5976,CE41B,108.0,2960.0,1,2020-09-08 04:22:18.000,2020-09-08 12:03:27.000
11345,CE50,141.0,1760.0,1,2021-05-18 14:02:18.000,2021-05-18 21:46:19.000
16818,CE50,148.0,2080.0,1,2021-12-15 14:29:49.000,2021-12-15 22:35:34.000
20514,CE26,131.0,1360.0,1,2022-05-06 15:05:34.000,2022-05-07 00:19:04.001
15413,CP39,106.0,3880.0,1,2021-10-18 15:04:56.000,2021-10-19 00:13:47.000
2426,CE07,74.0,2520.0,1,2020-03-18 15:13:05.000,2020-03-18 22:13:20.000
26412,CE19,111.0,1400.0,1,2022-11-17 05:08:47.445,2022-11-17 11:31:37.944
23552,CP31,219.0,2360.0,1,2022-08-13 04:59:17.000,2022-08-13 13:34:11.029
17250,CE40,47.0,1040.0,1,2022-01-04 21:51:27.000,2022-01-05 01:12:14.000
24025,CE10B,84.0,2060.0,1,2022-08-29 04:44:52.000,2022-08-29 11:48:27.564
39595,,107.0,3640.0,1,2023-12-26 14:58:46.458,2023-12-26 23:12:34.585
25855,CP35,121.0,2440.0,1,2022-10-28 05:05:03.243,2022-10-28 13:14:39.197
25271,CE04,132.0,1860.0,1,2022-10-08 04:56:14.421,2022-10-08 14:20:21.496
18119,CP40,53.0,960.0,1,2022-02-08 09:37:06.000,2022-02-08 13:59:03.000
22300,CE18B,125.0,1760.0,1,2022-07-05 14:55:18.000,2022-07-05 21:55:17.071
15823,CP35,120.0,1760.0,1,2021-11-03 04:59:19.000,2021-11-03 11:55:40.000
25764,,134.0,8400.0,1,2022-10-25 14:57:46.162,2022-10-25 22:04:12.434
11810,CE33,140.0,1620.0,1,2021-06-05 05:06:30.000,2021-06-05 12:29:23.000
16141,CP40,47.0,1320.0,1,2021-11-16 18:10:28.000,2021-11-16 21:59:25.000
22514,CP40,51.0,1260.0,1,2022-07-12 08:55:49.000,2022-07-12 12:59:36.263
25948,CE15,108.0,1580.0,1,2022-11-01 13:50:47.376,2022-11-01 20:20:31.850
38094,CE20B,117.0,3020.0,1,2023-11-14 05:00:30.057,2023-11-14 11:56:56.907
28599,CE18B,132.0,1960.0,1,2023-02-01 14:56:47.164,2023-02-01 23:01:17.587
19305,CP32,140.0,1620.0,1,2022-03-24 05:01:05.000,2022-03-24 11:13:31.221
17034,CP36,123.0,1720.0,1,2021-12-23 05:08:37.000,2021-12-23 11:52:44.000
4983,CP41B,108.0,3800.0,1,2020-07-27 04:49:29.000,2020-07-27 13:31:35.000
34228,CP07,95.0,3900.0,3,2023-07-31 15:02:17.744,2023-07-31 22:17:09.849
2324,CE09B,103.0,1460.0,2,2020-03-12 04:55:13.000,2020-03-12 11:32:53.000
1203,CE21B,92.0,2340.0,1,2020-01-10 15:10:10.000,2020-01-10 23:03:16.000
8249,CE15,121.0,1580.0,1,2020-12-28 04:37:24.000,2020-12-28 13:33:10.000
19406,CE15,104.0,1620.0,1,2022-03-29 15:01:51.000,2022-03-29 20:31:42.248
9712,CE18B,132.0,2160.0,1,2021-03-09 04:55:04.000,2021-03-09 12:01:10.000
14612,CP36,125.0,2280.0,1,2021-09-16 14:32:47.000,2021-09-16 21:31:19.000
10158,CE46,96.0,1980.0,1,2021-03-29 07:27:07.000,2021-03-29 13:13:53.000
9331,,121.0,9980.0,1,2021-02-17 06:00:38.000,2021-02-17 12:08:01.000
4232,CP29,131.0,3120.0,1,2020-06-19 05:05:08.000,2020-06-19 12:54:40.000
12491,CP29,124.0,3360.0,1,2021-07-02 05:04:05.000,2021-07-02 13:54:30.000
4474,CE15,110.0,1880.0,1,2020-07-02 14:50:59.000,2020-07-02 22:05:25.000
18429,CE18B,123.0,1740.0,1,2022-02-22 04:55:24.000,2022-02-22 12:04:00.134
2875,CP35,122.0,2040.0,1,2020-04-13 04:36:27.000,2020-04-13 11:59:21.000
9172,CP36,119.0,2140.0,1,2021-02-10 14:29:57.000,2021-02-10 21:43:52.000
17664,CP36,122.0,1700.0,1,2022-01-20 04:56:00.000,2022-01-20 11:42:58.000
6624,CP19,107.0,2000.0,1,2020-10-08 14:46:52.000,2020-10-08 21:35:57.000
18271,CP28,186.0,2500.0,1,2022-02-15 05:03:14.000,2022-02-15 13:27:12.000
40182,,108.0,2860.0,1,2024-01-11 15:05:35.929,2024-01-11 21:51:34.916
3286,CP32,143.0,1600.0,1,2020-05-04 14:34:47.000,2020-05-04 22:16:07.000
11795,CP36,119.0,2060.0,1,2021-06-04 14:21:17.000,2021-06-04 21:58:36.000
2973,CP51,118.0,2800.0,1,2020-04-17 15:03:16.000,2020-04-17 21:48:55.000
8829,CE16,130.0,2100.0,1,2021-01-26 04:49:49.000,2021-01-26 11:33:51.000
12676,CE16,132.0,1700.0,1,2021-07-10 04:47:24.000,2021-07-10 12:15:43.000
4347,CP19,118.0,1860.0,1,2020-06-25 14:30:47.000,2020-06-25 21:54:45.000
5999,CE33,140.0,1100.0,1,2020-09-09 05:08:14.000,2020-09-09 12:44:47.000
20905,CP36,129.0,1900.0,1,2022-05-19 05:00:44.000,2022-05-19 12:20:38.581
29608,CP15,100.0,1780.0,1,2023-03-09 15:10:23.886,2023-03-09 22:15:28.616
8631,CE10B,80.0,1900.0,1,2021-01-15 05:02:27.000,2021-01-15 11:53:19.000
3810,CE04,91.0,1420.0,1,2020-05-30 05:06:31.000,2020-05-30 11:53:19.000
7777,CE50,155.0,2020.0,1,2020-12-03 14:46:28.000,2020-12-03 21:57:26.000
8788,CE33,144.0,1780.0,1,2021-01-23 04:40:31.000,2021-01-23 11:47:56.000
14566,CE46,106.0,1740.0,1,2021-09-15 04:49:49.000,2021-09-15 12:05:38.000
20418,CP40,59.0,940.0,1,2022-05-03 14:56:56.000,2022-05-03 19:32:32.325
17868,CP52,181.0,1560.0,1,2022-01-28 04:52:07.000,2022-01-28 11:30:31.000
3529,CP01,227.0,3140.0,1,2020-05-16 04:50:19.000,2020-05-16 12:34:40.000
28072,CE38B,147.0,1940.0,1,2023-01-13 04:53:13.645,2023-01-13 12:33:02.584
21288,CE37B,97.0,1720.0,1,2022-06-01 04:50:49.000,2022-06-01 11:44:33.340
5073,CE16,128.0,2120.0,1,2020-07-30 14:51:18.000,2020-07-30 21:27:25.000
19715,CE46,95.0,1300.0,1,2022-04-08 04:43:22.000,2022-04-08 11:22:30.410
7144,,193.0,9480.0,1,2020-11-02 05:45:50.000,2020-11-02 15:12:38.000
4556,,70.0,9580.0,1,2020-07-06 07:14:19.000,2020-07-06 14:07:04.000
11943,CE51,117.0,2720.0,1,2021-06-11 15:00:28.000,2021-06-11 21:17:51.000
25893,CE09B,108.0,2520.0,1,2022-10-31 04:58:32.735,2022-10-31 12:51:15.559
8925,CE04,103.0,1300.0,1,2021-01-29 04:46:54.000,2021-01-29 12:02:38.000
12927,CE04,103.0,2140.0,1,2021-07-20 05:26:06.000,2021-07-20 12:40:36.000
2180,CP29,161.0,2520.0,1,2020-03-04 04:45:11.000,2020-03-04 11:47:19.000
21038,CE18B,128.0,1840.0,1,2022-05-24 14:41:11.000,2022-05-24 22:04:56.950
1409,CE17B,90.0,2000.0,1,2020-01-22 04:59:40.000,2020-01-22 11:26:25.000
6663,CE16,146.0,1780.0,1,2020-10-10 05:08:55.000,2020-10-10 14:09:24.000
15148,CE09B,103.0,1380.0,1,2021-10-07 04:59:09.000,2021-10-07 11:55:12.000
17876,CP27,102.0,2200.0,1,2022-01-27 15:54:49.000,2022-01-27 22:43:02.000
22021,,130.0,8280.0,1,2022-06-24 14:57:45.000,2022-06-24 23:21:16.677
19009,CE33,135.0,1580.0,1,2022-03-15 14:54:11.000,2022-03-15 21:49:59.529
16576,CP08,183.0,1500.0,1,2021-12-04 05:06:15.000,2021-12-04 11:15:52.000
