{
"type": "FeatureCollection",
"name": "containers_reconciled",
"features": [
{ "type": "Feature", "properties": { "cid": "11802", "plate": "E4474", "ctype": "OVO", "vol": 2500, "fraction": "Mistura de embalagens", "freguesia": "Rio Maior", "src_class": "both", "n_driver_rows": 272, "n_sensor_rows": 1842, "driver_mean_fill": 28.228782287822877, "driver_share_zero": 0.53676470588235292, "sensor_mean_fill": 31.795932203389832, "sensor_max_fill": 82, "n_rotas": 1 }, "geometry": { "type": "Point", "coordinates": [ -8.97458611111111, 39.297966666666703 ] } },
{ "type": "Feature", "properties": { "cid": "6904", "plate": "E2954", "ctype": "OVO", "vol": 2500, "fraction": "Mistura de embalagens", "freguesia": "União das freguesias de Azambujeira e Malaqueijo", "src_class": "both", "n_driver_rows": 356, "n_sensor_rows": 2284, "driver_mean_fill": 43.028169014084504, "driver_share_zero": 0.45224719101123595, "sensor_mean_fill": 41.712162905888825, "sensor_max_fill": 82, "n_rotas": 1 }, "geometry": { "type": "Point", "coordinates": [ -8.79266007, 39.26706162 ] } },
{ "type": "Feature", "properties": { "cid": "18761", "plate": "P6037", "ctype": "OVO", "vol": 2500, "fraction": "Embalagens de papel e cartão", "freguesia": "Alcobertas", "src_class": "both", "n_driver_rows": 238, "n_sensor_rows": 2766, "driver_mean_fill": 42.436974789915965, "driver_share_zero": 0.5, "sensor_mean_fill": 49.247072599531613, "sensor_max_fill": 82, "n_rotas": 0 }, "geometry": { "type": "Point", "coordinates": [ -8.90647175224, 39.420554258 ] } },
{ "type": "Feature", "properties": { "cid": "12344", "plate": "E1458", "ctype": "OVO", "vol": 2500, "fraction": "Mistura de embalagens", "freguesia": "Asseiceira", "src_class": "both", "n_driver_rows": 267, "n_sensor_rows": 2417, "driver_mean_fill": 29.213483146067414, "driver_share_zero": 0.54307116104868913, "sensor_mean_fill": 30.679030662710186, "sensor_max_fill": 82, "n_rotas": 1 }, "geometry": { "type": "Point", "coordinates": [ -8.93258055555556, 39.2957527777778 ] } },
{ "type": "Feature", "properties": { "cid": "7612", "plate": "P3113", "ctype": "OVO", "vol": 2500, "fraction": "Embalagens de papel e cartão", "freguesia": "Rio Maior", "src_class": "both", "n_driver_rows": 940, "n_sensor_rows": 4532, "driver_mean_fill": 25.558510638297872, "driver_share_zero": 0.6, "sensor_mean_fill": 43.52590855803048, "sensor_max_fill": 82, "n_rotas": 1 }, "geometry": { "type": "Point", "coordinates": [ -8.934248463912869, 39.335261726098402 ] } },
{ "type": "Feature", "properties": { "cid": "10416", "plate": "P4307", "ctype": "OVO", "vol": 2500, "fraction": "Embalagens de papel e cartão", "freguesia": "Alcobertas", "src_class": "both", "n_driver_rows": 619, "n_sensor_rows": 1995, "driver_mean_fill": 53.392568659127626, "driver_share_zero": 0.39579967689822293, "sensor_mean_fill": 35.101895734597157, "sensor_max_fill": 82, "n_rotas": 1 }, "geometry": { "type": "Point", "coordinates": [ -8.89914444444444, 39.442936111111102 ] } },
{ "type": "Feature", "properties": { "cid": "17827", "plate": "E5531", "ctype": "OVO", "vol": 2500, "fraction": "Mistura de embalagens", "freguesia": "Rio Maior", "src_class": "both", "n_driver_rows": 491, "n_sensor_rows": 1939, "driver_mean_fill": 27.300613496932517, "driver_share_zero": 0.58248472505091653, "sensor_mean_fill": 41.00183598531212, "sensor_max_fill": 82, "n_rotas": 1 }, "geometry": { "type": "Point", "coordinates": [ -8.93669728, 39.32848135 ] } },
{ "type": "Feature", "properties": { "cid": "6906", "plate": "P2892", "ctype": "OVO", "vol": 2500, "fraction": "Embalagens de papel e cartão", "freguesia": "União das freguesias de Azambujeira e Malaqueijo", "src_class": "both", "n_driver_rows": 327, "n_sensor_rows": 2490, "driver_mean_fill": 33.027522935779814, "driver_share_zero": 0.52599388379204892, "sensor_mean_fill": 40.24721279689772, "sensor_max_fill": 82, "n_rotas": 1 }, "geometry": { "type": "Point", "coordinates": [ -8.79266007, 39.26706162 ] } },
{ "type": "Feature", "properties": { "cid": "1055", "plate": "E1447", "ctype": "OVO", "vol": 2500, "fraction": "Mistura de embalagens", "freguesia": "Rio Maior", "src_class": "both", "n_driver_rows": 553, "n_sensor_rows": 7530, "driver_mean_fill": 38.607594936708864, "driver_share_zero": 0.47377938517179025, "sensor_mean_fill": 43.331797235023039, "sensor_max_fill": 82, "n_rotas": 1 }, "geometry": { "type": "Point", "coordinates": [ -8.98357613, 39.38315038 ] } },
{ "type": "Feature", "properties": { "cid": "10168", "plate": "P4055", "ctype": "OVO", "vol": 2500, "fraction": "Embalagens de papel e cartão", "freguesia": "Rio Maior", "src_class": "both", "n_driver_rows": 592, "n_sensor_rows": 2860, "driver_mean_fill": 30.869932432432432, "driver_share_zero": 0.57094594594594594, "sensor_mean_fill": 42.258852691218131, "sensor_max_fill": 82, "n_rotas": 1 }, "geometry": { "type": "Point", "coordinates": [ -8.936268, 39.338808 ] } },
{ "type": "Feature", "properties": { "cid": "2852", "plate": "P1941", "ctype": "OVO", "vol": 2500, "fraction": "Embalagens de papel e cartão", "freguesia": "União das freguesias de São João da Ribeira e Ribeira de São João", "src_class": "both", "n_driver_rows": 292, "n_sensor_rows": 2216, "driver_mean_fill": 30.136986301369863, "driver_share_zero": 0.56506849315068497, "sensor_mean_fill": 36.283333333333331, "sensor_max_fill": 82, "n_rotas": 1 }, "geometry": { "type": "Point", "coordinates": [ -8.87083055555556, 39.304641666666697 ] } },
{ "type": "Feature", "properties": { "cid": "9879", "plate": "P3760", "ctype": "OVO", "vol": 2500, "fraction": "Embalagens de papel e cartão", "freguesia": "União das freguesias de Outeiro da Cortiçada e Arruda dos Pisões", "src_class": "both", "n_driver_rows": 399, "n_sensor_rows": 2387, "driver_mean_fill": 40.852130325814535, "driver_share_zero": 0.47619047619047616, "sensor_mean_fill": 39.215615070358602, "sensor_max_fill": 82, "n_rotas": 3 }, "geometry": { "type": "Point", "coordinates": [ -8.84401895, 39.31606127 ] } },
{ "type": "Feature", "properties": { "cid": "1856", "plate": "P0271", "ctype": "TITAN", "vol": 2500, "fraction": "Embalagens de papel e cartão", "freguesia": "União das freguesias de Outeiro da Cortiçada e Arruda dos Pisões", "src_class": "both", "n_driver_rows": 267, "n_sensor_rows": 2431, "driver_mean_fill": 29.119850187265918, "driver_share_zero": 0.56554307116104874, "sensor_mean_fill": 39.87129144851658, "sensor_max_fill": 82, "n_rotas": 1 }, "geometry": { "type": "Point", "coordinates": [ -8.8009437669427, 39.3481356220774 ] } },
{ "type": "Feature", "properties": { "cid": "11993", "plate": "P3274", "ctype": "VRL", "vol": 2500, "fraction": "Embalagens de papel e cartão", "freguesia": "Rio Maior", "src_class": "both", "n_driver_rows": 552, "n_sensor_rows": 3123, "driver_mean_fill": 33.469202898550726, "driver_share_zero": 0.53804347826086951, "sensor_mean_fill": 45.324400564174894, "sensor_max_fill": 82, "n_rotas": 1 }, "geometry": { "type": "Point", "coordinates": [ -8.939325, 39.335047222222201 ] } },
{ "type": "Feature", "properties": { "cid": "11862", "plate": "E4534", "ctype": "OVO", "vol": 2500, "fraction": "Mistura de embalagens", "freguesia": "União das freguesias de São João da Ribeira e Ribeira de São João", "src_class": "both", "n_driver_rows": 384, "n_sensor_rows": 2276, "driver_mean_fill": 36.227154046997391, "driver_share_zero": 0.4921875, "sensor_mean_fill": 42.30913978494624, "sensor_max_fill": 82, "n_rotas": 1 }, "geometry": { "type": "Point", "coordinates": [ -8.863456254, 39.28223461 ] } },
{ "type": "Feature", "properties": { "cid": "13243", "plate": "P2947P", "ctype": "OVO", "vol": 2500, "fraction": "Embalagens de papel e cartão", "freguesia": "Rio Maior", "src_class": "both", "n_driver_rows": 907, "n_sensor_rows": 7805, "driver_mean_fill": 34.123484013230431, "driver_share_zero": 0.57001102535832415, "sensor_mean_fill": 37.44627279936558, "sensor_max_fill": 82, "n_rotas": 3 }, "geometry": { "type": "Point", "coordinates": [ -8.93191722728, 39.340117596399999 ] } },
{ "type": "Feature", "properties": { "cid": "3315", "plate": "Sub_E0126", "ctype": "E BLUE BEE", "vol": 5000, "fraction": "Mistura de embalagens", "freguesia": "Rio Maior", "src_class": "both", "n_driver_rows": 546, "n_sensor_rows": 2557, "driver_mean_fill": 30.677655677655679, "driver_share_zero": 0.53113553113553114, "sensor_mean_fill": 38.29004076878276, "sensor_max_fill": 82, "n_rotas": 1 }, "geometry": { "type": "Point", "coordinates": [ -8.93547083224, 39.337291977600003 ] } },
{ "type": "Feature", "properties": { "cid": "11554", "plate": "E4222", "ctype": "OVO", "vol": 2500, "fraction": "Mistura de embalagens", "freguesia": "Rio Maior", "src_class": "both", "n_driver_rows": 328, "n_sensor_rows": 2432, "driver_mean_fill": 29.26829268292683, "driver_share_zero": 0.55487804878048785, "sensor_mean_fill": 39.448157248157251, "sensor_max_fill": 82, "n_rotas": 1 }, "geometry": { "type": "Point", "coordinates": [ -8.98203724, 39.31969908 ] } },
{ "type": "Feature", "properties": { "cid": "11821", "plate": "E4493", "ctype": "OVO", "vol": 2500, "fraction": "Mistura de embalagens", "freguesia": "Rio Maior", "src_class": "both", "n_driver_rows": 428, "n_sensor_rows": 3213, "driver_mean_fill": 35.163551401869157, "driver_share_zero": 0.48364485981308414, "sensor_mean_fill": 44.702675245513035, "sensor_max_fill": 82, "n_rotas": 1 }, "geometry": { "type": "Point", "coordinates": [ -8.929727001, 39.338634 ] } },
{ "type": "Feature", "properties": { "cid": "1875", "plate": "P0295", "ctype": "TITAN", "vol": 2500, "fraction": "Embalagens de papel e cartão", "freguesia": "Rio Maior", "src_class": "both", "n_driver_rows": 509, "n_sensor_rows": 2399, "driver_mean_fill": 33.447937131630646, "driver_share_zero": 0.50884086444007859, "sensor_mean_fill": 38.032299192520185, "sensor_max_fill": 82, "n_rotas": 1 }, "geometry": { "type": "Point", "coordinates": [ -8.94317401514, 39.340086100800001 ] } },
{ "type": "Feature", "properties": { "cid": "1655", "plate": "E2406", "ctype": "OVO", "vol": 2500, "fraction": "Mistura de embalagens", "freguesia": "Rio Maior", "src_class": "both", "n_driver_rows": 697, "n_sensor_rows": 2555, "driver_mean_fill": 40.539568345323744, "driver_share_zero": 0.47632711621233859, "sensor_mean_fill": 47.912688172043012, "sensor_max_fill": 82, "n_rotas": 2 }, "geometry": { "type": "Point", "coordinates": [ -8.931752795, 39.33950551 ] } },
{ "type": "Feature", "properties": { "cid": "10139", "plate": "P4026", "ctype": "OVO", "vol": 2500, "fraction": "Embalagens de papel e cartão", "freguesia": "Rio Maior", "src_class": "both", "n_driver_rows": 485, "n_sensor_rows": 3187, "driver_mean_fill": 32.113402061855673, "driver_share_zero": 0.58144329896907221, "sensor_mean_fill": 43.803208556149734, "sensor_max_fill": 82, "n_rotas": 1 }, "geometry": { "type": "Point", "coordinates": [ -8.931374, 39.34814 ] } },
{ "type": "Feature", "properties": { "cid": "10204", "plate": "P4091", "ctype": "OVO", "vol": 2500, "fraction": "Embalagens de papel e cartão", "freguesia": "Rio Maior", "src_class": "both", "n_driver_rows": 255, "n_sensor_rows": 2257, "driver_mean_fill": 15.0, "driver_share_zero": 0.75294117647058822, "sensor_mean_fill": 42.720868409392999, "sensor_max_fill": 82, "n_rotas": 1 }, "geometry": { "type": "Point", "coordinates": [ -8.950627907, 39.33836419 ] } },
{ "type": "Feature", "properties": { "cid": "11794", "plate": "E4466", "ctype": "OVO", "vol": 2500, "fraction": "Mistura de embalagens", "freguesia": "Rio Maior", "src_class": "both", "n_driver_rows": 255, "n_sensor_rows": 2086, "driver_mean_fill": 19.509803921568629, "driver_share_zero": 0.67450980392156867, "sensor_mean_fill": 27.596707818930042, "sensor_max_fill": 82, "n_rotas": 1 }, "geometry": { "type": "Point", "coordinates": [ -8.940211111111109, 39.332019444444398 ] } },
{ "type": "Feature", "properties": { "cid": "1116", "plate": "E1730", "ctype": "OVO", "vol": 2500, "fraction": "Mistura de embalagens", "freguesia": "União das freguesias de Marmeleira e Assentiz", "src_class": "both", "n_driver_rows": 580, "n_sensor_rows": 2459, "driver_mean_fill": 34.671848013816927, "driver_share_zero": 0.48103448275862071, "sensor_mean_fill": 40.532839506172841, "sensor_max_fill": 82, "n_rotas": 1 }, "geometry": { "type": "Point", "coordinates": [ -8.834358001, 39.260181 ] } },
{ "type": "Feature", "properties": { "cid": "1459", "plate": "E2140", "ctype": "OVO", "vol": 2500, "fraction": "Mistura de embalagens", "freguesia": "Rio Maior", "src_class": "both", "n_driver_rows": 568, "n_sensor_rows": 3123, "driver_mean_fill": 42.341549295774648, "driver_share_zero": 0.45598591549295775, "sensor_mean_fill": 47.177966101694913, "sensor_max_fill": 82, "n_rotas": 1 }, "geometry": { "type": "Point", "coordinates": [ -8.938811111111111, 39.335838888888901 ] } },
{ "type": "Feature", "properties": { "cid": "5938", "plate": "Sub_E0144", "ctype": "E BLUE BEE", "vol": 5000, "fraction": "Mistura de embalagens", "freguesia": "Rio Maior", "src_class": "both", "n_driver_rows": 704, "n_sensor_rows": 3118, "driver_mean_fill": 41.22869318181818, "driver_share_zero": 0.45880681818181818, "sensor_mean_fill": 45.888535031847134, "sensor_max_fill": 82, "n_rotas": 1 }, "geometry": { "type": "Point", "coordinates": [ -8.93573333333333, 39.336461111111099 ] } },
{ "type": "Feature", "properties": { "cid": "2526", "plate": "P1313", "ctype": "OVO", "vol": 2500, "fraction": "Embalagens de papel e cartão", "freguesia": "Rio Maior", "src_class": "both", "n_driver_rows": 223, "n_sensor_rows": 2402, "driver_mean_fill": 16.143497757847534, "driver_share_zero": 0.73094170403587444, "sensor_mean_fill": 26.186879823594268, "sensor_max_fill": 82, "n_rotas": 1 }, "geometry": { "type": "Point", "coordinates": [ -8.93113888888889, 39.341986111111098 ] } },
{ "type": "Feature", "properties": { "cid": "13750", "plate": "E5153", "ctype": "OVO", "vol": 2500, "fraction": "Mistura de embalagens", "freguesia": "Rio Maior", "src_class": "both", "n_driver_rows": 727, "n_sensor_rows": 1797, "driver_mean_fill": 29.896551724137932, "driver_share_zero": 0.50343878954607979, "sensor_mean_fill": 37.219022103148021, "sensor_max_fill": 82, "n_rotas": 2 }, "geometry": { "type": "Point", "coordinates": [ -8.953384717158359, 39.3430571817877 ] } },
{ "type": "Feature", "properties": { "cid": "1173", "plate": "E1795", "ctype": "OVO", "vol": 2500, "fraction": "Mistura de embalagens", "freguesia": "Rio Maior", "src_class": "both", "n_driver_rows": 746, "n_sensor_rows": 2822, "driver_mean_fill": 45.362903225806448, "driver_share_zero": 0.43699731903485256, "sensor_mean_fill": 45.582857142857144, "sensor_max_fill": 82, "n_rotas": 1 }, "geometry": { "type": "Point", "coordinates": [ -8.93318246, 39.33731245 ] } },
{ "type": "Feature", "properties": { "cid": "12036", "plate": "E4656", "ctype": "OVO", "vol": 2500, "fraction": "Mistura de embalagens", "freguesia": "Rio Maior", "src_class": "both", "n_driver_rows": 711, "n_sensor_rows": 2951, "driver_mean_fill": 39.064697609001406, "driver_share_zero": 0.44163150492264414, "sensor_mean_fill": 47.807538963392531, "sensor_max_fill": 82, "n_rotas": 2 }, "geometry": { "type": "Point", "coordinates": [ -8.943275, 39.370408333333302 ] } },
{ "type": "Feature", "properties": { "cid": "10112", "plate": "P3999", "ctype": "OVO", "vol": 2500, "fraction": "Embalagens de papel e cartão", "freguesia": "Rio Maior", "src_class": "both", "n_driver_rows": 319, "n_sensor_rows": 1904, "driver_mean_fill": 28.616352201257861, "driver_share_zero": 0.58934169278996862, "sensor_mean_fill": 35.347560975609753, "sensor_max_fill": 82, "n_rotas": 1 }, "geometry": { "type": "Point", "coordinates": [ -8.927239054, 39.3266757 ] } },
{ "type": "Feature", "properties": { "cid": "11922", "plate": "E4595", "ctype": "OVO", "vol": 2500, "fraction": "Mistura de embalagens", "freguesia": "Rio Maior", "src_class": "both", "n_driver_rows": 254, "n_sensor_rows": 2266, "driver_mean_fill": 29.545454545454547, "driver_share_zero": 0.53149606299212604, "sensor_mean_fill": 37.99163179916318, "sensor_max_fill": 82, "n_rotas": 1 }, "geometry": { "type": "Point", "coordinates": [ -8.948229001, 39.319096 ] } },
{ "type": "Feature", "properties": { "cid": "14114", "plate": "P4971", "ctype": "OVO", "vol": 2500, "fraction": "Embalagens de papel e cartão", "freguesia": "São Sebastião", "src_class": "both", "n_driver_rows": 653, "n_sensor_rows": 4279, "driver_mean_fill": 12.289433384379786, "driver_share_zero": 0.7626339969372129, "sensor_mean_fill": 48.620706221474897, "sensor_max_fill": 82, "n_rotas": 1 }, "geometry": { "type": "Point", "coordinates": [ -8.89154444444444, 39.373413888888898 ] } },
{ "type": "Feature", "properties": { "cid": "2503", "plate": "P1268", "ctype": "OVO S", "vol": 2500, "fraction": "Embalagens de papel e cartão", "freguesia": "Rio Maior", "src_class": "both", "n_driver_rows": 270, "n_sensor_rows": 2423, "driver_mean_fill": 32.407407407407405, "driver_share_zero": 0.51481481481481484, "sensor_mean_fill": 42.414481897627965, "sensor_max_fill": 83, "n_rotas": 1 }, "geometry": { "type": "Point", "coordinates": [ -8.90917245965, 39.2891829358 ] } },
{ "type": "Feature", "properties": { "cid": "10163", "plate": "P4050", "ctype": "OVO", "vol": 2500, "fraction": "Embalagens de papel e cartão", "freguesia": "União das freguesias de São João da Ribeira e Ribeira de São João", "src_class": "both", "n_driver_rows": 251, "n_sensor_rows": 2139, "driver_mean_fill": 24.701195219123505, "driver_share_zero": 0.60557768924302791, "sensor_mean_fill": 37.643672692673647, "sensor_max_fill": 82, "n_rotas": 1 }, "geometry": { "type": "Point", "coordinates": [ -8.883943, 39.283566 ] } },
{ "type": "Feature", "properties": { "cid": "11593", "plate": "E4261", "ctype": "OVO", "vol": 2500, "fraction": "Mistura de embalagens", "freguesia": "Rio Maior", "src_class": "both", "n_driver_rows": 230, "n_sensor_rows": 1135, "driver_mean_fill": 16.195652173913043, "driver_share_zero": 0.70869565217391306, "sensor_mean_fill": 25.432765151515152, "sensor_max_fill": 82, "n_rotas": 1 }, "geometry": { "type": "Point", "coordinates": [ -8.93403333333333, 39.342927777777803 ] } },
{ "type": "Feature", "properties": { "cid": "12462", "plate": "E4707", "ctype": "MOXEA", "vol": 5000, "fraction": "Mistura de embalagens", "freguesia": "Rio Maior", "src_class": "both", "n_driver_rows": 372, "n_sensor_rows": 2627, "driver_mean_fill": 43.951612903225808, "driver_share_zero": 0.45967741935483869, "sensor_mean_fill": 41.022136669874882, "sensor_max_fill": 82, "n_rotas": 1 }, "geometry": { "type": "Point", "coordinates": [ -8.942825, 39.337669444444401 ] } },
{ "type": "Feature", "properties": { "cid": "11829", "plate": "E4501", "ctype": "OVO", "vol": 2500, "fraction": "Mistura de embalagens", "freguesia": "Rio Maior", "src_class": "both", "n_driver_rows": 177, "n_sensor_rows": 1602, "driver_mean_fill": 8.1920903954802267, "driver_share_zero": 0.79661016949152541, "sensor_mean_fill": 23.985778926955398, "sensor_max_fill": 82, "n_rotas": 1 }, "geometry": { "type": "Point", "coordinates": [ -8.927522229, 39.34535306 ] } },
{ "type": "Feature", "properties": { "cid": "10081", "plate": "P3967", "ctype": "OVO", "vol": 2500, "fraction": "Embalagens de papel e cartão", "freguesia": "União das freguesias de São João da Ribeira e Ribeira de São João", "src_class": "both", "n_driver_rows": 221, "n_sensor_rows": 2125, "driver_mean_fill": 31.56108597285068, "driver_share_zero": 0.58823529411764708, "sensor_mean_fill": 32.574876237623762, "sensor_max_fill": 82, "n_rotas": 1 }, "geometry": { "type": "Point", "coordinates": [ -8.87014382, 39.31451065 ] } },
{ "type": "Feature", "properties": { "cid": "13633", "plate": "E4971", "ctype": "OVO", "vol": 2500, "fraction": "Mistura de embalagens", "freguesia": "Rio Maior", "src_class": "both", "n_driver_rows": 299, "n_sensor_rows": 2493, "driver_mean_fill": 38.210702341137122, "driver_share_zero": 0.47491638795986624, "sensor_mean_fill": 42.737946428571426, "sensor_max_fill": 82, "n_rotas": 1 }, "geometry": { "type": "Point", "coordinates": [ -8.949105808460001, 39.318133104799998 ] } },
{ "type": "Feature", "properties": { "cid": "6221", "plate": "P2777", "ctype": "OVO", "vol": 2500, "fraction": "Embalagens de papel e cartão", "freguesia": "Alcobertas", "src_class": "both", "n_driver_rows": 265, "n_sensor_rows": 1529, "driver_mean_fill": 25.09433962264151, "driver_share_zero": 0.61509433962264148, "sensor_mean_fill": 29.914498141263941, "sensor_max_fill": 82, "n_rotas": 1 }, "geometry": { "type": "Point", "coordinates": [ -8.92165623, 39.40509833 ] } },
{ "type": "Feature", "properties": { "cid": "11774", "plate": "E4446", "ctype": "OVO", "vol": 2500, "fraction": "Mistura de embalagens", "freguesia": "União das freguesias de São João da Ribeira e Ribeira de São João", "src_class": "both", "n_driver_rows": 453, "n_sensor_rows": 2315, "driver_mean_fill": 35.927152317880797, "driver_share_zero": 0.50993377483443714, "sensor_mean_fill": 43.615143369175627, "sensor_max_fill": 82, "n_rotas": 1 }, "geometry": { "type": "Point", "coordinates": [ -8.85998333333333, 39.280436111111101 ] } },
{ "type": "Feature", "properties": { "cid": "10698", "plate": "E3344", "ctype": "OVO", "vol": 2500, "fraction": "Mistura de embalagens", "freguesia": "Rio Maior", "src_class": "both", "n_driver_rows": 473, "n_sensor_rows": 7734, "driver_mean_fill": 30.919661733615222, "driver_share_zero": 0.53065539112050741, "sensor_mean_fill": 41.806430531956607, "sensor_max_fill": 82, "n_rotas": 1 }, "geometry": { "type": "Point", "coordinates": [ -8.974672222222219, 39.389930555555601 ] } },
{ "type": "Feature", "properties": { "cid": "16176", "plate": "E5265", "ctype": "OVO", "vol": 2500, "fraction": "Mistura de embalagens", "freguesia": "União das freguesias de Azambujeira e Malaqueijo", "src_class": "both", "n_driver_rows": 277, "n_sensor_rows": 2258, "driver_mean_fill": 44.474637681159422, "driver_share_zero": 0.4584837545126354, "sensor_mean_fill": 40.398517673888257, "sensor_max_fill": 82, "n_rotas": 1 }, "geometry": { "type": "Point", "coordinates": [ -8.792934358609999, 39.270487760599998 ] } },
{ "type": "Feature", "properties": { "cid": "6092", "plate": "E2637", "ctype": "OVO", "vol": 2500, "fraction": "Mistura de embalagens", "freguesia": "Rio Maior", "src_class": "both", "n_driver_rows": 1051, "n_sensor_rows": 1991, "driver_mean_fill": 33.603431839847474, "driver_share_zero": 0.50808753568030451, "sensor_mean_fill": 47.188278008298752, "sensor_max_fill": 82, "n_rotas": 4 }, "geometry": { "type": "Point", "coordinates": [ -8.93381489580973, 39.338099539208798 ] } },
{ "type": "Feature", "properties": { "cid": "11967", "plate": "E3310", "ctype": "VRL", "vol": 2500, "fraction": "Mistura de embalagens", "freguesia": "União das freguesias de Outeiro da Cortiçada e Arruda dos Pisões", "src_class": "both", "n_driver_rows": 1147, "n_sensor_rows": 1670, "driver_mean_fill": 27.268760907504362, "driver_share_zero": 0.60505666957279858, "sensor_mean_fill": 28.51418439716312, "sensor_max_fill": 82, "n_rotas": 2 }, "geometry": { "type": "Point", "coordinates": [ -8.832173394105791, 39.3469400316514 ] } },
{ "type": "Feature", "properties": { "cid": "31420", "plate": "E8136", "ctype": "AMBI", "vol": 2500, "fraction": "Mistura de embalagens", "freguesia": "Rio Maior", "src_class": "both", "n_driver_rows": 2, "n_sensor_rows": 1492, "driver_mean_fill": 0.0, "driver_share_zero": 1.0, "sensor_mean_fill": 48.197846567967702, "sensor_max_fill": 84, "n_rotas": 0 }, "geometry": { "type": "Point", "coordinates": [ -8.9358, 39.340144444444398 ] } },
{ "type": "Feature", "properties": { "cid": "18302", "plate": "Sub_P0305", "ctype": "E BLUE BEE", "vol": 3000, "fraction": "Embalagens de papel e cartão", "freguesia": "Rio Maior", "src_class": "both", "n_driver_rows": 479, "n_sensor_rows": 2547, "driver_mean_fill": 47.44258872651357, "driver_share_zero": 0.42588726513569936, "sensor_mean_fill": 40.727359846669863, "sensor_max_fill": 82, "n_rotas": 0 }, "geometry": { "type": "Point", "coordinates": [ -8.935284, 39.339124 ] } },
{ "type": "Feature", "properties": { "cid": "991", "plate": "E1461", "ctype": "OVO S", "vol": 2500, "fraction": "Mistura de embalagens", "freguesia": "Rio Maior", "src_class": "both", "n_driver_rows": 542, "n_sensor_rows": 2640, "driver_mean_fill": 41.820702402957487, "driver_share_zero": 0.42435424354243545, "sensor_mean_fill": 43.9822934232715, "sensor_max_fill": 83, "n_rotas": 1 }, "geometry": { "type": "Point", "coordinates": [ -8.925983333333329, 39.338763888888899 ] } },
{ "type": "Feature", "properties": { "cid": "12732", "plate": "E5004", "ctype": "OVO", "vol": 2500, "fraction": "Mistura de embalagens", "freguesia": "Rio Maior", "src_class": "both", "n_driver_rows": 382, "n_sensor_rows": 1751, "driver_mean_fill": 30.366492146596858, "driver_share_zero": 0.54450261780104714, "sensor_mean_fill": 36.108933717579248, "sensor_max_fill": 82, "n_rotas": 1 }, "geometry": { "type": "Point", "coordinates": [ -8.94275833333333, 39.324922222222199 ] } },
{ "type": "Feature", "properties": { "cid": "20821", "plate": "P6374", "ctype": "VRL", "vol": 2500, "fraction": "Embalagens de papel e cartão", "freguesia": "Rio Maior", "src_class": "both", "n_driver_rows": 189, "n_sensor_rows": 2725, "driver_mean_fill": 39.438502673796791, "driver_share_zero": 0.52910052910052907, "sensor_mean_fill": 41.219178082191782, "sensor_max_fill": 82, "n_rotas": 0 }, "geometry": { "type": "Point", "coordinates": [ -8.93898333333334, 39.331458333333302 ] } },
{ "type": "Feature", "properties": { "cid": "3336", "plate": "P0292", "ctype": "OVO", "vol": 2500, "fraction": "Embalagens de papel e cartão", "freguesia": "Rio Maior", "src_class": "both", "n_driver_rows": 201, "n_sensor_rows": 1705, "driver_mean_fill": 9.2039800995024876, "driver_share_zero": 0.83582089552238803, "sensor_mean_fill": 25.40501043841336, "sensor_max_fill": 82, "n_rotas": 1 }, "geometry": { "type": "Point", "coordinates": [ -8.93038333333333, 39.339608333333302 ] } },
{ "type": "Feature", "properties": { "cid": "5931", "plate": "Sub_E0142", "ctype": "E BLUE BEE", "vol": 5000, "fraction": "Mistura de embalagens", "freguesia": "Rio Maior", "src_class": "both", "n_driver_rows": 549, "n_sensor_rows": 3043, "driver_mean_fill": 36.384335154826957, "driver_share_zero": 0.52094717668488155, "sensor_mean_fill": 44.601985559566785, "sensor_max_fill": 82, "n_rotas": 1 }, "geometry": { "type": "Point", "coordinates": [ -8.934905555555559, 39.336583333333301 ] } },
{ "type": "Feature", "properties": { "cid": "20862", "plate": "P6390", "ctype": "VRL", "vol": 2500, "fraction": "Embalagens de papel e cartão", "freguesia": "Fráguas", "src_class": "both", "n_driver_rows": 136, "n_sensor_rows": 1609, "driver_mean_fill": 36.764705882352942, "driver_share_zero": 0.4264705882352941, "sensor_mean_fill": 28.903723887375115, "sensor_max_fill": 82, "n_rotas": 1 }, "geometry": { "type": "Point", "coordinates": [ -8.87544598, 39.36399361 ] } },
{ "type": "Feature", "properties": { "cid": "1172", "plate": "E1794", "ctype": "OVO", "vol": 2500, "fraction": "Mistura de embalagens", "freguesia": "União das freguesias de Azambujeira e Malaqueijo", "src_class": "both", "n_driver_rows": 336, "n_sensor_rows": 2605, "driver_mean_fill": 40.223880597014926, "driver_share_zero": 0.45833333333333331, "sensor_mean_fill": 45.629047619047618, "sensor_max_fill": 82, "n_rotas": 1 }, "geometry": { "type": "Point", "coordinates": [ -8.82492222222222, 39.295122222222197 ] } },
{ "type": "Feature", "properties": { "cid": "10799", "plate": "E3445", "ctype": "OVO", "vol": 2500, "fraction": "Mistura de embalagens", "freguesia": "União das freguesias de Azambujeira e Malaqueijo", "src_class": "both", "n_driver_rows": 347, "n_sensor_rows": 2653, "driver_mean_fill": 41.858789625360231, "driver_share_zero": 0.4668587896253602, "sensor_mean_fill": 44.811497849041849, "sensor_max_fill": 82, "n_rotas": 1 }, "geometry": { "type": "Point", "coordinates": [ -8.838841666666671, 39.291155555555598 ] } },
{ "type": "Feature", "properties": { "cid": "11873", "plate": "E4545", "ctype": "OVO", "vol": 2500, "fraction": "Mistura de embalagens", "freguesia": "União das freguesias de Marmeleira e Assentiz", "src_class": "both", "n_driver_rows": 328, "n_sensor_rows": 2451, "driver_mean_fill": 42.278287461773701, "driver_share_zero": 0.44207317073170732, "sensor_mean_fill": 42.520285332144446, "sensor_max_fill": 82, "n_rotas": 1 }, "geometry": { "type": "Point", "coordinates": [ -8.86728287, 39.25353454 ] } },
{ "type": "Feature", "properties": { "cid": "27962", "plate": "E8090", "ctype": "AMBI", "vol": 2500, "fraction": "Mistura de embalagens", "freguesia": "Rio Maior", "src_class": "both", "n_driver_rows": 17, "n_sensor_rows": 4946, "driver_mean_fill": 32.352941176470587, "driver_share_zero": 0.58823529411764708, "sensor_mean_fill": 47.175697533360292, "sensor_max_fill": 84, "n_rotas": 0 }, "geometry": { "type": "Point", "coordinates": [ -8.9612, 39.354197 ] } },
{ "type": "Feature", "properties": { "cid": "10202", "plate": "P4089", "ctype": "OVO", "vol": 2500, "fraction": "Embalagens de papel e cartão", "freguesia": "Alcobertas", "src_class": "both", "n_driver_rows": 325, "n_sensor_rows": 1888, "driver_mean_fill": 34.53846153846154, "driver_share_zero": 0.58461538461538465, "sensor_mean_fill": 45.32692307692308, "sensor_max_fill": 82, "n_rotas": 1 }, "geometry": { "type": "Point", "coordinates": [ -8.919377700401281, 39.417500729644999 ] } },
{ "type": "Feature", "properties": { "cid": "10164", "plate": "P4051", "ctype": "OVO", "vol": 2500, "fraction": "Embalagens de papel e cartão", "freguesia": "União das freguesias de São João da Ribeira e Ribeira de São João", "src_class": "both", "n_driver_rows": 387, "n_sensor_rows": 3035, "driver_mean_fill": 38.63049095607235, "driver_share_zero": 0.49870801033591733, "sensor_mean_fill": 44.855374823196605, "sensor_max_fill": 82, "n_rotas": 1 }, "geometry": { "type": "Point", "coordinates": [ -8.863456254, 39.28223461 ] } },
{ "type": "Feature", "properties": { "cid": "11590", "plate": "E4258", "ctype": "OVO", "vol": 2500, "fraction": "Mistura de embalagens", "freguesia": "Rio Maior", "src_class": "both", "n_driver_rows": 235, "n_sensor_rows": 1725, "driver_mean_fill": 16.276595744680851, "driver_share_zero": 0.69787234042553192, "sensor_mean_fill": 33.841068022886205, "sensor_max_fill": 82, "n_rotas": 1 }, "geometry": { "type": "Point", "coordinates": [ -8.93700472018222, 39.344606200805302 ] } },
{ "type": "Feature", "properties": { "cid": "5933", "plate": "Sub_E0143", "ctype": "E BLUE BEE", "vol": 5000, "fraction": "Mistura de embalagens", "freguesia": "Rio Maior", "src_class": "both", "n_driver_rows": 584, "n_sensor_rows": 2978, "driver_mean_fill": 29.965753424657535, "driver_share_zero": 0.57876712328767121, "sensor_mean_fill": 34.84568192543653, "sensor_max_fill": 82, "n_rotas": 1 }, "geometry": { "type": "Point", "coordinates": [ -8.933452777777781, 39.336461111111099 ] } },
{ "type": "Feature", "properties": { "cid": "27966", "plate": "P8312", "ctype": "AMBI", "vol": 2500, "fraction": "Embalagens de papel e cartão", "freguesia": "Rio Maior", "src_class": "both", "n_driver_rows": 14, "n_sensor_rows": 5839, "driver_mean_fill": 37.5, "driver_share_zero": 0.5714285714285714, "sensor_mean_fill": 46.986127761603015, "sensor_max_fill": 84, "n_rotas": 0 }, "geometry": { "type": "Point", "coordinates": [ -8.99101, 39.346224 ] } },
{ "type": "Feature", "properties": { "cid": "14278", "plate": "P5068", "ctype": "OVO", "vol": 2500, "fraction": "Embalagens de papel e cartão", "freguesia": "Rio Maior", "src_class": "both", "n_driver_rows": 625, "n_sensor_rows": 2672, "driver_mean_fill": 29.246794871794872, "driver_share_zero": 0.5264, "sensor_mean_fill": 43.160601265822784, "sensor_max_fill": 82, "n_rotas": 2 }, "geometry": { "type": "Point", "coordinates": [ -8.953384717158359, 39.3430571817877 ] } },
{ "type": "Feature", "properties": { "cid": "6240", "plate": "E2788", "ctype": "OVO", "vol": 2500, "fraction": "Mistura de embalagens", "freguesia": "Alcobertas", "src_class": "both", "n_driver_rows": 386, "n_sensor_rows": 2175, "driver_mean_fill": 46.761658031088082, "driver_share_zero": 0.44818652849740931, "sensor_mean_fill": 47.296474358974358, "sensor_max_fill": 82, "n_rotas": 1 }, "geometry": { "type": "Point", "coordinates": [ -8.92722917, 39.39087534 ] } },
{ "type": "Feature", "properties": { "cid": "18139", "plate": "E5622", "ctype": "OVO", "vol": 2500, "fraction": "Mistura de embalagens", "freguesia": "Alcobertas", "src_class": "both", "n_driver_rows": 191, "n_sensor_rows": 2327, "driver_mean_fill": 36.910994764397905, "driver_share_zero": 0.49738219895287961, "sensor_mean_fill": 43.960155490767733, "sensor_max_fill": 82, "n_rotas": 0 }, "geometry": { "type": "Point", "coordinates": [ -8.915227, 39.422783 ] } },
{ "type": "Feature", "properties": { "cid": "10835", "plate": "E3482", "ctype": "OVO", "vol": 2500, "fraction": "Mistura de embalagens", "freguesia": "Rio Maior", "src_class": "both", "n_driver_rows": 442, "n_sensor_rows": 2130, "driver_mean_fill": 38.321995464852606, "driver_share_zero": 0.49321266968325794, "sensor_mean_fill": 43.087487283825027, "sensor_max_fill": 82, "n_rotas": 2 }, "geometry": { "type": "Point", "coordinates": [ -8.93800762645, 39.328944047100002 ] } },
{ "type": "Feature", "properties": { "cid": "904", "plate": "E1193", "ctype": "OVO S", "vol": 2500, "fraction": "Mistura de embalagens", "freguesia": "Rio Maior", "src_class": "both", "n_driver_rows": 464, "n_sensor_rows": 2376, "driver_mean_fill": 40.874730021598275, "driver_share_zero": 0.43318965517241381, "sensor_mean_fill": 40.369791666666664, "sensor_max_fill": 83, "n_rotas": 1 }, "geometry": { "type": "Point", "coordinates": [ -8.937656617489999, 39.339033212 ] } },
{ "type": "Feature", "properties": { "cid": "6228", "plate": "E2813", "ctype": "OVO", "vol": 2500, "fraction": "Mistura de embalagens", "freguesia": "Rio Maior", "src_class": "both", "n_driver_rows": 301, "n_sensor_rows": 1810, "driver_mean_fill": 31.270903010033443, "driver_share_zero": 0.51495016611295685, "sensor_mean_fill": 34.778940027894002, "sensor_max_fill": 82, "n_rotas": 1 }, "geometry": { "type": "Point", "coordinates": [ -8.974793333333331, 39.29885 ] } },
{ "type": "Feature", "properties": { "cid": "18141", "plate": "E5621", "ctype": "OVO", "vol": 2500, "fraction": "Mistura de embalagens", "freguesia": "União das freguesias de Marmeleira e Assentiz", "src_class": "both", "n_driver_rows": 237, "n_sensor_rows": 1780, "driver_mean_fill": 38.502109704641349, "driver_share_zero": 0.45991561181434598, "sensor_mean_fill": 41.008652657601978, "sensor_max_fill": 82, "n_rotas": 0 }, "geometry": { "type": "Point", "coordinates": [ -8.831536709950001, 39.263640013600003 ] } },
{ "type": "Feature", "properties": { "cid": "10092", "plate": "P3979", "ctype": "OVO", "vol": 2500, "fraction": "Embalagens de papel e cartão", "freguesia": "União das freguesias de São João da Ribeira e Ribeira de São João", "src_class": "both", "n_driver_rows": 444, "n_sensor_rows": 2298, "driver_mean_fill": 36.681715575620764, "driver_share_zero": 0.51576576576576572, "sensor_mean_fill": 44.641228070175437, "sensor_max_fill": 82, "n_rotas": 1 }, "geometry": { "type": "Point", "coordinates": [ -8.844844, 39.280624 ] } },
{ "type": "Feature", "properties": { "cid": "470", "plate": "E0634", "ctype": "TITAN", "vol": 2500, "fraction": "Mistura de embalagens", "freguesia": "Rio Maior", "src_class": "both", "n_driver_rows": 366, "n_sensor_rows": 7699, "driver_mean_fill": 26.373626373626372, "driver_share_zero": 0.56284153005464477, "sensor_mean_fill": 41.079488350845132, "sensor_max_fill": 82, "n_rotas": 3 }, "geometry": { "type": "Point", "coordinates": [ -8.93204, 39.343283333333297 ] } },
{ "type": "Feature", "properties": { "cid": "16516", "plate": "E5339", "ctype": "OVO", "vol": 2500, "fraction": "Mistura de embalagens", "freguesia": "Rio Maior", "src_class": "both", "n_driver_rows": 540, "n_sensor_rows": 2044, "driver_mean_fill": 19.851576994434136, "driver_share_zero": 0.59074074074074079, "sensor_mean_fill": 35.523112931538911, "sensor_max_fill": 82, "n_rotas": 1 }, "geometry": { "type": "Point", "coordinates": [ -8.961622, 39.309921 ] } },
{ "type": "Feature", "properties": { "cid": "16857", "plate": "P5636", "ctype": "OVO", "vol": 2500, "fraction": "Embalagens de papel e cartão", "freguesia": "União das freguesias de Marmeleira e Assentiz", "src_class": "both", "n_driver_rows": 287, "n_sensor_rows": 2527, "driver_mean_fill": 43.379790940766547, "driver_share_zero": 0.47735191637630664, "sensor_mean_fill": 43.70662768031189, "sensor_max_fill": 82, "n_rotas": 0 }, "geometry": { "type": "Point", "coordinates": [ -8.85921333333334, 39.257653333333302 ] } },
{ "type": "Feature", "properties": { "cid": "11566", "plate": "E4234", "ctype": "OVO", "vol": 2500, "fraction": "Mistura de embalagens", "freguesia": "Rio Maior", "src_class": "both", "n_driver_rows": 432, "n_sensor_rows": 7880, "driver_mean_fill": 26.331018518518519, "driver_share_zero": 0.58796296296296291, "sensor_mean_fill": 37.520822752666326, "sensor_max_fill": 82, "n_rotas": 1 }, "geometry": { "type": "Point", "coordinates": [ -8.998590137, 39.35343703 ] } },
{ "type": "Feature", "properties": { "cid": "10151", "plate": "P4038", "ctype": "OVO", "vol": 2500, "fraction": "Embalagens de papel e cartão", "freguesia": "Alcobertas", "src_class": "both", "n_driver_rows": 216, "n_sensor_rows": 2031, "driver_mean_fill": 21.643518518518519, "driver_share_zero": 0.66666666666666663, "sensor_mean_fill": 32.152691511387161, "sensor_max_fill": 82, "n_rotas": 1 }, "geometry": { "type": "Point", "coordinates": [ -8.896758, 39.445873 ] } },
{ "type": "Feature", "properties": { "cid": "1300", "plate": "E1952", "ctype": "OVO", "vol": 2500, "fraction": "Mistura de embalagens", "freguesia": "Rio Maior", "src_class": "both", "n_driver_rows": 429, "n_sensor_rows": 8022, "driver_mean_fill": 19.988344988344988, "driver_share_zero": 0.62937062937062938, "sensor_mean_fill": 39.150616042242895, "sensor_max_fill": 82, "n_rotas": 1 }, "geometry": { "type": "Point", "coordinates": [ -8.98667222222222, 39.380233333333301 ] } },
{ "type": "Feature", "properties": { "cid": "9963", "plate": "P3844", "ctype": "OVO", "vol": 2500, "fraction": "Embalagens de papel e cartão", "freguesia": "Rio Maior", "src_class": "both", "n_driver_rows": 486, "n_sensor_rows": 2370, "driver_mean_fill": 32.061855670103093, "driver_share_zero": 0.55555555555555558, "sensor_mean_fill": 40.320167286245351, "sensor_max_fill": 82, "n_rotas": 2 }, "geometry": { "type": "Point", "coordinates": [ -8.937656617489999, 39.339033212 ] } },
{ "type": "Feature", "properties": { "cid": "892", "plate": "E1171", "ctype": "OVO", "vol": 2500, "fraction": "Mistura de embalagens", "freguesia": "Alcobertas", "src_class": "both", "n_driver_rows": 432, "n_sensor_rows": 2044, "driver_mean_fill": 41.879350348027842, "driver_share_zero": 0.4375, "sensor_mean_fill": 42.86525554981931, "sensor_max_fill": 82, "n_rotas": 1 }, "geometry": { "type": "Point", "coordinates": [ -8.90647175224, 39.420554258 ] } },
{ "type": "Feature", "properties": { "cid": "13491", "plate": "P4865", "ctype": "OVO", "vol": 2500, "fraction": "Embalagens de papel e cartão", "freguesia": "União das freguesias de Outeiro da Cortiçada e Arruda dos Pisões", "src_class": "both", "n_driver_rows": 380, "n_sensor_rows": 2086, "driver_mean_fill": 38.94736842105263, "driver_share_zero": 0.5, "sensor_mean_fill": 41.205708131394722, "sensor_max_fill": 82, "n_rotas": 1 }, "geometry": { "type": "Point", "coordinates": [ -8.84020277777778, 39.314888888888902 ] } },
{ "type": "Feature", "properties": { "cid": "12674", "plate": "E4887", "ctype": "OVO", "vol": 2500, "fraction": "Mistura de embalagens", "freguesia": "Rio Maior", "src_class": "both", "n_driver_rows": 464, "n_sensor_rows": 2213, "driver_mean_fill": 43.103448275862071, "driver_share_zero": 0.48491379310344829, "sensor_mean_fill": 36.486819966348847, "sensor_max_fill": 82, "n_rotas": 1 }, "geometry": { "type": "Point", "coordinates": [ -8.964155555555561, 39.370763888888902 ] } },
{ "type": "Feature", "properties": { "cid": "10153", "plate": "P4040", "ctype": "OVO", "vol": 2500, "fraction": "Embalagens de papel e cartão", "freguesia": "Rio Maior", "src_class": "both", "n_driver_rows": 185, "n_sensor_rows": 2089, "driver_mean_fill": 22.418478260869566, "driver_share_zero": 0.65405405405405403, "sensor_mean_fill": 31.785962877030162, "sensor_max_fill": 82, "n_rotas": 1 }, "geometry": { "type": "Point", "coordinates": [ -8.962772691, 39.36310453 ] } },
{ "type": "Feature", "properties": { "cid": "1399", "plate": "E2077", "ctype": "OVO", "vol": 2500, "fraction": "Mistura de embalagens", "freguesia": "União das freguesias de Outeiro da Cortiçada e Arruda dos Pisões", "src_class": "both", "n_driver_rows": 592, "n_sensor_rows": 11443, "driver_mean_fill": 36.951013513513516, "driver_share_zero": 0.49155405405405406, "sensor_mean_fill": 40.751847530143912, "sensor_max_fill": 82, "n_rotas": 2 }, "geometry": { "type": "Point", "coordinates": [ -8.82567158404, 39.330370547500003 ] } },
{ "type": "Feature", "properties": { "cid": "7252", "plate": "P2967", "ctype": "OVO", "vol": 2500, "fraction": "Embalagens de papel e cartão", "freguesia": "União das freguesias de São João da Ribeira e Ribeira de São João", "src_class": "both", "n_driver_rows": 522, "n_sensor_rows": 2573, "driver_mean_fill": 39.798850574712645, "driver_share_zero": 0.48659003831417624, "sensor_mean_fill": 43.67849898580122, "sensor_max_fill": 82, "n_rotas": 1 }, "geometry": { "type": "Point", "coordinates": [ -8.87933333333333, 39.28425 ] } },
{ "type": "Feature", "properties": { "cid": "18731", "plate": "P6025", "ctype": "OVO", "vol": 2500, "fraction": "Embalagens de papel e cartão", "freguesia": "Asseiceira", "src_class": "both", "n_driver_rows": 226, "n_sensor_rows": 1976, "driver_mean_fill": 41.444444444444443, "driver_share_zero": 0.50442477876106195, "sensor_mean_fill": 42.568466993998911, "sensor_max_fill": 82, "n_rotas": 0 }, "geometry": { "type": "Point", "coordinates": [ -8.935765, 39.291658 ] } },
{ "type": "Feature", "properties": { "cid": "6902", "plate": "P2889", "ctype": "OVO", "vol": 2500, "fraction": "Embalagens de papel e cartão", "freguesia": "Alcobertas", "src_class": "both", "n_driver_rows": 228, "n_sensor_rows": 1613, "driver_mean_fill": 20.504385964912281, "driver_share_zero": 0.64473684210526316, "sensor_mean_fill": 29.735989196488859, "sensor_max_fill": 82, "n_rotas": 1 }, "geometry": { "type": "Point", "coordinates": [ -8.895622222222221, 39.448272222222201 ] } },
{ "type": "Feature", "properties": { "cid": "13490", "plate": "P5056", "ctype": "OVO", "vol": 2500, "fraction": "Embalagens de papel e cartão", "freguesia": "Rio Maior", "src_class": "both", "n_driver_rows": 353, "n_sensor_rows": 2180, "driver_mean_fill": 39.559659090909093, "driver_share_zero": 0.49291784702549574, "sensor_mean_fill": 38.789946140035909, "sensor_max_fill": 82, "n_rotas": 2 }, "geometry": { "type": "Point", "coordinates": [ -8.962450326080001, 39.362046291299997 ] } },
{ "type": "Feature", "properties": { "cid": "12861", "plate": "E4892", "ctype": "OVO", "vol": 2500, "fraction": "Mistura de embalagens", "freguesia": "União das freguesias de São João da Ribeira e Ribeira de São João", "src_class": "both", "n_driver_rows": 325, "n_sensor_rows": 8405, "driver_mean_fill": 33.153846153846153, "driver_share_zero": 0.53538461538461535, "sensor_mean_fill": 41.775268817204299, "sensor_max_fill": 82, "n_rotas": 1 }, "geometry": { "type": "Point", "coordinates": [ -8.892468, 39.286129 ] } },
{ "type": "Feature", "properties": { "cid": "11939", "plate": "E4612", "ctype": "OVO", "vol": 2500, "fraction": "Mistura de embalagens", "freguesia": "União das freguesias de São João da Ribeira e Ribeira de São João", "src_class": "both", "n_driver_rows": 581, "n_sensor_rows": 2637, "driver_mean_fill": 37.392055267702936, "driver_share_zero": 0.48709122203098104, "sensor_mean_fill": 47.239951768488744, "sensor_max_fill": 82, "n_rotas": 3 }, "geometry": { "type": "Point", "coordinates": [ -8.847243656, 39.279482858800002 ] } },
{ "type": "Feature", "properties": { "cid": "10078", "plate": "P3964", "ctype": "OVO", "vol": 2500, "fraction": "Embalagens de papel e cartão", "freguesia": "Rio Maior", "src_class": "both", "n_driver_rows": 242, "n_sensor_rows": 1945, "driver_mean_fill": 22.107438016528924, "driver_share_zero": 0.61157024793388426, "sensor_mean_fill": 33.022714366837022, "sensor_max_fill": 82, "n_rotas": 1 }, "geometry": { "type": "Point", "coordinates": [ -8.950079001, 39.316753 ] } },
{ "type": "Feature", "properties": { "cid": "12496", "plate": "P0450", "ctype": "OVO", "vol": 2500, "fraction": "Embalagens de papel e cartão", "freguesia": "União das freguesias de Marmeleira e Assentiz", "src_class": "both", "n_driver_rows": 247, "n_sensor_rows": 2276, "driver_mean_fill": 29.959514170040485, "driver_share_zero": 0.57894736842105265, "sensor_mean_fill": 38.777354900095148, "sensor_max_fill": 82, "n_rotas": 1 }, "geometry": { "type": "Point", "coordinates": [ -8.863563888888891, 39.254805555555599 ] } },
{ "type": "Feature", "properties": { "cid": "5752", "plate": "E2490", "ctype": "OVO", "vol": 2500, "fraction": "Mistura de embalagens", "freguesia": "Asseiceira", "src_class": "both", "n_driver_rows": 519, "n_sensor_rows": 2736, "driver_mean_fill": 41.940154440154437, "driver_share_zero": 0.46820809248554912, "sensor_mean_fill": 50.320962479608482, "sensor_max_fill": 82, "n_rotas": 2 }, "geometry": { "type": "Point", "coordinates": [ -8.928543321299999, 39.299679439199998 ] } },
{ "type": "Feature", "properties": { "cid": "27964", "plate": "P8313", "ctype": "AMBI", "vol": 2500, "fraction": "Embalagens de papel e cartão", "freguesia": "União das freguesias de Azambujeira e Malaqueijo", "src_class": "both", "n_driver_rows": 21, "n_sensor_rows": 5154, "driver_mean_fill": 27.5, "driver_share_zero": 0.61904761904761907, "sensor_mean_fill": 47.2861328125, "sensor_max_fill": 84, "n_rotas": 0 }, "geometry": { "type": "Point", "coordinates": [ -8.79302, 39.279631 ] } },
{ "type": "Feature", "properties": { "cid": "10142", "plate": "P4029", "ctype": "OVO", "vol": 2500, "fraction": "Embalagens de papel e cartão", "freguesia": "Rio Maior", "src_class": "both", "n_driver_rows": 163, "n_sensor_rows": 1752, "driver_mean_fill": 5.9815950920245395, "driver_share_zero": 0.8834355828220859, "sensor_mean_fill": 19.260834014717908, "sensor_max_fill": 82, "n_rotas": 1 }, "geometry": { "type": "Point", "coordinates": [ -8.927522229, 39.34535306 ] } },
{ "type": "Feature", "properties": { "cid": "20160", "plate": "P6085", "ctype": "OVO", "vol": 2500, "fraction": "Embalagens de papel e cartão", "freguesia": "Rio Maior", "src_class": "both", "n_driver_rows": 333, "n_sensor_rows": 2543, "driver_mean_fill": 49.249249249249246, "driver_share_zero": 0.45945945945945948, "sensor_mean_fill": 48.258673693456302, "sensor_max_fill": 82, "n_rotas": 3 }, "geometry": { "type": "Point", "coordinates": [ -8.93381489580973, 39.338099539208798 ] } },
{ "type": "Feature", "properties": { "cid": "18301", "plate": "Sub_E0292", "ctype": "E BLUE BEE", "vol": 3000, "fraction": "Mistura de embalagens", "freguesia": "Rio Maior", "src_class": "both", "n_driver_rows": 511, "n_sensor_rows": 2841, "driver_mean_fill": 47.249508840864443, "driver_share_zero": 0.44422700587084146, "sensor_mean_fill": 50.183364140480592, "sensor_max_fill": 82, "n_rotas": 0 }, "geometry": { "type": "Point", "coordinates": [ -8.935284, 39.339124 ] } },
{ "type": "Feature", "properties": { "cid": "10240", "plate": "P4127", "ctype": "OVO", "vol": 2500, "fraction": "Embalagens de papel e cartão", "freguesia": "Rio Maior", "src_class": "both", "n_driver_rows": 903, "n_sensor_rows": 3773, "driver_mean_fill": 22.895902547065337, "driver_share_zero": 0.62790697674418605, "sensor_mean_fill": 45.720689655172414, "sensor_max_fill": 82, "n_rotas": 2 }, "geometry": { "type": "Point", "coordinates": [ -8.93484444444444, 39.341113888888898 ] } },
{ "type": "Feature", "properties": { "cid": "10130", "plate": "P4017", "ctype": "OVO", "vol": 2500, "fraction": "Embalagens de papel e cartão", "freguesia": "Rio Maior", "src_class": "both", "n_driver_rows": 246, "n_sensor_rows": 2523, "driver_mean_fill": 17.551020408163264, "driver_share_zero": 0.69512195121951215, "sensor_mean_fill": 26.676117775354417, "sensor_max_fill": 82, "n_rotas": 1 }, "geometry": { "type": "Point", "coordinates": [ -8.940211111111109, 39.332019444444398 ] } },
{ "type": "Feature", "properties": { "cid": "11562", "plate": "E4230", "ctype": "OVO", "vol": 2500, "fraction": "Mistura de embalagens", "freguesia": "Rio Maior", "src_class": "both", "n_driver_rows": 289, "n_sensor_rows": 1731, "driver_mean_fill": 27.941176470588236, "driver_share_zero": 0.60207612456747406, "sensor_mean_fill": 37.161327897495632, "sensor_max_fill": 82, "n_rotas": 1 }, "geometry": { "type": "Point", "coordinates": [ -8.950627907, 39.33836419 ] } },
{ "type": "Feature", "properties": { "cid": "6224", "plate": "P0798", "ctype": "OVO", "vol": 2500, "fraction": "Embalagens de papel e cartão", "freguesia": "Fráguas", "src_class": "both", "n_driver_rows": 320, "n_sensor_rows": 2381, "driver_mean_fill": 31.796875, "driver_share_zero": 0.553125, "sensor_mean_fill": 40.382829373650111, "sensor_max_fill": 82, "n_rotas": 1 }, "geometry": { "type": "Point", "coordinates": [ -8.854677777777781, 39.372436111111099 ] } },
{ "type": "Feature", "properties": { "cid": "11824", "plate": "E4496", "ctype": "OVO", "vol": 2500, "fraction": "Mistura de embalagens", "freguesia": "Asseiceira", "src_class": "both", "n_driver_rows": 445, "n_sensor_rows": 2387, "driver_mean_fill": 36.343115124153499, "driver_share_zero": 0.47640449438202248, "sensor_mean_fill": 41.786339754816112, "sensor_max_fill": 82, "n_rotas": 1 }, "geometry": { "type": "Point", "coordinates": [ -8.935765, 39.291658 ] } },
{ "type": "Feature", "properties": { "cid": "10174", "plate": "P4061", "ctype": "OVO", "vol": 2500, "fraction": "Embalagens de papel e cartão", "freguesia": "São Sebastião", "src_class": "both", "n_driver_rows": 184, "n_sensor_rows": 2442, "driver_mean_fill": 22.961956521739129, "driver_share_zero": 0.625, "sensor_mean_fill": 25.889076576576578, "sensor_max_fill": 82, "n_rotas": 1 }, "geometry": { "type": "Point", "coordinates": [ -8.888933, 39.360901 ] } },
{ "type": "Feature", "properties": { "cid": "7253", "plate": "P2964", "ctype": "OVO", "vol": 2500, "fraction": "Embalagens de papel e cartão", "freguesia": "Rio Maior", "src_class": "both", "n_driver_rows": 357, "n_sensor_rows": 2004, "driver_mean_fill": 25.280112044817926, "driver_share_zero": 0.60784313725490191, "sensor_mean_fill": 32.713562183455259, "sensor_max_fill": 82, "n_rotas": 1 }, "geometry": { "type": "Point", "coordinates": [ -8.931416666666671, 39.332569444444403 ] } },
{ "type": "Feature", "properties": { "cid": "7244", "plate": "E3015", "ctype": "OVO", "vol": 2500, "fraction": "Mistura de embalagens", "freguesia": "Rio Maior", "src_class": "both", "n_driver_rows": 379, "n_sensor_rows": 1670, "driver_mean_fill": 30.968169761273209, "driver_share_zero": 0.52242744063324542, "sensor_mean_fill": 34.42936288088643, "sensor_max_fill": 82, "n_rotas": 1 }, "geometry": { "type": "Point", "coordinates": [ -8.938377777777781, 39.326319444444501 ] } },
{ "type": "Feature", "properties": { "cid": "14339", "plate": "P5094", "ctype": "OVO", "vol": 2500, "fraction": "Embalagens de papel e cartão", "freguesia": "União das freguesias de São João da Ribeira e Ribeira de São João", "src_class": "both", "n_driver_rows": 422, "n_sensor_rows": 7751, "driver_mean_fill": 38.803317535545027, "driver_share_zero": 0.45971563981042651, "sensor_mean_fill": 47.841941747572818, "sensor_max_fill": 82, "n_rotas": 1 }, "geometry": { "type": "Point", "coordinates": [ -8.85998333333333, 39.280436111111101 ] } },
{ "type": "Feature", "properties": { "cid": "10161", "plate": "P4048", "ctype": "OVO", "vol": 2500, "fraction": "Embalagens de papel e cartão", "freguesia": "Rio Maior", "src_class": "both", "n_driver_rows": 183, "n_sensor_rows": 1699, "driver_mean_fill": 13.66120218579235, "driver_share_zero": 0.7595628415300546, "sensor_mean_fill": 28.084203655352482, "sensor_max_fill": 82, "n_rotas": 1 }, "geometry": { "type": "Point", "coordinates": [ -8.975369444444439, 39.3169055555556 ] } },
{ "type": "Feature", "properties": { "cid": "10133", "plate": "P4020", "ctype": "OVO", "vol": 2500, "fraction": "Embalagens de papel e cartão", "freguesia": "Rio Maior", "src_class": "both", "n_driver_rows": 235, "n_sensor_rows": 2305, "driver_mean_fill": 22.435897435897434, "driver_share_zero": 0.62553191489361704, "sensor_mean_fill": 56.03253796095445, "sensor_max_fill": 82, "n_rotas": 1 }, "geometry": { "type": "Point", "coordinates": [ -8.908641001, 39.297077 ] } },
{ "type": "Feature", "properties": { "cid": "27965", "plate": "P8311", "ctype": "AMBI", "vol": 2500, "fraction": "Embalagens de papel e cartão", "freguesia": "Rio Maior", "src_class": "both", "n_driver_rows": 15, "n_sensor_rows": 5865, "driver_mean_fill": 28.333333333333332, "driver_share_zero": 0.6, "sensor_mean_fill": 46.479795396419441, "sensor_max_fill": 84, "n_rotas": 0 }, "geometry": { "type": "Point", "coordinates": [ -8.9612, 39.354197 ] } },
{ "type": "Feature", "properties": { "cid": "2336", "plate": "P1059", "ctype": "OVO", "vol": 2500, "fraction": "Embalagens de papel e cartão", "freguesia": "Rio Maior", "src_class": "both", "n_driver_rows": 479, "n_sensor_rows": 2880, "driver_mean_fill": 33.246346555323591, "driver_share_zero": 0.55532359081419624, "sensor_mean_fill": 47.54738104758097, "sensor_max_fill": 82, "n_rotas": 1 }, "geometry": { "type": "Point", "coordinates": [ -8.937782, 39.343505 ] } },
{ "type": "Feature", "properties": { "cid": "11781", "plate": "E4453", "ctype": "OVO", "vol": 2500, "fraction": "Mistura de embalagens", "freguesia": "Rio Maior", "src_class": "both", "n_driver_rows": 331, "n_sensor_rows": 2129, "driver_mean_fill": 35.271903323262841, "driver_share_zero": 0.49848942598187312, "sensor_mean_fill": 35.290602933188488, "sensor_max_fill": 82, "n_rotas": 1 }, "geometry": { "type": "Point", "coordinates": [ -8.923114, 39.357094 ] } },
{ "type": "Feature", "properties": { "cid": "11842", "plate": "E4514", "ctype": "OVO", "vol": 2500, "fraction": "Mistura de embalagens", "freguesia": "União das freguesias de São João da Ribeira e Ribeira de São João", "src_class": "both", "n_driver_rows": 466, "n_sensor_rows": 2543, "driver_mean_fill": 41.72043010752688, "driver_share_zero": 0.45922746781115881, "sensor_mean_fill": 44.028191703584376, "sensor_max_fill": 82, "n_rotas": 1 }, "geometry": { "type": "Point", "coordinates": [ -8.844844, 39.280624 ] } },
{ "type": "Feature", "properties": { "cid": "11987", "plate": "P3275", "ctype": "VRL", "vol": 2500, "fraction": "Embalagens de papel e cartão", "freguesia": "Rio Maior", "src_class": "both", "n_driver_rows": 472, "n_sensor_rows": 2611, "driver_mean_fill": 40.711252653927815, "driver_share_zero": 0.47245762711864409, "sensor_mean_fill": 40.682033606204222, "sensor_max_fill": 82, "n_rotas": 1 }, "geometry": { "type": "Point", "coordinates": [ -8.94508888888889, 39.338858333333299 ] } },
{ "type": "Feature", "properties": { "cid": "1018", "plate": "E1612", "ctype": "OVO S", "vol": 2500, "fraction": "Mistura de embalagens", "freguesia": "União das freguesias de Marmeleira e Assentiz", "src_class": "both", "n_driver_rows": 557, "n_sensor_rows": 8773, "driver_mean_fill": 22.072072072072071, "driver_share_zero": 0.60682226211849188, "sensor_mean_fill": 41.488772369770885, "sensor_max_fill": 83, "n_rotas": 2 }, "geometry": { "type": "Point", "coordinates": [ -8.866077777777781, 39.259891666666697 ] } },
{ "type": "Feature", "properties": { "cid": "10091", "plate": "P3978", "ctype": "OVO", "vol": 2500, "fraction": "Embalagens de papel e cartão", "freguesia": "União das freguesias de São João da Ribeira e Ribeira de São João", "src_class": "both", "n_driver_rows": 352, "n_sensor_rows": 1430, "driver_mean_fill": 31.960227272727273, "driver_share_zero": 0.56534090909090906, "sensor_mean_fill": 35.580855692530818, "sensor_max_fill": 82, "n_rotas": 1 }, "geometry": { "type": "Point", "coordinates": [ -8.857004, 39.284554 ] } },
{ "type": "Feature", "properties": { "cid": "11557", "plate": "E4225", "ctype": "OVO", "vol": 2500, "fraction": "Mistura de embalagens", "freguesia": "Rio Maior", "src_class": "both", "n_driver_rows": 384, "n_sensor_rows": 7935, "driver_mean_fill": 16.2109375, "driver_share_zero": 0.69010416666666663, "sensor_mean_fill": 42.12686002522068, "sensor_max_fill": 82, "n_rotas": 1 }, "geometry": { "type": "Point", "coordinates": [ -8.98505407, 39.35855394 ] } },
{ "type": "Feature", "properties": { "cid": "6901", "plate": "E2937", "ctype": "OVO", "vol": 2500, "fraction": "Mistura de embalagens", "freguesia": "Alcobertas", "src_class": "both", "n_driver_rows": 276, "n_sensor_rows": 1989, "driver_mean_fill": 39.402173913043477, "driver_share_zero": 0.45289855072463769, "sensor_mean_fill": 37.963066592053721, "sensor_max_fill": 82, "n_rotas": 1 }, "geometry": { "type": "Point", "coordinates": [ -8.895622222222221, 39.448272222222201 ] } },
{ "type": "Feature", "properties": { "cid": "2684", "plate": "P1686", "ctype": "OVO", "vol": 2500, "fraction": "Embalagens de papel e cartão", "freguesia": "Rio Maior", "src_class": "both", "n_driver_rows": 293, "n_sensor_rows": 7722, "driver_mean_fill": 29.794520547945204, "driver_share_zero": 0.57679180887372017, "sensor_mean_fill": 40.905488658639037, "sensor_max_fill": 82, "n_rotas": 1 }, "geometry": { "type": "Point", "coordinates": [ -8.945929734410001, 39.34395604 ] } },
{ "type": "Feature", "properties": { "cid": "6233", "plate": "P2781", "ctype": "OVO", "vol": 2500, "fraction": "Embalagens de papel e cartão", "freguesia": "União das freguesias de Outeiro da Cortiçada e Arruda dos Pisões", "src_class": "both", "n_driver_rows": 220, "n_sensor_rows": 2115, "driver_mean_fill": 22.84090909090909, "driver_share_zero": 0.6454545454545455, "sensor_mean_fill": 31.806053119209388, "sensor_max_fill": 82, "n_rotas": 1 }, "geometry": { "type": "Point", "coordinates": [ -8.832173394105791, 39.3469400316514 ] } },
{ "type": "Feature", "properties": { "cid": "10173", "plate": "P4060", "ctype": "OVO", "vol": 2500, "fraction": "Embalagens de papel e cartão", "freguesia": "Fráguas", "src_class": "both", "n_driver_rows": 192, "n_sensor_rows": 2169, "driver_mean_fill": 20.182291666666668, "driver_share_zero": 0.640625, "sensor_mean_fill": 34.138227848101266, "sensor_max_fill": 82, "n_rotas": 1 }, "geometry": { "type": "Point", "coordinates": [ -8.87445337, 39.36145087 ] } },
{ "type": "Feature", "properties": { "cid": "11813", "plate": "E4485", "ctype": "OVO", "vol": 2500, "fraction": "Mistura de embalagens", "freguesia": "Rio Maior", "src_class": "both", "n_driver_rows": 550, "n_sensor_rows": 2010, "driver_mean_fill": 36.974405850091408, "driver_share_zero": 0.51636363636363636, "sensor_mean_fill": 39.63955342902711, "sensor_max_fill": 82, "n_rotas": 1 }, "geometry": { "type": "Point", "coordinates": [ -8.92968888888889, 39.329833333333298 ] } },
{ "type": "Feature", "properties": { "cid": "18704", "plate": "P6023", "ctype": "OVO", "vol": 2500, "fraction": "Embalagens de papel e cartão", "freguesia": "Alcobertas", "src_class": "both", "n_driver_rows": 162, "n_sensor_rows": 2155, "driver_mean_fill": 42.592592592592595, "driver_share_zero": 0.47530864197530864, "sensor_mean_fill": 40.417932386085255, "sensor_max_fill": 82, "n_rotas": 1 }, "geometry": { "type": "Point", "coordinates": [ -8.9121603, 39.40022009 ] } },
{ "type": "Feature", "properties": { "cid": "10167", "plate": "P4054", "ctype": "OVO", "vol": 2500, "fraction": "Embalagens de papel e cartão", "freguesia": "Rio Maior", "src_class": "both", "n_driver_rows": 459, "n_sensor_rows": 2388, "driver_mean_fill": 32.952069716775597, "driver_share_zero": 0.55337690631808278, "sensor_mean_fill": 42.239948119325554, "sensor_max_fill": 82, "n_rotas": 1 }, "geometry": { "type": "Point", "coordinates": [ -8.93627366, 39.34192217 ] } },
{ "type": "Feature", "properties": { "cid": "11549", "plate": "E4217", "ctype": "OVO", "vol": 2500, "fraction": "Mistura de embalagens", "freguesia": "Rio Maior", "src_class": "both", "n_driver_rows": 286, "n_sensor_rows": 2214, "driver_mean_fill": 30.332167832167833, "driver_share_zero": 0.54895104895104896, "sensor_mean_fill": 32.840448239060834, "sensor_max_fill": 82, "n_rotas": 1 }, "geometry": { "type": "Point", "coordinates": [ -8.920005, 39.315946 ] } },
{ "type": "Feature", "properties": { "cid": "11854", "plate": "E4526", "ctype": "OVO", "vol": 2500, "fraction": "Mistura de embalagens", "freguesia": "União das freguesias de São João da Ribeira e Ribeira de São João", "src_class": "both", "n_driver_rows": 336, "n_sensor_rows": 2392, "driver_mean_fill": 40.773809523809526, "driver_share_zero": 0.4642857142857143, "sensor_mean_fill": 41.575790037493306, "sensor_max_fill": 82, "n_rotas": 2 }, "geometry": { "type": "Point", "coordinates": [ -8.87083055555556, 39.304641666666697 ] } },
{ "type": "Feature", "properties": { "cid": "5730", "plate": "E2476", "ctype": "OVO", "vol": 2500, "fraction": "Mistura de embalagens", "freguesia": "Rio Maior", "src_class": "both", "n_driver_rows": 269, "n_sensor_rows": 2201, "driver_mean_fill": 39.962825278810406, "driver_share_zero": 0.47211895910780671, "sensor_mean_fill": 37.33481858688733, "sensor_max_fill": 82, "n_rotas": 1 }, "geometry": { "type": "Point", "coordinates": [ -8.92749722222222, 39.374152777777802 ] } },
{ "type": "Feature", "properties": { "cid": "16663", "plate": "P5455", "ctype": "OVO", "vol": 2500, "fraction": "Embalagens de papel e cartão", "freguesia": "Rio Maior", "src_class": "both", "n_driver_rows": 200, "n_sensor_rows": 2155, "driver_mean_fill": 36.5, "driver_share_zero": 0.47, "sensor_mean_fill": 32.642816901408452, "sensor_max_fill": 82, "n_rotas": 1 }, "geometry": { "type": "Point", "coordinates": [ -8.949105808460001, 39.318133104799998 ] } },
{ "type": "Feature", "properties": { "cid": "1527", "plate": "E2218", "ctype": "OVO", "vol": 2500, "fraction": "Mistura de embalagens", "freguesia": "Rio Maior", "src_class": "both", "n_driver_rows": 611, "n_sensor_rows": 7584, "driver_mean_fill": 38.011456628477902, "driver_share_zero": 0.48772504091653029, "sensor_mean_fill": 27.43240076168156, "sensor_max_fill": 82, "n_rotas": 2 }, "geometry": { "type": "Point", "coordinates": [ -8.93113888888889, 39.341986111111098 ] } },
{ "type": "Feature", "properties": { "cid": "10189", "plate": "P4076", "ctype": "OVO", "vol": 2500, "fraction": "Embalagens de papel e cartão", "freguesia": "Rio Maior", "src_class": "both", "n_driver_rows": 369, "n_sensor_rows": 2575, "driver_mean_fill": 31.978319783197833, "driver_share_zero": 0.5257452574525745, "sensor_mean_fill": 37.276565464895633, "sensor_max_fill": 82, "n_rotas": 1 }, "geometry": { "type": "Point", "coordinates": [ -8.948977, 39.319832 ] } },
{ "type": "Feature", "properties": { "cid": "5937", "plate": "Sub_P0162", "ctype": "E BLUE BEE", "vol": 5000, "fraction": "Embalagens de papel e cartão", "freguesia": "Rio Maior", "src_class": "both", "n_driver_rows": 735, "n_sensor_rows": 4148, "driver_mean_fill": 43.945578231292515, "driver_share_zero": 0.49795918367346936, "sensor_mean_fill": 52.942962281508741, "sensor_max_fill": 82, "n_rotas": 2 }, "geometry": { "type": "Point", "coordinates": [ -8.93573333333333, 39.336461111111099 ] } },
{ "type": "Feature", "properties": { "cid": "10085", "plate": "P3971", "ctype": "OVO", "vol": 2500, "fraction": "Embalagens de papel e cartão", "freguesia": "Rio Maior", "src_class": "both", "n_driver_rows": 181, "n_sensor_rows": 1925, "driver_mean_fill": 14.917127071823204, "driver_share_zero": 0.71823204419889508, "sensor_mean_fill": 29.463994990607389, "sensor_max_fill": 82, "n_rotas": 1 }, "geometry": { "type": "Point", "coordinates": [ -8.944725, 39.373597222222202 ] } },
{ "type": "Feature", "properties": { "cid": "2946", "plate": "P2105", "ctype": "OVO", "vol": 2500, "fraction": "Embalagens de papel e cartão", "freguesia": "União das freguesias de Outeiro da Cortiçada e Arruda dos Pisões", "src_class": "both", "n_driver_rows": 217, "n_sensor_rows": 2186, "driver_mean_fill": 24.308755760368662, "driver_share_zero": 0.61290322580645162, "sensor_mean_fill": 38.213976164680389, "sensor_max_fill": 82, "n_rotas": 1 }, "geometry": { "type": "Point", "coordinates": [ -8.82567158404, 39.330370547500003 ] } },
{ "type": "Feature", "properties": { "cid": "11989", "plate": "E3313", "ctype": "VRL", "vol": 2500, "fraction": "Mistura de embalagens", "freguesia": "Rio Maior", "src_class": "both", "n_driver_rows": 672, "n_sensor_rows": 2408, "driver_mean_fill": 48.393124065769804, "driver_share_zero": 0.41369047619047616, "sensor_mean_fill": 43.131967603620772, "sensor_max_fill": 82, "n_rotas": 1 }, "geometry": { "type": "Point", "coordinates": [ -8.933075, 39.340332 ] } },
{ "type": "Feature", "properties": { "cid": "6911", "plate": "E2931", "ctype": "OVO", "vol": 2500, "fraction": "Mistura de embalagens", "freguesia": "Alcobertas", "src_class": "both", "n_driver_rows": 363, "n_sensor_rows": 2817, "driver_mean_fill": 42.265193370165747, "driver_share_zero": 0.42424242424242425, "sensor_mean_fill": 45.232142857142854, "sensor_max_fill": 82, "n_rotas": 1 }, "geometry": { "type": "Point", "coordinates": [ -8.90111111111111, 39.420397222222199 ] } },
{ "type": "Feature", "properties": { "cid": "11565", "plate": "E4233", "ctype": "OVO", "vol": 2500, "fraction": "Mistura de embalagens", "freguesia": "Rio Maior", "src_class": "both", "n_driver_rows": 273, "n_sensor_rows": 1267, "driver_mean_fill": 22.069597069597069, "driver_share_zero": 0.59706959706959706, "sensor_mean_fill": 30.456239870340358, "sensor_max_fill": 82, "n_rotas": 3 }, "geometry": { "type": "Point", "coordinates": [ -8.962155146, 39.38268443 ] } },
{ "type": "Feature", "properties": { "cid": "7948", "plate": "P3201", "ctype": "VRL", "vol": 2500, "fraction": "Embalagens de papel e cartão", "freguesia": "Rio Maior", "src_class": "both", "n_driver_rows": 553, "n_sensor_rows": 7792, "driver_mean_fill": 42.043399638336346, "driver_share_zero": 0.46654611211573238, "sensor_mean_fill": 50.751317175974712, "sensor_max_fill": 82, "n_rotas": 1 }, "geometry": { "type": "Point", "coordinates": [ -8.92728055555556, 39.333 ] } },
{ "type": "Feature", "properties": { "cid": "10206", "plate": "P4093", "ctype": "OVO", "vol": 2500, "fraction": "Embalagens de papel e cartão", "freguesia": "Asseiceira", "src_class": "both", "n_driver_rows": 333, "n_sensor_rows": 2445, "driver_mean_fill": 23.117469879518072, "driver_share_zero": 0.61861861861861867, "sensor_mean_fill": 37.816836262719704, "sensor_max_fill": 82, "n_rotas": 1 }, "geometry": { "type": "Point", "coordinates": [ -8.9437, 39.302277777777803 ] } },
{ "type": "Feature", "properties": { "cid": "11798", "plate": "E4470", "ctype": "OVO", "vol": 2500, "fraction": "Mistura de embalagens", "freguesia": "União das freguesias de São João da Ribeira e Ribeira de São João", "src_class": "both", "n_driver_rows": 384, "n_sensor_rows": 2121, "driver_mean_fill": 35.248041775456919, "driver_share_zero": 0.5078125, "sensor_mean_fill": 41.691013935607884, "sensor_max_fill": 82, "n_rotas": 1 }, "geometry": { "type": "Point", "coordinates": [ -8.867184, 39.280624 ] } },
{ "type": "Feature", "properties": { "cid": "18705", "plate": "P6024", "ctype": "OVO", "vol": 2500, "fraction": "Embalagens de papel e cartão", "freguesia": "Alcobertas", "src_class": "both", "n_driver_rows": 161, "n_sensor_rows": 1166, "driver_mean_fill": 40.062111801242239, "driver_share_zero": 0.45962732919254656, "sensor_mean_fill": 39.340611353711793, "sensor_max_fill": 82, "n_rotas": 0 }, "geometry": { "type": "Point", "coordinates": [ -8.92722917, 39.39087534 ] } },
{ "type": "Feature", "properties": { "cid": "6230", "plate": "P0091", "ctype": "OVO", "vol": 2500, "fraction": "Embalagens de papel e cartão", "freguesia": "São Sebastião", "src_class": "both", "n_driver_rows": 294, "n_sensor_rows": 2588, "driver_mean_fill": 33.758503401360542, "driver_share_zero": 0.5374149659863946, "sensor_mean_fill": 41.577131591917201, "sensor_max_fill": 82, "n_rotas": 1 }, "geometry": { "type": "Point", "coordinates": [ -8.88676666666667, 39.362630555555597 ] } },
{ "type": "Feature", "properties": { "cid": "5977", "plate": "E2512", "ctype": "OVO", "vol": 2500, "fraction": "Mistura de embalagens", "freguesia": "Rio Maior", "src_class": "both", "n_driver_rows": 528, "n_sensor_rows": 2073, "driver_mean_fill": 37.7851711026616, "driver_share_zero": 0.44318181818181818, "sensor_mean_fill": 44.662700465597517, "sensor_max_fill": 82, "n_rotas": 2 }, "geometry": { "type": "Point", "coordinates": [ -8.925168, 39.332001 ] } },
{ "type": "Feature", "properties": { "cid": "16853", "plate": "P5643", "ctype": "OVO", "vol": 2500, "fraction": "Embalagens de papel e cartão", "freguesia": "Rio Maior", "src_class": "both", "n_driver_rows": 741, "n_sensor_rows": 8856, "driver_mean_fill": 19.736842105263158, "driver_share_zero": 0.35222672064777327, "sensor_mean_fill": 50.212992667277724, "sensor_max_fill": 82, "n_rotas": 3 }, "geometry": { "type": "Point", "coordinates": [ -8.911315, 39.33371 ] } },
{ "type": "Feature", "properties": { "cid": "3340", "plate": "Sub_P0020", "ctype": "E BLUE BEE", "vol": 5000, "fraction": "Embalagens de papel e cartão", "freguesia": "Rio Maior", "src_class": "both", "n_driver_rows": 511, "n_sensor_rows": 3010, "driver_mean_fill": 32.778864970645792, "driver_share_zero": 0.55577299412915848, "sensor_mean_fill": 40.526467757459095, "sensor_max_fill": 82, "n_rotas": 1 }, "geometry": { "type": "Point", "coordinates": [ -8.93469938440872, 39.334384586147301 ] } },
{ "type": "Feature", "properties": { "cid": "11782", "plate": "E4454", "ctype": "OVO", "vol": 2500, "fraction": "Mistura de embalagens", "freguesia": "São Sebastião", "src_class": "both", "n_driver_rows": 202, "n_sensor_rows": 2027, "driver_mean_fill": 29.702970297029704, "driver_share_zero": 0.50495049504950495, "sensor_mean_fill": 28.696386946386948, "sensor_max_fill": 82, "n_rotas": 1 }, "geometry": { "type": "Point", "coordinates": [ -8.888933, 39.360901 ] } },
{ "type": "Feature", "properties": { "cid": "27963", "plate": "E8092", "ctype": "AMBI", "vol": 2500, "fraction": "Mistura de embalagens", "freguesia": "Rio Maior", "src_class": "both", "n_driver_rows": 14, "n_sensor_rows": 5856, "driver_mean_fill": 39.285714285714285, "driver_share_zero": 0.5, "sensor_mean_fill": 43.141754235470728, "sensor_max_fill": 84, "n_rotas": 0 }, "geometry": { "type": "Point", "coordinates": [ -8.99101, 39.346224 ] } },
{ "type": "Feature", "properties": { "cid": "18711", "plate": "E5814", "ctype": "OVO", "vol": 2500, "fraction": "Mistura de embalagens", "freguesia": "União das freguesias de Outeiro da Cortiçada e Arruda dos Pisões", "src_class": "both", "n_driver_rows": 114, "n_sensor_rows": 1711, "driver_mean_fill": 40.350877192982459, "driver_share_zero": 0.49122807017543857, "sensor_mean_fill": 39.996190476190478, "sensor_max_fill": 82, "n_rotas": 0 }, "geometry": { "type": "Point", "coordinates": [ -8.8009437669427, 39.3481356220774 ] } },
{ "type": "Feature", "properties": { "cid": "17883", "plate": "P5709", "ctype": "OVO", "vol": 2500, "fraction": "Embalagens de papel e cartão", "freguesia": "Rio Maior", "src_class": "both", "n_driver_rows": 1275, "n_sensor_rows": 2943, "driver_mean_fill": 26.058823529411764, "driver_share_zero": 0.59294117647058819, "sensor_mean_fill": 45.967906637490884, "sensor_max_fill": 82, "n_rotas": 2 }, "geometry": { "type": "Point", "coordinates": [ -8.93676111111111, 39.337177777777796 ] } },
{ "type": "Feature", "properties": { "cid": "1866", "plate": "P0284", "ctype": "TITAN", "vol": 2500, "fraction": "Embalagens de papel e cartão", "freguesia": "Rio Maior", "src_class": "both", "n_driver_rows": 589, "n_sensor_rows": 7636, "driver_mean_fill": 34.76230899830221, "driver_share_zero": 0.51273344651952457, "sensor_mean_fill": 43.869696176008382, "sensor_max_fill": 82, "n_rotas": 1 }, "geometry": { "type": "Point", "coordinates": [ -8.930258333333329, 39.328641666666698 ] } },
{ "type": "Feature", "properties": { "cid": "629", "plate": "E0845", "ctype": "TITAN", "vol": 2500, "fraction": "Mistura de embalagens", "freguesia": "União das freguesias de Azambujeira e Malaqueijo", "src_class": "both", "n_driver_rows": 341, "n_sensor_rows": 2179, "driver_mean_fill": 43.676470588235297, "driver_share_zero": 0.45747800586510262, "sensor_mean_fill": 39.038522427440633, "sensor_max_fill": 82, "n_rotas": 1 }, "geometry": { "type": "Point", "coordinates": [ -8.81364094, 39.27952661 ] } },
{ "type": "Feature", "properties": { "cid": "1610", "plate": "E1428", "ctype": "OVO", "vol": 2500, "fraction": "Mistura de embalagens", "freguesia": "União das freguesias de Marmeleira e Assentiz", "src_class": "both", "n_driver_rows": 267, "n_sensor_rows": 2092, "driver_mean_fill": 34.363295880149813, "driver_share_zero": 0.49063670411985016, "sensor_mean_fill": 41.956776947705443, "sensor_max_fill": 82, "n_rotas": 1 }, "geometry": { "type": "Point", "coordinates": [ -8.863563888888891, 39.254805555555599 ] } },
{ "type": "Feature", "properties": { "cid": "11564", "plate": "E4232", "ctype": "OVO", "vol": 2500, "fraction": "Mistura de embalagens", "freguesia": "Rio Maior", "src_class": "both", "n_driver_rows": 376, "n_sensor_rows": 7704, "driver_mean_fill": 13.36436170212766, "driver_share_zero": 0.72606382978723405, "sensor_mean_fill": 30.973851957850918, "sensor_max_fill": 82, "n_rotas": 1 }, "geometry": { "type": "Point", "coordinates": [ -8.984834968, 39.38161725 ] } },
{ "type": "Feature", "properties": { "cid": "17956", "plate": "E5563", "ctype": "OVO", "vol": 2500, "fraction": "Mistura de embalagens", "freguesia": "Asseiceira", "src_class": "both", "n_driver_rows": 263, "n_sensor_rows": 2374, "driver_mean_fill": 28.721374045801525, "driver_share_zero": 0.56653992395437258, "sensor_mean_fill": 40.372292418772567, "sensor_max_fill": 82, "n_rotas": 1 }, "geometry": { "type": "Point", "coordinates": [ -8.92219166666667, 39.299486111111101 ] } },
{ "type": "Feature", "properties": { "cid": "5930", "plate": "Sub_P0160", "ctype": "E BLUE BEE", "vol": 5000, "fraction": "Embalagens de papel e cartão", "freguesia": "Rio Maior", "src_class": "both", "n_driver_rows": 580, "n_sensor_rows": 3696, "driver_mean_fill": 41.637931034482762, "driver_share_zero": 0.51034482758620692, "sensor_mean_fill": 46.542507204610949, "sensor_max_fill": 82, "n_rotas": 1 }, "geometry": { "type": "Point", "coordinates": [ -8.934905555555559, 39.336583333333301 ] } },
{ "type": "Feature", "properties": { "cid": "22056", "plate": "E5993", "ctype": "OVO", "vol": 2500, "fraction": "Mistura de embalagens", "freguesia": "Asseiceira", "src_class": "both", "n_driver_rows": 101, "n_sensor_rows": 2228, "driver_mean_fill": 40.0, "driver_share_zero": 0.49504950495049505, "sensor_mean_fill": 43.170521541950116, "sensor_max_fill": 82, "n_rotas": 0 }, "geometry": { "type": "Point", "coordinates": [ -8.93448922126, 39.294030452299999 ] } },
{ "type": "Feature", "properties": { "cid": "12482", "plate": "E4771", "ctype": "OVO", "vol": 2500, "fraction": "Mistura de embalagens", "freguesia": "Rio Maior", "src_class": "both", "n_driver_rows": 325, "n_sensor_rows": 2113, "driver_mean_fill": 25.384615384615383, "driver_share_zero": 0.57846153846153847, "sensor_mean_fill": 36.577184466019418, "sensor_max_fill": 82, "n_rotas": 1 }, "geometry": { "type": "Point", "coordinates": [ -8.95018333333333, 39.3412 ] } },
{ "type": "Feature", "properties": { "cid": "2171", "plate": "P0796", "ctype": "TITAN", "vol": 2500, "fraction": "Embalagens de papel e cartão", "freguesia": "União das freguesias de São João da Ribeira e Ribeira de São João", "src_class": "both", "n_driver_rows": 216, "n_sensor_rows": 1942, "driver_mean_fill": 20.25462962962963, "driver_share_zero": 0.59259259259259256, "sensor_mean_fill": 37.735294117647058, "sensor_max_fill": 82, "n_rotas": 1 }, "geometry": { "type": "Point", "coordinates": [ -8.86257636673, 39.281740163800002 ] } },
{ "type": "Feature", "properties": { "cid": "10194", "plate": "P4081", "ctype": "OVO", "vol": 2500, "fraction": "Embalagens de papel e cartão", "freguesia": "Rio Maior", "src_class": "both", "n_driver_rows": 215, "n_sensor_rows": 1931, "driver_mean_fill": 13.255813953488373, "driver_share_zero": 0.77674418604651163, "sensor_mean_fill": 22.997445721583652, "sensor_max_fill": 82, "n_rotas": 1 }, "geometry": { "type": "Point", "coordinates": [ -8.94503666666667, 39.329025 ] } },
{ "type": "Feature", "properties": { "cid": "11819", "plate": "E4491", "ctype": "OVO", "vol": 2500, "fraction": "Mistura de embalagens", "freguesia": "Rio Maior", "src_class": "both", "n_driver_rows": 294, "n_sensor_rows": 2572, "driver_mean_fill": 23.890784982935152, "driver_share_zero": 0.58163265306122447, "sensor_mean_fill": 43.325552825552826, "sensor_max_fill": 82, "n_rotas": 1 }, "geometry": { "type": "Point", "coordinates": [ -8.915223, 39.33255 ] } },
{ "type": "Feature", "properties": { "cid": "7597", "plate": "E3045", "ctype": "OVO", "vol": 2500, "fraction": "Mistura de embalagens", "freguesia": "Rio Maior", "src_class": "both", "n_driver_rows": 797, "n_sensor_rows": 3385, "driver_mean_fill": 18.444165621079048, "driver_share_zero": 0.6411543287327478, "sensor_mean_fill": 58.914146043385273, "sensor_max_fill": 82, "n_rotas": 1 }, "geometry": { "type": "Point", "coordinates": [ -8.933208333333329, 39.334058333333303 ] } },
{ "type": "Feature", "properties": { "cid": "10134", "plate": "P4021", "ctype": "OVO", "vol": 2500, "fraction": "Embalagens de papel e cartão", "freguesia": "Rio Maior", "src_class": "both", "n_driver_rows": 459, "n_sensor_rows": 2895, "driver_mean_fill": 42.755991285403049, "driver_share_zero": 0.45751633986928103, "sensor_mean_fill": 44.356512141280355, "sensor_max_fill": 82, "n_rotas": 1 }, "geometry": { "type": "Point", "coordinates": [ -8.909515, 39.291485 ] } },
{ "type": "Feature", "properties": { "cid": "8136", "plate": "P3262", "ctype": "VRL", "vol": 2500, "fraction": "Embalagens de papel e cartão", "freguesia": "Rio Maior", "src_class": "both", "n_driver_rows": 1111, "n_sensor_rows": 4465, "driver_mean_fill": 29.305680793507666, "driver_share_zero": 0.53285328532853282, "sensor_mean_fill": 78.517040358744396, "sensor_max_fill": 82, "n_rotas": 2 }, "geometry": { "type": "Point", "coordinates": [ -8.92968888888889, 39.329833333333298 ] } },
{ "type": "Feature", "properties": { "cid": "10132", "plate": "P4019", "ctype": "OVO", "vol": 2500, "fraction": "Embalagens de papel e cartão", "freguesia": "Rio Maior", "src_class": "both", "n_driver_rows": 518, "n_sensor_rows": 3041, "driver_mean_fill": 31.949806949806948, "driver_share_zero": 0.56370656370656369, "sensor_mean_fill": 42.082514044943821, "sensor_max_fill": 82, "n_rotas": 1 }, "geometry": { "type": "Point", "coordinates": [ -8.929552, 39.336052 ] } },
{ "type": "Feature", "properties": { "cid": "29098", "plate": "P5026P", "ctype": "AMBI", "vol": 2500, "fraction": "Embalagens de papel e cartão", "freguesia": "Rio Maior", "src_class": "both", "n_driver_rows": 36, "n_sensor_rows": 2538, "driver_mean_fill": 40.277777777777779, "driver_share_zero": 0.58333333333333337, "sensor_mean_fill": 49.734521158129176, "sensor_max_fill": 84, "n_rotas": 0 }, "geometry": { "type": "Point", "coordinates": [ -8.9259, 39.331505555555601 ] } },
{ "type": "Feature", "properties": { "cid": "16104", "plate": "E5226", "ctype": "OVO", "vol": 2500, "fraction": "Mistura de embalagens", "freguesia": "União das freguesias de Outeiro da Cortiçada e Arruda dos Pisões", "src_class": "both", "n_driver_rows": 322, "n_sensor_rows": 1801, "driver_mean_fill": 44.798136645962735, "driver_share_zero": 0.44099378881987578, "sensor_mean_fill": 41.790341578327443, "sensor_max_fill": 82, "n_rotas": 1 }, "geometry": { "type": "Point", "coordinates": [ -8.84020277777778, 39.314888888888902 ] } },
{ "type": "Feature", "properties": { "cid": "5673", "plate": "E2137", "ctype": "OVO", "vol": 2500, "fraction": "Mistura de embalagens", "freguesia": "Alcobertas", "src_class": "both", "n_driver_rows": 364, "n_sensor_rows": 3126, "driver_mean_fill": 47.115384615384613, "driver_share_zero": 0.43406593406593408, "sensor_mean_fill": 47.897487844408431, "sensor_max_fill": 82, "n_rotas": 1 }, "geometry": { "type": "Point", "coordinates": [ -8.9121603, 39.40022009 ] } },
{ "type": "Feature", "properties": { "cid": "10149", "plate": "P4036", "ctype": "OVO", "vol": 2500, "fraction": "Embalagens de papel e cartão", "freguesia": "Rio Maior", "src_class": "both", "n_driver_rows": 592, "n_sensor_rows": 3338, "driver_mean_fill": 41.300675675675677, "driver_share_zero": 0.52702702702702697, "sensor_mean_fill": 40.851202749140896, "sensor_max_fill": 82, "n_rotas": 1 }, "geometry": { "type": "Point", "coordinates": [ -8.93514325, 39.34184293 ] } },
{ "type": "Feature", "properties": { "cid": "11264", "plate": "E3921", "ctype": "OVO", "vol": 2500, "fraction": "Mistura de embalagens", "freguesia": "Alcobertas", "src_class": "both", "n_driver_rows": 666, "n_sensor_rows": 2358, "driver_mean_fill": 20.082582582582582, "driver_share_zero": 0.63663663663663661, "sensor_mean_fill": 38.670004768717213, "sensor_max_fill": 82, "n_rotas": 3 }, "geometry": { "type": "Point", "coordinates": [ -8.89809631, 39.44467346 ] } },
{ "type": "Feature", "properties": { "cid": "11706", "plate": "E4377", "ctype": "OVO", "vol": 2500, "fraction": "Mistura de embalagens", "freguesia": "União das freguesias de Marmeleira e Assentiz", "src_class": "both", "n_driver_rows": 498, "n_sensor_rows": 8090, "driver_mean_fill": 33.719758064516128, "driver_share_zero": 0.5381526104417671, "sensor_mean_fill": 54.672853254145011, "sensor_max_fill": 82, "n_rotas": 1 }, "geometry": { "type": "Point", "coordinates": [ -8.86445277777778, 39.257258333333297 ] } },
{ "type": "Feature", "properties": { "cid": "10157", "plate": "P4044", "ctype": "OVO", "vol": 2500, "fraction": "Embalagens de papel e cartão", "freguesia": "União das freguesias de São João da Ribeira e Ribeira de São João", "src_class": "both", "n_driver_rows": 268, "n_sensor_rows": 2700, "driver_mean_fill": 29.664179104477611, "driver_share_zero": 0.54850746268656714, "sensor_mean_fill": 40.319816053511708, "sensor_max_fill": 82, "n_rotas": 1 }, "geometry": { "type": "Point", "coordinates": [ -8.869875, 39.292430555555597 ] } },
{ "type": "Feature", "properties": { "cid": "2747", "plate": "P1781", "ctype": "OVO", "vol": 2500, "fraction": "Embalagens de papel e cartão", "freguesia": "Rio Maior", "src_class": "both", "n_driver_rows": 627, "n_sensor_rows": 3261, "driver_mean_fill": 38.317384370015951, "driver_share_zero": 0.49760765550239233, "sensor_mean_fill": 43.290902801798687, "sensor_max_fill": 82, "n_rotas": 1 }, "geometry": { "type": "Point", "coordinates": [ -8.941825, 39.340569444444398 ] } },
{ "type": "Feature", "properties": { "cid": "13138", "plate": "E1332", "ctype": "OVO", "vol": 2500, "fraction": "Mistura de embalagens", "freguesia": "Fráguas", "src_class": "both", "n_driver_rows": 726, "n_sensor_rows": 2097, "driver_mean_fill": 33.459944751381215, "driver_share_zero": 0.5385674931129476, "sensor_mean_fill": 34.830132052821128, "sensor_max_fill": 82, "n_rotas": 3 }, "geometry": { "type": "Point", "coordinates": [ -8.85455706306, 39.377180209599999 ] } },
{ "type": "Feature", "properties": { "cid": "3264", "plate": "E2030", "ctype": "OVO", "vol": 2500, "fraction": "Mistura de embalagens", "freguesia": "Rio Maior", "src_class": "both", "n_driver_rows": 254, "n_sensor_rows": 1886, "driver_mean_fill": 29.921259842519685, "driver_share_zero": 0.53149606299212604, "sensor_mean_fill": 42.446285714285715, "sensor_max_fill": 82, "n_rotas": 1 }, "geometry": { "type": "Point", "coordinates": [ -8.96207222222222, 39.3820277777778 ] } },
{ "type": "Feature", "properties": { "cid": "25591", "plate": "P6564", "ctype": "AMBI", "vol": 2500, "fraction": "Embalagens de papel e cartão", "freguesia": "Asseiceira", "src_class": "both", "n_driver_rows": 44, "n_sensor_rows": 5665, "driver_mean_fill": 43.452380952380949, "driver_share_zero": 0.45454545454545453, "sensor_mean_fill": 41.28314210061783, "sensor_max_fill": 84, "n_rotas": 1 }, "geometry": { "type": "Point", "coordinates": [ -8.922675, 39.298216666666697 ] } },
{ "type": "Feature", "properties": { "cid": "12290", "plate": "E1472", "ctype": "OVO", "vol": 2500, "fraction": "Mistura de embalagens", "freguesia": "Alcobertas", "src_class": "both", "n_driver_rows": 263, "n_sensor_rows": 1732, "driver_mean_fill": 34.79087452471483, "driver_share_zero": 0.47528517110266161, "sensor_mean_fill": 34.654738237243208, "sensor_max_fill": 82, "n_rotas": 1 }, "geometry": { "type": "Point", "coordinates": [ -8.905749327099119, 39.425799807930296 ] } },
{ "type": "Feature", "properties": { "cid": "18717", "plate": "V5828", "ctype": "OVO", "vol": 2500, "fraction": "Embalagens de Vidro", "freguesia": "União das freguesias de São João da Ribeira e Ribeira de São João", "src_class": "both", "n_driver_rows": 5, "n_sensor_rows": 9861, "driver_mean_fill": 0.0, "driver_share_zero": 1.0, "sensor_mean_fill": 17.035020661157024, "sensor_max_fill": 82, "n_rotas": 0 }, "geometry": { "type": "Point", "coordinates": [ -8.887061111111111, 39.284608333333303 ] } },
{ "type": "Feature", "properties": { "cid": "754", "plate": "E1004", "ctype": "OVO S", "vol": 2500, "fraction": "Mistura de embalagens", "freguesia": "Rio Maior", "src_class": "both", "n_driver_rows": 302, "n_sensor_rows": 2512, "driver_mean_fill": 37.996688741721854, "driver_share_zero": 0.5, "sensor_mean_fill": 44.084269662921351, "sensor_max_fill": 83, "n_rotas": 1 }, "geometry": { "type": "Point", "coordinates": [ -8.90917245965, 39.2891829358 ] } },
{ "type": "Feature", "properties": { "cid": "10170", "plate": "P4057", "ctype": "OVO", "vol": 2500, "fraction": "Embalagens de papel e cartão", "freguesia": "Rio Maior", "src_class": "both", "n_driver_rows": 618, "n_sensor_rows": 2966, "driver_mean_fill": 39.05996758508914, "driver_share_zero": 0.53398058252427183, "sensor_mean_fill": 45.686803308162531, "sensor_max_fill": 82, "n_rotas": 1 }, "geometry": { "type": "Point", "coordinates": [ -8.941135, 39.333741 ] } },
{ "type": "Feature", "properties": { "cid": "24671", "plate": "E7548", "ctype": "AMBI", "vol": 2500, "fraction": "Mistura de embalagens", "freguesia": "Rio Maior", "src_class": "both", "n_driver_rows": 72, "n_sensor_rows": 5043, "driver_mean_fill": 30.555555555555557, "driver_share_zero": 0.625, "sensor_mean_fill": 43.416203335980939, "sensor_max_fill": 84, "n_rotas": 1 }, "geometry": { "type": "Point", "coordinates": [ -8.94195220499358, 39.364528219451003 ] } },
{ "type": "Feature", "properties": { "cid": "7733", "plate": "E2043", "ctype": "OVO", "vol": 2500, "fraction": "Mistura de embalagens", "freguesia": "União das freguesias de Marmeleira e Assentiz", "src_class": "both", "n_driver_rows": 438, "n_sensor_rows": 2511, "driver_mean_fill": 42.922374429223744, "driver_share_zero": 0.4452054794520548, "sensor_mean_fill": 46.733215547703182, "sensor_max_fill": 82, "n_rotas": 1 }, "geometry": { "type": "Point", "coordinates": [ -8.85921333333334, 39.257653333333302 ] } },
{ "type": "Feature", "properties": { "cid": "16332", "plate": "P5335", "ctype": "OVO", "vol": 2500, "fraction": "Embalagens de papel e cartão", "freguesia": "Rio Maior", "src_class": "both", "n_driver_rows": 516, "n_sensor_rows": 2385, "driver_mean_fill": 40.242718446601941, "driver_share_zero": 0.45542635658914726, "sensor_mean_fill": 42.429875120076851, "sensor_max_fill": 82, "n_rotas": 1 }, "geometry": { "type": "Point", "coordinates": [ -8.92673888888889, 39.331627777777797 ] } },
{ "type": "Feature", "properties": { "cid": "11800", "plate": "E4472", "ctype": "OVO", "vol": 2500, "fraction": "Mistura de embalagens", "freguesia": "Rio Maior", "src_class": "both", "n_driver_rows": 567, "n_sensor_rows": 2324, "driver_mean_fill": 37.566137566137563, "driver_share_zero": 0.47619047619047616, "sensor_mean_fill": 43.923588039867113, "sensor_max_fill": 82, "n_rotas": 1 }, "geometry": { "type": "Point", "coordinates": [ -8.941135, 39.333741 ] } },
{ "type": "Feature", "properties": { "cid": "11563", "plate": "E4231", "ctype": "OVO", "vol": 2500, "fraction": "Mistura de embalagens", "freguesia": "Alcobertas", "src_class": "both", "n_driver_rows": 236, "n_sensor_rows": 1738, "driver_mean_fill": 33.686440677966104, "driver_share_zero": 0.47457627118644069, "sensor_mean_fill": 36.023201856148489, "sensor_max_fill": 82, "n_rotas": 1 }, "geometry": { "type": "Point", "coordinates": [ -8.896758, 39.445873 ] } },
{ "type": "Feature", "properties": { "cid": "7247", "plate": "P2963", "ctype": "OVO", "vol": 2500, "fraction": "Embalagens de papel e cartão", "freguesia": "Rio Maior", "src_class": "both", "n_driver_rows": 488, "n_sensor_rows": 2654, "driver_mean_fill": 29.764344262295083, "driver_share_zero": 0.56557377049180324, "sensor_mean_fill": 40.534644613321412, "sensor_max_fill": 82, "n_rotas": 1 }, "geometry": { "type": "Point", "coordinates": [ -8.942625, 39.338983333333303 ] } },
{ "type": "Feature", "properties": { "cid": "1410", "plate": "E2091", "ctype": "OVO", "vol": 2500, "fraction": "Mistura de embalagens", "freguesia": "Fráguas", "src_class": "both", "n_driver_rows": 262, "n_sensor_rows": 2577, "driver_mean_fill": 37.786259541984734, "driver_share_zero": 0.44656488549618323, "sensor_mean_fill": 43.277886497064578, "sensor_max_fill": 82, "n_rotas": 1 }, "geometry": { "type": "Point", "coordinates": [ -8.87544598, 39.36399361 ] } },
{ "type": "Feature", "properties": { "cid": "10079", "plate": "P3965", "ctype": "OVO", "vol": 2500, "fraction": "Embalagens de papel e cartão", "freguesia": "Rio Maior", "src_class": "both", "n_driver_rows": 248, "n_sensor_rows": 2334, "driver_mean_fill": 22.47983870967742, "driver_share_zero": 0.6411290322580645, "sensor_mean_fill": 38.517501107665041, "sensor_max_fill": 82, "n_rotas": 1 }, "geometry": { "type": "Point", "coordinates": [ -8.948229001, 39.319096 ] } },
{ "type": "Feature", "properties": { "cid": "11986", "plate": "E3318", "ctype": "VRL", "vol": 2500, "fraction": "Mistura de embalagens", "freguesia": "Rio Maior", "src_class": "both", "n_driver_rows": 467, "n_sensor_rows": 2291, "driver_mean_fill": 37.5, "driver_share_zero": 0.45824411134903642, "sensor_mean_fill": 42.756061355764473, "sensor_max_fill": 82, "n_rotas": 1 }, "geometry": { "type": "Point", "coordinates": [ -8.94508888888889, 39.338858333333299 ] } },
{ "type": "Feature", "properties": { "cid": "6236", "plate": "P2785", "ctype": "OVO", "vol": 2500, "fraction": "Embalagens de papel e cartão", "freguesia": "União das freguesias de São João da Ribeira e Ribeira de São João", "src_class": "both", "n_driver_rows": 267, "n_sensor_rows": 2095, "driver_mean_fill": 25.655430711610485, "driver_share_zero": 0.58801498127340823, "sensor_mean_fill": 38.851019341348668, "sensor_max_fill": 82, "n_rotas": 1 }, "geometry": { "type": "Point", "coordinates": [ -8.88826666666667, 39.284633333333304 ] } },
{ "type": "Feature", "properties": { "cid": "5814", "plate": "P0275", "ctype": "OVO", "vol": 2500, "fraction": "Embalagens de papel e cartão", "freguesia": "União das freguesias de São João da Ribeira e Ribeira de São João", "src_class": "both", "n_driver_rows": 327, "n_sensor_rows": 2145, "driver_mean_fill": 25.382262996941897, "driver_share_zero": 0.61467889908256879, "sensor_mean_fill": 42.108771929824563, "sensor_max_fill": 82, "n_rotas": 1 }, "geometry": { "type": "Point", "coordinates": [ -8.88630871738, 39.287210100400003 ] } },
{ "type": "Feature", "properties": { "cid": "27931", "plate": "E8089", "ctype": "AMBI", "vol": 2500, "fraction": "Mistura de embalagens", "freguesia": "Alcobertas", "src_class": "both", "n_driver_rows": 14, "n_sensor_rows": 5789, "driver_mean_fill": 44.230769230769234, "driver_share_zero": 0.5, "sensor_mean_fill": 46.006391432026255, "sensor_max_fill": 84, "n_rotas": 0 }, "geometry": { "type": "Point", "coordinates": [ -8.901781, 39.412475 ] } },
{ "type": "Feature", "properties": { "cid": "25826", "plate": "E6415", "ctype": "AMBI", "vol": 2500, "fraction": "Mistura de embalagens", "freguesia": "Arrouquelas", "src_class": "both", "n_driver_rows": 32, "n_sensor_rows": 5212, "driver_mean_fill": 37.096774193548384, "driver_share_zero": 0.53125, "sensor_mean_fill": 49.534727551803527, "sensor_max_fill": 84, "n_rotas": 0 }, "geometry": { "type": "Point", "coordinates": [ -8.89424333333333, 39.258176666666699 ] } },
{ "type": "Feature", "properties": { "cid": "18177", "plate": "P5875", "ctype": "OVO", "vol": 2500, "fraction": "Embalagens de papel e cartão", "freguesia": "Rio Maior", "src_class": "both", "n_driver_rows": 538, "n_sensor_rows": 2462, "driver_mean_fill": 44.842007434944236, "driver_share_zero": 0.45167286245353161, "sensor_mean_fill": 48.146529562982003, "sensor_max_fill": 82, "n_rotas": 0 }, "geometry": { "type": "Point", "coordinates": [ -8.93834722222222, 39.334102777777801 ] } },
{ "type": "Feature", "properties": { "cid": "16540", "plate": "E5396", "ctype": "OVO", "vol": 2500, "fraction": "Mistura de embalagens", "freguesia": "São Sebastião", "src_class": "both", "n_driver_rows": 277, "n_sensor_rows": 2147, "driver_mean_fill": 38.447653429602887, "driver_share_zero": 0.50180505415162457, "sensor_mean_fill": 39.78206583427923, "sensor_max_fill": 82, "n_rotas": 1 }, "geometry": { "type": "Point", "coordinates": [ -8.88676666666667, 39.362630555555597 ] } },
{ "type": "Feature", "properties": { "cid": "11772", "plate": "E4444", "ctype": "OVO", "vol": 2500, "fraction": "Mistura de embalagens", "freguesia": "Rio Maior", "src_class": "both", "n_driver_rows": 497, "n_sensor_rows": 8190, "driver_mean_fill": 37.525150905432596, "driver_share_zero": 0.50503018108651909, "sensor_mean_fill": 42.729118258530022, "sensor_max_fill": 82, "n_rotas": 2 }, "geometry": { "type": "Point", "coordinates": [ -8.99793833333333, 39.360318333333304 ] } },
{ "type": "Feature", "properties": { "cid": "1606", "plate": "E2343", "ctype": "OVO", "vol": 2500, "fraction": "Mistura de embalagens", "freguesia": "Arrouquelas", "src_class": "both", "n_driver_rows": 336, "n_sensor_rows": 2504, "driver_mean_fill": 36.71641791044776, "driver_share_zero": 0.49702380952380953, "sensor_mean_fill": 37.806875631951463, "sensor_max_fill": 82, "n_rotas": 1 }, "geometry": { "type": "Point", "coordinates": [ -8.88814262, 39.25946687 ] } },
{ "type": "Feature", "properties": { "cid": "7246", "plate": "E3012", "ctype": "OVO", "vol": 2500, "fraction": "Mistura de embalagens", "freguesia": "Rio Maior", "src_class": "both", "n_driver_rows": 382, "n_sensor_rows": 1995, "driver_mean_fill": 30.065789473684209, "driver_share_zero": 0.54188481675392675, "sensor_mean_fill": 37.190767519466071, "sensor_max_fill": 82, "n_rotas": 1 }, "geometry": { "type": "Point", "coordinates": [ -8.931416666666671, 39.332569444444403 ] } },
{ "type": "Feature", "properties": { "cid": "7445", "plate": "E3118", "ctype": "OVO", "vol": 2500, "fraction": "Mistura de embalagens", "freguesia": "Rio Maior", "src_class": "both", "n_driver_rows": 624, "n_sensor_rows": 2268, "driver_mean_fill": 41.332263242375603, "driver_share_zero": 0.47596153846153844, "sensor_mean_fill": 43.32917705735661, "sensor_max_fill": 82, "n_rotas": 1 }, "geometry": { "type": "Point", "coordinates": [ -8.930258333333329, 39.328641666666698 ] } },
{ "type": "Feature", "properties": { "cid": "11827", "plate": "E4499", "ctype": "OVO", "vol": 2500, "fraction": "Mistura de embalagens", "freguesia": "Alcobertas", "src_class": "both", "n_driver_rows": 396, "n_sensor_rows": 2670, "driver_mean_fill": 43.939393939393938, "driver_share_zero": 0.47222222222222221, "sensor_mean_fill": 48.690656063618292, "sensor_max_fill": 82, "n_rotas": 1 }, "geometry": { "type": "Point", "coordinates": [ -8.922508, 39.384789 ] } },
{ "type": "Feature", "properties": { "cid": "18700", "plate": "P6021", "ctype": "OVO", "vol": 2500, "fraction": "Embalagens de papel e cartão", "freguesia": "União das freguesias de Marmeleira e Assentiz", "src_class": "both", "n_driver_rows": 95, "n_sensor_rows": 1653, "driver_mean_fill": 33.157894736842103, "driver_share_zero": 0.55789473684210522, "sensor_mean_fill": 48.338461538461537, "sensor_max_fill": 82, "n_rotas": 0 }, "geometry": { "type": "Point", "coordinates": [ -8.863796666666669, 39.2583 ] } },
{ "type": "Feature", "properties": { "cid": "1621", "plate": "E2353", "ctype": "OVO", "vol": 2500, "fraction": "Mistura de embalagens", "freguesia": "São Sebastião", "src_class": "both", "n_driver_rows": 272, "n_sensor_rows": 2162, "driver_mean_fill": 33.210332103321036, "driver_share_zero": 0.50735294117647056, "sensor_mean_fill": 37.901038485033595, "sensor_max_fill": 82, "n_rotas": 2 }, "geometry": { "type": "Point", "coordinates": [ -8.893455555555549, 39.3707944444444 ] } },
{ "type": "Feature", "properties": { "cid": "2750", "plate": "P1784", "ctype": "OVO", "vol": 2500, "fraction": "Embalagens de papel e cartão", "freguesia": "Rio Maior", "src_class": "both", "n_driver_rows": 506, "n_sensor_rows": 2283, "driver_mean_fill": 34.189723320158102, "driver_share_zero": 0.54347826086956519, "sensor_mean_fill": 37.623148656061439, "sensor_max_fill": 82, "n_rotas": 1 }, "geometry": { "type": "Point", "coordinates": [ -8.934421666666671, 39.340005 ] } },
{ "type": "Feature", "properties": { "cid": "12216", "plate": "E4751", "ctype": "OVO", "vol": 2500, "fraction": "Mistura de embalagens", "freguesia": "Rio Maior", "src_class": "both", "n_driver_rows": 852, "n_sensor_rows": 2736, "driver_mean_fill": 24.647473560517039, "driver_share_zero": 0.59859154929577463, "sensor_mean_fill": 39.603079555175363, "sensor_max_fill": 82, "n_rotas": 2 }, "geometry": { "type": "Point", "coordinates": [ -8.942625, 39.338983333333303 ] } },
{ "type": "Feature", "properties": { "cid": "6900", "plate": "P2891", "ctype": "OVO", "vol": 2500, "fraction": "Embalagens de papel e cartão", "freguesia": "União das freguesias de Marmeleira e Assentiz", "src_class": "both", "n_driver_rows": 226, "n_sensor_rows": 1969, "driver_mean_fill": 17.920353982300885, "driver_share_zero": 0.69026548672566368, "sensor_mean_fill": 25.834110592938043, "sensor_max_fill": 82, "n_rotas": 1 }, "geometry": { "type": "Point", "coordinates": [ -8.86445277777778, 39.257258333333297 ] } },
{ "type": "Feature", "properties": { "cid": "6225", "plate": "E2684", "ctype": "OVO", "vol": 2500, "fraction": "Mistura de embalagens", "freguesia": "Fráguas", "src_class": "both", "n_driver_rows": 338, "n_sensor_rows": 2434, "driver_mean_fill": 40.727002967359049, "driver_share_zero": 0.42307692307692307, "sensor_mean_fill": 43.668429402432572, "sensor_max_fill": 82, "n_rotas": 1 }, "geometry": { "type": "Point", "coordinates": [ -8.854677777777781, 39.372436111111099 ] } },
{ "type": "Feature", "properties": { "cid": "9594", "plate": "P3469", "ctype": "OVO", "vol": 2500, "fraction": "Embalagens de papel e cartão", "freguesia": "Rio Maior", "src_class": "both", "n_driver_rows": 630, "n_sensor_rows": 8622, "driver_mean_fill": 36.547619047619051, "driver_share_zero": 0.49047619047619045, "sensor_mean_fill": 35.775320139697321, "sensor_max_fill": 82, "n_rotas": 1 }, "geometry": { "type": "Point", "coordinates": [ -8.97458611111111, 39.297966666666703 ] } },
{ "type": "Feature", "properties": { "cid": "14338", "plate": "P5081", "ctype": "OVO", "vol": 2500, "fraction": "Embalagens de papel e cartão", "freguesia": "Rio Maior", "src_class": "both", "n_driver_rows": 279, "n_sensor_rows": 2251, "driver_mean_fill": 20.071684587813621, "driver_share_zero": 0.68458781362007171, "sensor_mean_fill": 37.796593186372746, "sensor_max_fill": 82, "n_rotas": 1 }, "geometry": { "type": "Point", "coordinates": [ -8.912516, 39.334091 ] } },
{ "type": "Feature", "properties": { "cid": "27048", "plate": "E6571", "ctype": "AMBI", "vol": 2500, "fraction": "Mistura de embalagens", "freguesia": "União das freguesias de Marmeleira e Assentiz", "src_class": "both", "n_driver_rows": 48, "n_sensor_rows": 5874, "driver_mean_fill": 38.829787234042556, "driver_share_zero": 0.5625, "sensor_mean_fill": 54.766689373297005, "sensor_max_fill": 84, "n_rotas": 0 }, "geometry": { "type": "Point", "coordinates": [ -8.8615115, 39.25484358 ] } },
{ "type": "Feature", "properties": { "cid": "9419", "plate": "P3292", "ctype": "OVO", "vol": 2500, "fraction": "Embalagens de papel e cartão", "freguesia": "Rio Maior", "src_class": "both", "n_driver_rows": 540, "n_sensor_rows": 3369, "driver_mean_fill": 33.425925925925924, "driver_share_zero": 0.55555555555555558, "sensor_mean_fill": 48.620751341681576, "sensor_max_fill": 82, "n_rotas": 1 }, "geometry": { "type": "Point", "coordinates": [ -8.925983333333329, 39.338763888888899 ] } },
{ "type": "Feature", "properties": { "cid": "11806", "plate": "E4478", "ctype": "OVO", "vol": 2500, "fraction": "Mistura de embalagens", "freguesia": "União das freguesias de São João da Ribeira e Ribeira de São João", "src_class": "both", "n_driver_rows": 219, "n_sensor_rows": 1907, "driver_mean_fill": 30.479452054794521, "driver_share_zero": 0.54337899543378998, "sensor_mean_fill": 28.127380170715693, "sensor_max_fill": 82, "n_rotas": 1 }, "geometry": { "type": "Point", "coordinates": [ -8.87014382, 39.31451065 ] } },
{ "type": "Feature", "properties": { "cid": "11828", "plate": "E4500", "ctype": "OVO", "vol": 2500, "fraction": "Mistura de embalagens", "freguesia": "Fráguas", "src_class": "both", "n_driver_rows": 145, "n_sensor_rows": 2105, "driver_mean_fill": 20.138888888888889, "driver_share_zero": 0.62068965517241381, "sensor_mean_fill": 26.412190706095352, "sensor_max_fill": 82, "n_rotas": 1 }, "geometry": { "type": "Point", "coordinates": [ -8.857065729, 39.38714163 ] } },
{ "type": "Feature", "properties": { "cid": "18741", "plate": "E5825", "ctype": "OVO", "vol": 2500, "fraction": "Mistura de embalagens", "freguesia": "Rio Maior", "src_class": "both", "n_driver_rows": 51, "n_sensor_rows": 1136, "driver_mean_fill": 18.627450980392158, "driver_share_zero": 0.66666666666666663, "sensor_mean_fill": 31.745762711864408, "sensor_max_fill": 82, "n_rotas": 0 }, "geometry": { "type": "Point", "coordinates": [ -8.94503666666667, 39.329025 ] } },
{ "type": "Feature", "properties": { "cid": "22050", "plate": "E5982", "ctype": "OVO", "vol": 2500, "fraction": "Mistura de embalagens", "freguesia": "União das freguesias de Azambujeira e Malaqueijo", "src_class": "both", "n_driver_rows": 112, "n_sensor_rows": 2341, "driver_mean_fill": 40.227272727272727, "driver_share_zero": 0.5357142857142857, "sensor_mean_fill": 36.679327183939229, "sensor_max_fill": 82, "n_rotas": 0 }, "geometry": { "type": "Point", "coordinates": [ -8.83279444444444, 39.294144444444399 ] } },
{ "type": "Feature", "properties": { "cid": "27935", "plate": "P8308", "ctype": "AMBI", "vol": 2500, "fraction": "Embalagens de papel e cartão", "freguesia": "Alcobertas", "src_class": "both", "n_driver_rows": 10, "n_sensor_rows": 5900, "driver_mean_fill": 22.5, "driver_share_zero": 0.6, "sensor_mean_fill": 33.350663243474543, "sensor_max_fill": 84, "n_rotas": 0 }, "geometry": { "type": "Point", "coordinates": [ -8.901781, 39.412475 ] } },
{ "type": "Feature", "properties": { "cid": "11832", "plate": "E4504", "ctype": "OVO", "vol": 2500, "fraction": "Mistura de embalagens", "freguesia": "Rio Maior", "src_class": "both", "n_driver_rows": 192, "n_sensor_rows": 1957, "driver_mean_fill": 20.3125, "driver_share_zero": 0.63020833333333337, "sensor_mean_fill": 26.46606914212548, "sensor_max_fill": 82, "n_rotas": 1 }, "geometry": { "type": "Point", "coordinates": [ -8.944725, 39.373597222222202 ] } },
{ "type": "Feature", "properties": { "cid": "11990", "plate": "P3278", "ctype": "VRL", "vol": 2500, "fraction": "Embalagens de papel e cartão", "freguesia": "Rio Maior", "src_class": "both", "n_driver_rows": 657, "n_sensor_rows": 2838, "driver_mean_fill": 41.856925418569254, "driver_share_zero": 0.47336377473363772, "sensor_mean_fill": 43.013425393172227, "sensor_max_fill": 82, "n_rotas": 1 }, "geometry": { "type": "Point", "coordinates": [ -8.933075, 39.340332 ] } },
{ "type": "Feature", "properties": { "cid": "7245", "plate": "E3000", "ctype": "OVO", "vol": 2500, "fraction": "Mistura de embalagens", "freguesia": "União das freguesias de São João da Ribeira e Ribeira de São João", "src_class": "both", "n_driver_rows": 538, "n_sensor_rows": 2779, "driver_mean_fill": 44.356343283582092, "driver_share_zero": 0.46282527881040891, "sensor_mean_fill": 49.610665597433844, "sensor_max_fill": 82, "n_rotas": 1 }, "geometry": { "type": "Point", "coordinates": [ -8.87933333333333, 39.28425 ] } },
{ "type": "Feature", "properties": { "cid": "10127", "plate": "P4014", "ctype": "OVO", "vol": 2500, "fraction": "Embalagens de papel e cartão", "freguesia": "Arrouquelas", "src_class": "both", "n_driver_rows": 379, "n_sensor_rows": 2901, "driver_mean_fill": 35.158311345646439, "driver_share_zero": 0.53034300791556732, "sensor_mean_fill": 37.160409556313994, "sensor_max_fill": 82, "n_rotas": 1 }, "geometry": { "type": "Point", "coordinates": [ -8.899975, 39.260391 ] } },
{ "type": "Feature", "properties": { "cid": "16060", "plate": "P5234", "ctype": "OVO", "vol": 2500, "fraction": "Embalagens de papel e cartão", "freguesia": "Rio Maior", "src_class": "both", "n_driver_rows": 280, "n_sensor_rows": 2181, "driver_mean_fill": 36.648745519713259, "driver_share_zero": 0.49285714285714288, "sensor_mean_fill": 32.540383497966296, "sensor_max_fill": 82, "n_rotas": 2 }, "geometry": { "type": "Point", "coordinates": [ -8.91234765425, 39.332629942600001 ] } },
{ "type": "Feature", "properties": { "cid": "10114", "plate": "P4001", "ctype": "OVO", "vol": 2500, "fraction": "Embalagens de papel e cartão", "freguesia": "Rio Maior", "src_class": "both", "n_driver_rows": 532, "n_sensor_rows": 2572, "driver_mean_fill": 35.949248120300751, "driver_share_zero": 0.52067669172932329, "sensor_mean_fill": 45.260063141278614, "sensor_max_fill": 82, "n_rotas": 1 }, "geometry": { "type": "Point", "coordinates": [ -8.925168, 39.332001 ] } },
{ "type": "Feature", "properties": { "cid": "3317", "plate": "E2840", "ctype": "OVO", "vol": 2500, "fraction": "Mistura de embalagens", "freguesia": "Alcobertas", "src_class": "both", "n_driver_rows": 310, "n_sensor_rows": 1984, "driver_mean_fill": 38.26860841423948, "driver_share_zero": 0.46774193548387094, "sensor_mean_fill": 38.400130123617437, "sensor_max_fill": 82, "n_rotas": 1 }, "geometry": { "type": "Point", "coordinates": [ -8.92165623, 39.40509833 ] } },
{ "type": "Feature", "properties": { "cid": "10152", "plate": "P4039", "ctype": "OVO", "vol": 2500, "fraction": "Embalagens de papel e cartão", "freguesia": "Rio Maior", "src_class": "both", "n_driver_rows": 353, "n_sensor_rows": 7623, "driver_mean_fill": 12.322946175637394, "driver_share_zero": 0.77053824362606227, "sensor_mean_fill": 27.8950406717397, "sensor_max_fill": 82, "n_rotas": 1 }, "geometry": { "type": "Point", "coordinates": [ -8.984834968, 39.38161725 ] } },
{ "type": "Feature", "properties": { "cid": "10192", "plate": "P4079", "ctype": "OVO", "vol": 2500, "fraction": "Embalagens de papel e cartão", "freguesia": "União das freguesias de Outeiro da Cortiçada e Arruda dos Pisões", "src_class": "both", "n_driver_rows": 166, "n_sensor_rows": 1856, "driver_mean_fill": 18.524096385542169, "driver_share_zero": 0.68072289156626509, "sensor_mean_fill": 31.695114409400123, "sensor_max_fill": 82, "n_rotas": 1 }, "geometry": { "type": "Point", "coordinates": [ -8.828122, 39.329794 ] } },
{ "type": "Feature", "properties": { "cid": "11983", "plate": "E3316", "ctype": "VRL", "vol": 2500, "fraction": "Mistura de embalagens", "freguesia": "Rio Maior", "src_class": "both", "n_driver_rows": 690, "n_sensor_rows": 2880, "driver_mean_fill": 45.137880986937589, "driver_share_zero": 0.4246376811594203, "sensor_mean_fill": 39.718905472636813, "sensor_max_fill": 82, "n_rotas": 1 }, "geometry": { "type": "Point", "coordinates": [ -8.93434722222222, 39.337366666666703 ] } },
{ "type": "Feature", "properties": { "cid": "10121", "plate": "P4008", "ctype": "OVO", "vol": 2500, "fraction": "Embalagens de papel e cartão", "freguesia": "Asseiceira", "src_class": "both", "n_driver_rows": 498, "n_sensor_rows": 2789, "driver_mean_fill": 40.291750503018108, "driver_share_zero": 0.49598393574297189, "sensor_mean_fill": 42.029485049833887, "sensor_max_fill": 82, "n_rotas": 1 }, "geometry": { "type": "Point", "coordinates": [ -8.9293831, 39.30090348 ] } },
{ "type": "Feature", "properties": { "cid": "3133", "plate": "P0376", "ctype": "OVO", "vol": 2500, "fraction": "Embalagens de papel e cartão", "freguesia": "União das freguesias de Azambujeira e Malaqueijo", "src_class": "both", "n_driver_rows": 318, "n_sensor_rows": 2616, "driver_mean_fill": 33.726415094339622, "driver_share_zero": 0.51886792452830188, "sensor_mean_fill": 39.458352093651506, "sensor_max_fill": 82, "n_rotas": 1 }, "geometry": { "type": "Point", "coordinates": [ -8.838841666666671, 39.291155555555598 ] } },
{ "type": "Feature", "properties": { "cid": "10073", "plate": "P3959", "ctype": "OVO", "vol": 2500, "fraction": "Embalagens de papel e cartão", "freguesia": "União das freguesias de Marmeleira e Assentiz", "src_class": "both", "n_driver_rows": 179, "n_sensor_rows": 2771, "driver_mean_fill": 22.346368715083798, "driver_share_zero": 0.65921787709497204, "sensor_mean_fill": 46.163182984965161, "sensor_max_fill": 82, "n_rotas": 1 }, "geometry": { "type": "Point", "coordinates": [ -8.86291686, 39.25536988 ] } },
{ "type": "Feature", "properties": { "cid": "20155", "plate": "P6131", "ctype": "OVO", "vol": 2500, "fraction": "Embalagens de papel e cartão", "freguesia": "União das freguesias de Azambujeira e Malaqueijo", "src_class": "both", "n_driver_rows": 169, "n_sensor_rows": 2381, "driver_mean_fill": 48.372781065088759, "driver_share_zero": 0.45562130177514792, "sensor_mean_fill": 42.197776748494675, "sensor_max_fill": 82, "n_rotas": 0 }, "geometry": { "type": "Point", "coordinates": [ -8.82239463, 39.29461033 ] } },
{ "type": "Feature", "properties": { "cid": "2609", "plate": "P1573", "ctype": "OVO S", "vol": 2500, "fraction": "Embalagens de papel e cartão", "freguesia": "Rio Maior", "src_class": "both", "n_driver_rows": 262, "n_sensor_rows": 2844, "driver_mean_fill": 20.229007633587788, "driver_share_zero": 0.68320610687022898, "sensor_mean_fill": 36.683021806853581, "sensor_max_fill": 83, "n_rotas": 1 }, "geometry": { "type": "Point", "coordinates": [ -8.92712222222222, 39.355122222222199 ] } },
{ "type": "Feature", "properties": { "cid": "6909", "plate": "P2902", "ctype": "OVO", "vol": 2500, "fraction": "Embalagens de papel e cartão", "freguesia": "Rio Maior", "src_class": "both", "n_driver_rows": 239, "n_sensor_rows": 1813, "driver_mean_fill": 26.04602510460251, "driver_share_zero": 0.59414225941422594, "sensor_mean_fill": 29.481902058197303, "sensor_max_fill": 82, "n_rotas": 1 }, "geometry": { "type": "Point", "coordinates": [ -8.95218333333333, 39.316111111111098 ] } },
{ "type": "Feature", "properties": { "cid": "27928", "plate": "E8088", "ctype": "AMBI", "vol": 2500, "fraction": "Mistura de embalagens", "freguesia": "Rio Maior", "src_class": "both", "n_driver_rows": 17, "n_sensor_rows": 5282, "driver_mean_fill": 23.529411764705884, "driver_share_zero": 0.6470588235294118, "sensor_mean_fill": 44.366761633428297, "sensor_max_fill": 84, "n_rotas": 0 }, "geometry": { "type": "Point", "coordinates": [ -8.938678, 39.323569 ] } },
{ "type": "Feature", "properties": { "cid": "27929", "plate": "E8086", "ctype": "AMBI", "vol": 2500, "fraction": "Mistura de embalagens", "freguesia": "Rio Maior", "src_class": "both", "n_driver_rows": 16, "n_sensor_rows": 5761, "driver_mean_fill": 26.5625, "driver_share_zero": 0.5625, "sensor_mean_fill": 46.36076388888889, "sensor_max_fill": 84, "n_rotas": 0 }, "geometry": { "type": "Point", "coordinates": [ -8.937657, 39.340913 ] } },
{ "type": "Feature", "properties": { "cid": "11790", "plate": "E4462", "ctype": "OVO", "vol": 2500, "fraction": "Mistura de embalagens", "freguesia": "Rio Maior", "src_class": "both", "n_driver_rows": 483, "n_sensor_rows": 3180, "driver_mean_fill": 45.228215767634858, "driver_share_zero": 0.45755693581780538, "sensor_mean_fill": 49.007433742727862, "sensor_max_fill": 82, "n_rotas": 1 }, "geometry": { "type": "Point", "coordinates": [ -8.909515, 39.291485 ] } },
{ "type": "Feature", "properties": { "cid": "11799", "plate": "E4471", "ctype": "OVO", "vol": 2500, "fraction": "Mistura de embalagens", "freguesia": "Rio Maior", "src_class": "both", "n_driver_rows": 466, "n_sensor_rows": 7801, "driver_mean_fill": 36.236559139784944, "driver_share_zero": 0.46781115879828328, "sensor_mean_fill": 43.567779204107829, "sensor_max_fill": 82, "n_rotas": 1 }, "geometry": { "type": "Point", "coordinates": [ -8.93627366, 39.34192217 ] } },
{ "type": "Feature", "properties": { "cid": "10166", "plate": "P4053", "ctype": "OVO", "vol": 2500, "fraction": "Embalagens de papel e cartão", "freguesia": "Rio Maior", "src_class": "both", "n_driver_rows": 290, "n_sensor_rows": 2365, "driver_mean_fill": 31.206896551724139, "driver_share_zero": 0.54137931034482756, "sensor_mean_fill": 37.972529906956133, "sensor_max_fill": 82, "n_rotas": 1 }, "geometry": { "type": "Point", "coordinates": [ -8.912703, 39.289314 ] } },
{ "type": "Feature", "properties": { "cid": "20794", "plate": "P6350", "ctype": "VRL", "vol": 2500, "fraction": "Embalagens de papel e cartão", "freguesia": "Rio Maior", "src_class": "both", "n_driver_rows": 382, "n_sensor_rows": 3942, "driver_mean_fill": 41.623036649214662, "driver_share_zero": 0.43455497382198954, "sensor_mean_fill": 44.264418125643665, "sensor_max_fill": 82, "n_rotas": 2 }, "geometry": { "type": "Point", "coordinates": [ -8.937319444444441, 39.337894444444402 ] } },
{ "type": "Feature", "properties": { "cid": "11808", "plate": "E4480", "ctype": "OVO", "vol": 2500, "fraction": "Mistura de embalagens", "freguesia": "Rio Maior", "src_class": "both", "n_driver_rows": 296, "n_sensor_rows": 1771, "driver_mean_fill": 25.675675675675677, "driver_share_zero": 0.58445945945945943, "sensor_mean_fill": 34.633498145859086, "sensor_max_fill": 82, "n_rotas": 1 }, "geometry": { "type": "Point", "coordinates": [ -8.927239054, 39.3266757 ] } },
{ "type": "Feature", "properties": { "cid": "10095", "plate": "P3982", "ctype": "OVO", "vol": 2500, "fraction": "Embalagens de papel e cartão", "freguesia": "União das freguesias de Marmeleira e Assentiz", "src_class": "both", "n_driver_rows": 266, "n_sensor_rows": 2329, "driver_mean_fill": 29.605263157894736, "driver_share_zero": 0.56015037593984962, "sensor_mean_fill": 45.603692571919275, "sensor_max_fill": 82, "n_rotas": 1 }, "geometry": { "type": "Point", "coordinates": [ -8.833633, 39.263481 ] } },
{ "type": "Feature", "properties": { "cid": "17908", "plate": "P5770", "ctype": "OVO", "vol": 2500, "fraction": "Embalagens de papel e cartão", "freguesia": "Asseiceira", "src_class": "both", "n_driver_rows": 185, "n_sensor_rows": 2025, "driver_mean_fill": 40.0, "driver_share_zero": 0.49189189189189192, "sensor_mean_fill": 36.924305144884684, "sensor_max_fill": 82, "n_rotas": 1 }, "geometry": { "type": "Point", "coordinates": [ -8.939906001, 39.285484 ] } },
{ "type": "Feature", "properties": { "cid": "13579", "plate": "E2557/2017", "ctype": "OVO", "vol": 2500, "fraction": "Mistura de embalagens", "freguesia": "Rio Maior", "src_class": "both", "n_driver_rows": 405, "n_sensor_rows": 2891, "driver_mean_fill": 33.209876543209873, "driver_share_zero": 0.50370370370370365, "sensor_mean_fill": 46.136897990140312, "sensor_max_fill": 82, "n_rotas": 1 }, "geometry": { "type": "Point", "coordinates": [ -8.911315, 39.33371 ] } },
{ "type": "Feature", "properties": { "cid": "11571", "plate": "E4239", "ctype": "OVO", "vol": 2500, "fraction": "Mistura de embalagens", "freguesia": "Rio Maior", "src_class": "both", "n_driver_rows": 655, "n_sensor_rows": 2710, "driver_mean_fill": 41.628440366972477, "driver_share_zero": 0.46564885496183206, "sensor_mean_fill": 46.400612792033705, "sensor_max_fill": 82, "n_rotas": 1 }, "geometry": { "type": "Point", "coordinates": [ -8.936268, 39.338808 ] } },
{ "type": "Feature", "properties": { "cid": "11984", "plate": "P3273", "ctype": "VRL", "vol": 2500, "fraction": "Embalagens de papel e cartão", "freguesia": "Rio Maior", "src_class": "both", "n_driver_rows": 689, "n_sensor_rows": 2950, "driver_mean_fill": 41.35174418604651, "driver_share_zero": 0.48766328011611032, "sensor_mean_fill": 43.572989510489514, "sensor_max_fill": 82, "n_rotas": 1 }, "geometry": { "type": "Point", "coordinates": [ -8.93434722222222, 39.337366666666703 ] } },
{ "type": "Feature", "properties": { "cid": "10180", "plate": "P4067", "ctype": "OVO", "vol": 2500, "fraction": "Embalagens de papel e cartão", "freguesia": "União das freguesias de São João da Ribeira e Ribeira de São João", "src_class": "both", "n_driver_rows": 165, "n_sensor_rows": 1893, "driver_mean_fill": 15.909090909090908, "driver_share_zero": 0.69696969696969702, "sensor_mean_fill": 25.778519012675115, "sensor_max_fill": 82, "n_rotas": 1 }, "geometry": { "type": "Point", "coordinates": [ -8.85312222222222, 39.292311111111097 ] } },
{ "type": "Feature", "properties": { "cid": "20348", "plate": "P6230", "ctype": "VRL", "vol": 2500, "fraction": "Embalagens de papel e cartão", "freguesia": "Alcobertas", "src_class": "both", "n_driver_rows": 34, "n_sensor_rows": 1376, "driver_mean_fill": 33.823529411764703, "driver_share_zero": 0.61764705882352944, "sensor_mean_fill": 37.988675958188153, "sensor_max_fill": 82, "n_rotas": 0 }, "geometry": { "type": "Point", "coordinates": [ -8.906882758429999, 39.419025698900001 ] } },
{ "type": "Feature", "properties": { "cid": "18689", "plate": "P6033", "ctype": "OVO", "vol": 2500, "fraction": "Embalagens de papel e cartão", "freguesia": "Rio Maior", "src_class": "both", "n_driver_rows": 202, "n_sensor_rows": 2747, "driver_mean_fill": 39.232673267326732, "driver_share_zero": 0.47029702970297027, "sensor_mean_fill": 46.457075656605255, "sensor_max_fill": 82, "n_rotas": 0 }, "geometry": { "type": "Point", "coordinates": [ -8.928615, 39.325158333333299 ] } },
{ "type": "Feature", "properties": { "cid": "6237", "plate": "E2832", "ctype": "OVO", "vol": 2500, "fraction": "Mistura de embalagens", "freguesia": "União das freguesias de São João da Ribeira e Ribeira de São João", "src_class": "both", "n_driver_rows": 329, "n_sensor_rows": 2425, "driver_mean_fill": 35.823170731707314, "driver_share_zero": 0.47112462006079026, "sensor_mean_fill": 43.70133456051542, "sensor_max_fill": 82, "n_rotas": 1 }, "geometry": { "type": "Point", "coordinates": [ -8.88826666666667, 39.284633333333304 ] } },
{ "type": "Feature", "properties": { "cid": "18851", "plate": "E5857", "ctype": "OVO", "vol": 2500, "fraction": "Mistura de embalagens", "freguesia": "Rio Maior", "src_class": "both", "n_driver_rows": 682, "n_sensor_rows": 1741, "driver_mean_fill": 32.731958762886599, "driver_share_zero": 0.53372434017595305, "sensor_mean_fill": 34.168112074716475, "sensor_max_fill": 82, "n_rotas": 2 }, "geometry": { "type": "Point", "coordinates": [ -8.93381489580973, 39.338099539208798 ] } },
{ "type": "Feature", "properties": { "cid": "11588", "plate": "E4256", "ctype": "OVO", "vol": 2500, "fraction": "Mistura de embalagens", "freguesia": "Rio Maior", "src_class": "both", "n_driver_rows": 203, "n_sensor_rows": 3164, "driver_mean_fill": 24.014778325123153, "driver_share_zero": 0.60098522167487689, "sensor_mean_fill": 45.886579304112068, "sensor_max_fill": 82, "n_rotas": 1 }, "geometry": { "type": "Point", "coordinates": [ -8.962772691, 39.36310453 ] } },
{ "type": "Feature", "properties": { "cid": "12390", "plate": "P0839", "ctype": "OVO", "vol": 2500, "fraction": "Embalagens de papel e cartão", "freguesia": "União das freguesias de Marmeleira e Assentiz", "src_class": "both", "n_driver_rows": 499, "n_sensor_rows": 2518, "driver_mean_fill": 40.662650602409641, "driver_share_zero": 0.46893787575150303, "sensor_mean_fill": 46.565811965811967, "sensor_max_fill": 82, "n_rotas": 2 }, "geometry": { "type": "Point", "coordinates": [ -8.8615115, 39.25484358 ] } },
{ "type": "Feature", "properties": { "cid": "10037", "plate": "P3919", "ctype": "OVO", "vol": 2500, "fraction": "Embalagens de papel e cartão", "freguesia": "União das freguesias de Marmeleira e Assentiz", "src_class": "both", "n_driver_rows": 294, "n_sensor_rows": 2109, "driver_mean_fill": 28.401360544217688, "driver_share_zero": 0.56462585034013602, "sensor_mean_fill": 39.690225563909777, "sensor_max_fill": 82, "n_rotas": 1 }, "geometry": { "type": "Point", "coordinates": [ -8.86728287, 39.25353454 ] } },
{ "type": "Feature", "properties": { "cid": "3224", "plate": "Sub_E0022", "ctype": "E BLUE BEE", "vol": 5000, "fraction": "Mistura de embalagens", "freguesia": "Rio Maior", "src_class": "both", "n_driver_rows": 556, "n_sensor_rows": 2983, "driver_mean_fill": 37.904676258992808, "driver_share_zero": 0.50179856115107913, "sensor_mean_fill": 46.092250922509223, "sensor_max_fill": 82, "n_rotas": 1 }, "geometry": { "type": "Point", "coordinates": [ -8.93469938440872, 39.334384586147301 ] } },
{ "type": "Feature", "properties": { "cid": "7361", "plate": "P3071", "ctype": "OVO", "vol": 2500, "fraction": "Embalagens de papel e cartão", "freguesia": "Rio Maior", "src_class": "both", "n_driver_rows": 671, "n_sensor_rows": 8044, "driver_mean_fill": 45.665171898355752, "driver_share_zero": 0.46050670640834573, "sensor_mean_fill": 34.156254145112086, "sensor_max_fill": 82, "n_rotas": 5 }, "geometry": { "type": "Point", "coordinates": [ -8.994238, 39.367827 ] } },
{ "type": "Feature", "properties": { "cid": "24584", "plate": "P7744", "ctype": "AMBI", "vol": 2500, "fraction": "Embalagens de papel e cartão", "freguesia": "Arrouquelas", "src_class": "both", "n_driver_rows": 73, "n_sensor_rows": 2124, "driver_mean_fill": 40.972222222222221, "driver_share_zero": 0.52054794520547942, "sensor_mean_fill": 52.323222277473896, "sensor_max_fill": 84, "n_rotas": 2 }, "geometry": { "type": "Point", "coordinates": [ -8.89268392164, 39.256519459899998 ] } },
{ "type": "Feature", "properties": { "cid": "10150", "plate": "P4037", "ctype": "OVO", "vol": 2500, "fraction": "Embalagens de papel e cartão", "freguesia": "Alcobertas", "src_class": "both", "n_driver_rows": 264, "n_sensor_rows": 2482, "driver_mean_fill": 32.102272727272727, "driver_share_zero": 0.55303030303030298, "sensor_mean_fill": 33.592485549132945, "sensor_max_fill": 82, "n_rotas": 1 }, "geometry": { "type": "Point", "coordinates": [ -8.903453282, 39.419968 ] } },
{ "type": "Feature", "properties": { "cid": "2321", "plate": "P1044", "ctype": "OVO S", "vol": 2500, "fraction": "Embalagens de papel e cartão", "freguesia": "Rio Maior", "src_class": "both", "n_driver_rows": 522, "n_sensor_rows": 3138, "driver_mean_fill": 32.375478927203062, "driver_share_zero": 0.53256704980842917, "sensor_mean_fill": 40.823225361819432, "sensor_max_fill": 83, "n_rotas": 1 }, "geometry": { "type": "Point", "coordinates": [ -8.938811111111111, 39.335838888888901 ] } },
{ "type": "Feature", "properties": { "cid": "11844", "plate": "E4516", "ctype": "OVO", "vol": 2500, "fraction": "Mistura de embalagens", "freguesia": "União das freguesias de Azambujeira e Malaqueijo", "src_class": "both", "n_driver_rows": 182, "n_sensor_rows": 2000, "driver_mean_fill": 25.824175824175825, "driver_share_zero": 0.52197802197802201, "sensor_mean_fill": 25.427255985267035, "sensor_max_fill": 82, "n_rotas": 1 }, "geometry": { "type": "Point", "coordinates": [ -8.796967106, 39.27324267 ] } },
{ "type": "Feature", "properties": { "cid": "11555", "plate": "E4223", "ctype": "OVO", "vol": 2500, "fraction": "Mistura de embalagens", "freguesia": "Alcobertas", "src_class": "both", "n_driver_rows": 312, "n_sensor_rows": 2370, "driver_mean_fill": 40.945512820512818, "driver_share_zero": 0.44551282051282054, "sensor_mean_fill": 39.207428847081523, "sensor_max_fill": 82, "n_rotas": 1 }, "geometry": { "type": "Point", "coordinates": [ -8.892132396, 39.41468241 ] } },
{ "type": "Feature", "properties": { "cid": "12459", "plate": "P4665", "ctype": "MOXEA", "vol": 5000, "fraction": "Embalagens de papel e cartão", "freguesia": "Rio Maior", "src_class": "both", "n_driver_rows": 212, "n_sensor_rows": 2342, "driver_mean_fill": 27.843601895734597, "driver_share_zero": 0.589622641509434, "sensor_mean_fill": 40.130242825607063, "sensor_max_fill": 82, "n_rotas": 1 }, "geometry": { "type": "Point", "coordinates": [ -8.97574166666667, 39.348694444444398 ] } },
{ "type": "Feature", "properties": { "cid": "10188", "plate": "P4075", "ctype": "OVO", "vol": 2500, "fraction": "Embalagens de papel e cartão", "freguesia": "Rio Maior", "src_class": "both", "n_driver_rows": 317, "n_sensor_rows": 1770, "driver_mean_fill": 25.315457413249213, "driver_share_zero": 0.64984227129337535, "sensor_mean_fill": 31.698067632850243, "sensor_max_fill": 82, "n_rotas": 1 }, "geometry": { "type": "Point", "coordinates": [ -8.935986111111109, 39.335891666666697 ] } },
{ "type": "Feature", "properties": { "cid": "787", "plate": "E1042", "ctype": "OVO", "vol": 2500, "fraction": "Mistura de embalagens", "freguesia": "Rio Maior", "src_class": "both", "n_driver_rows": 593, "n_sensor_rows": 2458, "driver_mean_fill": 38.827993254637434, "driver_share_zero": 0.47048903878583476, "sensor_mean_fill": 38.250645994832041, "sensor_max_fill": 82, "n_rotas": 2 }, "geometry": { "type": "Point", "coordinates": [ -8.937169444444439, 39.335055555555599 ] } },
{ "type": "Feature", "properties": { "cid": "10171", "plate": "P4058", "ctype": "OVO", "vol": 2500, "fraction": "Embalagens de papel e cartão", "freguesia": "Rio Maior", "src_class": "both", "n_driver_rows": 260, "n_sensor_rows": 2056, "driver_mean_fill": 19.134615384615383, "driver_share_zero": 0.67307692307692313, "sensor_mean_fill": 30.0062893081761, "sensor_max_fill": 82, "n_rotas": 1 }, "geometry": { "type": "Point", "coordinates": [ -8.926412641, 39.3515444 ] } },
{ "type": "Feature", "properties": { "cid": "10138", "plate": "P4025", "ctype": "OVO", "vol": 2500, "fraction": "Embalagens de papel e cartão", "freguesia": "Rio Maior", "src_class": "both", "n_driver_rows": 326, "n_sensor_rows": 3123, "driver_mean_fill": 30.44478527607362, "driver_share_zero": 0.56748466257668717, "sensor_mean_fill": 40.185341196293173, "sensor_max_fill": 82, "n_rotas": 2 }, "geometry": { "type": "Point", "coordinates": [ -8.94605, 39.364 ] } },
{ "type": "Feature", "properties": { "cid": "9643", "plate": "P3522", "ctype": "OVO", "vol": 2500, "fraction": "Embalagens de papel e cartão", "freguesia": "Rio Maior", "src_class": "both", "n_driver_rows": 539, "n_sensor_rows": 3088, "driver_mean_fill": 38.821892393320965, "driver_share_zero": 0.48979591836734693, "sensor_mean_fill": 42.350659425911559, "sensor_max_fill": 82, "n_rotas": 2 }, "geometry": { "type": "Point", "coordinates": [ -8.910459463, 39.33028327 ] } },
{ "type": "Feature", "properties": { "cid": "12590", "plate": "P4691", "ctype": "MOXEA", "vol": 5000, "fraction": "Embalagens de papel e cartão", "freguesia": "União das freguesias de São João da Ribeira e Ribeira de São João", "src_class": "both", "n_driver_rows": 329, "n_sensor_rows": 2345, "driver_mean_fill": 38.490853658536587, "driver_share_zero": 0.49240121580547114, "sensor_mean_fill": 37.645822102425875, "sensor_max_fill": 82, "n_rotas": 1 }, "geometry": { "type": "Point", "coordinates": [ -8.892468, 39.286129 ] } },
{ "type": "Feature", "properties": { "cid": "10198", "plate": "P4085", "ctype": "OVO", "vol": 2500, "fraction": "Embalagens de papel e cartão", "freguesia": "Alcobertas", "src_class": "both", "n_driver_rows": 314, "n_sensor_rows": 2401, "driver_mean_fill": 33.121019108280258, "driver_share_zero": 0.56369426751592355, "sensor_mean_fill": 39.506360078277886, "sensor_max_fill": 82, "n_rotas": 1 }, "geometry": { "type": "Point", "coordinates": [ -8.892132396, 39.41468241 ] } },
{ "type": "Feature", "properties": { "cid": "10077", "plate": "P3963", "ctype": "OVO", "vol": 2500, "fraction": "Embalagens de papel e cartão", "freguesia": "União das freguesias de Marmeleira e Assentiz", "src_class": "both", "n_driver_rows": 187, "n_sensor_rows": 2331, "driver_mean_fill": 18.582887700534759, "driver_share_zero": 0.6737967914438503, "sensor_mean_fill": 35.169098712446349, "sensor_max_fill": 82, "n_rotas": 1 }, "geometry": { "type": "Point", "coordinates": [ -8.82480565, 39.26294539 ] } },
{ "type": "Feature", "properties": { "cid": "6227", "plate": "P0609", "ctype": "OVO", "vol": 2500, "fraction": "Embalagens de papel e cartão", "freguesia": "Rio Maior", "src_class": "both", "n_driver_rows": 253, "n_sensor_rows": 1655, "driver_mean_fill": 24.011857707509883, "driver_share_zero": 0.59288537549407117, "sensor_mean_fill": 30.717534849596479, "sensor_max_fill": 82, "n_rotas": 1 }, "geometry": { "type": "Point", "coordinates": [ -8.974793333333331, 39.29885 ] } },
{ "type": "Feature", "properties": { "cid": "5815", "plate": "E2473", "ctype": "OVO", "vol": 2500, "fraction": "Mistura de embalagens", "freguesia": "União das freguesias de São João da Ribeira e Ribeira de São João", "src_class": "both", "n_driver_rows": 363, "n_sensor_rows": 2151, "driver_mean_fill": 33.471074380165291, "driver_share_zero": 0.52066115702479343, "sensor_mean_fill": 41.332982640715414, "sensor_max_fill": 82, "n_rotas": 1 }, "geometry": { "type": "Point", "coordinates": [ -8.88630871738, 39.287210100400003 ] } },
{ "type": "Feature", "properties": { "cid": "10165", "plate": "P4052", "ctype": "OVO", "vol": 2500, "fraction": "Embalagens de papel e cartão", "freguesia": "União das freguesias de São João da Ribeira e Ribeira de São João", "src_class": "both", "n_driver_rows": 357, "n_sensor_rows": 2425, "driver_mean_fill": 31.862745098039216, "driver_share_zero": 0.56862745098039214, "sensor_mean_fill": 41.838285229202036, "sensor_max_fill": 82, "n_rotas": 1 }, "geometry": { "type": "Point", "coordinates": [ -8.867184, 39.280624 ] } },
{ "type": "Feature", "properties": { "cid": "12291", "plate": "E1385", "ctype": "OVO", "vol": 2500, "fraction": "Mistura de embalagens", "freguesia": "Alcobertas", "src_class": "both", "n_driver_rows": 275, "n_sensor_rows": 2160, "driver_mean_fill": 38.363636363636367, "driver_share_zero": 0.45818181818181819, "sensor_mean_fill": 38.596518987341774, "sensor_max_fill": 82, "n_rotas": 1 }, "geometry": { "type": "Point", "coordinates": [ -8.89914444444444, 39.442936111111102 ] } },
{ "type": "Feature", "properties": { "cid": "9787", "plate": "P3666", "ctype": "OVO", "vol": 2500, "fraction": "Embalagens de papel e cartão", "freguesia": "Rio Maior", "src_class": "both", "n_driver_rows": 491, "n_sensor_rows": 7642, "driver_mean_fill": 44.75560081466395, "driver_share_zero": 0.42362525458248473, "sensor_mean_fill": 38.394225721784778, "sensor_max_fill": 82, "n_rotas": 1 }, "geometry": { "type": "Point", "coordinates": [ -8.9699301, 39.30159928 ] } },
{ "type": "Feature", "properties": { "cid": "3419", "plate": "P0441", "ctype": "OVO S", "vol": 2500, "fraction": "Embalagens de papel e cartão", "freguesia": "Rio Maior", "src_class": "both", "n_driver_rows": 352, "n_sensor_rows": 2217, "driver_mean_fill": 24.573863636363637, "driver_share_zero": 0.61079545454545459, "sensor_mean_fill": 41.790950226244341, "sensor_max_fill": 83, "n_rotas": 1 }, "geometry": { "type": "Point", "coordinates": [ -8.939725, 39.341097222222203 ] } },
{ "type": "Feature", "properties": { "cid": "7945", "plate": "P3200", "ctype": "VRL", "vol": 2500, "fraction": "Embalagens de papel e cartão", "freguesia": "Rio Maior", "src_class": "both", "n_driver_rows": 332, "n_sensor_rows": 2149, "driver_mean_fill": 27.5, "driver_share_zero": 0.59036144578313254, "sensor_mean_fill": 44.148971650917176, "sensor_max_fill": 82, "n_rotas": 1 }, "geometry": { "type": "Point", "coordinates": [ -8.93199166666667, 39.342252777777801 ] } },
{ "type": "Feature", "properties": { "cid": "3151", "plate": "P0177", "ctype": "OVO", "vol": 2500, "fraction": "Embalagens de papel e cartão", "freguesia": "Alcobertas", "src_class": "both", "n_driver_rows": 186, "n_sensor_rows": 1690, "driver_mean_fill": 20.698924731182796, "driver_share_zero": 0.63978494623655913, "sensor_mean_fill": 25.454013377926422, "sensor_max_fill": 82, "n_rotas": 2 }, "geometry": { "type": "Point", "coordinates": [ -8.922180701, 39.40113331 ] } },
{ "type": "Feature", "properties": { "cid": "11807", "plate": "E4479", "ctype": "OVO", "vol": 2500, "fraction": "Mistura de embalagens", "freguesia": "União das freguesias de Azambujeira e Malaqueijo", "src_class": "both", "n_driver_rows": 340, "n_sensor_rows": 2329, "driver_mean_fill": 42.551622418879056, "driver_share_zero": 0.43823529411764706, "sensor_mean_fill": 39.743787962451684, "sensor_max_fill": 82, "n_rotas": 1 }, "geometry": { "type": "Point", "coordinates": [ -8.813972222222221, 39.282166666666697 ] } },
{ "type": "Feature", "properties": { "cid": "10083", "plate": "P3969", "ctype": "OVO", "vol": 2500, "fraction": "Embalagens de papel e cartão", "freguesia": "Rio Maior", "src_class": "both", "n_driver_rows": 278, "n_sensor_rows": 2245, "driver_mean_fill": 20.593525179856115, "driver_share_zero": 0.66187050359712229, "sensor_mean_fill": 37.198393953708077, "sensor_max_fill": 82, "n_rotas": 1 }, "geometry": { "type": "Point", "coordinates": [ -8.915223, 39.33255 ] } },
{ "type": "Feature", "properties": { "cid": "12461", "plate": "E4706", "ctype": "MOXEA", "vol": 5000, "fraction": "Mistura de embalagens", "freguesia": "Rio Maior", "src_class": "both", "n_driver_rows": 193, "n_sensor_rows": 1884, "driver_mean_fill": 25.129533678756477, "driver_share_zero": 0.6113989637305699, "sensor_mean_fill": 35.335655478150727, "sensor_max_fill": 82, "n_rotas": 1 }, "geometry": { "type": "Point", "coordinates": [ -8.97574166666667, 39.348694444444398 ] } },
{ "type": "Feature", "properties": { "cid": "10105", "plate": "P3992", "ctype": "OVO", "vol": 2500, "fraction": "Embalagens de papel e cartão", "freguesia": "União das freguesias de Azambujeira e Malaqueijo", "src_class": "both", "n_driver_rows": 190, "n_sensor_rows": 2023, "driver_mean_fill": 22.5, "driver_share_zero": 0.64210526315789473, "sensor_mean_fill": 30.466396292004635, "sensor_max_fill": 82, "n_rotas": 1 }, "geometry": { "type": "Point", "coordinates": [ -8.796967106, 39.27324267 ] } },
{ "type": "Feature", "properties": { "cid": "6046", "plate": "E2619", "ctype": "OVO", "vol": 2500, "fraction": "Mistura de embalagens", "freguesia": "União das freguesias de Azambujeira e Malaqueijo", "src_class": "both", "n_driver_rows": 561, "n_sensor_rows": 2930, "driver_mean_fill": 31.160714285714285, "driver_share_zero": 0.55971479500891264, "sensor_mean_fill": 47.336652623515896, "sensor_max_fill": 82, "n_rotas": 1 }, "geometry": { "type": "Point", "coordinates": [ -8.82239463, 39.29461033 ] } },
{ "type": "Feature", "properties": { "cid": "11789", "plate": "E4461", "ctype": "OVO", "vol": 2500, "fraction": "Mistura de embalagens", "freguesia": "Rio Maior", "src_class": "both", "n_driver_rows": 319, "n_sensor_rows": 2280, "driver_mean_fill": 34.247648902821318, "driver_share_zero": 0.4952978056426332, "sensor_mean_fill": 43.290246212121211, "sensor_max_fill": 82, "n_rotas": 1 }, "geometry": { "type": "Point", "coordinates": [ -8.912703, 39.289314 ] } },
{ "type": "Feature", "properties": { "cid": "14325", "plate": "P5042", "ctype": "OVO", "vol": 2500, "fraction": "Embalagens de papel e cartão", "freguesia": "São Sebastião", "src_class": "both", "n_driver_rows": 248, "n_sensor_rows": 2008, "driver_mean_fill": 30.443548387096776, "driver_share_zero": 0.55241935483870963, "sensor_mean_fill": 32.816350028785259, "sensor_max_fill": 82, "n_rotas": 1 }, "geometry": { "type": "Point", "coordinates": [ -8.893455555555549, 39.3707944444444 ] } },
{ "type": "Feature", "properties": { "cid": "10143", "plate": "P4030", "ctype": "OVO", "vol": 2500, "fraction": "Embalagens de papel e cartão", "freguesia": "Alcobertas", "src_class": "both", "n_driver_rows": 371, "n_sensor_rows": 2950, "driver_mean_fill": 35.040431266846362, "driver_share_zero": 0.53099730458221028, "sensor_mean_fill": 39.810936837643069, "sensor_max_fill": 82, "n_rotas": 1 }, "geometry": { "type": "Point", "coordinates": [ -8.922508, 39.384789 ] } },
{ "type": "Feature", "properties": { "cid": "12655", "plate": "P4932", "ctype": "OVO", "vol": 2500, "fraction": "Embalagens de papel e cartão", "freguesia": "Rio Maior", "src_class": "both", "n_driver_rows": 468, "n_sensor_rows": 2522, "driver_mean_fill": 40.544871794871796, "driver_share_zero": 0.48076923076923078, "sensor_mean_fill": 45.537790697674417, "sensor_max_fill": 82, "n_rotas": 3 }, "geometry": { "type": "Point", "coordinates": [ -8.95203456, 39.36412385 ] } },
{ "type": "Feature", "properties": { "cid": "2853", "plate": "P1942", "ctype": "OVO", "vol": 2500, "fraction": "Embalagens de papel e cartão", "freguesia": "Rio Maior", "src_class": "both", "n_driver_rows": 367, "n_sensor_rows": 7941, "driver_mean_fill": 11.33879781420765, "driver_share_zero": 0.74931880108991822, "sensor_mean_fill": 33.445041972717732, "sensor_max_fill": 82, "n_rotas": 1 }, "geometry": { "type": "Point", "coordinates": [ -8.98667222222222, 39.380233333333301 ] } },
{ "type": "Feature", "properties": { "cid": "10172", "plate": "P4059", "ctype": "OVO", "vol": 2500, "fraction": "Embalagens de papel e cartão", "freguesia": "Fráguas", "src_class": "both", "n_driver_rows": 137, "n_sensor_rows": 1259, "driver_mean_fill": 14.781021897810218, "driver_share_zero": 0.71532846715328469, "sensor_mean_fill": 28.165347405452945, "sensor_max_fill": 82, "n_rotas": 1 }, "geometry": { "type": "Point", "coordinates": [ -8.857065729, 39.38714163 ] } },
{ "type": "Feature", "properties": { "cid": "1299", "plate": "E1951", "ctype": "OVO", "vol": 2500, "fraction": "Mistura de embalagens", "freguesia": "Rio Maior", "src_class": "both", "n_driver_rows": 582, "n_sensor_rows": 3095, "driver_mean_fill": 41.077586206896555, "driver_share_zero": 0.44329896907216493, "sensor_mean_fill": 52.315789473684212, "sensor_max_fill": 82, "n_rotas": 1 }, "geometry": { "type": "Point", "coordinates": [ -8.9259, 39.331505555555601 ] } },
{ "type": "Feature", "properties": { "cid": "12460", "plate": "P4663", "ctype": "MOXEA", "vol": 5000, "fraction": "Embalagens de papel e cartão", "freguesia": "Rio Maior", "src_class": "both", "n_driver_rows": 377, "n_sensor_rows": 2621, "driver_mean_fill": 43.368700265251988, "driver_share_zero": 0.46949602122015915, "sensor_mean_fill": 39.41019042717447, "sensor_max_fill": 82, "n_rotas": 2 }, "geometry": { "type": "Point", "coordinates": [ -8.942825, 39.337669444444401 ] } },
{ "type": "Feature", "properties": { "cid": "1715", "plate": "P0052", "ctype": "TITAN", "vol": 2500, "fraction": "Embalagens de papel e cartão", "freguesia": "Rio Maior", "src_class": "both", "n_driver_rows": 415, "n_sensor_rows": 1844, "driver_mean_fill": 26.204819277108435, "driver_share_zero": 0.59036144578313254, "sensor_mean_fill": 35.922028353326063, "sensor_max_fill": 82, "n_rotas": 2 }, "geometry": { "type": "Point", "coordinates": [ -8.93204, 39.343283333333297 ] } },
{ "type": "Feature", "properties": { "cid": "12656", "plate": "P4931", "ctype": "OVO", "vol": 2500, "fraction": "Embalagens de papel e cartão", "freguesia": "Rio Maior", "src_class": "both", "n_driver_rows": 481, "n_sensor_rows": 2635, "driver_mean_fill": 45.634095634095637, "driver_share_zero": 0.43659043659043661, "sensor_mean_fill": 46.807328118567312, "sensor_max_fill": 82, "n_rotas": 2 }, "geometry": { "type": "Point", "coordinates": [ -8.964155555555561, 39.370763888888902 ] } },
{ "type": "Feature", "properties": { "cid": "11860", "plate": "E4532", "ctype": "OVO", "vol": 2500, "fraction": "Mistura de embalagens", "freguesia": "Rio Maior", "src_class": "both", "n_driver_rows": 539, "n_sensor_rows": 3108, "driver_mean_fill": 40.055762081784387, "driver_share_zero": 0.47309833024118736, "sensor_mean_fill": 45.398764584763214, "sensor_max_fill": 82, "n_rotas": 1 }, "geometry": { "type": "Point", "coordinates": [ -8.931374, 39.34814 ] } },
{ "type": "Feature", "properties": { "cid": "11818", "plate": "E4490", "ctype": "OVO", "vol": 2500, "fraction": "Mistura de embalagens", "freguesia": "Fráguas", "src_class": "both", "n_driver_rows": 331, "n_sensor_rows": 2161, "driver_mean_fill": 34.848484848484851, "driver_share_zero": 0.49546827794561932, "sensor_mean_fill": 34.523022432113343, "sensor_max_fill": 82, "n_rotas": 1 }, "geometry": { "type": "Point", "coordinates": [ -8.8814333, 39.3849444 ] } },
{ "type": "Feature", "properties": { "cid": "995", "plate": "E1477", "ctype": "OVO", "vol": 2500, "fraction": "Mistura de embalagens", "freguesia": "Rio Maior", "src_class": "both", "n_driver_rows": 541, "n_sensor_rows": 2686, "driver_mean_fill": 38.031423290203328, "driver_share_zero": 0.4510166358595194, "sensor_mean_fill": 44.28743028743029, "sensor_max_fill": 82, "n_rotas": 1 }, "geometry": { "type": "Point", "coordinates": [ -8.928615, 39.325158333333299 ] } },
{ "type": "Feature", "properties": { "cid": "7251", "plate": "P2953", "ctype": "OVO", "vol": 2500, "fraction": "Embalagens de papel e cartão", "freguesia": "Rio Maior", "src_class": "both", "n_driver_rows": 372, "n_sensor_rows": 2965, "driver_mean_fill": 27.88978494623656, "driver_share_zero": 0.59946236559139787, "sensor_mean_fill": 42.577178585384914, "sensor_max_fill": 82, "n_rotas": 1 }, "geometry": { "type": "Point", "coordinates": [ -8.938377777777781, 39.326319444444501 ] } },
{ "type": "Feature", "properties": { "cid": "10197", "plate": "P4084", "ctype": "OVO", "vol": 2500, "fraction": "Embalagens de papel e cartão", "freguesia": "Alcobertas", "src_class": "both", "n_driver_rows": 179, "n_sensor_rows": 2082, "driver_mean_fill": 16.759776536312849, "driver_share_zero": 0.65921787709497204, "sensor_mean_fill": 28.275563258232236, "sensor_max_fill": 82, "n_rotas": 1 }, "geometry": { "type": "Point", "coordinates": [ -8.90380461, 39.42427073 ] } },
{ "type": "Feature", "properties": { "cid": "5525", "plate": "P2424", "ctype": "OVO", "vol": 2500, "fraction": "Embalagens de papel e cartão", "freguesia": "Rio Maior", "src_class": "both", "n_driver_rows": 530, "n_sensor_rows": 2943, "driver_mean_fill": 31.037735849056602, "driver_share_zero": 0.54528301886792452, "sensor_mean_fill": 40.852796052631582, "sensor_max_fill": 82, "n_rotas": 1 }, "geometry": { "type": "Point", "coordinates": [ -8.948891471294459, 39.3392164016104 ] } },
{ "type": "Feature", "properties": { "cid": "894", "plate": "E1176", "ctype": "OVO S", "vol": 2500, "fraction": "Mistura de embalagens", "freguesia": "Rio Maior", "src_class": "both", "n_driver_rows": 788, "n_sensor_rows": 3216, "driver_mean_fill": 47.741730279898221, "driver_share_zero": 0.43527918781725888, "sensor_mean_fill": 51.425871619420008, "sensor_max_fill": 83, "n_rotas": 1 }, "geometry": { "type": "Point", "coordinates": [ -8.93104892126, 39.3365675302 ] } },
{ "type": "Feature", "properties": { "cid": "10158", "plate": "P4045", "ctype": "OVO", "vol": 2500, "fraction": "Embalagens de papel e cartão", "freguesia": "União das freguesias de Outeiro da Cortiçada e Arruda dos Pisões", "src_class": "both", "n_driver_rows": 298, "n_sensor_rows": 2547, "driver_mean_fill": 35.318791946308728, "driver_share_zero": 0.53020134228187921, "sensor_mean_fill": 45.24515295131409, "sensor_max_fill": 82, "n_rotas": 1 }, "geometry": { "type": "Point", "coordinates": [ -8.799092607578951, 39.343518168828297 ] } },
{ "type": "Feature", "properties": { "cid": "18707", "plate": "E5810", "ctype": "OVO", "vol": 2500, "fraction": "Mistura de embalagens", "freguesia": "Alcobertas", "src_class": "both", "n_driver_rows": 84, "n_sensor_rows": 1822, "driver_mean_fill": 35.11904761904762, "driver_share_zero": 0.5, "sensor_mean_fill": 39.089727722772274, "sensor_max_fill": 82, "n_rotas": 0 }, "geometry": { "type": "Point", "coordinates": [ -8.906882758429999, 39.419025698900001 ] } },
{ "type": "Feature", "properties": { "cid": "11773", "plate": "E4445", "ctype": "OVO", "vol": 2500, "fraction": "Mistura de embalagens", "freguesia": "União das freguesias de São João da Ribeira e Ribeira de São João", "src_class": "both", "n_driver_rows": 193, "n_sensor_rows": 1994, "driver_mean_fill": 22.927461139896373, "driver_share_zero": 0.5803108808290155, "sensor_mean_fill": 35.142116182572614, "sensor_max_fill": 82, "n_rotas": 1 }, "geometry": { "type": "Point", "coordinates": [ -8.85312222222222, 39.292311111111097 ] } },
{ "type": "Feature", "properties": { "cid": "1170", "plate": "E1792", "ctype": "OVO", "vol": 2500, "fraction": "Mistura de embalagens", "freguesia": "Rio Maior", "src_class": "both", "n_driver_rows": 696, "n_sensor_rows": 7747, "driver_mean_fill": 47.25433526011561, "driver_share_zero": 0.43821839080459768, "sensor_mean_fill": 51.170380253502337, "sensor_max_fill": 82, "n_rotas": 1 }, "geometry": { "type": "Point", "coordinates": [ -8.941825, 39.340569444444398 ] } },
{ "type": "Feature", "properties": { "cid": "11817", "plate": "E4489", "ctype": "OVO", "vol": 2500, "fraction": "Mistura de embalagens", "freguesia": "União das freguesias de Marmeleira e Assentiz", "src_class": "both", "n_driver_rows": 316, "n_sensor_rows": 1660, "driver_mean_fill": 36.984126984126981, "driver_share_zero": 0.48417721518987344, "sensor_mean_fill": 42.6, "sensor_max_fill": 82, "n_rotas": 1 }, "geometry": { "type": "Point", "coordinates": [ -8.863796666666669, 39.2583 ] } },
{ "type": "Feature", "properties": { "cid": "11113", "plate": "E3764", "ctype": "OVO", "vol": 2500, "fraction": "Mistura de embalagens", "freguesia": "Rio Maior", "src_class": "both", "n_driver_rows": 655, "n_sensor_rows": 2430, "driver_mean_fill": 22.859327217125383, "driver_share_zero": 0.6, "sensor_mean_fill": 54.632510288065845, "sensor_max_fill": 82, "n_rotas": 3 }, "geometry": { "type": "Point", "coordinates": [ -8.937319444444441, 39.337894444444402 ] } },
{ "type": "Feature", "properties": { "cid": "1171", "plate": "E1793", "ctype": "OVO", "vol": 2500, "fraction": "Mistura de embalagens", "freguesia": "Rio Maior", "src_class": "both", "n_driver_rows": 387, "n_sensor_rows": 1876, "driver_mean_fill": 41.968911917098445, "driver_share_zero": 0.47803617571059431, "sensor_mean_fill": 43.039603960396036, "sensor_max_fill": 82, "n_rotas": 1 }, "geometry": { "type": "Point", "coordinates": [ -8.960122222222219, 39.3109416666667 ] } },
{ "type": "Feature", "properties": { "cid": "7402", "plate": "P3000", "ctype": "OVO", "vol": 2500, "fraction": "Embalagens de papel e cartão", "freguesia": "Rio Maior", "src_class": "both", "n_driver_rows": 579, "n_sensor_rows": 1813, "driver_mean_fill": 28.849480968858131, "driver_share_zero": 0.54231433506044902, "sensor_mean_fill": 43.463078848560698, "sensor_max_fill": 82, "n_rotas": 2 }, "geometry": { "type": "Point", "coordinates": [ -8.91042777777778, 39.2953 ] } },
{ "type": "Feature", "properties": { "cid": "16340", "plate": "P5346", "ctype": "OVO", "vol": 2500, "fraction": "Embalagens de papel e cartão", "freguesia": "Alcobertas", "src_class": "both", "n_driver_rows": 331, "n_sensor_rows": 2147, "driver_mean_fill": 36.555891238670696, "driver_share_zero": 0.50453172205438068, "sensor_mean_fill": 40.510292005744375, "sensor_max_fill": 82, "n_rotas": 1 }, "geometry": { "type": "Point", "coordinates": [ -8.91628993, 39.42153554 ] } },
{ "type": "Feature", "properties": { "cid": "27930", "plate": "E8087", "ctype": "AMBI", "vol": 2500, "fraction": "Mistura de embalagens", "freguesia": "Rio Maior", "src_class": "both", "n_driver_rows": 33, "n_sensor_rows": 4994, "driver_mean_fill": 38.70967741935484, "driver_share_zero": 0.48484848484848486, "sensor_mean_fill": 42.897544642857142, "sensor_max_fill": 84, "n_rotas": 0 }, "geometry": { "type": "Point", "coordinates": [ -8.938634, 39.338942 ] } },
{ "type": "Feature", "properties": { "cid": "16825", "plate": "E5418", "ctype": "OVO", "vol": 2500, "fraction": "Mistura de embalagens", "freguesia": "União das freguesias de Outeiro da Cortiçada e Arruda dos Pisões", "src_class": "both", "n_driver_rows": 459, "n_sensor_rows": 1845, "driver_mean_fill": 26.198257080610023, "driver_share_zero": 0.56644880174291934, "sensor_mean_fill": 40.855820105820108, "sensor_max_fill": 82, "n_rotas": 1 }, "geometry": { "type": "Point", "coordinates": [ -8.84401895, 39.31606127 ] } },
{ "type": "Feature", "properties": { "cid": "13939", "plate": "P4339", "ctype": "OVO", "vol": 2500, "fraction": "Embalagens de papel e cartão", "freguesia": "Rio Maior", "src_class": "both", "n_driver_rows": 578, "n_sensor_rows": 2620, "driver_mean_fill": 46.799307958477506, "driver_share_zero": 0.44636678200692043, "sensor_mean_fill": 44.080511973575554, "sensor_max_fill": 82, "n_rotas": 2 }, "geometry": { "type": "Point", "coordinates": [ -8.9358, 39.340144444444398 ] } },
{ "type": "Feature", "properties": { "cid": "17821", "plate": "P5752", "ctype": "OVO", "vol": 2500, "fraction": "Embalagens de papel e cartão", "freguesia": "Rio Maior", "src_class": "both", "n_driver_rows": 498, "n_sensor_rows": 2756, "driver_mean_fill": 45.130522088353416, "driver_share_zero": 0.45381526104417669, "sensor_mean_fill": 43.532796317606447, "sensor_max_fill": 82, "n_rotas": 0 }, "geometry": { "type": "Point", "coordinates": [ -8.93986388888889, 39.336516666666697 ] } },
{ "type": "Feature", "properties": { "cid": "21989", "plate": "P6417", "ctype": "AMBI", "vol": 2500, "fraction": "Embalagens de papel e cartão", "freguesia": "Arrouquelas", "src_class": "both", "n_driver_rows": 39, "n_sensor_rows": 5149, "driver_mean_fill": 23.076923076923077, "driver_share_zero": 0.66666666666666663, "sensor_mean_fill": 43.514580093312595, "sensor_max_fill": 84, "n_rotas": 1 }, "geometry": { "type": "Point", "coordinates": [ -8.89424333333333, 39.258176666666699 ] } },
{ "type": "Feature", "properties": { "cid": "2508", "plate": "P1273", "ctype": "OVO S", "vol": 2500, "fraction": "Embalagens de papel e cartão", "freguesia": "Rio Maior", "src_class": "both", "n_driver_rows": 400, "n_sensor_rows": 7808, "driver_mean_fill": 15.75, "driver_share_zero": 0.6875, "sensor_mean_fill": 40.360783811475407, "sensor_max_fill": 83, "n_rotas": 1 }, "geometry": { "type": "Point", "coordinates": [ -8.97825377491, 39.381350759500002 ] } },
{ "type": "Feature", "properties": { "cid": "14370", "plate": "P5184", "ctype": "OVO", "vol": 2500, "fraction": "Embalagens de papel e cartão", "freguesia": "União das freguesias de Marmeleira e Assentiz", "src_class": "both", "n_driver_rows": 340, "n_sensor_rows": 2451, "driver_mean_fill": 38.200589970501476, "driver_share_zero": 0.47941176470588237, "sensor_mean_fill": 51.800489596083231, "sensor_max_fill": 82, "n_rotas": 3 }, "geometry": { "type": "Point", "coordinates": [ -8.83888788, 39.26045472 ] } },
{ "type": "Feature", "properties": { "cid": "7947", "plate": "P3199", "ctype": "VRL", "vol": 2500, "fraction": "Embalagens de papel e cartão", "freguesia": "Rio Maior", "src_class": "both", "n_driver_rows": 553, "n_sensor_rows": 2448, "driver_mean_fill": 36.030741410488247, "driver_share_zero": 0.52622061482820981, "sensor_mean_fill": 45.933302667893287, "sensor_max_fill": 82, "n_rotas": 1 }, "geometry": { "type": "Point", "coordinates": [ -8.93236944444444, 39.337072222222197 ] } },
{ "type": "Feature", "properties": { "cid": "13081", "plate": "E4824", "ctype": "OVO", "vol": 2500, "fraction": "Mistura de embalagens", "freguesia": "Rio Maior", "src_class": "both", "n_driver_rows": 400, "n_sensor_rows": 2247, "driver_mean_fill": 37.875, "driver_share_zero": 0.4825, "sensor_mean_fill": 44.625448028673837, "sensor_max_fill": 82, "n_rotas": 2 }, "geometry": { "type": "Point", "coordinates": [ -8.89256944444444, 39.310486111111103 ] } },
{ "type": "Feature", "properties": { "cid": "5642", "plate": "P1395", "ctype": "OVO", "vol": 2500, "fraction": "Embalagens de papel e cartão", "freguesia": "Arrouquelas", "src_class": "both", "n_driver_rows": 341, "n_sensor_rows": 1564, "driver_mean_fill": 27.712609970674485, "driver_share_zero": 0.55718475073313778, "sensor_mean_fill": 35.903899721448468, "sensor_max_fill": 82, "n_rotas": 2 }, "geometry": { "type": "Point", "coordinates": [ -8.88814262, 39.25946687 ] } },
{ "type": "Feature", "properties": { "cid": "11026", "plate": "E3677", "ctype": "OVO", "vol": 2500, "fraction": "Mistura de embalagens", "freguesia": "União das freguesias de Marmeleira e Assentiz", "src_class": "both", "n_driver_rows": 342, "n_sensor_rows": 1807, "driver_mean_fill": 38.961988304093566, "driver_share_zero": 0.51169590643274854, "sensor_mean_fill": 37.819943019943018, "sensor_max_fill": 82, "n_rotas": 3 }, "geometry": { "type": "Point", "coordinates": [ -8.83562627, 39.26409721 ] } },
{ "type": "Feature", "properties": { "cid": "9660", "plate": "P3539", "ctype": "OVO", "vol": 2500, "fraction": "Embalagens de papel e cartão", "freguesia": "Rio Maior", "src_class": "both", "n_driver_rows": 724, "n_sensor_rows": 2985, "driver_mean_fill": 42.278393351800553, "driver_share_zero": 0.46961325966850831, "sensor_mean_fill": 45.301303538175048, "sensor_max_fill": 82, "n_rotas": 2 }, "geometry": { "type": "Point", "coordinates": [ -8.93104892126, 39.3365675302 ] } },
{ "type": "Feature", "properties": { "cid": "1298", "plate": "E1950", "ctype": "OVO", "vol": 2500, "fraction": "Mistura de embalagens", "freguesia": "Fráguas", "src_class": "both", "n_driver_rows": 245, "n_sensor_rows": 2079, "driver_mean_fill": 34.285714285714285, "driver_share_zero": 0.47346938775510206, "sensor_mean_fill": 37.196622436670687, "sensor_max_fill": 82, "n_rotas": 1 }, "geometry": { "type": "Point", "coordinates": [ -8.85796666666667, 39.3826305555556 ] } },
{ "type": "Feature", "properties": { "cid": "11833", "plate": "E4505", "ctype": "OVO", "vol": 2500, "fraction": "Mistura de embalagens", "freguesia": "Alcobertas", "src_class": "both", "n_driver_rows": 201, "n_sensor_rows": 5857, "driver_mean_fill": 28.731343283582088, "driver_share_zero": 0.54726368159203975, "sensor_mean_fill": 37.445620624893287, "sensor_max_fill": 82, "n_rotas": 1 }, "geometry": { "type": "Point", "coordinates": [ -8.922180701, 39.40113331 ] } },
{ "type": "Feature", "properties": { "cid": "192", "plate": "E0259", "ctype": "TITAN", "vol": 2500, "fraction": "Mistura de embalagens", "freguesia": "Rio Maior", "src_class": "both", "n_driver_rows": 303, "n_sensor_rows": 1515, "driver_mean_fill": 31.788079470198674, "driver_share_zero": 0.528052805280528, "sensor_mean_fill": 37.011912640635337, "sensor_max_fill": 82, "n_rotas": 1 }, "geometry": { "type": "Point", "coordinates": [ -8.91042777777778, 39.2953 ] } },
{ "type": "Feature", "properties": { "cid": "9545", "plate": "P3420", "ctype": "OVO", "vol": 2500, "fraction": "Embalagens de papel e cartão", "freguesia": "Rio Maior", "src_class": "both", "n_driver_rows": 541, "n_sensor_rows": 1465, "driver_mean_fill": 27.125693160813309, "driver_share_zero": 0.5878003696857671, "sensor_mean_fill": 28.594754653130288, "sensor_max_fill": 82, "n_rotas": 2 }, "geometry": { "type": "Point", "coordinates": [ -8.961622, 39.309921 ] } },
{ "type": "Feature", "properties": { "cid": "18136", "plate": "E5623", "ctype": "OVO", "vol": 2500, "fraction": "Mistura de embalagens", "freguesia": "Rio Maior", "src_class": "both", "n_driver_rows": 312, "n_sensor_rows": 2462, "driver_mean_fill": 35.57692307692308, "driver_share_zero": 0.49679487179487181, "sensor_mean_fill": 50.19041095890411, "sensor_max_fill": 82, "n_rotas": 0 }, "geometry": { "type": "Point", "coordinates": [ -8.929552, 39.336052 ] } },
{ "type": "Feature", "properties": { "cid": "20619", "plate": "P6312", "ctype": "VRL", "vol": 2500, "fraction": "Embalagens de papel e cartão", "freguesia": "União das freguesias de São João da Ribeira e Ribeira de São João", "src_class": "both", "n_driver_rows": 95, "n_sensor_rows": 3283, "driver_mean_fill": 48.157894736842103, "driver_share_zero": 0.44210526315789472, "sensor_mean_fill": 51.25982678214524, "sensor_max_fill": 82, "n_rotas": 0 }, "geometry": { "type": "Point", "coordinates": [ -8.847243656, 39.279482858800002 ] } },
{ "type": "Feature", "properties": { "cid": "17812", "plate": "E5523", "ctype": "OVO", "vol": 2500, "fraction": "Mistura de embalagens", "freguesia": "Rio Maior", "src_class": "both", "n_driver_rows": 439, "n_sensor_rows": 2630, "driver_mean_fill": 45.776255707762559, "driver_share_zero": 0.45785876993166286, "sensor_mean_fill": 45.053161498187677, "sensor_max_fill": 82, "n_rotas": 0 }, "geometry": { "type": "Point", "coordinates": [ -8.94644166666667, 39.339577777777798 ] } },
{ "type": "Feature", "properties": { "cid": "11811", "plate": "E4483", "ctype": "OVO", "vol": 2500, "fraction": "Mistura de embalagens", "freguesia": "Rio Maior", "src_class": "both", "n_driver_rows": 330, "n_sensor_rows": 2284, "driver_mean_fill": 39.100609756097562, "driver_share_zero": 0.48181818181818181, "sensor_mean_fill": 38.161621344279119, "sensor_max_fill": 82, "n_rotas": 1 }, "geometry": { "type": "Point", "coordinates": [ -8.950037, 39.316055 ] } },
{ "type": "Feature", "properties": { "cid": "10548", "plate": "P4445", "ctype": "OVO", "vol": 2500, "fraction": "Embalagens de papel e cartão", "freguesia": "São Sebastião", "src_class": "both", "n_driver_rows": 211, "n_sensor_rows": 2274, "driver_mean_fill": 21.208530805687204, "driver_share_zero": 0.65876777251184837, "sensor_mean_fill": 32.722803347280333, "sensor_max_fill": 82, "n_rotas": 2 }, "geometry": { "type": "Point", "coordinates": [ -8.88933611111111, 39.375075 ] } },
{ "type": "Feature", "properties": { "cid": "11883", "plate": "E4555", "ctype": "OVO", "vol": 2500, "fraction": "Mistura de embalagens", "freguesia": "Rio Maior", "src_class": "both", "n_driver_rows": 505, "n_sensor_rows": 2080, "driver_mean_fill": 40.297029702970299, "driver_share_zero": 0.41980198019801979, "sensor_mean_fill": 38.185295578738199, "sensor_max_fill": 82, "n_rotas": 1 }, "geometry": { "type": "Point", "coordinates": [ -8.934248463912869, 39.335261726098402 ] } },
{ "type": "Feature", "properties": { "cid": "11838", "plate": "E4510", "ctype": "OVO", "vol": 2500, "fraction": "Mistura de embalagens", "freguesia": "Asseiceira", "src_class": "both", "n_driver_rows": 292, "n_sensor_rows": 1826, "driver_mean_fill": 36.55821917808219, "driver_share_zero": 0.48972602739726029, "sensor_mean_fill": 33.629524886877832, "sensor_max_fill": 82, "n_rotas": 1 }, "geometry": { "type": "Point", "coordinates": [ -8.941383333333331, 39.297438888888898 ] } },
{ "type": "Feature", "properties": { "cid": "10103", "plate": "P3990", "ctype": "OVO", "vol": 2500, "fraction": "Embalagens de papel e cartão", "freguesia": "Rio Maior", "src_class": "both", "n_driver_rows": 297, "n_sensor_rows": 1655, "driver_mean_fill": 27.777777777777779, "driver_share_zero": 0.55218855218855223, "sensor_mean_fill": 30.763988522238165, "sensor_max_fill": 82, "n_rotas": 1 }, "geometry": { "type": "Point", "coordinates": [ -8.950037, 39.316055 ] } },
{ "type": "Feature", "properties": { "cid": "18823", "plate": "P6055", "ctype": "OVO", "vol": 2500, "fraction": "Embalagens de papel e cartão", "freguesia": "União das freguesias de Marmeleira e Assentiz", "src_class": "both", "n_driver_rows": 120, "n_sensor_rows": 1770, "driver_mean_fill": 36.041666666666664, "driver_share_zero": 0.5, "sensor_mean_fill": 40.462258265751714, "sensor_max_fill": 82, "n_rotas": 0 }, "geometry": { "type": "Point", "coordinates": [ -8.834358001, 39.260181 ] } },
{ "type": "Feature", "properties": { "cid": "197", "plate": "E0264", "ctype": "TITAN", "vol": 2500, "fraction": "Mistura de embalagens", "freguesia": "União das freguesias de São João da Ribeira e Ribeira de São João", "src_class": "both", "n_driver_rows": 291, "n_sensor_rows": 1920, "driver_mean_fill": 34.621993127147768, "driver_share_zero": 0.53608247422680411, "sensor_mean_fill": 27.003090234857851, "sensor_max_fill": 82, "n_rotas": 1 }, "geometry": { "type": "Point", "coordinates": [ -8.851741666666671, 39.281638888888899 ] } },
{ "type": "Feature", "properties": { "cid": "15956", "plate": "P5216", "ctype": "OVO", "vol": 2500, "fraction": "Embalagens de papel e cartão", "freguesia": "Rio Maior", "src_class": "both", "n_driver_rows": 378, "n_sensor_rows": 7869, "driver_mean_fill": 24.0053050397878, "driver_share_zero": 0.66402116402116407, "sensor_mean_fill": 37.489167319237794, "sensor_max_fill": 82, "n_rotas": 4 }, "geometry": { "type": "Point", "coordinates": [ -8.99793833333333, 39.360318333333304 ] } },
{ "type": "Feature", "properties": { "cid": "17766", "plate": "E5518", "ctype": "OVO", "vol": 2500, "fraction": "Mistura de embalagens", "freguesia": "Rio Maior", "src_class": "both", "n_driver_rows": 861, "n_sensor_rows": 5205, "driver_mean_fill": 16.279069767441861, "driver_share_zero": 0.74216027874564461, "sensor_mean_fill": 44.637143427089569, "sensor_max_fill": 82, "n_rotas": 4 }, "geometry": { "type": "Point", "coordinates": [ -8.94317401514, 39.340086100800001 ] } },
{ "type": "Feature", "properties": { "cid": "11992", "plate": "E3317", "ctype": "VRL", "vol": 2500, "fraction": "Mistura de embalagens", "freguesia": "Rio Maior", "src_class": "both", "n_driver_rows": 564, "n_sensor_rows": 1942, "driver_mean_fill": 35.948581560283685, "driver_share_zero": 0.49822695035460995, "sensor_mean_fill": 41.382702091577166, "sensor_max_fill": 82, "n_rotas": 1 }, "geometry": { "type": "Point", "coordinates": [ -8.939325, 39.335047222222201 ] } },
{ "type": "Feature", "properties": { "cid": "3137", "plate": "P2334", "ctype": "OVO", "vol": 2500, "fraction": "Embalagens de papel e cartão", "freguesia": "União das freguesias de Outeiro da Cortiçada e Arruda dos Pisões", "src_class": "both", "n_driver_rows": 158, "n_sensor_rows": 2001, "driver_mean_fill": 19.778481012658229, "driver_share_zero": 0.689873417721519, "sensor_mean_fill": 28.949535192563079, "sensor_max_fill": 82, "n_rotas": 1 }, "geometry": { "type": "Point", "coordinates": [ -8.828411111111111, 39.331011111111103 ] } },
{ "type": "Feature", "properties": { "cid": "20390", "plate": "E6015", "ctype": "VRL", "vol": 2500, "fraction": "Mistura de embalagens", "freguesia": "União das freguesias de São João da Ribeira e Ribeira de São João", "src_class": "both", "n_driver_rows": 227, "n_sensor_rows": 7688, "driver_mean_fill": 50.995575221238937, "driver_share_zero": 0.40528634361233479, "sensor_mean_fill": 44.819667665486243, "sensor_max_fill": 82, "n_rotas": 1 }, "geometry": { "type": "Point", "coordinates": [ -8.857004, 39.284554 ] } },
{ "type": "Feature", "properties": { "cid": "9579", "plate": "P3454", "ctype": "OVO", "vol": 2500, "fraction": "Embalagens de papel e cartão", "freguesia": "União das freguesias de Marmeleira e Assentiz", "src_class": "both", "n_driver_rows": 289, "n_sensor_rows": 1540, "driver_mean_fill": 38.975694444444443, "driver_share_zero": 0.49480968858131485, "sensor_mean_fill": 43.57326661901358, "sensor_max_fill": 82, "n_rotas": 1 }, "geometry": { "type": "Point", "coordinates": [ -8.83562627, 39.26409721 ] } },
{ "type": "Feature", "properties": { "cid": "11835", "plate": "E4507", "ctype": "OVO", "vol": 2500, "fraction": "Mistura de embalagens", "freguesia": "Rio Maior", "src_class": "both", "n_driver_rows": 270, "n_sensor_rows": 2274, "driver_mean_fill": 21.851851851851851, "driver_share_zero": 0.62222222222222223, "sensor_mean_fill": 30.929129755080773, "sensor_max_fill": 82, "n_rotas": 1 }, "geometry": { "type": "Point", "coordinates": [ -8.926412641, 39.3515444 ] } },
{ "type": "Feature", "properties": { "cid": "10200", "plate": "P4087", "ctype": "OVO", "vol": 2500, "fraction": "Embalagens de papel e cartão", "freguesia": "Alcobertas", "src_class": "both", "n_driver_rows": 291, "n_sensor_rows": 1878, "driver_mean_fill": 34.27835051546392, "driver_share_zero": 0.54295532646048106, "sensor_mean_fill": 41.103995621236997, "sensor_max_fill": 82, "n_rotas": 1 }, "geometry": { "type": "Point", "coordinates": [ -8.915227, 39.422783 ] } },
{ "type": "Feature", "properties": { "cid": "25444", "plate": "V7650", "ctype": "AMBI", "vol": 2500, "fraction": "Embalagens de Vidro", "freguesia": "Rio Maior", "src_class": "both", "n_driver_rows": 3, "n_sensor_rows": 10218, "driver_mean_fill": 0.0, "driver_share_zero": 1.0, "sensor_mean_fill": 19.561930872417506, "sensor_max_fill": 84, "n_rotas": 0 }, "geometry": { "type": "Point", "coordinates": [ -8.920369444444439, 39.334251944444397 ] } },
{ "type": "Feature", "properties": { "cid": "7702", "plate": "E2878", "ctype": "OVO", "vol": 2500, "fraction": "Mistura de embalagens", "freguesia": "Arrouquelas", "src_class": "both", "n_driver_rows": 557, "n_sensor_rows": 2507, "driver_mean_fill": 28.597122302158272, "driver_share_zero": 0.57809694793536803, "sensor_mean_fill": 45.042553191489361, "sensor_max_fill": 82, "n_rotas": 3 }, "geometry": { "type": "Point", "coordinates": [ -8.89268392164, 39.256519459899998 ] } },
{ "type": "Feature", "properties": { "cid": "24557", "plate": "E7514", "ctype": "AMBI", "vol": 2500, "fraction": "Mistura de embalagens", "freguesia": "Rio Maior", "src_class": "both", "n_driver_rows": 47, "n_sensor_rows": 7861, "driver_mean_fill": 29.787234042553191, "driver_share_zero": 0.5957446808510638, "sensor_mean_fill": 38.925954198473285, "sensor_max_fill": 84, "n_rotas": 1 }, "geometry": { "type": "Point", "coordinates": [ -8.994238, 39.367827 ] } },
{ "type": "Feature", "properties": { "cid": "6915", "plate": "P2882", "ctype": "OVO", "vol": 2500, "fraction": "Embalagens de papel e cartão", "freguesia": "Rio Maior", "src_class": "both", "n_driver_rows": 371, "n_sensor_rows": 2178, "driver_mean_fill": 26.819407008086252, "driver_share_zero": 0.61994609164420489, "sensor_mean_fill": 40.359316604378002, "sensor_max_fill": 82, "n_rotas": 1 }, "geometry": { "type": "Point", "coordinates": [ -8.944841666666671, 39.337705555555601 ] } },
{ "type": "Feature", "properties": { "cid": "11213", "plate": "E3865", "ctype": "OVO", "vol": 2500, "fraction": "Mistura de embalagens", "freguesia": "Rio Maior", "src_class": "both", "n_driver_rows": 359, "n_sensor_rows": 2211, "driver_mean_fill": 29.387186629526461, "driver_share_zero": 0.5348189415041783, "sensor_mean_fill": 33.999457994579949, "sensor_max_fill": 82, "n_rotas": 2 }, "geometry": { "type": "Point", "coordinates": [ -8.91234765425, 39.332629942600001 ] } },
{ "type": "Feature", "properties": { "cid": "13929", "plate": "P4953", "ctype": "OVO", "vol": 2500, "fraction": "Embalagens de papel e cartão", "freguesia": "Rio Maior", "src_class": "both", "n_driver_rows": 421, "n_sensor_rows": 3511, "driver_mean_fill": 40.558194774346795, "driver_share_zero": 0.45843230403800472, "sensor_mean_fill": 40.343402678825875, "sensor_max_fill": 82, "n_rotas": 4 }, "geometry": { "type": "Point", "coordinates": [ -8.934245, 39.34435 ] } },
{ "type": "Feature", "properties": { "cid": "11558", "plate": "E4226", "ctype": "OVO", "vol": 2500, "fraction": "Mistura de embalagens", "freguesia": "Alcobertas", "src_class": "both", "n_driver_rows": 221, "n_sensor_rows": 2126, "driver_mean_fill": 33.144796380090497, "driver_share_zero": 0.43891402714932126, "sensor_mean_fill": 38.035869565217389, "sensor_max_fill": 82, "n_rotas": 1 }, "geometry": { "type": "Point", "coordinates": [ -8.90380461, 39.42427073 ] } },
{ "type": "Feature", "properties": { "cid": "11556", "plate": "E4224", "ctype": "OVO", "vol": 2500, "fraction": "Mistura de embalagens", "freguesia": "Rio Maior", "src_class": "driver_only", "n_driver_rows": 341, "n_sensor_rows": null, "driver_mean_fill": 36.985294117647058, "driver_share_zero": 0.48973607038123168, "sensor_mean_fill": null, "sensor_max_fill": null, "n_rotas": 1 }, "geometry": { "type": "Point", "coordinates": [ -8.952616666666669, 39.318202777777799 ] } },
{ "type": "Feature", "properties": { "cid": "11591", "plate": "E4259", "ctype": "OVO", "vol": 2500, "fraction": "Mistura de embalagens", "freguesia": "Alcobertas", "src_class": "driver_only", "n_driver_rows": 289, "n_sensor_rows": null, "driver_mean_fill": 40.830449826989621, "driver_share_zero": 0.43944636678200694, "sensor_mean_fill": null, "sensor_max_fill": null, "n_rotas": 1 }, "geometry": { "type": "Point", "coordinates": [ -8.903453282, 39.419968 ] } },
{ "type": "Feature", "properties": { "cid": "11797", "plate": "E4469", "ctype": "OVO", "vol": 2500, "fraction": "Mistura de embalagens", "freguesia": "Asseiceira", "src_class": "driver_only", "n_driver_rows": 399, "n_sensor_rows": null, "driver_mean_fill": 40.476190476190474, "driver_share_zero": 0.46365914786967416, "sensor_mean_fill": null, "sensor_max_fill": null, "n_rotas": 1 }, "geometry": { "type": "Point", "coordinates": [ -8.9437, 39.302277777777803 ] } },
{ "type": "Feature", "properties": { "cid": "11804", "plate": "E4476", "ctype": "OVO", "vol": 2500, "fraction": "Mistura de embalagens", "freguesia": "União das freguesias de Marmeleira e Assentiz", "src_class": "driver_only", "n_driver_rows": 213, "n_sensor_rows": null, "driver_mean_fill": 27.240566037735849, "driver_share_zero": 0.53521126760563376, "sensor_mean_fill": null, "sensor_max_fill": null, "n_rotas": 1 }, "geometry": { "type": "Point", "coordinates": [ -8.82480565, 39.26294539 ] } },
{ "type": "Feature", "properties": { "cid": "14252", "plate": "V5445", "ctype": "OVO", "vol": 2500, "fraction": "Embalagens de Vidro", "freguesia": "Rio Maior", "src_class": "driver_only", "n_driver_rows": 252, "n_sensor_rows": null, "driver_mean_fill": 17.063492063492063, "driver_share_zero": 0.58730158730158732, "sensor_mean_fill": null, "sensor_max_fill": null, "n_rotas": 0 }, "geometry": { "type": "Point", "coordinates": [ -8.97825377491, 39.381350759500002 ] } },
{ "type": "Feature", "properties": { "cid": "20818", "plate": "P6375", "ctype": "VRL", "vol": 2500, "fraction": "Embalagens de papel e cartão", "freguesia": "Rio Maior", "src_class": "driver_only", "n_driver_rows": 120, "n_sensor_rows": null, "driver_mean_fill": 33.193277310924373, "driver_share_zero": 0.525, "sensor_mean_fill": null, "sensor_max_fill": null, "n_rotas": 0 }, "geometry": { "type": "Point", "coordinates": [ -8.929727001, 39.338634 ] } },
{ "type": "Feature", "properties": { "cid": "3288", "plate": "E1337", "ctype": "OVO", "vol": 2500, "fraction": "Mistura de embalagens", "freguesia": "Rio Maior", "src_class": "driver_only", "n_driver_rows": 204, "n_sensor_rows": null, "driver_mean_fill": 10.53921568627451, "driver_share_zero": 0.77941176470588236, "sensor_mean_fill": null, "sensor_max_fill": null, "n_rotas": 1 }, "geometry": { "type": "Point", "coordinates": [ -8.93038333333333, 39.339608333333302 ] } },
{ "type": "Feature", "properties": { "cid": "3416", "plate": "Sub_P0104", "ctype": "E BLUE BEE", "vol": 5000, "fraction": "Embalagens de papel e cartão", "freguesia": "Rio Maior", "src_class": "driver_only", "n_driver_rows": 654, "n_sensor_rows": null, "driver_mean_fill": 36.179173047473199, "driver_share_zero": 0.53058103975535165, "sensor_mean_fill": null, "sensor_max_fill": null, "n_rotas": 1 }, "geometry": { "type": "Point", "coordinates": [ -8.93547083224, 39.337291977600003 ] } },
{ "type": "Feature", "properties": { "cid": "3851", "plate": "V0389", "ctype": "TITAN", "vol": 2500, "fraction": "Embalagens de Vidro", "freguesia": "Rio Maior", "src_class": "driver_only", "n_driver_rows": 450, "n_sensor_rows": null, "driver_mean_fill": 12.888888888888889, "driver_share_zero": 0.66222222222222227, "sensor_mean_fill": null, "sensor_max_fill": null, "n_rotas": 0 }, "geometry": { "type": "Point", "coordinates": [ -8.947506614850001, 39.342890018299997 ] } },
{ "type": "Feature", "properties": { "cid": "4367", "plate": "V1251", "ctype": "TITAN", "vol": 2500, "fraction": "Embalagens de Vidro", "freguesia": "Rio Maior", "src_class": "driver_only", "n_driver_rows": 546, "n_sensor_rows": null, "driver_mean_fill": 18.315018315018314, "driver_share_zero": 0.5714285714285714, "sensor_mean_fill": null, "sensor_max_fill": null, "n_rotas": 0 }, "geometry": { "type": "Point", "coordinates": [ -8.93986388888889, 39.336516666666697 ] } },
{ "type": "Feature", "properties": { "cid": "4995", "plate": "V2354", "ctype": "OVO", "vol": 2500, "fraction": "Embalagens de Vidro", "freguesia": "Arrouquelas", "src_class": "driver_only", "n_driver_rows": 265, "n_sensor_rows": null, "driver_mean_fill": 14.90566037735849, "driver_share_zero": 0.61132075471698111, "sensor_mean_fill": null, "sensor_max_fill": null, "n_rotas": 0 }, "geometry": { "type": "Point", "coordinates": [ -8.891428, 39.260144 ] } },
{ "type": "Feature", "properties": { "cid": "5029", "plate": "V1975", "ctype": "OVO S", "vol": 2500, "fraction": "Embalagens de Vidro", "freguesia": "Rio Maior", "src_class": "driver_only", "n_driver_rows": 281, "n_sensor_rows": null, "driver_mean_fill": 13.345195729537366, "driver_share_zero": 0.70462633451957291, "sensor_mean_fill": null, "sensor_max_fill": null, "n_rotas": 0 }, "geometry": { "type": "Point", "coordinates": [ -8.939725, 39.341097222222203 ] } },
{ "type": "Feature", "properties": { "cid": "5816", "plate": "E2462A", "ctype": "OVO", "vol": 2500, "fraction": "Mistura de embalagens", "freguesia": "União das freguesias de São João da Ribeira e Ribeira de São João", "src_class": "driver_only", "n_driver_rows": 338, "n_sensor_rows": null, "driver_mean_fill": 29.511834319526628, "driver_share_zero": 0.56804733727810652, "sensor_mean_fill": null, "sensor_max_fill": null, "n_rotas": 1 }, "geometry": { "type": "Point", "coordinates": [ -8.88630871738, 39.287210100400003 ] } },
{ "type": "Feature", "properties": { "cid": "5939", "plate": "Sub_P0163", "ctype": "E BLUE BEE", "vol": 5000, "fraction": "Embalagens de papel e cartão", "freguesia": "Rio Maior", "src_class": "driver_only", "n_driver_rows": 677, "n_sensor_rows": null, "driver_mean_fill": 42.429837518463813, "driver_share_zero": 0.51846381093057603, "sensor_mean_fill": null, "sensor_max_fill": null, "n_rotas": 1 }, "geometry": { "type": "Point", "coordinates": [ -8.936525, 39.335611111111099 ] } },
{ "type": "Feature", "properties": { "cid": "6210", "plate": "V3472", "ctype": "OVO", "vol": 2500, "fraction": "Embalagens de Vidro", "freguesia": "São Sebastião", "src_class": "driver_only", "n_driver_rows": 319, "n_sensor_rows": null, "driver_mean_fill": 19.749216300940439, "driver_share_zero": 0.56112852664576807, "sensor_mean_fill": null, "sensor_max_fill": null, "n_rotas": 0 }, "geometry": { "type": "Point", "coordinates": [ -8.89533611111111, 39.35375 ] } },
{ "type": "Feature", "properties": { "cid": "6238", "plate": "V3350", "ctype": "OVO", "vol": 2500, "fraction": "Embalagens de Vidro", "freguesia": "União das freguesias de São João da Ribeira e Ribeira de São João", "src_class": "driver_only", "n_driver_rows": 215, "n_sensor_rows": null, "driver_mean_fill": 14.534883720930232, "driver_share_zero": 0.57674418604651168, "sensor_mean_fill": null, "sensor_max_fill": null, "n_rotas": 0 }, "geometry": { "type": "Point", "coordinates": [ -8.88826666666667, 39.284633333333304 ] } },
{ "type": "Feature", "properties": { "cid": "6707", "plate": "V2993", "ctype": "OVO", "vol": 2500, "fraction": "Embalagens de Vidro", "freguesia": "Rio Maior", "src_class": "driver_only", "n_driver_rows": 308, "n_sensor_rows": null, "driver_mean_fill": 18.344155844155843, "driver_share_zero": 0.57792207792207795, "sensor_mean_fill": null, "sensor_max_fill": null, "n_rotas": 0 }, "geometry": { "type": "Point", "coordinates": [ -8.911315, 39.33371 ] } },
{ "type": "Feature", "properties": { "cid": "6905", "plate": "V3451", "ctype": "OVO", "vol": 2500, "fraction": "Embalagens de Vidro", "freguesia": "União das freguesias de Azambujeira e Malaqueijo", "src_class": "driver_only", "n_driver_rows": 261, "n_sensor_rows": null, "driver_mean_fill": 25.670498084291189, "driver_share_zero": 0.4942528735632184, "sensor_mean_fill": null, "sensor_max_fill": null, "n_rotas": 0 }, "geometry": { "type": "Point", "coordinates": [ -8.79266007, 39.26706162 ] } },
{ "type": "Feature", "properties": { "cid": "7312", "plate": "P3067", "ctype": "OVO", "vol": 2500, "fraction": "Embalagens de papel e cartão", "freguesia": "Rio Maior", "src_class": "driver_only", "n_driver_rows": 752, "n_sensor_rows": null, "driver_mean_fill": 41.7, "driver_share_zero": 0.47606382978723405, "sensor_mean_fill": null, "sensor_max_fill": null, "n_rotas": 1 }, "geometry": { "type": "Point", "coordinates": [ -8.93318246, 39.33731245 ] } },
{ "type": "Feature", "properties": { "cid": "7933", "plate": "V3724", "ctype": "VRL", "vol": 2500, "fraction": "Embalagens de Vidro", "freguesia": "Rio Maior", "src_class": "driver_only", "n_driver_rows": 414, "n_sensor_rows": null, "driver_mean_fill": 20.591787439613526, "driver_share_zero": 0.52173913043478259, "sensor_mean_fill": null, "sensor_max_fill": null, "n_rotas": 0 }, "geometry": { "type": "Point", "coordinates": [ -8.93236944444444, 39.337072222222197 ] } },
{ "type": "Feature", "properties": { "cid": "9196", "plate": "V4894", "ctype": "OVO", "vol": 2500, "fraction": "Embalagens de Vidro", "freguesia": "Rio Maior", "src_class": "driver_only", "n_driver_rows": 268, "n_sensor_rows": null, "driver_mean_fill": 19.589552238805972, "driver_share_zero": 0.58208955223880599, "sensor_mean_fill": null, "sensor_max_fill": null, "n_rotas": 0 }, "geometry": { "type": "Point", "coordinates": [ -8.935986111111109, 39.335891666666697 ] } },
{ "type": "Feature", "properties": { "cid": "9255", "plate": "V4953", "ctype": "OVO", "vol": 2500, "fraction": "Embalagens de Vidro", "freguesia": "Rio Maior", "src_class": "driver_only", "n_driver_rows": 377, "n_sensor_rows": null, "driver_mean_fill": 14.588859416445624, "driver_share_zero": 0.61538461538461542, "sensor_mean_fill": null, "sensor_max_fill": null, "n_rotas": 0 }, "geometry": { "type": "Point", "coordinates": [ -8.93898333333334, 39.331458333333302 ] } },
{ "type": "Feature", "properties": { "cid": "9339", "plate": "V5038", "ctype": "OVO", "vol": 2500, "fraction": "Embalagens de Vidro", "freguesia": "Rio Maior", "src_class": "driver_only", "n_driver_rows": 228, "n_sensor_rows": null, "driver_mean_fill": 12.171052631578947, "driver_share_zero": 0.65350877192982459, "sensor_mean_fill": null, "sensor_max_fill": null, "n_rotas": 0 }, "geometry": { "type": "Point", "coordinates": [ -8.915223, 39.33255 ] } },
{ "type": "Feature", "properties": { "cid": "9366", "plate": "V5066", "ctype": "OVO", "vol": 2500, "fraction": "Embalagens de Vidro", "freguesia": "Rio Maior", "src_class": "driver_only", "n_driver_rows": 210, "n_sensor_rows": null, "driver_mean_fill": 8.6904761904761898, "driver_share_zero": 0.70952380952380956, "sensor_mean_fill": null, "sensor_max_fill": null, "n_rotas": 0 }, "geometry": { "type": "Point", "coordinates": [ -8.926412641, 39.3515444 ] } },
{ "type": "Feature", "properties": { "cid": "10136", "plate": "P4023", "ctype": "OVO", "vol": 2500, "fraction": "Embalagens de papel e cartão", "freguesia": "Rio Maior", "src_class": "driver_only", "n_driver_rows": 390, "n_sensor_rows": null, "driver_mean_fill": 43.123393316195376, "driver_share_zero": 0.49487179487179489, "sensor_mean_fill": null, "sensor_max_fill": null, "n_rotas": 1 }, "geometry": { "type": "Point", "coordinates": [ -8.967052, 39.299149 ] } },
{ "type": "Feature", "properties": { "cid": "10160", "plate": "P4047", "ctype": "OVO", "vol": 2500, "fraction": "Embalagens de papel e cartão", "freguesia": "Rio Maior", "src_class": "driver_only", "n_driver_rows": 270, "n_sensor_rows": null, "driver_mean_fill": 23.055555555555557, "driver_share_zero": 0.68148148148148147, "sensor_mean_fill": null, "sensor_max_fill": null, "n_rotas": 1 }, "geometry": { "type": "Point", "coordinates": [ -8.93700472018222, 39.344606200805302 ] } },
{ "type": "Feature", "properties": { "cid": "10196", "plate": "P4083", "ctype": "OVO", "vol": 2500, "fraction": "Embalagens de papel e cartão", "freguesia": "Rio Maior", "src_class": "driver_only", "n_driver_rows": 799, "n_sensor_rows": null, "driver_mean_fill": 43.147684605757199, "driver_share_zero": 0.49436795994993743, "sensor_mean_fill": null, "sensor_max_fill": null, "n_rotas": 1 }, "geometry": { "type": "Point", "coordinates": [ -8.93669728, 39.32848135 ] } },
{ "type": "Feature", "properties": { "cid": "195", "plate": "E0262", "ctype": "TITAN", "vol": 2500, "fraction": "Mistura de embalagens", "freguesia": "Arrouquelas", "src_class": "driver_only", "n_driver_rows": 109, "n_sensor_rows": null, "driver_mean_fill": 31.880733944954127, "driver_share_zero": 0.55045871559633031, "sensor_mean_fill": null, "sensor_max_fill": null, "n_rotas": 1 }, "geometry": { "type": "Point", "coordinates": [ -8.89268392164, 39.256519459899998 ] } },
{ "type": "Feature", "properties": { "cid": "200", "plate": "E0267", "ctype": "TITAN", "vol": 2500, "fraction": "Mistura de embalagens", "freguesia": "União das freguesias de Azambujeira e Malaqueijo", "src_class": "driver_only", "n_driver_rows": 181, "n_sensor_rows": null, "driver_mean_fill": 56.629834254143645, "driver_share_zero": 0.37016574585635359, "sensor_mean_fill": null, "sensor_max_fill": null, "n_rotas": 1 }, "geometry": { "type": "Point", "coordinates": [ -8.82239463, 39.29461033 ] } },
{ "type": "Feature", "properties": { "cid": "25860", "plate": "V6387", "ctype": "AMBI", "vol": 2500, "fraction": "Embalagens de Vidro", "freguesia": "Rio Maior", "src_class": "driver_only", "n_driver_rows": 20, "n_sensor_rows": null, "driver_mean_fill": 22.5, "driver_share_zero": 0.5, "sensor_mean_fill": null, "sensor_max_fill": null, "n_rotas": 0 }, "geometry": { "type": "Point", "coordinates": [ -8.962450326080001, 39.362046291299997 ] } },
{ "type": "Feature", "properties": { "cid": "34", "plate": "E0163", "ctype": "TITAN", "vol": 2500, "fraction": "Mistura de embalagens", "freguesia": "Rio Maior", "src_class": "driver_only", "n_driver_rows": 30, "n_sensor_rows": null, "driver_mean_fill": 29.166666666666668, "driver_share_zero": 0.56666666666666665, "sensor_mean_fill": null, "sensor_max_fill": null, "n_rotas": 1 }, "geometry": { "type": "Point", "coordinates": [ -8.98823888888889, 39.322141666666703 ] } },
{ "type": "Feature", "properties": { "cid": "11589", "plate": "E4257", "ctype": "OVO", "vol": 2500, "fraction": "Mistura de embalagens", "freguesia": "Rio Maior", "src_class": "driver_only", "n_driver_rows": 195, "n_sensor_rows": null, "driver_mean_fill": 16.923076923076923, "driver_share_zero": 0.67692307692307696, "sensor_mean_fill": null, "sensor_max_fill": null, "n_rotas": 1 }, "geometry": { "type": "Point", "coordinates": [ -8.975369444444439, 39.3169055555556 ] } },
{ "type": "Feature", "properties": { "cid": "11777", "plate": "E4449", "ctype": "OVO", "vol": 2500, "fraction": "Mistura de embalagens", "freguesia": "União das freguesias de São João da Ribeira e Ribeira de São João", "src_class": "driver_only", "n_driver_rows": 289, "n_sensor_rows": null, "driver_mean_fill": 34.201388888888886, "driver_share_zero": 0.4982698961937716, "sensor_mean_fill": null, "sensor_max_fill": null, "n_rotas": 1 }, "geometry": { "type": "Point", "coordinates": [ -8.869875, 39.292430555555597 ] } },
{ "type": "Feature", "properties": { "cid": "11805", "plate": "E4477", "ctype": "OVO", "vol": 2500, "fraction": "Mistura de embalagens", "freguesia": "Asseiceira", "src_class": "driver_only", "n_driver_rows": 505, "n_sensor_rows": null, "driver_mean_fill": 41.386138613861384, "driver_share_zero": 0.46732673267326735, "sensor_mean_fill": null, "sensor_max_fill": null, "n_rotas": 1 }, "geometry": { "type": "Point", "coordinates": [ -8.9293831, 39.30090348 ] } },
{ "type": "Feature", "properties": { "cid": "11840", "plate": "E4512", "ctype": "OVO", "vol": 2500, "fraction": "Mistura de embalagens", "freguesia": "Asseiceira", "src_class": "driver_only", "n_driver_rows": 337, "n_sensor_rows": null, "driver_mean_fill": 32.8125, "driver_share_zero": 0.52522255192878342, "sensor_mean_fill": null, "sensor_max_fill": null, "n_rotas": 1 }, "geometry": { "type": "Point", "coordinates": [ -8.939906001, 39.285484 ] } },
{ "type": "Feature", "properties": { "cid": "11861", "plate": "E4533", "ctype": "OVO", "vol": 2500, "fraction": "Mistura de embalagens", "freguesia": "Rio Maior", "src_class": "driver_only", "n_driver_rows": 303, "n_sensor_rows": null, "driver_mean_fill": 24.752475247524753, "driver_share_zero": 0.5544554455445545, "sensor_mean_fill": null, "sensor_max_fill": null, "n_rotas": 1 }, "geometry": { "type": "Point", "coordinates": [ -8.967052, 39.299149 ] } },
{ "type": "Feature", "properties": { "cid": "13647", "plate": "E2562/2017", "ctype": "OVO", "vol": 2500, "fraction": "Mistura de embalagens", "freguesia": "Rio Maior", "src_class": "driver_only", "n_driver_rows": 907, "n_sensor_rows": null, "driver_mean_fill": 38.618784530386741, "driver_share_zero": 0.47850055126791619, "sensor_mean_fill": null, "sensor_max_fill": null, "n_rotas": 2 }, "geometry": { "type": "Point", "coordinates": [ -8.93191722728, 39.340117596399999 ] } },
{ "type": "Feature", "properties": { "cid": "18786", "plate": "V5843", "ctype": "OVO", "vol": 2500, "fraction": "Embalagens de Vidro", "freguesia": "Rio Maior", "src_class": "driver_only", "n_driver_rows": 288, "n_sensor_rows": null, "driver_mean_fill": 21.180555555555557, "driver_share_zero": 0.54513888888888884, "sensor_mean_fill": null, "sensor_max_fill": null, "n_rotas": 0 }, "geometry": { "type": "Point", "coordinates": [ -8.93834722222222, 39.334102777777801 ] } },
{ "type": "Feature", "properties": { "cid": "24522", "plate": "E7504", "ctype": "AMBI", "vol": 2500, "fraction": "Mistura de embalagens", "freguesia": "Asseiceira", "src_class": "driver_only", "n_driver_rows": 84, "n_sensor_rows": null, "driver_mean_fill": 33.734939759036145, "driver_share_zero": 0.52380952380952384, "sensor_mean_fill": null, "sensor_max_fill": null, "n_rotas": 1 }, "geometry": { "type": "Point", "coordinates": [ -8.922675, 39.298216666666697 ] } },
{ "type": "Feature", "properties": { "cid": "1193", "plate": "E1820", "ctype": "OVO", "vol": 2500, "fraction": "Mistura de embalagens", "freguesia": "Arrouquelas", "src_class": "driver_only", "n_driver_rows": 527, "n_sensor_rows": null, "driver_mean_fill": 46.523809523809526, "driver_share_zero": 0.45351043643263755, "sensor_mean_fill": null, "sensor_max_fill": null, "n_rotas": 1 }, "geometry": { "type": "Point", "coordinates": [ -8.89724778177, 39.2571155706 ] } },
{ "type": "Feature", "properties": { "cid": "1271", "plate": "E1918", "ctype": "OVO", "vol": 2500, "fraction": "Mistura de embalagens", "freguesia": "Rio Maior", "src_class": "driver_only", "n_driver_rows": 116, "n_sensor_rows": null, "driver_mean_fill": 41.379310344827587, "driver_share_zero": 0.37068965517241381, "sensor_mean_fill": null, "sensor_max_fill": null, "n_rotas": 1 }, "geometry": { "type": "Point", "coordinates": [ -8.934908333333331, 39.339991666666698 ] } },
{ "type": "Feature", "properties": { "cid": "4637", "plate": "V1702", "ctype": "TITAN", "vol": 2500, "fraction": "Embalagens de Vidro", "freguesia": "Asseiceira", "src_class": "driver_only", "n_driver_rows": 272, "n_sensor_rows": null, "driver_mean_fill": 14.705882352941176, "driver_share_zero": 0.625, "sensor_mean_fill": null, "sensor_max_fill": null, "n_rotas": 0 }, "geometry": { "type": "Point", "coordinates": [ -8.93448922126, 39.294030452299999 ] } },
{ "type": "Feature", "properties": { "cid": "4673", "plate": "V1746", "ctype": "OVO", "vol": 2500, "fraction": "Embalagens de Vidro", "freguesia": "Rio Maior", "src_class": "driver_only", "n_driver_rows": 260, "n_sensor_rows": null, "driver_mean_fill": 10.48076923076923, "driver_share_zero": 0.69230769230769229, "sensor_mean_fill": null, "sensor_max_fill": null, "n_rotas": 0 }, "geometry": { "type": "Point", "coordinates": [ -8.988897618654111, 39.321613360165202 ] } },
{ "type": "Feature", "properties": { "cid": "4956", "plate": "V2312", "ctype": "OVO", "vol": 2500, "fraction": "Embalagens de Vidro", "freguesia": "Rio Maior", "src_class": "driver_only", "n_driver_rows": 340, "n_sensor_rows": null, "driver_mean_fill": 19.117647058823529, "driver_share_zero": 0.56470588235294117, "sensor_mean_fill": null, "sensor_max_fill": null, "n_rotas": 0 }, "geometry": { "type": "Point", "coordinates": [ -8.95203456, 39.36412385 ] } },
{ "type": "Feature", "properties": { "cid": "5096", "plate": "V2470", "ctype": "OVO", "vol": 2500, "fraction": "Embalagens de Vidro", "freguesia": "Rio Maior", "src_class": "driver_only", "n_driver_rows": 478, "n_sensor_rows": null, "driver_mean_fill": 14.539748953974895, "driver_share_zero": 0.65481171548117156, "sensor_mean_fill": null, "sensor_max_fill": null, "n_rotas": 0 }, "geometry": { "type": "Point", "coordinates": [ -8.93484444444444, 39.341113888888898 ] } },
{ "type": "Feature", "properties": { "cid": "5431", "plate": "V2901B", "ctype": "OVO", "vol": 2500, "fraction": "Embalagens de Vidro", "freguesia": "União das freguesias de Outeiro da Cortiçada e Arruda dos Pisões", "src_class": "driver_only", "n_driver_rows": 131, "n_sensor_rows": null, "driver_mean_fill": 13.931297709923664, "driver_share_zero": 0.62595419847328249, "sensor_mean_fill": null, "sensor_max_fill": null, "n_rotas": 0 }, "geometry": { "type": "Point", "coordinates": [ -8.828411111111111, 39.331011111111103 ] } },
{ "type": "Feature", "properties": { "cid": "5893", "plate": "V3075", "ctype": "OVO", "vol": 2500, "fraction": "Embalagens de Vidro", "freguesia": "São Sebastião", "src_class": "driver_only", "n_driver_rows": 269, "n_sensor_rows": null, "driver_mean_fill": 22.955390334572492, "driver_share_zero": 0.54646840148698883, "sensor_mean_fill": null, "sensor_max_fill": null, "n_rotas": 0 }, "geometry": { "type": "Point", "coordinates": [ -8.89154444444444, 39.373413888888898 ] } },
{ "type": "Feature", "properties": { "cid": "6241", "plate": "V3229", "ctype": "OVO", "vol": 2500, "fraction": "Embalagens de Vidro", "freguesia": "Alcobertas", "src_class": "driver_only", "n_driver_rows": 276, "n_sensor_rows": null, "driver_mean_fill": 24.728260869565219, "driver_share_zero": 0.47463768115942029, "sensor_mean_fill": null, "sensor_max_fill": null, "n_rotas": 0 }, "geometry": { "type": "Point", "coordinates": [ -8.92722917, 39.39087534 ] } },
{ "type": "Feature", "properties": { "cid": "7237", "plate": "V3527", "ctype": "OVO", "vol": 2500, "fraction": "Embalagens de Vidro", "freguesia": "Rio Maior", "src_class": "driver_only", "n_driver_rows": 279, "n_sensor_rows": null, "driver_mean_fill": 10.573476702508961, "driver_share_zero": 0.6738351254480287, "sensor_mean_fill": null, "sensor_max_fill": null, "n_rotas": 0 }, "geometry": { "type": "Point", "coordinates": [ -8.938377777777781, 39.326319444444501 ] } },
{ "type": "Feature", "properties": { "cid": "9302", "plate": "V5001", "ctype": "OVO", "vol": 2500, "fraction": "Embalagens de Vidro", "freguesia": "Asseiceira", "src_class": "driver_only", "n_driver_rows": 358, "n_sensor_rows": null, "driver_mean_fill": 17.597765363128492, "driver_share_zero": 0.58100558659217882, "sensor_mean_fill": null, "sensor_max_fill": null, "n_rotas": 0 }, "geometry": { "type": "Point", "coordinates": [ -8.9293831, 39.30090348 ] } },
{ "type": "Feature", "properties": { "cid": "10203", "plate": "P4090", "ctype": "OVO", "vol": 2500, "fraction": "Embalagens de papel e cartão", "freguesia": "Rio Maior", "src_class": "driver_only", "n_driver_rows": 381, "n_sensor_rows": null, "driver_mean_fill": 36.842105263157897, "driver_share_zero": 0.49606299212598426, "sensor_mean_fill": null, "sensor_max_fill": null, "n_rotas": 2 }, "geometry": { "type": "Point", "coordinates": [ -8.964113888888891, 39.361922222222198 ] } },
{ "type": "Feature", "properties": { "cid": "27934", "plate": "P8307", "ctype": "AMBI", "vol": 2500, "fraction": "Embalagens de papel e cartão", "freguesia": "Rio Maior", "src_class": "driver_only", "n_driver_rows": 33, "n_sensor_rows": null, "driver_mean_fill": 30.833333333333332, "driver_share_zero": 0.60606060606060608, "sensor_mean_fill": null, "sensor_max_fill": null, "n_rotas": 0 }, "geometry": { "type": "Point", "coordinates": [ -8.938634, 39.338942 ] } },
{ "type": "Feature", "properties": { "cid": "27932", "plate": "P8309", "ctype": "AMBI", "vol": 2500, "fraction": "Embalagens de papel e cartão", "freguesia": "Rio Maior", "src_class": "driver_only", "n_driver_rows": 20, "n_sensor_rows": null, "driver_mean_fill": 27.5, "driver_share_zero": 0.65, "sensor_mean_fill": null, "sensor_max_fill": null, "n_rotas": 0 }, "geometry": { "type": "Point", "coordinates": [ -8.938678, 39.323569 ] } },
{ "type": "Feature", "properties": { "cid": "10742", "plate": "E3388", "ctype": "OVO", "vol": 2500, "fraction": "Mistura de embalagens", "freguesia": "Rio Maior", "src_class": "driver_only", "n_driver_rows": 15, "n_sensor_rows": null, "driver_mean_fill": 36.666666666666664, "driver_share_zero": 0.53333333333333333, "sensor_mean_fill": null, "sensor_max_fill": null, "n_rotas": 0 }, "geometry": { "type": "Point", "coordinates": [ -8.97825377491, 39.381350759500002 ] } },
{ "type": "Feature", "properties": { "cid": "11545", "plate": "E4213", "ctype": "OVO", "vol": 2500, "fraction": "Mistura de embalagens", "freguesia": "Rio Maior", "src_class": "driver_only", "n_driver_rows": 392, "n_sensor_rows": null, "driver_mean_fill": 39.450127877237854, "driver_share_zero": 0.46683673469387754, "sensor_mean_fill": null, "sensor_max_fill": null, "n_rotas": 1 }, "geometry": { "type": "Point", "coordinates": [ -8.948977, 39.319832 ] } },
{ "type": "Feature", "properties": { "cid": "12340", "plate": "E1485", "ctype": "OVO", "vol": 2500, "fraction": "Mistura de embalagens", "freguesia": "Arrouquelas", "src_class": "driver_only", "n_driver_rows": 248, "n_sensor_rows": null, "driver_mean_fill": 26.619433198380566, "driver_share_zero": 0.58870967741935487, "sensor_mean_fill": null, "sensor_max_fill": null, "n_rotas": 1 }, "geometry": { "type": "Point", "coordinates": [ -8.946885, 39.246647 ] } },
{ "type": "Feature", "properties": { "cid": "14328", "plate": "P5051", "ctype": "OVO", "vol": 2500, "fraction": "Embalagens de papel e cartão", "freguesia": "Rio Maior", "src_class": "driver_only", "n_driver_rows": 339, "n_sensor_rows": null, "driver_mean_fill": 35.281065088757394, "driver_share_zero": 0.50737463126843663, "sensor_mean_fill": null, "sensor_max_fill": null, "n_rotas": 1 }, "geometry": { "type": "Point", "coordinates": [ -8.988897618654111, 39.321613360165202 ] } },
{ "type": "Feature", "properties": { "cid": "18154", "plate": "V5668", "ctype": "OVO", "vol": 2500, "fraction": "Embalagens de Vidro", "freguesia": "União das freguesias de São João da Ribeira e Ribeira de São João", "src_class": "driver_only", "n_driver_rows": 137, "n_sensor_rows": null, "driver_mean_fill": 23.175182481751825, "driver_share_zero": 0.52554744525547448, "sensor_mean_fill": null, "sensor_max_fill": null, "n_rotas": 0 }, "geometry": { "type": "Point", "coordinates": [ -8.87083055555556, 39.304641666666697 ] } },
{ "type": "Feature", "properties": { "cid": "18718", "plate": "V5829", "ctype": "OVO", "vol": 2500, "fraction": "Embalagens de Vidro", "freguesia": "Fráguas", "src_class": "driver_only", "n_driver_rows": 37, "n_sensor_rows": null, "driver_mean_fill": 9.0277777777777786, "driver_share_zero": 0.7567567567567568, "sensor_mean_fill": null, "sensor_max_fill": null, "n_rotas": 0 }, "geometry": { "type": "Point", "coordinates": [ -8.857065729, 39.38714163 ] } },
{ "type": "Feature", "properties": { "cid": "18759", "plate": "E5847", "ctype": "OVO", "vol": 2500, "fraction": "Mistura de embalagens", "freguesia": "Alcobertas", "src_class": "driver_only", "n_driver_rows": 179, "n_sensor_rows": null, "driver_mean_fill": 42.737430167597765, "driver_share_zero": 0.46368715083798884, "sensor_mean_fill": null, "sensor_max_fill": null, "n_rotas": 0 }, "geometry": { "type": "Point", "coordinates": [ -8.89809631, 39.44467346 ] } },
{ "type": "Feature", "properties": { "cid": "20891", "plate": "E6155", "ctype": "VRL", "vol": 2500, "fraction": "Mistura de embalagens", "freguesia": "Rio Maior", "src_class": "driver_only", "n_driver_rows": 130, "n_sensor_rows": null, "driver_mean_fill": 46.730769230769234, "driver_share_zero": 0.46153846153846156, "sensor_mean_fill": null, "sensor_max_fill": null, "n_rotas": 0 }, "geometry": { "type": "Point", "coordinates": [ -8.934421666666671, 39.340005 ] } },
{ "type": "Feature", "properties": { "cid": "22103", "plate": "P6426", "ctype": "AMBI", "vol": 2500, "fraction": "Embalagens de papel e cartão", "freguesia": "Rio Maior", "src_class": "driver_only", "n_driver_rows": 81, "n_sensor_rows": null, "driver_mean_fill": 40.123456790123456, "driver_share_zero": 0.51851851851851849, "sensor_mean_fill": null, "sensor_max_fill": null, "n_rotas": 0 }, "geometry": { "type": "Point", "coordinates": [ -8.943275, 39.370408333333302 ] } },
{ "type": "Feature", "properties": { "cid": "27967", "plate": "V8049", "ctype": "AMBI", "vol": 2500, "fraction": "Embalagens de Vidro", "freguesia": "Rio Maior", "src_class": "driver_only", "n_driver_rows": 10, "n_sensor_rows": null, "driver_mean_fill": 5.0, "driver_share_zero": 0.8, "sensor_mean_fill": null, "sensor_max_fill": null, "n_rotas": 0 }, "geometry": { "type": "Point", "coordinates": [ -8.99101, 39.346224 ] } },
{ "type": "Feature", "properties": { "cid": "28965", "plate": "V6620", "ctype": "AMBI", "vol": 2500, "fraction": "Embalagens de Vidro", "freguesia": "Rio Maior", "src_class": "driver_only", "n_driver_rows": 7, "n_sensor_rows": null, "driver_mean_fill": 3.5714285714285716, "driver_share_zero": 0.8571428571428571, "sensor_mean_fill": null, "sensor_max_fill": null, "n_rotas": 0 }, "geometry": { "type": "Point", "coordinates": [ -8.93191722728, 39.340117596399999 ] } },
{ "type": "Feature", "properties": { "cid": "1857", "plate": "P0272", "ctype": "TITAN", "vol": 2500, "fraction": "Embalagens de papel e cartão", "freguesia": "Fráguas", "src_class": "driver_only", "n_driver_rows": 231, "n_sensor_rows": null, "driver_mean_fill": 29.653679653679653, "driver_share_zero": 0.52813852813852813, "sensor_mean_fill": null, "sensor_max_fill": null, "n_rotas": 1 }, "geometry": { "type": "Point", "coordinates": [ -8.85455706306, 39.377180209599999 ] } },
{ "type": "Feature", "properties": { "cid": "1861", "plate": "P0277", "ctype": "TITAN", "vol": 2500, "fraction": "Embalagens de papel e cartão", "freguesia": "Alcobertas", "src_class": "driver_only", "n_driver_rows": 47, "n_sensor_rows": null, "driver_mean_fill": 26.595744680851062, "driver_share_zero": 0.61702127659574468, "sensor_mean_fill": null, "sensor_max_fill": null, "n_rotas": 1 }, "geometry": { "type": "Point", "coordinates": [ -8.917219320559999, 39.4209947465 ] } },
{ "type": "Feature", "properties": { "cid": "2729", "plate": "P1757", "ctype": "OVO", "vol": 2500, "fraction": "Embalagens de papel e cartão", "freguesia": "Asseiceira", "src_class": "driver_only", "n_driver_rows": 371, "n_sensor_rows": null, "driver_mean_fill": 39.932432432432435, "driver_share_zero": 0.49056603773584906, "sensor_mean_fill": null, "sensor_max_fill": null, "n_rotas": 1 }, "geometry": { "type": "Point", "coordinates": [ -8.93448922126, 39.294030452299999 ] } },
{ "type": "Feature", "properties": { "cid": "5088", "plate": "V2461", "ctype": "OVO", "vol": 2500, "fraction": "Embalagens de Vidro", "freguesia": "Rio Maior", "src_class": "driver_only", "n_driver_rows": 379, "n_sensor_rows": null, "driver_mean_fill": 29.287598944591029, "driver_share_zero": 0.49076517150395776, "sensor_mean_fill": null, "sensor_max_fill": null, "n_rotas": 0 }, "geometry": { "type": "Point", "coordinates": [ -8.964155555555561, 39.370763888888902 ] } },
{ "type": "Feature", "properties": { "cid": "5393", "plate": "V2826", "ctype": "OVO", "vol": 2500, "fraction": "Embalagens de Vidro", "freguesia": "Rio Maior", "src_class": "driver_only", "n_driver_rows": 1002, "n_sensor_rows": null, "driver_mean_fill": 16.616766467065869, "driver_share_zero": 0.61177644710578838, "sensor_mean_fill": null, "sensor_max_fill": null, "n_rotas": 0 }, "geometry": { "type": "Point", "coordinates": [ -8.93403333333333, 39.342927777777803 ] } },
{ "type": "Feature", "properties": { "cid": "5507", "plate": "V3020", "ctype": "OVO", "vol": 2500, "fraction": "Embalagens de Vidro", "freguesia": "Rio Maior", "src_class": "driver_only", "n_driver_rows": 427, "n_sensor_rows": null, "driver_mean_fill": 13.758782201405152, "driver_share_zero": 0.66042154566744726, "sensor_mean_fill": null, "sensor_max_fill": null, "n_rotas": 0 }, "geometry": { "type": "Point", "coordinates": [ -8.933208333333329, 39.334058333333303 ] } },
{ "type": "Feature", "properties": { "cid": "6163", "plate": "V3307", "ctype": "OVO", "vol": 2500, "fraction": "Embalagens de Vidro", "freguesia": "Arrouquelas", "src_class": "driver_only", "n_driver_rows": 102, "n_sensor_rows": null, "driver_mean_fill": 22.549019607843139, "driver_share_zero": 0.62745098039215685, "sensor_mean_fill": null, "sensor_max_fill": null, "n_rotas": 0 }, "geometry": { "type": "Point", "coordinates": [ -8.894652777777781, 39.25655 ] } },
{ "type": "Feature", "properties": { "cid": "7051", "plate": "P2560", "ctype": "OVO", "vol": 2500, "fraction": "Embalagens de papel e cartão", "freguesia": "Rio Maior", "src_class": "driver_only", "n_driver_rows": 102, "n_sensor_rows": null, "driver_mean_fill": 35.294117647058826, "driver_share_zero": 0.5490196078431373, "sensor_mean_fill": null, "sensor_max_fill": null, "n_rotas": 1 }, "geometry": { "type": "Point", "coordinates": [ -8.923136482429999, 39.329995268899999 ] } },
{ "type": "Feature", "properties": { "cid": "7443", "plate": "V3606", "ctype": "OVO", "vol": 2500, "fraction": "Embalagens de Vidro", "freguesia": "Rio Maior", "src_class": "driver_only", "n_driver_rows": 422, "n_sensor_rows": null, "driver_mean_fill": 16.64691943127962, "driver_share_zero": 0.57345971563981046, "sensor_mean_fill": null, "sensor_max_fill": null, "n_rotas": 0 }, "geometry": { "type": "Point", "coordinates": [ -8.937169444444439, 39.335055555555599 ] } },
{ "type": "Feature", "properties": { "cid": "9192", "plate": "V4890", "ctype": "OVO", "vol": 2500, "fraction": "Embalagens de Vidro", "freguesia": "Rio Maior", "src_class": "driver_only", "n_driver_rows": 289, "n_sensor_rows": null, "driver_mean_fill": 21.626297577854672, "driver_share_zero": 0.52249134948096887, "sensor_mean_fill": null, "sensor_max_fill": null, "n_rotas": 0 }, "geometry": { "type": "Point", "coordinates": [ -8.948977, 39.319832 ] } },
{ "type": "Feature", "properties": { "cid": "9217", "plate": "V4915", "ctype": "OVO", "vol": 2500, "fraction": "Embalagens de Vidro", "freguesia": "União das freguesias de São João da Ribeira e Ribeira de São João", "src_class": "driver_only", "n_driver_rows": 235, "n_sensor_rows": null, "driver_mean_fill": 9.1489361702127656, "driver_share_zero": 0.76170212765957446, "sensor_mean_fill": null, "sensor_max_fill": null, "n_rotas": 0 }, "geometry": { "type": "Point", "coordinates": [ -8.892468, 39.286129 ] } },
{ "type": "Feature", "properties": { "cid": "9222", "plate": "V4920", "ctype": "OVO", "vol": 2500, "fraction": "Embalagens de Vidro", "freguesia": "São Sebastião", "src_class": "driver_only", "n_driver_rows": 151, "n_sensor_rows": null, "driver_mean_fill": 15.728476821192054, "driver_share_zero": 0.58278145695364236, "sensor_mean_fill": null, "sensor_max_fill": null, "n_rotas": 0 }, "geometry": { "type": "Point", "coordinates": [ -8.888933, 39.360901 ] } },
{ "type": "Feature", "properties": { "cid": "9240", "plate": "V4938", "ctype": "OVO", "vol": 2500, "fraction": "Embalagens de Vidro", "freguesia": "Rio Maior", "src_class": "driver_only", "n_driver_rows": 153, "n_sensor_rows": null, "driver_mean_fill": 9.9673202614379086, "driver_share_zero": 0.70588235294117652, "sensor_mean_fill": null, "sensor_max_fill": null, "n_rotas": 0 }, "geometry": { "type": "Point", "coordinates": [ -8.961622, 39.309921 ] } },
{ "type": "Feature", "properties": { "cid": "9241", "plate": "V4939", "ctype": "OVO", "vol": 2500, "fraction": "Embalagens de Vidro", "freguesia": "Rio Maior", "src_class": "driver_only", "n_driver_rows": 359, "n_sensor_rows": null, "driver_mean_fill": 7.1727019498607243, "driver_share_zero": 0.7325905292479109, "sensor_mean_fill": null, "sensor_max_fill": null, "n_rotas": 0 }, "geometry": { "type": "Point", "coordinates": [ -8.93514325, 39.34184293 ] } },
{ "type": "Feature", "properties": { "cid": "9257", "plate": "V4955", "ctype": "OVO", "vol": 2500, "fraction": "Embalagens de Vidro", "freguesia": "União das freguesias de São João da Ribeira e Ribeira de São João", "src_class": "driver_only", "n_driver_rows": 198, "n_sensor_rows": null, "driver_mean_fill": 13.383838383838384, "driver_share_zero": 0.64646464646464652, "sensor_mean_fill": null, "sensor_max_fill": null, "n_rotas": 0 }, "geometry": { "type": "Point", "coordinates": [ -8.883943, 39.283566 ] } },
{ "type": "Feature", "properties": { "cid": "9277", "plate": "V4975", "ctype": "OVO", "vol": 2500, "fraction": "Embalagens de Vidro", "freguesia": "União das freguesias de Marmeleira e Assentiz", "src_class": "driver_only", "n_driver_rows": 150, "n_sensor_rows": null, "driver_mean_fill": 11.666666666666666, "driver_share_zero": 0.6333333333333333, "sensor_mean_fill": null, "sensor_max_fill": null, "n_rotas": 0 }, "geometry": { "type": "Point", "coordinates": [ -8.82480565, 39.26294539 ] } },
{ "type": "Feature", "properties": { "cid": "9301", "plate": "V5000", "ctype": "OVO", "vol": 2500, "fraction": "Embalagens de Vidro", "freguesia": "União das freguesias de Marmeleira e Assentiz", "src_class": "driver_only", "n_driver_rows": 216, "n_sensor_rows": null, "driver_mean_fill": 19.560185185185187, "driver_share_zero": 0.55555555555555558, "sensor_mean_fill": null, "sensor_max_fill": null, "n_rotas": 0 }, "geometry": { "type": "Point", "coordinates": [ -8.835266666666669, 39.261791666666703 ] } },
{ "type": "Feature", "properties": { "cid": "9338", "plate": "V5037", "ctype": "OVO", "vol": 2500, "fraction": "Embalagens de Vidro", "freguesia": "Rio Maior", "src_class": "driver_only", "n_driver_rows": 606, "n_sensor_rows": null, "driver_mean_fill": 14.273927392739274, "driver_share_zero": 0.63531353135313529, "sensor_mean_fill": null, "sensor_max_fill": null, "n_rotas": 0 }, "geometry": { "type": "Point", "coordinates": [ -8.931752795, 39.33950551 ] } },
{ "type": "Feature", "properties": { "cid": "10090", "plate": "P3977", "ctype": "OVO", "vol": 2500, "fraction": "Embalagens de papel e cartão", "freguesia": "União das freguesias de Marmeleira e Assentiz", "src_class": "driver_only", "n_driver_rows": 276, "n_sensor_rows": null, "driver_mean_fill": 30.163043478260871, "driver_share_zero": 0.57246376811594202, "sensor_mean_fill": null, "sensor_max_fill": null, "n_rotas": 1 }, "geometry": { "type": "Point", "coordinates": [ -8.835266666666669, 39.261791666666703 ] } },
{ "type": "Feature", "properties": { "cid": "10128", "plate": "P4015", "ctype": "OVO", "vol": 2500, "fraction": "Embalagens de papel e cartão", "freguesia": "Rio Maior", "src_class": "driver_only", "n_driver_rows": 409, "n_sensor_rows": null, "driver_mean_fill": 33.43520782396088, "driver_share_zero": 0.5476772616136919, "sensor_mean_fill": null, "sensor_max_fill": null, "n_rotas": 1 }, "geometry": { "type": "Point", "coordinates": [ -8.947506614850001, 39.342890018299997 ] } },
{ "type": "Feature", "properties": { "cid": "10169", "plate": "P4056", "ctype": "OVO", "vol": 2500, "fraction": "Embalagens de papel e cartão", "freguesia": "Rio Maior", "src_class": "driver_only", "n_driver_rows": 716, "n_sensor_rows": null, "driver_mean_fill": 43.04195804195804, "driver_share_zero": 0.48324022346368717, "sensor_mean_fill": null, "sensor_max_fill": null, "n_rotas": 1 }, "geometry": { "type": "Point", "coordinates": [ -8.934345221159999, 39.339282756099998 ] } },
{ "type": "Feature", "properties": { "cid": "10175", "plate": "P4062", "ctype": "OVO", "vol": 2500, "fraction": "Embalagens de papel e cartão", "freguesia": "Rio Maior", "src_class": "driver_only", "n_driver_rows": 278, "n_sensor_rows": null, "driver_mean_fill": 33.723021582733814, "driver_share_zero": 0.53597122302158273, "sensor_mean_fill": null, "sensor_max_fill": null, "n_rotas": 1 }, "geometry": { "type": "Point", "coordinates": [ -8.923114, 39.357094 ] } },
{ "type": "Feature", "properties": { "cid": "20180", "plate": "E5908", "ctype": "OVO", "vol": 2500, "fraction": "Mistura de embalagens", "freguesia": "União das freguesias de Outeiro da Cortiçada e Arruda dos Pisões", "src_class": "driver_only", "n_driver_rows": 51, "n_sensor_rows": null, "driver_mean_fill": 33.333333333333336, "driver_share_zero": 0.56862745098039214, "sensor_mean_fill": null, "sensor_max_fill": null, "n_rotas": 0 }, "geometry": { "type": "Point", "coordinates": [ -8.828411111111111, 39.331011111111103 ] } },
{ "type": "Feature", "properties": { "cid": "13003", "plate": "E1331", "ctype": "OVO", "vol": 2500, "fraction": "Mistura de embalagens", "freguesia": "São Sebastião", "src_class": "driver_only", "n_driver_rows": 365, "n_sensor_rows": null, "driver_mean_fill": 44.642857142857146, "driver_share_zero": 0.45479452054794522, "sensor_mean_fill": null, "sensor_max_fill": null, "n_rotas": 1 }, "geometry": { "type": "Point", "coordinates": [ -8.89154444444444, 39.373413888888898 ] } },
{ "type": "Feature", "properties": { "cid": "13670", "plate": "P5016", "ctype": "OVO", "vol": 2500, "fraction": "Embalagens de papel e cartão", "freguesia": "Asseiceira", "src_class": "driver_only", "n_driver_rows": 343, "n_sensor_rows": null, "driver_mean_fill": 32.529239766081872, "driver_share_zero": 0.56268221574344024, "sensor_mean_fill": null, "sensor_max_fill": null, "n_rotas": 2 }, "geometry": { "type": "Point", "coordinates": [ -8.93451, 39.295681666666702 ] } },
{ "type": "Feature", "properties": { "cid": "16087", "plate": "P5266", "ctype": "OVO", "vol": 2500, "fraction": "Embalagens de papel e cartão", "freguesia": "Alcobertas", "src_class": "driver_only", "n_driver_rows": 265, "n_sensor_rows": null, "driver_mean_fill": 40.660377358490564, "driver_share_zero": 0.49056603773584906, "sensor_mean_fill": null, "sensor_max_fill": null, "n_rotas": 1 }, "geometry": { "type": "Point", "coordinates": [ -8.89809631, 39.44467346 ] } },
{ "type": "Feature", "properties": { "cid": "17672", "plate": "V5578", "ctype": "OVO", "vol": 2500, "fraction": "Embalagens de Vidro", "freguesia": "Rio Maior", "src_class": "driver_only", "n_driver_rows": 102, "n_sensor_rows": null, "driver_mean_fill": 15.196078431372548, "driver_share_zero": 0.63725490196078427, "sensor_mean_fill": null, "sensor_max_fill": null, "n_rotas": 0 }, "geometry": { "type": "Point", "coordinates": [ -8.92749722222222, 39.374152777777802 ] } },
{ "type": "Feature", "properties": { "cid": "21926", "plate": "E5967", "ctype": "OVO", "vol": 2500, "fraction": "Mistura de embalagens", "freguesia": "Rio Maior", "src_class": "driver_only", "n_driver_rows": 60, "n_sensor_rows": null, "driver_mean_fill": 33.333333333333336, "driver_share_zero": 0.56666666666666665, "sensor_mean_fill": null, "sensor_max_fill": null, "n_rotas": 0 }, "geometry": { "type": "Point", "coordinates": [ -8.909957, 39.296978 ] } },
{ "type": "Feature", "properties": { "cid": "26886", "plate": "V6502", "ctype": "AMBI", "vol": 2500, "fraction": "Embalagens de Vidro", "freguesia": "Arrouquelas", "src_class": "driver_only", "n_driver_rows": 19, "n_sensor_rows": null, "driver_mean_fill": 6.5789473684210522, "driver_share_zero": 0.73684210526315785, "sensor_mean_fill": null, "sensor_max_fill": null, "n_rotas": 0 }, "geometry": { "type": "Point", "coordinates": [ -8.89424333333333, 39.258176666666699 ] } },
{ "type": "Feature", "properties": { "cid": "463", "plate": "E0625 F", "ctype": "OVO", "vol": 2500, "fraction": "Mistura de embalagens", "freguesia": "Rio Maior", "src_class": "driver_only", "n_driver_rows": 16, "n_sensor_rows": null, "driver_mean_fill": 20.3125, "driver_share_zero": 0.5625, "sensor_mean_fill": null, "sensor_max_fill": null, "n_rotas": 1 }, "geometry": { "type": "Point", "coordinates": [ -8.949105808460001, 39.318133104799998 ] } },
{ "type": "Feature", "properties": { "cid": "1612", "plate": "E2346", "ctype": "OVO", "vol": 2500, "fraction": "Mistura de embalagens", "freguesia": "Rio Maior", "src_class": "driver_only", "n_driver_rows": 43, "n_sensor_rows": null, "driver_mean_fill": 41.860465116279073, "driver_share_zero": 0.44186046511627908, "sensor_mean_fill": null, "sensor_max_fill": null, "n_rotas": 1 }, "geometry": { "type": "Point", "coordinates": [ -8.89256944444444, 39.310486111111103 ] } },
{ "type": "Feature", "properties": { "cid": "1892", "plate": "P0315", "ctype": "TITAN", "vol": 2500, "fraction": "Embalagens de papel e cartão", "freguesia": "Rio Maior", "src_class": "driver_only", "n_driver_rows": 130, "n_sensor_rows": null, "driver_mean_fill": 19.03846153846154, "driver_share_zero": 0.66153846153846152, "sensor_mean_fill": null, "sensor_max_fill": null, "n_rotas": 1 }, "geometry": { "type": "Point", "coordinates": [ -8.92673888888889, 39.331627777777797 ] } },
{ "type": "Feature", "properties": { "cid": "2399", "plate": "P1139", "ctype": "OVO", "vol": 2500, "fraction": "Embalagens de papel e cartão", "freguesia": "Rio Maior", "src_class": "driver_only", "n_driver_rows": 28, "n_sensor_rows": null, "driver_mean_fill": 34.821428571428569, "driver_share_zero": 0.5, "sensor_mean_fill": null, "sensor_max_fill": null, "n_rotas": 1 }, "geometry": { "type": "Point", "coordinates": [ -8.98823888888889, 39.322141666666703 ] } },
{ "type": "Feature", "properties": { "cid": "3585", "plate": "V1236", "ctype": "OVO", "vol": 2500, "fraction": "Embalagens de Vidro", "freguesia": "Alcobertas", "src_class": "driver_only", "n_driver_rows": 249, "n_sensor_rows": null, "driver_mean_fill": 22.690763052208837, "driver_share_zero": 0.52610441767068272, "sensor_mean_fill": null, "sensor_max_fill": null, "n_rotas": 0 }, "geometry": { "type": "Point", "coordinates": [ -8.89809631, 39.44467346 ] } },
{ "type": "Feature", "properties": { "cid": "3619", "plate": "V0017", "ctype": "TITAN K", "vol": 2500, "fraction": "Embalagens de Vidro", "freguesia": "União das freguesias de São João da Ribeira e Ribeira de São João", "src_class": "driver_only", "n_driver_rows": 31, "n_sensor_rows": null, "driver_mean_fill": 17.741935483870968, "driver_share_zero": 0.61290322580645162, "sensor_mean_fill": null, "sensor_max_fill": null, "n_rotas": 0 }, "geometry": { "type": "Point", "coordinates": [ -8.86257636673, 39.281740163800002 ] } },
{ "type": "Feature", "properties": { "cid": "3635", "plate": "V0037", "ctype": "TITAN", "vol": 2500, "fraction": "Embalagens de Vidro", "freguesia": "Rio Maior", "src_class": "driver_only", "n_driver_rows": 253, "n_sensor_rows": null, "driver_mean_fill": 12.944664031620553, "driver_share_zero": 0.6324110671936759, "sensor_mean_fill": null, "sensor_max_fill": null, "n_rotas": 0 }, "geometry": { "type": "Point", "coordinates": [ -8.91234765425, 39.332629942600001 ] } },
{ "type": "Feature", "properties": { "cid": "4778", "plate": "V2068", "ctype": "OVO", "vol": 2500, "fraction": "Embalagens de Vidro", "freguesia": "Rio Maior", "src_class": "driver_only", "n_driver_rows": 226, "n_sensor_rows": null, "driver_mean_fill": 14.712389380530974, "driver_share_zero": 0.6415929203539823, "sensor_mean_fill": null, "sensor_max_fill": null, "n_rotas": 0 }, "geometry": { "type": "Point", "coordinates": [ -8.92712222222222, 39.355122222222199 ] } },
{ "type": "Feature", "properties": { "cid": "5936", "plate": "Sub_V0205", "ctype": "E BLUE BEE", "vol": 3000, "fraction": "Embalagens de Vidro", "freguesia": "Rio Maior", "src_class": "driver_only", "n_driver_rows": 520, "n_sensor_rows": null, "driver_mean_fill": 18.942307692307693, "driver_share_zero": 0.59615384615384615, "sensor_mean_fill": null, "sensor_max_fill": null, "n_rotas": 0 }, "geometry": { "type": "Point", "coordinates": [ -8.93573333333333, 39.336461111111099 ] } },
{ "type": "Feature", "properties": { "cid": "6214", "plate": "V3491", "ctype": "OVO", "vol": 2500, "fraction": "Embalagens de Vidro", "freguesia": "Asseiceira", "src_class": "driver_only", "n_driver_rows": 200, "n_sensor_rows": null, "driver_mean_fill": 14.25, "driver_share_zero": 0.59, "sensor_mean_fill": null, "sensor_max_fill": null, "n_rotas": 0 }, "geometry": { "type": "Point", "coordinates": [ -8.92219166666667, 39.299486111111101 ] } },
{ "type": "Feature", "properties": { "cid": "6927", "plate": "P2864", "ctype": "OVO", "vol": 2500, "fraction": "Embalagens de papel e cartão", "freguesia": "Rio Maior", "src_class": "driver_only", "n_driver_rows": 298, "n_sensor_rows": null, "driver_mean_fill": 33.808724832214764, "driver_share_zero": 0.51677852348993292, "sensor_mean_fill": null, "sensor_max_fill": null, "n_rotas": 2 }, "geometry": { "type": "Point", "coordinates": [ -8.93403333333333, 39.342927777777803 ] } },
{ "type": "Feature", "properties": { "cid": "7238", "plate": "V3519", "ctype": "OVO", "vol": 2500, "fraction": "Embalagens de Vidro", "freguesia": "União das freguesias de São João da Ribeira e Ribeira de São João", "src_class": "driver_only", "n_driver_rows": 390, "n_sensor_rows": null, "driver_mean_fill": 25.064102564102566, "driver_share_zero": 0.49743589743589745, "sensor_mean_fill": null, "sensor_max_fill": null, "n_rotas": 0 }, "geometry": { "type": "Point", "coordinates": [ -8.87933333333333, 39.28425 ] } },
{ "type": "Feature", "properties": { "cid": "7932", "plate": "V3727", "ctype": "VRL", "vol": 2500, "fraction": "Embalagens de Vidro", "freguesia": "Fráguas", "src_class": "driver_only", "n_driver_rows": 234, "n_sensor_rows": null, "driver_mean_fill": 22.756410256410255, "driver_share_zero": 0.55128205128205132, "sensor_mean_fill": null, "sensor_max_fill": null, "n_rotas": 0 }, "geometry": { "type": "Point", "coordinates": [ -8.85237897281, 39.368837993 ] } },
{ "type": "Feature", "properties": { "cid": "7940", "plate": "E3240", "ctype": "VRL", "vol": 2500, "fraction": "Mistura de embalagens", "freguesia": "Rio Maior", "src_class": "driver_only", "n_driver_rows": 571, "n_sensor_rows": null, "driver_mean_fill": 41.798245614035089, "driver_share_zero": 0.42556917688266199, "sensor_mean_fill": null, "sensor_max_fill": null, "n_rotas": 1 }, "geometry": { "type": "Point", "coordinates": [ -8.93236944444444, 39.337072222222197 ] } },
{ "type": "Feature", "properties": { "cid": "8157", "plate": "V3824", "ctype": "OVO", "vol": 2500, "fraction": "Embalagens de Vidro", "freguesia": "Rio Maior", "src_class": "driver_only", "n_driver_rows": 340, "n_sensor_rows": null, "driver_mean_fill": 15.147058823529411, "driver_share_zero": 0.62352941176470589, "sensor_mean_fill": null, "sensor_max_fill": null, "n_rotas": 0 }, "geometry": { "type": "Point", "coordinates": [ -8.974672222222219, 39.389930555555601 ] } },
{ "type": "Feature", "properties": { "cid": "9193", "plate": "V4891", "ctype": "OVO", "vol": 2500, "fraction": "Embalagens de Vidro", "freguesia": "Rio Maior", "src_class": "driver_only", "n_driver_rows": 181, "n_sensor_rows": null, "driver_mean_fill": 2.2099447513812156, "driver_share_zero": 0.92265193370165743, "sensor_mean_fill": null, "sensor_max_fill": null, "n_rotas": 0 }, "geometry": { "type": "Point", "coordinates": [ -8.923103, 39.314542 ] } },
{ "type": "Feature", "properties": { "cid": "9203", "plate": "V4901", "ctype": "OVO", "vol": 2500, "fraction": "Embalagens de Vidro", "freguesia": "Rio Maior", "src_class": "driver_only", "n_driver_rows": 285, "n_sensor_rows": null, "driver_mean_fill": 17.807017543859651, "driver_share_zero": 0.56140350877192979, "sensor_mean_fill": null, "sensor_max_fill": null, "n_rotas": 0 }, "geometry": { "type": "Point", "coordinates": [ -8.964113888888891, 39.361922222222198 ] } },
{ "type": "Feature", "properties": { "cid": "9211", "plate": "V4909", "ctype": "OVO", "vol": 2500, "fraction": "Embalagens de Vidro", "freguesia": "Alcobertas", "src_class": "driver_only", "n_driver_rows": 209, "n_sensor_rows": null, "driver_mean_fill": 18.899521531100479, "driver_share_zero": 0.56459330143540665, "sensor_mean_fill": null, "sensor_max_fill": null, "n_rotas": 0 }, "geometry": { "type": "Point", "coordinates": [ -8.903453282, 39.419968 ] } },
{ "type": "Feature", "properties": { "cid": "9245", "plate": "V4943", "ctype": "OVO", "vol": 2500, "fraction": "Embalagens de Vidro", "freguesia": "União das freguesias de Outeiro da Cortiçada e Arruda dos Pisões", "src_class": "driver_only", "n_driver_rows": 232, "n_sensor_rows": null, "driver_mean_fill": 25.538793103448278, "driver_share_zero": 0.49568965517241381, "sensor_mean_fill": null, "sensor_max_fill": null, "n_rotas": 0 }, "geometry": { "type": "Point", "coordinates": [ -8.799092607578951, 39.343518168828297 ] } },
{ "type": "Feature", "properties": { "cid": "9322", "plate": "V5021", "ctype": "OVO", "vol": 2500, "fraction": "Embalagens de Vidro", "freguesia": "União das freguesias de São João da Ribeira e Ribeira de São João", "src_class": "driver_only", "n_driver_rows": 338, "n_sensor_rows": null, "driver_mean_fill": 23.520710059171599, "driver_share_zero": 0.52366863905325445, "sensor_mean_fill": null, "sensor_max_fill": null, "n_rotas": 0 }, "geometry": { "type": "Point", "coordinates": [ -8.844844, 39.280624 ] } },
{ "type": "Feature", "properties": { "cid": "10126", "plate": "P4013", "ctype": "OVO", "vol": 2500, "fraction": "Embalagens de papel e cartão", "freguesia": "Rio Maior", "src_class": "driver_only", "n_driver_rows": 879, "n_sensor_rows": null, "driver_mean_fill": 44.368600682593858, "driver_share_zero": 0.49943117178612056, "sensor_mean_fill": null, "sensor_max_fill": null, "n_rotas": 1 }, "geometry": { "type": "Point", "coordinates": [ -8.931752795, 39.33950551 ] } },
{ "type": "Feature", "properties": { "cid": "10330", "plate": "P4218", "ctype": "OVO", "vol": 2500, "fraction": "Embalagens de papel e cartão", "freguesia": "Fráguas", "src_class": "driver_only", "n_driver_rows": 260, "n_sensor_rows": null, "driver_mean_fill": 27.692307692307693, "driver_share_zero": 0.57307692307692304, "sensor_mean_fill": null, "sensor_max_fill": null, "n_rotas": 3 }, "geometry": { "type": "Point", "coordinates": [ -8.85796666666667, 39.3826305555556 ] } },
{ "type": "Feature", "properties": { "cid": "3524", "plate": "V1996", "ctype": "METALICO-Não USAR", "vol": 3000, "fraction": "Embalagens de Vidro", "freguesia": "Rio Maior", "src_class": "driver_only", "n_driver_rows": 164, "n_sensor_rows": null, "driver_mean_fill": 15.396341463414634, "driver_share_zero": 0.57926829268292679, "sensor_mean_fill": null, "sensor_max_fill": null, "n_rotas": 0 }, "geometry": { "type": "Point", "coordinates": [ -8.97574166666667, 39.348694444444398 ] } },
{ "type": "Feature", "properties": { "cid": "7250", "plate": "P2960", "ctype": "OVO", "vol": 2500, "fraction": "Embalagens de papel e cartão", "freguesia": "Rio Maior", "src_class": "driver_only", "n_driver_rows": 119, "n_sensor_rows": null, "driver_mean_fill": 23.319327731092436, "driver_share_zero": 0.6386554621848739, "sensor_mean_fill": null, "sensor_max_fill": null, "n_rotas": 1 }, "geometry": { "type": "Point", "coordinates": [ -8.94275833333333, 39.324922222222199 ] } },
{ "type": "Feature", "properties": { "cid": "28619", "plate": "V6569", "ctype": "AMBI", "vol": 2500, "fraction": "Embalagens de Vidro", "freguesia": "Rio Maior", "src_class": "driver_only", "n_driver_rows": 5, "n_sensor_rows": null, "driver_mean_fill": 0.0, "driver_share_zero": 1.0, "sensor_mean_fill": null, "sensor_max_fill": null, "n_rotas": 0 }, "geometry": { "type": "Point", "coordinates": [ -8.937319444444441, 39.337894444444402 ] } },
{ "type": "Feature", "properties": { "cid": "10156", "plate": "P4043", "ctype": "OVO", "vol": 2500, "fraction": "Embalagens de papel e cartão", "freguesia": "União das freguesias de São João da Ribeira e Ribeira de São João", "src_class": "driver_only", "n_driver_rows": 18, "n_sensor_rows": null, "driver_mean_fill": 27.777777777777779, "driver_share_zero": 0.55555555555555558, "sensor_mean_fill": null, "sensor_max_fill": null, "n_rotas": 1 }, "geometry": { "type": "Point", "coordinates": [ -8.85998333333333, 39.280436111111101 ] } },
{ "type": "Feature", "properties": { "cid": "28620", "plate": "V6570", "ctype": "AMBI", "vol": 2500, "fraction": "Embalagens de Vidro", "freguesia": "Rio Maior", "src_class": "driver_only", "n_driver_rows": 6, "n_sensor_rows": null, "driver_mean_fill": 8.3333333333333339, "driver_share_zero": 0.66666666666666663, "sensor_mean_fill": null, "sensor_max_fill": null, "n_rotas": 0 }, "geometry": { "type": "Point", "coordinates": [ -8.934248463912869, 39.335261726098402 ] } },
{ "type": "Feature", "properties": { "cid": "11552", "plate": "E4220", "ctype": "OVO", "vol": 2500, "fraction": "Mistura de embalagens", "freguesia": "Rio Maior", "src_class": "driver_only", "n_driver_rows": 316, "n_sensor_rows": null, "driver_mean_fill": 21.587301587301589, "driver_share_zero": 0.61708860759493667, "sensor_mean_fill": null, "sensor_max_fill": null, "n_rotas": 1 }, "geometry": { "type": "Point", "coordinates": [ -8.935986111111109, 39.335891666666697 ] } },
{ "type": "Feature", "properties": { "cid": "11982", "plate": "V3804", "ctype": "VRL", "vol": 2500, "fraction": "Embalagens de Vidro", "freguesia": "Rio Maior", "src_class": "driver_only", "n_driver_rows": 500, "n_sensor_rows": null, "driver_mean_fill": 17.8, "driver_share_zero": 0.558, "sensor_mean_fill": null, "sensor_max_fill": null, "n_rotas": 0 }, "geometry": { "type": "Point", "coordinates": [ -8.93434722222222, 39.337366666666703 ] } },
{ "type": "Feature", "properties": { "cid": "12337", "plate": "V5198", "ctype": "OVO", "vol": 2500, "fraction": "Embalagens de Vidro", "freguesia": "Asseiceira", "src_class": "driver_only", "n_driver_rows": 207, "n_sensor_rows": null, "driver_mean_fill": 16.425120772946858, "driver_share_zero": 0.5748792270531401, "sensor_mean_fill": null, "sensor_max_fill": null, "n_rotas": 0 }, "geometry": { "type": "Point", "coordinates": [ -8.93258055555556, 39.2957527777778 ] } },
{ "type": "Feature", "properties": { "cid": "12349", "plate": "P0716", "ctype": "OVO", "vol": 2500, "fraction": "Embalagens de papel e cartão", "freguesia": "Arrouquelas", "src_class": "driver_only", "n_driver_rows": 250, "n_sensor_rows": null, "driver_mean_fill": 26.4, "driver_share_zero": 0.592, "sensor_mean_fill": null, "sensor_max_fill": null, "n_rotas": 2 }, "geometry": { "type": "Point", "coordinates": [ -8.946885, 39.246647 ] } },
{ "type": "Feature", "properties": { "cid": "12354", "plate": "P0808", "ctype": "OVO", "vol": 2500, "fraction": "Embalagens de papel e cartão", "freguesia": "Asseiceira", "src_class": "driver_only", "n_driver_rows": 283, "n_sensor_rows": null, "driver_mean_fill": 32.918149466192169, "driver_share_zero": 0.55830388692579502, "sensor_mean_fill": null, "sensor_max_fill": null, "n_rotas": 1 }, "geometry": { "type": "Point", "coordinates": [ -8.93258055555556, 39.2957527777778 ] } },
{ "type": "Feature", "properties": { "cid": "12710", "plate": "P4911", "ctype": "OVO", "vol": 2500, "fraction": "Embalagens de papel e cartão", "freguesia": "Arrouquelas", "src_class": "driver_only", "n_driver_rows": 824, "n_sensor_rows": null, "driver_mean_fill": 43.598300970873787, "driver_share_zero": 0.48058252427184467, "sensor_mean_fill": null, "sensor_max_fill": null, "n_rotas": 3 }, "geometry": { "type": "Point", "coordinates": [ -8.891428, 39.260144 ] } },
{ "type": "Feature", "properties": { "cid": "12838", "plate": "P4835", "ctype": "OVO", "vol": 2500, "fraction": "Embalagens de papel e cartão", "freguesia": "União das freguesias de São João da Ribeira e Ribeira de São João", "src_class": "driver_only", "n_driver_rows": 312, "n_sensor_rows": null, "driver_mean_fill": 27.804487179487179, "driver_share_zero": 0.60256410256410253, "sensor_mean_fill": null, "sensor_max_fill": null, "n_rotas": 1 }, "geometry": { "type": "Point", "coordinates": [ -8.851741666666671, 39.281638888888899 ] } },
{ "type": "Feature", "properties": { "cid": "18100", "plate": "P5853", "ctype": "OVO", "vol": 2500, "fraction": "Embalagens de papel e cartão", "freguesia": "União das freguesias de São João da Ribeira e Ribeira de São João", "src_class": "driver_only", "n_driver_rows": 212, "n_sensor_rows": null, "driver_mean_fill": 33.136792452830186, "driver_share_zero": 0.58490566037735847, "sensor_mean_fill": null, "sensor_max_fill": null, "n_rotas": 0 }, "geometry": { "type": "Point", "coordinates": [ -8.851741666666671, 39.281638888888899 ] } },
{ "type": "Feature", "properties": { "cid": "18679", "plate": "V5833", "ctype": "OVO", "vol": 2500, "fraction": "Embalagens de Vidro", "freguesia": "Rio Maior", "src_class": "driver_only", "n_driver_rows": 101, "n_sensor_rows": null, "driver_mean_fill": 12.871287128712872, "driver_share_zero": 0.65346534653465349, "sensor_mean_fill": null, "sensor_max_fill": null, "n_rotas": 0 }, "geometry": { "type": "Point", "coordinates": [ -8.93199166666667, 39.342252777777801 ] } },
{ "type": "Feature", "properties": { "cid": "22005", "plate": "E6194", "ctype": "AMBI", "vol": 2500, "fraction": "Mistura de embalagens", "freguesia": "Rio Maior", "src_class": "driver_only", "n_driver_rows": 66, "n_sensor_rows": null, "driver_mean_fill": 34.090909090909093, "driver_share_zero": 0.56060606060606055, "sensor_mean_fill": null, "sensor_max_fill": null, "n_rotas": 0 }, "geometry": { "type": "Point", "coordinates": [ -8.988897618654111, 39.321613360165202 ] } },
{ "type": "Feature", "properties": { "cid": "1712", "plate": "P0049", "ctype": "TITAN K", "vol": 2500, "fraction": "Embalagens de papel e cartão", "freguesia": "União das freguesias de Marmeleira e Assentiz", "src_class": "driver_only", "n_driver_rows": 61, "n_sensor_rows": null, "driver_mean_fill": 22.950819672131146, "driver_share_zero": 0.65573770491803274, "sensor_mean_fill": null, "sensor_max_fill": null, "n_rotas": 1 }, "geometry": { "type": "Point", "coordinates": [ -8.86144981184, 39.255285970099997 ] } },
{ "type": "Feature", "properties": { "cid": "1830", "plate": "P0226", "ctype": "TITAN", "vol": 2500, "fraction": "Embalagens de papel e cartão", "freguesia": "Rio Maior", "src_class": "driver_only", "n_driver_rows": 112, "n_sensor_rows": null, "driver_mean_fill": 10.714285714285714, "driver_share_zero": 0.7142857142857143, "sensor_mean_fill": null, "sensor_max_fill": null, "n_rotas": 1 }, "geometry": { "type": "Point", "coordinates": [ -8.91234765425, 39.332629942600001 ] } },
{ "type": "Feature", "properties": { "cid": "3867", "plate": "V0405", "ctype": "TITAN", "vol": 2500, "fraction": "Embalagens de Vidro", "freguesia": "Alcobertas", "src_class": "driver_only", "n_driver_rows": 192, "n_sensor_rows": null, "driver_mean_fill": 13.541666666666666, "driver_share_zero": 0.609375, "sensor_mean_fill": null, "sensor_max_fill": null, "n_rotas": 0 }, "geometry": { "type": "Point", "coordinates": [ -8.906882758429999, 39.419025698900001 ] } },
{ "type": "Feature", "properties": { "cid": "4621", "plate": "V1592", "ctype": "OVO S", "vol": 2500, "fraction": "Embalagens de Vidro", "freguesia": "Asseiceira", "src_class": "driver_only", "n_driver_rows": 366, "n_sensor_rows": null, "driver_mean_fill": 21.243169398907103, "driver_share_zero": 0.57103825136612019, "sensor_mean_fill": null, "sensor_max_fill": null, "n_rotas": 0 }, "geometry": { "type": "Point", "coordinates": [ -8.928543321299999, 39.299679439199998 ] } },
{ "type": "Feature", "properties": { "cid": "4648", "plate": "V1713", "ctype": "OVO S", "vol": 2500, "fraction": "Embalagens de Vidro", "freguesia": "Rio Maior", "src_class": "driver_only", "n_driver_rows": 203, "n_sensor_rows": null, "driver_mean_fill": 13.423645320197044, "driver_share_zero": 0.61083743842364535, "sensor_mean_fill": null, "sensor_max_fill": null, "n_rotas": 0 }, "geometry": { "type": "Point", "coordinates": [ -8.90917245965, 39.2891829358 ] } },
{ "type": "Feature", "properties": { "cid": "7939", "plate": "E3238", "ctype": "VRL", "vol": 2500, "fraction": "Mistura de embalagens", "freguesia": "Fráguas", "src_class": "driver_only", "n_driver_rows": 306, "n_sensor_rows": null, "driver_mean_fill": 41.803278688524593, "driver_share_zero": 0.41176470588235292, "sensor_mean_fill": null, "sensor_max_fill": null, "n_rotas": 1 }, "geometry": { "type": "Point", "coordinates": [ -8.85237897281, 39.368837993 ] } },
{ "type": "Feature", "properties": { "cid": "9190", "plate": "V4888", "ctype": "OVO", "vol": 2500, "fraction": "Embalagens de Vidro", "freguesia": "Rio Maior", "src_class": "driver_only", "n_driver_rows": 185, "n_sensor_rows": null, "driver_mean_fill": 8.7837837837837842, "driver_share_zero": 0.71351351351351355, "sensor_mean_fill": null, "sensor_max_fill": null, "n_rotas": 0 }, "geometry": { "type": "Point", "coordinates": [ -8.94503666666667, 39.329025 ] } },
{ "type": "Feature", "properties": { "cid": "9195", "plate": "V4893", "ctype": "OVO", "vol": 2500, "fraction": "Embalagens de Vidro", "freguesia": "Rio Maior", "src_class": "driver_only", "n_driver_rows": 459, "n_sensor_rows": null, "driver_mean_fill": 13.77995642701525, "driver_share_zero": 0.65359477124183007, "sensor_mean_fill": null, "sensor_max_fill": null, "n_rotas": 0 }, "geometry": { "type": "Point", "coordinates": [ -8.936268, 39.338808 ] } },
{ "type": "Feature", "properties": { "cid": "9200", "plate": "V4898", "ctype": "OVO", "vol": 2500, "fraction": "Embalagens de Vidro", "freguesia": "Rio Maior", "src_class": "driver_only", "n_driver_rows": 245, "n_sensor_rows": null, "driver_mean_fill": 15.102040816326531, "driver_share_zero": 0.63673469387755099, "sensor_mean_fill": null, "sensor_max_fill": null, "n_rotas": 0 }, "geometry": { "type": "Point", "coordinates": [ -8.98203724, 39.31969908 ] } },
{ "type": "Feature", "properties": { "cid": "9209", "plate": "V4907", "ctype": "OVO", "vol": 2500, "fraction": "Embalagens de Vidro", "freguesia": "Alcobertas", "src_class": "driver_only", "n_driver_rows": 152, "n_sensor_rows": null, "driver_mean_fill": 13.815789473684211, "driver_share_zero": 0.64473684210526316, "sensor_mean_fill": null, "sensor_max_fill": null, "n_rotas": 0 }, "geometry": { "type": "Point", "coordinates": [ -8.90380461, 39.42427073 ] } },
{ "type": "Feature", "properties": { "cid": "9252", "plate": "V4950", "ctype": "OVO", "vol": 2500, "fraction": "Embalagens de Vidro", "freguesia": "Rio Maior", "src_class": "driver_only", "n_driver_rows": 403, "n_sensor_rows": null, "driver_mean_fill": 6.9478908188585606, "driver_share_zero": 0.77171215880893296, "sensor_mean_fill": null, "sensor_max_fill": null, "n_rotas": 0 }, "geometry": { "type": "Point", "coordinates": [ -8.941135, 39.333741 ] } },
{ "type": "Feature", "properties": { "cid": "9263", "plate": "V4961", "ctype": "OVO", "vol": 2500, "fraction": "Embalagens de Vidro", "freguesia": "Rio Maior", "src_class": "driver_only", "n_driver_rows": 506, "n_sensor_rows": null, "driver_mean_fill": 12.895256916996047, "driver_share_zero": 0.72924901185770752, "sensor_mean_fill": null, "sensor_max_fill": null, "n_rotas": 0 }, "geometry": { "type": "Point", "coordinates": [ -8.93626434, 39.33829482 ] } },
{ "type": "Feature", "properties": { "cid": "9270", "plate": "V4968", "ctype": "OVO", "vol": 2500, "fraction": "Embalagens de Vidro", "freguesia": "Rio Maior", "src_class": "driver_only", "n_driver_rows": 255, "n_sensor_rows": null, "driver_mean_fill": 18.921568627450981, "driver_share_zero": 0.57647058823529407, "sensor_mean_fill": null, "sensor_max_fill": null, "n_rotas": 0 }, "geometry": { "type": "Point", "coordinates": [ -8.94605, 39.364 ] } },
{ "type": "Feature", "properties": { "cid": "9273", "plate": "V4971", "ctype": "OVO", "vol": 2500, "fraction": "Embalagens de Vidro", "freguesia": "União das freguesias de Marmeleira e Assentiz", "src_class": "driver_only", "n_driver_rows": 201, "n_sensor_rows": null, "driver_mean_fill": 15.547263681592041, "driver_share_zero": 0.59701492537313428, "sensor_mean_fill": null, "sensor_max_fill": null, "n_rotas": 0 }, "geometry": { "type": "Point", "coordinates": [ -8.833633, 39.263481 ] } },
{ "type": "Feature", "properties": { "cid": "9275", "plate": "V4973", "ctype": "OVO", "vol": 2500, "fraction": "Embalagens de Vidro", "freguesia": "Rio Maior", "src_class": "driver_only", "n_driver_rows": 241, "n_sensor_rows": null, "driver_mean_fill": 15.04149377593361, "driver_share_zero": 0.65145228215767637, "sensor_mean_fill": null, "sensor_max_fill": null, "n_rotas": 0 }, "geometry": { "type": "Point", "coordinates": [ -8.94398055555556, 39.3188666666667 ] } },
{ "type": "Feature", "properties": { "cid": "9418", "plate": "P3291", "ctype": "OVO", "vol": 2500, "fraction": "Embalagens de papel e cartão", "freguesia": "Rio Maior", "src_class": "driver_only", "n_driver_rows": 508, "n_sensor_rows": null, "driver_mean_fill": 44.094488188976378, "driver_share_zero": 0.45472440944881892, "sensor_mean_fill": null, "sensor_max_fill": null, "n_rotas": 1 }, "geometry": { "type": "Point", "coordinates": [ -8.98203724, 39.31969908 ] } },
{ "type": "Feature", "properties": { "cid": "1877", "plate": "P0297", "ctype": "TITAN", "vol": 2500, "fraction": "Embalagens de papel e cartão", "freguesia": "Rio Maior", "src_class": "driver_only", "n_driver_rows": 26, "n_sensor_rows": null, "driver_mean_fill": 12.5, "driver_share_zero": 0.61538461538461542, "sensor_mean_fill": null, "sensor_max_fill": null, "n_rotas": 1 }, "geometry": { "type": "Point", "coordinates": [ -8.93800762645, 39.328944047100002 ] } },
{ "type": "Feature", "properties": { "cid": "11812", "plate": "E4484", "ctype": "OVO", "vol": 2500, "fraction": "Mistura de embalagens", "freguesia": "Rio Maior", "src_class": "driver_only", "n_driver_rows": 335, "n_sensor_rows": null, "driver_mean_fill": 33.832335329341319, "driver_share_zero": 0.5104477611940299, "sensor_mean_fill": null, "sensor_max_fill": null, "n_rotas": 1 }, "geometry": { "type": "Point", "coordinates": [ -8.94398055555556, 39.3188666666667 ] } },
{ "type": "Feature", "properties": { "cid": "11985", "plate": "V3799", "ctype": "VRL", "vol": 2500, "fraction": "Embalagens de Vidro", "freguesia": "Rio Maior", "src_class": "driver_only", "n_driver_rows": 336, "n_sensor_rows": null, "driver_mean_fill": 13.764880952380953, "driver_share_zero": 0.625, "sensor_mean_fill": null, "sensor_max_fill": null, "n_rotas": 0 }, "geometry": { "type": "Point", "coordinates": [ -8.94508888888889, 39.338858333333299 ] } },
{ "type": "Feature", "properties": { "cid": "12788", "plate": "P4773", "ctype": "OVO", "vol": 2500, "fraction": "Embalagens de papel e cartão", "freguesia": "Rio Maior", "src_class": "driver_only", "n_driver_rows": 608, "n_sensor_rows": null, "driver_mean_fill": 39.226973684210527, "driver_share_zero": 0.50657894736842102, "sensor_mean_fill": null, "sensor_max_fill": null, "n_rotas": 2 }, "geometry": { "type": "Point", "coordinates": [ -8.937657, 39.340913 ] } },
{ "type": "Feature", "properties": { "cid": "13559", "plate": "E5098", "ctype": "OVO", "vol": 2500, "fraction": "Mistura de embalagens", "freguesia": "Rio Maior", "src_class": "driver_only", "n_driver_rows": 648, "n_sensor_rows": null, "driver_mean_fill": 51.584234930448225, "driver_share_zero": 0.41512345679012347, "sensor_mean_fill": null, "sensor_max_fill": null, "n_rotas": 1 }, "geometry": { "type": "Point", "coordinates": [ -8.947506614850001, 39.342890018299997 ] } },
{ "type": "Feature", "properties": { "cid": "16357", "plate": "P5359", "ctype": "OVO", "vol": 2500, "fraction": "Embalagens de papel e cartão", "freguesia": "Rio Maior", "src_class": "driver_only", "n_driver_rows": 648, "n_sensor_rows": null, "driver_mean_fill": 47.372488408037093, "driver_share_zero": 0.45370370370370372, "sensor_mean_fill": null, "sensor_max_fill": null, "n_rotas": 1 }, "geometry": { "type": "Point", "coordinates": [ -8.923136482429999, 39.329995268899999 ] } },
{ "type": "Feature", "properties": { "cid": "340", "plate": "E0465", "ctype": "TITAN", "vol": 2500, "fraction": "Mistura de embalagens", "freguesia": "Rio Maior", "src_class": "driver_only", "n_driver_rows": 370, "n_sensor_rows": null, "driver_mean_fill": 30.0, "driver_share_zero": 0.572972972972973, "sensor_mean_fill": null, "sensor_max_fill": null, "n_rotas": 1 }, "geometry": { "type": "Point", "coordinates": [ -8.939725, 39.341097222222203 ] } },
{ "type": "Feature", "properties": { "cid": "994", "plate": "E1562", "ctype": "OVO S", "vol": 2500, "fraction": "Mistura de embalagens", "freguesia": "Rio Maior", "src_class": "driver_only", "n_driver_rows": 293, "n_sensor_rows": null, "driver_mean_fill": 26.535836177474401, "driver_share_zero": 0.57337883959044367, "sensor_mean_fill": null, "sensor_max_fill": null, "n_rotas": 1 }, "geometry": { "type": "Point", "coordinates": [ -8.92712222222222, 39.355122222222199 ] } },
{ "type": "Feature", "properties": { "cid": "2501", "plate": "P1266", "ctype": "OVO S", "vol": 2500, "fraction": "Embalagens de papel e cartão", "freguesia": "Arrouquelas", "src_class": "driver_only", "n_driver_rows": 475, "n_sensor_rows": null, "driver_mean_fill": 42.684210526315788, "driver_share_zero": 0.48842105263157892, "sensor_mean_fill": null, "sensor_max_fill": null, "n_rotas": 2 }, "geometry": { "type": "Point", "coordinates": [ -8.89724778177, 39.2571155706 ] } },
{ "type": "Feature", "properties": { "cid": "4958", "plate": "V2315", "ctype": "OVO", "vol": 2500, "fraction": "Embalagens de Vidro", "freguesia": "Asseiceira", "src_class": "driver_only", "n_driver_rows": 290, "n_sensor_rows": null, "driver_mean_fill": 18.362068965517242, "driver_share_zero": 0.54482758620689653, "sensor_mean_fill": null, "sensor_max_fill": null, "n_rotas": 0 }, "geometry": { "type": "Point", "coordinates": [ -8.93451, 39.295681666666702 ] } },
{ "type": "Feature", "properties": { "cid": "4974", "plate": "V2332", "ctype": "OVO", "vol": 2500, "fraction": "Embalagens de Vidro", "freguesia": "Rio Maior", "src_class": "driver_only", "n_driver_rows": 254, "n_sensor_rows": null, "driver_mean_fill": 21.062992125984252, "driver_share_zero": 0.51574803149606296, "sensor_mean_fill": null, "sensor_max_fill": null, "n_rotas": 0 }, "geometry": { "type": "Point", "coordinates": [ -8.960122222222219, 39.3109416666667 ] } },
{ "type": "Feature", "properties": { "cid": "5934", "plate": "Sub_P0161", "ctype": "E BLUE BEE", "vol": 5000, "fraction": "Embalagens de papel e cartão", "freguesia": "Rio Maior", "src_class": "driver_only", "n_driver_rows": 803, "n_sensor_rows": null, "driver_mean_fill": 42.892768079800497, "driver_share_zero": 0.48443337484433374, "sensor_mean_fill": null, "sensor_max_fill": null, "n_rotas": 1 }, "geometry": { "type": "Point", "coordinates": [ -8.933452777777781, 39.336461111111099 ] } },
{ "type": "Feature", "properties": { "cid": "6235", "plate": "V3246", "ctype": "OVO", "vol": 2500, "fraction": "Embalagens de Vidro", "freguesia": "União das freguesias de Outeiro da Cortiçada e Arruda dos Pisões", "src_class": "driver_only", "n_driver_rows": 185, "n_sensor_rows": null, "driver_mean_fill": 17.432432432432432, "driver_share_zero": 0.61621621621621625, "sensor_mean_fill": null, "sensor_max_fill": null, "n_rotas": 0 }, "geometry": { "type": "Point", "coordinates": [ -8.832173394105791, 39.3469400316514 ] } },
{ "type": "Feature", "properties": { "cid": "6912", "plate": "P2906", "ctype": "OVO", "vol": 2500, "fraction": "Embalagens de papel e cartão", "freguesia": "Alcobertas", "src_class": "driver_only", "n_driver_rows": 363, "n_sensor_rows": null, "driver_mean_fill": 33.608815426997246, "driver_share_zero": 0.5757575757575758, "sensor_mean_fill": null, "sensor_max_fill": null, "n_rotas": 1 }, "geometry": { "type": "Point", "coordinates": [ -8.90111111111111, 39.420397222222199 ] } },
{ "type": "Feature", "properties": { "cid": "7734", "plate": "V2460", "ctype": "OVO", "vol": 2500, "fraction": "Embalagens de Vidro", "freguesia": "Fráguas", "src_class": "driver_only", "n_driver_rows": 184, "n_sensor_rows": null, "driver_mean_fill": 18.614130434782609, "driver_share_zero": 0.57065217391304346, "sensor_mean_fill": null, "sensor_max_fill": null, "n_rotas": 0 }, "geometry": { "type": "Point", "coordinates": [ -8.85796666666667, 39.3826305555556 ] } },
{ "type": "Feature", "properties": { "cid": "9218", "plate": "V4916", "ctype": "OVO", "vol": 2500, "fraction": "Embalagens de Vidro", "freguesia": "São Sebastião", "src_class": "driver_only", "n_driver_rows": 154, "n_sensor_rows": null, "driver_mean_fill": 16.071428571428573, "driver_share_zero": 0.61688311688311692, "sensor_mean_fill": null, "sensor_max_fill": null, "n_rotas": 0 }, "geometry": { "type": "Point", "coordinates": [ -8.88933611111111, 39.375075 ] } },
{ "type": "Feature", "properties": { "cid": "9221", "plate": "V4919", "ctype": "OVO", "vol": 2500, "fraction": "Embalagens de Vidro", "freguesia": "São Sebastião", "src_class": "driver_only", "n_driver_rows": 194, "n_sensor_rows": null, "driver_mean_fill": 12.757731958762887, "driver_share_zero": 0.69587628865979378, "sensor_mean_fill": null, "sensor_max_fill": null, "n_rotas": 0 }, "geometry": { "type": "Point", "coordinates": [ -8.89533611111111, 39.35375 ] } },
{ "type": "Feature", "properties": { "cid": "9243", "plate": "V4941", "ctype": "OVO", "vol": 2500, "fraction": "Embalagens de Vidro", "freguesia": "União das freguesias de São João da Ribeira e Ribeira de São João", "src_class": "driver_only", "n_driver_rows": 139, "n_sensor_rows": null, "driver_mean_fill": 10.431654676258994, "driver_share_zero": 0.70503597122302153, "sensor_mean_fill": null, "sensor_max_fill": null, "n_rotas": 0 }, "geometry": { "type": "Point", "coordinates": [ -8.85312222222222, 39.292311111111097 ] } },
{ "type": "Feature", "properties": { "cid": "9261", "plate": "V4959", "ctype": "OVO", "vol": 2500, "fraction": "Embalagens de Vidro", "freguesia": "Rio Maior", "src_class": "driver_only", "n_driver_rows": 182, "n_sensor_rows": null, "driver_mean_fill": 13.049450549450549, "driver_share_zero": 0.63736263736263732, "sensor_mean_fill": null, "sensor_max_fill": null, "n_rotas": 0 }, "geometry": { "type": "Point", "coordinates": [ -8.909957, 39.296978 ] } },
{ "type": "Feature", "properties": { "cid": "9264", "plate": "V4962", "ctype": "OVO", "vol": 2500, "fraction": "Embalagens de Vidro", "freguesia": "Rio Maior", "src_class": "driver_only", "n_driver_rows": 208, "n_sensor_rows": null, "driver_mean_fill": 10.216346153846153, "driver_share_zero": 0.70192307692307687, "sensor_mean_fill": null, "sensor_max_fill": null, "n_rotas": 0 }, "geometry": { "type": "Point", "coordinates": [ -8.940211111111109, 39.332019444444398 ] } },
{ "type": "Feature", "properties": { "cid": "9299", "plate": "V4998", "ctype": "OVO", "vol": 2500, "fraction": "Embalagens de Vidro", "freguesia": "União das freguesias de Marmeleira e Assentiz", "src_class": "driver_only", "n_driver_rows": 234, "n_sensor_rows": null, "driver_mean_fill": 16.880341880341881, "driver_share_zero": 0.5854700854700855, "sensor_mean_fill": null, "sensor_max_fill": null, "n_rotas": 0 }, "geometry": { "type": "Point", "coordinates": [ -8.86728287, 39.25353454 ] } },
{ "type": "Feature", "properties": { "cid": "9306", "plate": "V5005", "ctype": "OVO", "vol": 2500, "fraction": "Embalagens de Vidro", "freguesia": "Asseiceira", "src_class": "driver_only", "n_driver_rows": 207, "n_sensor_rows": null, "driver_mean_fill": 14.251207729468598, "driver_share_zero": 0.65700483091787443, "sensor_mean_fill": null, "sensor_max_fill": null, "n_rotas": 0 }, "geometry": { "type": "Point", "coordinates": [ -8.941383333333331, 39.297438888888898 ] } },
{ "type": "Feature", "properties": { "cid": "9308", "plate": "V5007", "ctype": "OVO", "vol": 2500, "fraction": "Embalagens de Vidro", "freguesia": "União das freguesias de Azambujeira e Malaqueijo", "src_class": "driver_only", "n_driver_rows": 240, "n_sensor_rows": null, "driver_mean_fill": 15.208333333333334, "driver_share_zero": 0.625, "sensor_mean_fill": null, "sensor_max_fill": null, "n_rotas": 0 }, "geometry": { "type": "Point", "coordinates": [ -8.813972222222221, 39.282166666666697 ] } },
{ "type": "Feature", "properties": { "cid": "18104", "plate": "V5661", "ctype": "OVO", "vol": 2500, "fraction": "Embalagens de Vidro", "freguesia": "Alcobertas", "src_class": "driver_only", "n_driver_rows": 70, "n_sensor_rows": null, "driver_mean_fill": 6.4285714285714288, "driver_share_zero": 0.8, "sensor_mean_fill": null, "sensor_max_fill": null, "n_rotas": 0 }, "geometry": { "type": "Point", "coordinates": [ -8.922180701, 39.40113331 ] } },
{ "type": "Feature", "properties": { "cid": "24351", "plate": "V6234", "ctype": "AMBI", "vol": 2500, "fraction": "Embalagens de Vidro", "freguesia": "Rio Maior", "src_class": "driver_only", "n_driver_rows": 20, "n_sensor_rows": null, "driver_mean_fill": 10.0, "driver_share_zero": 0.8, "sensor_mean_fill": null, "sensor_max_fill": null, "n_rotas": 0 }, "geometry": { "type": "Point", "coordinates": [ -8.923114, 39.357094 ] } },
{ "type": "Feature", "properties": { "cid": "25605", "plate": "E6342", "ctype": "AMBI", "vol": 2500, "fraction": "Mistura de embalagens", "freguesia": "Arrouquelas", "src_class": "driver_only", "n_driver_rows": 49, "n_sensor_rows": null, "driver_mean_fill": 50.0, "driver_share_zero": 0.34693877551020408, "sensor_mean_fill": null, "sensor_max_fill": null, "n_rotas": 0 }, "geometry": { "type": "Point", "coordinates": [ -8.89268392164, 39.256519459899998 ] } },
{ "type": "Feature", "properties": { "cid": "217", "plate": "E0128 F", "ctype": "TITAN", "vol": 2500, "fraction": "Mistura de embalagens", "freguesia": "Rio Maior", "src_class": "driver_only", "n_driver_rows": 75, "n_sensor_rows": null, "driver_mean_fill": 63.333333333333336, "driver_share_zero": 0.34666666666666668, "sensor_mean_fill": null, "sensor_max_fill": null, "n_rotas": 1 }, "geometry": { "type": "Point", "coordinates": [ -8.923136482429999, 39.329995268899999 ] } },
{ "type": "Feature", "properties": { "cid": "1869", "plate": "P0289", "ctype": "TITAN", "vol": 2500, "fraction": "Embalagens de papel e cartão", "freguesia": "Arrouquelas", "src_class": "driver_only", "n_driver_rows": 41, "n_sensor_rows": null, "driver_mean_fill": 31.707317073170731, "driver_share_zero": 0.48780487804878048, "sensor_mean_fill": null, "sensor_max_fill": null, "n_rotas": 1 }, "geometry": { "type": "Point", "coordinates": [ -8.894669444444441, 39.258013888888897 ] } },
{ "type": "Feature", "properties": { "cid": "11550", "plate": "E4218", "ctype": "OVO", "vol": 2500, "fraction": "Mistura de embalagens", "freguesia": "Rio Maior", "src_class": "driver_only", "n_driver_rows": 247, "n_sensor_rows": null, "driver_mean_fill": 27.032520325203251, "driver_share_zero": 0.59109311740890691, "sensor_mean_fill": null, "sensor_max_fill": null, "n_rotas": 1 }, "geometry": { "type": "Point", "coordinates": [ -8.923103, 39.314542 ] } },
{ "type": "Feature", "properties": { "cid": "11779", "plate": "E4451", "ctype": "OVO", "vol": 2500, "fraction": "Mistura de embalagens", "freguesia": "São Sebastião", "src_class": "driver_only", "n_driver_rows": 255, "n_sensor_rows": null, "driver_mean_fill": 36.862745098039213, "driver_share_zero": 0.46666666666666667, "sensor_mean_fill": null, "sensor_max_fill": null, "n_rotas": 1 }, "geometry": { "type": "Point", "coordinates": [ -8.89533611111111, 39.35375 ] } },
{ "type": "Feature", "properties": { "cid": "11796", "plate": "E4468", "ctype": "OVO", "vol": 2500, "fraction": "Mistura de embalagens", "freguesia": "União das freguesias de Outeiro da Cortiçada e Arruda dos Pisões", "src_class": "driver_only", "n_driver_rows": 174, "n_sensor_rows": null, "driver_mean_fill": 30.172413793103448, "driver_share_zero": 0.51724137931034486, "sensor_mean_fill": null, "sensor_max_fill": null, "n_rotas": 1 }, "geometry": { "type": "Point", "coordinates": [ -8.828122, 39.329794 ] } },
{ "type": "Feature", "properties": { "cid": "11991", "plate": "V3798", "ctype": "VRL", "vol": 2500, "fraction": "Embalagens de Vidro", "freguesia": "Rio Maior", "src_class": "driver_only", "n_driver_rows": 395, "n_sensor_rows": null, "driver_mean_fill": 21.139240506329113, "driver_share_zero": 0.52911392405063296, "sensor_mean_fill": null, "sensor_max_fill": null, "n_rotas": 0 }, "geometry": { "type": "Point", "coordinates": [ -8.934421666666671, 39.340005 ] } },
{ "type": "Feature", "properties": { "cid": "12837", "plate": "E4830", "ctype": "OVO", "vol": 2500, "fraction": "Mistura de embalagens", "freguesia": "Rio Maior", "src_class": "driver_only", "n_driver_rows": 497, "n_sensor_rows": null, "driver_mean_fill": 41.247484909456738, "driver_share_zero": 0.48692152917505033, "sensor_mean_fill": null, "sensor_max_fill": null, "n_rotas": 1 }, "geometry": { "type": "Point", "coordinates": [ -8.962450326080001, 39.362046291299997 ] } },
{ "type": "Feature", "properties": { "cid": "16132", "plate": "E5232", "ctype": "OVO", "vol": 2500, "fraction": "Mistura de embalagens", "freguesia": "Rio Maior", "src_class": "driver_only", "n_driver_rows": 629, "n_sensor_rows": null, "driver_mean_fill": 31.966560509554139, "driver_share_zero": 0.55484896661367245, "sensor_mean_fill": null, "sensor_max_fill": null, "n_rotas": 4 }, "geometry": { "type": "Point", "coordinates": [ -8.950079001, 39.316753 ] } },
{ "type": "Feature", "properties": { "cid": "16342", "plate": "P5328", "ctype": "OVO", "vol": 2500, "fraction": "Embalagens de papel e cartão", "freguesia": "Rio Maior", "src_class": "driver_only", "n_driver_rows": 653, "n_sensor_rows": null, "driver_mean_fill": 44.104134762633997, "driver_share_zero": 0.48085758039816234, "sensor_mean_fill": null, "sensor_max_fill": null, "n_rotas": 1 }, "geometry": { "type": "Point", "coordinates": [ -8.93251166666667, 39.331711666666699 ] } },
{ "type": "Feature", "properties": { "cid": "18014", "plate": "P5807", "ctype": "OVO", "vol": 2500, "fraction": "Embalagens de papel e cartão", "freguesia": "União das freguesias de Azambujeira e Malaqueijo", "src_class": "driver_only", "n_driver_rows": 612, "n_sensor_rows": null, "driver_mean_fill": 31.045751633986928, "driver_share_zero": 0.52287581699346408, "sensor_mean_fill": null, "sensor_max_fill": null, "n_rotas": 2 }, "geometry": { "type": "Point", "coordinates": [ -8.813972222222221, 39.282166666666697 ] } },
{ "type": "Feature", "properties": { "cid": "18788", "plate": "V5841", "ctype": "OVO", "vol": 2500, "fraction": "Embalagens de Vidro", "freguesia": "Arrouquelas", "src_class": "driver_only", "n_driver_rows": 171, "n_sensor_rows": null, "driver_mean_fill": 35.23391812865497, "driver_share_zero": 0.47953216374269003, "sensor_mean_fill": null, "sensor_max_fill": null, "n_rotas": 0 }, "geometry": { "type": "Point", "coordinates": [ -8.89724778177, 39.2571155706 ] } },
{ "type": "Feature", "properties": { "cid": "25997", "plate": "E6467", "ctype": "AMBI", "vol": 2500, "fraction": "Mistura de embalagens", "freguesia": "Rio Maior", "src_class": "driver_only", "n_driver_rows": 68, "n_sensor_rows": null, "driver_mean_fill": 54.477611940298509, "driver_share_zero": 0.41176470588235292, "sensor_mean_fill": null, "sensor_max_fill": null, "n_rotas": 0 }, "geometry": { "type": "Point", "coordinates": [ -8.934345221159999, 39.339282756099998 ] } },
{ "type": "Feature", "properties": { "cid": "26073", "plate": "V6455", "ctype": "AMBI", "vol": 2500, "fraction": "Embalagens de Vidro", "freguesia": "Asseiceira", "src_class": "driver_only", "n_driver_rows": 25, "n_sensor_rows": null, "driver_mean_fill": 2.0833333333333335, "driver_share_zero": 0.88, "sensor_mean_fill": null, "sensor_max_fill": null, "n_rotas": 0 }, "geometry": { "type": "Point", "coordinates": [ -8.922675, 39.298216666666697 ] } },
{ "type": "Feature", "properties": { "cid": "1453", "plate": "E2131", "ctype": "OVO", "vol": 2500, "fraction": "Mistura de embalagens", "freguesia": "União das freguesias de Marmeleira e Assentiz", "src_class": "driver_only", "n_driver_rows": 267, "n_sensor_rows": null, "driver_mean_fill": 31.928838951310862, "driver_share_zero": 0.50936329588014984, "sensor_mean_fill": null, "sensor_max_fill": null, "n_rotas": 1 }, "geometry": { "type": "Point", "coordinates": [ -8.83449251736573, 39.263412630589002 ] } },
{ "type": "Feature", "properties": { "cid": "3689", "plate": "V0145", "ctype": "TITAN", "vol": 2500, "fraction": "Embalagens de Vidro", "freguesia": "Rio Maior", "src_class": "driver_only", "n_driver_rows": 442, "n_sensor_rows": null, "driver_mean_fill": 16.459276018099548, "driver_share_zero": 0.58144796380090502, "sensor_mean_fill": null, "sensor_max_fill": null, "n_rotas": 0 }, "geometry": { "type": "Point", "coordinates": [ -8.930258333333329, 39.328641666666698 ] } },
{ "type": "Feature", "properties": { "cid": "3758", "plate": "V0242", "ctype": "TITAN", "vol": 2500, "fraction": "Embalagens de Vidro", "freguesia": "União das freguesias de Outeiro da Cortiçada e Arruda dos Pisões", "src_class": "driver_only", "n_driver_rows": 261, "n_sensor_rows": null, "driver_mean_fill": 20.019157088122604, "driver_share_zero": 0.52873563218390807, "sensor_mean_fill": null, "sensor_max_fill": null, "n_rotas": 0 }, "geometry": { "type": "Point", "coordinates": [ -8.84401895, 39.31606127 ] } },
{ "type": "Feature", "properties": { "cid": "4650", "plate": "V1715", "ctype": "OVO S", "vol": 2500, "fraction": "Embalagens de Vidro", "freguesia": "Rio Maior", "src_class": "driver_only", "n_driver_rows": 400, "n_sensor_rows": null, "driver_mean_fill": 12.4375, "driver_share_zero": 0.675, "sensor_mean_fill": null, "sensor_max_fill": null, "n_rotas": 0 }, "geometry": { "type": "Point", "coordinates": [ -8.948891471294459, 39.3392164016104 ] } },
{ "type": "Feature", "properties": { "cid": "4776", "plate": "V2065", "ctype": "OVO S", "vol": 2500, "fraction": "Embalagens de Vidro", "freguesia": "Rio Maior", "src_class": "driver_only", "n_driver_rows": 374, "n_sensor_rows": null, "driver_mean_fill": 11.831550802139038, "driver_share_zero": 0.67112299465240643, "sensor_mean_fill": null, "sensor_max_fill": null, "n_rotas": 0 }, "geometry": { "type": "Point", "coordinates": [ -8.928615, 39.325158333333299 ] } },
{ "type": "Feature", "properties": { "cid": "5932", "plate": "Sub_V0203", "ctype": "E BLUE BEE", "vol": 3000, "fraction": "Embalagens de Vidro", "freguesia": "Rio Maior", "src_class": "driver_only", "n_driver_rows": 396, "n_sensor_rows": null, "driver_mean_fill": 11.805555555555555, "driver_share_zero": 0.67929292929292928, "sensor_mean_fill": null, "sensor_max_fill": null, "n_rotas": 0 }, "geometry": { "type": "Point", "coordinates": [ -8.934905555555559, 39.336583333333301 ] } },
{ "type": "Feature", "properties": { "cid": "8408", "plate": "V4078", "ctype": "OVO", "vol": 2500, "fraction": "Embalagens de Vidro", "freguesia": "Rio Maior", "src_class": "driver_only", "n_driver_rows": 490, "n_sensor_rows": null, "driver_mean_fill": 16.785714285714285, "driver_share_zero": 0.57959183673469383, "sensor_mean_fill": null, "sensor_max_fill": null, "n_rotas": 0 }, "geometry": { "type": "Point", "coordinates": [ -8.91051, 39.317763 ] } },
{ "type": "Feature", "properties": { "cid": "8560", "plate": "V4243", "ctype": "OVO", "vol": 2500, "fraction": "Embalagens de Vidro", "freguesia": "Rio Maior", "src_class": "driver_only", "n_driver_rows": 312, "n_sensor_rows": null, "driver_mean_fill": 7.6121794871794872, "driver_share_zero": 0.74358974358974361, "sensor_mean_fill": null, "sensor_max_fill": null, "n_rotas": 0 }, "geometry": { "type": "Point", "coordinates": [ -8.998590137, 39.35343703 ] } },
{ "type": "Feature", "properties": { "cid": "9191", "plate": "V4889", "ctype": "OVO", "vol": 2500, "fraction": "Embalagens de Vidro", "freguesia": "Rio Maior", "src_class": "driver_only", "n_driver_rows": 241, "n_sensor_rows": null, "driver_mean_fill": 19.190871369294605, "driver_share_zero": 0.57676348547717837, "sensor_mean_fill": null, "sensor_max_fill": null, "n_rotas": 0 }, "geometry": { "type": "Point", "coordinates": [ -8.952616666666669, 39.318202777777799 ] } },
{ "type": "Feature", "properties": { "cid": "9238", "plate": "V4936", "ctype": "OVO", "vol": 2500, "fraction": "Embalagens de Vidro", "freguesia": "Rio Maior", "src_class": "driver_only", "n_driver_rows": 205, "n_sensor_rows": null, "driver_mean_fill": 7.8048780487804876, "driver_share_zero": 0.74634146341463414, "sensor_mean_fill": null, "sensor_max_fill": null, "n_rotas": 0 }, "geometry": { "type": "Point", "coordinates": [ -8.93700472018222, 39.344606200805302 ] } },
{ "type": "Feature", "properties": { "cid": "9242", "plate": "V4940", "ctype": "OVO", "vol": 2500, "fraction": "Embalagens de Vidro", "freguesia": "Alcobertas", "src_class": "driver_only", "n_driver_rows": 183, "n_sensor_rows": null, "driver_mean_fill": 19.125683060109289, "driver_share_zero": 0.55737704918032782, "sensor_mean_fill": null, "sensor_max_fill": null, "n_rotas": 0 }, "geometry": { "type": "Point", "coordinates": [ -8.896758, 39.445873 ] } },
{ "type": "Feature", "properties": { "cid": "9246", "plate": "V4944", "ctype": "OVO", "vol": 2500, "fraction": "Embalagens de Vidro", "freguesia": "Alcobertas", "src_class": "driver_only", "n_driver_rows": 226, "n_sensor_rows": null, "driver_mean_fill": 14.269911504424778, "driver_share_zero": 0.60619469026548678, "sensor_mean_fill": null, "sensor_max_fill": null, "n_rotas": 0 }, "geometry": { "type": "Point", "coordinates": [ -8.892132396, 39.41468241 ] } },
{ "type": "Feature", "properties": { "cid": "9292", "plate": "V4991", "ctype": "OVO", "vol": 2500, "fraction": "Embalagens de Vidro", "freguesia": "Asseiceira", "src_class": "driver_only", "n_driver_rows": 144, "n_sensor_rows": null, "driver_mean_fill": 12.847222222222221, "driver_share_zero": 0.65277777777777779, "sensor_mean_fill": null, "sensor_max_fill": null, "n_rotas": 0 }, "geometry": { "type": "Point", "coordinates": [ -8.965499993, 39.29422973 ] } },
{ "type": "Feature", "properties": { "cid": "10084", "plate": "P3970", "ctype": "OVO", "vol": 2500, "fraction": "Embalagens de papel e cartão", "freguesia": "Asseiceira", "src_class": "driver_only", "n_driver_rows": 178, "n_sensor_rows": null, "driver_mean_fill": 20.646067415730336, "driver_share_zero": 0.6629213483146067, "sensor_mean_fill": null, "sensor_max_fill": null, "n_rotas": 1 }, "geometry": { "type": "Point", "coordinates": [ -8.965499993, 39.29422973 ] } },
{ "type": "Feature", "properties": { "cid": "10201", "plate": "P4088", "ctype": "OVO", "vol": 2500, "fraction": "Embalagens de papel e cartão", "freguesia": "Alcobertas", "src_class": "driver_only", "n_driver_rows": 196, "n_sensor_rows": null, "driver_mean_fill": 20.790816326530614, "driver_share_zero": 0.64795918367346939, "sensor_mean_fill": null, "sensor_max_fill": null, "n_rotas": 1 }, "geometry": { "type": "Point", "coordinates": [ -8.900827999, 39.424973 ] } },
{ "type": "Feature", "properties": { "cid": "18990", "plate": "V5921", "ctype": "OVO", "vol": 2500, "fraction": "Embalagens de Vidro", "freguesia": "Alcobertas", "src_class": "driver_only", "n_driver_rows": 24, "n_sensor_rows": null, "driver_mean_fill": 30.208333333333332, "driver_share_zero": 0.45833333333333331, "sensor_mean_fill": null, "sensor_max_fill": null, "n_rotas": 0 }, "geometry": { "type": "Point", "coordinates": [ -8.88197229, 39.42901129 ] } },
{ "type": "Feature", "properties": { "cid": "26008", "plate": "P6697", "ctype": "AMBI", "vol": 2500, "fraction": "Embalagens de papel e cartão", "freguesia": "Fráguas", "src_class": "driver_only", "n_driver_rows": 15, "n_sensor_rows": null, "driver_mean_fill": 25.0, "driver_share_zero": 0.73333333333333328, "sensor_mean_fill": null, "sensor_max_fill": null, "n_rotas": 0 }, "geometry": { "type": "Point", "coordinates": [ -8.8814333, 39.3849444 ] } },
{ "type": "Feature", "properties": { "cid": "11592", "plate": "E4260", "ctype": "OVO", "vol": 2500, "fraction": "Mistura de embalagens", "freguesia": "Rio Maior", "src_class": "driver_only", "n_driver_rows": 450, "n_sensor_rows": null, "driver_mean_fill": 26.611111111111111, "driver_share_zero": 0.52222222222222225, "sensor_mean_fill": null, "sensor_max_fill": null, "n_rotas": 1 }, "geometry": { "type": "Point", "coordinates": [ -8.93514325, 39.34184293 ] } },
{ "type": "Feature", "properties": { "cid": "11783", "plate": "E4455", "ctype": "OVO", "vol": 2500, "fraction": "Mistura de embalagens", "freguesia": "Fráguas", "src_class": "driver_only", "n_driver_rows": 223, "n_sensor_rows": null, "driver_mean_fill": 31.502242152466369, "driver_share_zero": 0.53811659192825112, "sensor_mean_fill": null, "sensor_max_fill": null, "n_rotas": 1 }, "geometry": { "type": "Point", "coordinates": [ -8.87445337, 39.36145087 ] } },
{ "type": "Feature", "properties": { "cid": "12091", "plate": "V5130", "ctype": "OVO", "vol": 2500, "fraction": "Embalagens de Vidro", "freguesia": "Rio Maior", "src_class": "driver_only", "n_driver_rows": 168, "n_sensor_rows": null, "driver_mean_fill": 17.55952380952381, "driver_share_zero": 0.625, "sensor_mean_fill": null, "sensor_max_fill": null, "n_rotas": 0 }, "geometry": { "type": "Point", "coordinates": [ -8.975369444444439, 39.3169055555556 ] } },
{ "type": "Feature", "properties": { "cid": "12284", "plate": "V5180", "ctype": "OVO", "vol": 2500, "fraction": "Embalagens de Vidro", "freguesia": "Alcobertas", "src_class": "driver_only", "n_driver_rows": 187, "n_sensor_rows": null, "driver_mean_fill": 11.096256684491978, "driver_share_zero": 0.66844919786096257, "sensor_mean_fill": null, "sensor_max_fill": null, "n_rotas": 0 }, "geometry": { "type": "Point", "coordinates": [ -8.89914444444444, 39.442936111111102 ] } },
{ "type": "Feature", "properties": { "cid": "13004", "plate": "P0422", "ctype": "OVO", "vol": 2500, "fraction": "Embalagens de papel e cartão", "freguesia": "Alcobertas", "src_class": "driver_only", "n_driver_rows": 242, "n_sensor_rows": null, "driver_mean_fill": 23.553719008264462, "driver_share_zero": 0.63223140495867769, "sensor_mean_fill": null, "sensor_max_fill": null, "n_rotas": 1 }, "geometry": { "type": "Point", "coordinates": [ -8.905749327099119, 39.425799807930296 ] } },
{ "type": "Feature", "properties": { "cid": "18303", "plate": "Sub_V0330", "ctype": "E BLUE BEE", "vol": 3000, "fraction": "Embalagens de Vidro", "freguesia": "Rio Maior", "src_class": "driver_only", "n_driver_rows": 356, "n_sensor_rows": null, "driver_mean_fill": 23.806179775280899, "driver_share_zero": 0.5112359550561798, "sensor_mean_fill": null, "sensor_max_fill": null, "n_rotas": 0 }, "geometry": { "type": "Point", "coordinates": [ -8.935284, 39.339124 ] } },
{ "type": "Feature", "properties": { "cid": "20711", "plate": "V6077", "ctype": "VRL", "vol": 2500, "fraction": "Embalagens de Vidro", "freguesia": "União das freguesias de Marmeleira e Assentiz", "src_class": "driver_only", "n_driver_rows": 39, "n_sensor_rows": null, "driver_mean_fill": 30.128205128205128, "driver_share_zero": 0.48717948717948717, "sensor_mean_fill": null, "sensor_max_fill": null, "n_rotas": 0 }, "geometry": { "type": "Point", "coordinates": [ -8.83562627, 39.26409721 ] } },
{ "type": "Feature", "properties": { "cid": "218", "plate": "E0290", "ctype": "TITAN", "vol": 2500, "fraction": "Mistura de embalagens", "freguesia": "Rio Maior", "src_class": "driver_only", "n_driver_rows": 66, "n_sensor_rows": null, "driver_mean_fill": 18.560606060606062, "driver_share_zero": 0.56060606060606055, "sensor_mean_fill": null, "sensor_max_fill": null, "n_rotas": 1 }, "geometry": { "type": "Point", "coordinates": [ -8.931516623829999, 39.343591408 ] } },
{ "type": "Feature", "properties": { "cid": "883", "plate": "E1159", "ctype": "OVO", "vol": 2500, "fraction": "Mistura de embalagens", "freguesia": "Rio Maior", "src_class": "driver_only", "n_driver_rows": 37, "n_sensor_rows": null, "driver_mean_fill": 34.45945945945946, "driver_share_zero": 0.40540540540540543, "sensor_mean_fill": null, "sensor_max_fill": null, "n_rotas": 1 }, "geometry": { "type": "Point", "coordinates": [ -8.94907327742, 39.339572541700001 ] } },
{ "type": "Feature", "properties": { "cid": "1174", "plate": "E1796", "ctype": "OVO", "vol": 2500, "fraction": "Mistura de embalagens", "freguesia": "Rio Maior", "src_class": "driver_only", "n_driver_rows": 470, "n_sensor_rows": null, "driver_mean_fill": 43.882978723404257, "driver_share_zero": 0.44042553191489364, "sensor_mean_fill": null, "sensor_max_fill": null, "n_rotas": 1 }, "geometry": { "type": "Point", "coordinates": [ -8.95203456, 39.36412385 ] } },
{ "type": "Feature", "properties": { "cid": "1851", "plate": "P0263", "ctype": "TITAN", "vol": 2500, "fraction": "Embalagens de papel e cartão", "freguesia": "União das freguesias de Azambujeira e Malaqueijo", "src_class": "driver_only", "n_driver_rows": 272, "n_sensor_rows": null, "driver_mean_fill": 25.0, "driver_share_zero": 0.58088235294117652, "sensor_mean_fill": null, "sensor_max_fill": null, "n_rotas": 1 }, "geometry": { "type": "Point", "coordinates": [ -8.792934358609999, 39.270487760599998 ] } },
{ "type": "Feature", "properties": { "cid": "2506", "plate": "P1271", "ctype": "OVO", "vol": 2500, "fraction": "Embalagens de papel e cartão", "freguesia": "Rio Maior", "src_class": "driver_only", "n_driver_rows": 99, "n_sensor_rows": null, "driver_mean_fill": 22.727272727272727, "driver_share_zero": 0.63636363636363635, "sensor_mean_fill": null, "sensor_max_fill": null, "n_rotas": 1 }, "geometry": { "type": "Point", "coordinates": [ -8.937656617489999, 39.339033212 ] } },
{ "type": "Feature", "properties": { "cid": "3830", "plate": "V0365", "ctype": "TITAN", "vol": 2500, "fraction": "Embalagens de Vidro", "freguesia": "União das freguesias de Outeiro da Cortiçada e Arruda dos Pisões", "src_class": "driver_only", "n_driver_rows": 182, "n_sensor_rows": null, "driver_mean_fill": 22.527472527472529, "driver_share_zero": 0.53846153846153844, "sensor_mean_fill": null, "sensor_max_fill": null, "n_rotas": 0 }, "geometry": { "type": "Point", "coordinates": [ -8.82567158404, 39.330370547500003 ] } },
{ "type": "Feature", "properties": { "cid": "4777", "plate": "V2066", "ctype": "OVO S", "vol": 2500, "fraction": "Embalagens de Vidro", "freguesia": "Rio Maior", "src_class": "driver_only", "n_driver_rows": 484, "n_sensor_rows": null, "driver_mean_fill": 17.097107438016529, "driver_share_zero": 0.56611570247933884, "sensor_mean_fill": null, "sensor_max_fill": null, "n_rotas": 0 }, "geometry": { "type": "Point", "coordinates": [ -8.92673888888889, 39.331627777777797 ] } },
{ "type": "Feature", "properties": { "cid": "4781", "plate": "V2071", "ctype": "OVO S", "vol": 2500, "fraction": "Embalagens de Vidro", "freguesia": "Rio Maior", "src_class": "driver_only", "n_driver_rows": 392, "n_sensor_rows": null, "driver_mean_fill": 16.135204081632654, "driver_share_zero": 0.58163265306122447, "sensor_mean_fill": null, "sensor_max_fill": null, "n_rotas": 0 }, "geometry": { "type": "Point", "coordinates": [ -8.925983333333329, 39.338763888888899 ] } },
{ "type": "Feature", "properties": { "cid": "4782", "plate": "V2072", "ctype": "OVO", "vol": 2500, "fraction": "Embalagens de Vidro", "freguesia": "Rio Maior", "src_class": "driver_only", "n_driver_rows": 32, "n_sensor_rows": null, "driver_mean_fill": 39.0625, "driver_share_zero": 0.34375, "sensor_mean_fill": null, "sensor_max_fill": null, "n_rotas": 0 }, "geometry": { "type": "Point", "coordinates": [ -8.93712777777778, 39.329344444444402 ] } },
{ "type": "Feature", "properties": { "cid": "4959", "plate": "V2316", "ctype": "OVO", "vol": 2500, "fraction": "Embalagens de Vidro", "freguesia": "Rio Maior", "src_class": "driver_only", "n_driver_rows": 394, "n_sensor_rows": null, "driver_mean_fill": 19.035532994923859, "driver_share_zero": 0.56852791878172593, "sensor_mean_fill": null, "sensor_max_fill": null, "n_rotas": 0 }, "geometry": { "type": "Point", "coordinates": [ -8.938811111111111, 39.335838888888901 ] } },
{ "type": "Feature", "properties": { "cid": "5091", "plate": "V2464", "ctype": "OVO", "vol": 2500, "fraction": "Embalagens de Vidro", "freguesia": "Rio Maior", "src_class": "driver_only", "n_driver_rows": 312, "n_sensor_rows": null, "driver_mean_fill": 9.9358974358974361, "driver_share_zero": 0.6891025641025641, "sensor_mean_fill": null, "sensor_max_fill": null, "n_rotas": 0 }, "geometry": { "type": "Point", "coordinates": [ -8.98667222222222, 39.380233333333301 ] } },
{ "type": "Feature", "properties": { "cid": "5419", "plate": "V2884", "ctype": "OVO", "vol": 2500, "fraction": "Embalagens de Vidro", "freguesia": "Rio Maior", "src_class": "driver_only", "n_driver_rows": 427, "n_sensor_rows": null, "driver_mean_fill": 15.046838407494144, "driver_share_zero": 0.66510538641686179, "sensor_mean_fill": null, "sensor_max_fill": null, "n_rotas": 0 }, "geometry": { "type": "Point", "coordinates": [ -8.94195220499358, 39.364528219451003 ] } },
{ "type": "Feature", "properties": { "cid": "5952", "plate": "V2465", "ctype": "OVO", "vol": 2500, "fraction": "Embalagens de Vidro", "freguesia": "Rio Maior", "src_class": "driver_only", "n_driver_rows": 421, "n_sensor_rows": null, "driver_mean_fill": 17.280285035629454, "driver_share_zero": 0.57482185273159148, "sensor_mean_fill": null, "sensor_max_fill": null, "n_rotas": 0 }, "geometry": { "type": "Point", "coordinates": [ -8.9358, 39.340144444444398 ] } },
{ "type": "Feature", "properties": { "cid": "7234", "plate": "V3520", "ctype": "OVO", "vol": 2500, "fraction": "Embalagens de Vidro", "freguesia": "Rio Maior", "src_class": "driver_only", "n_driver_rows": 265, "n_sensor_rows": null, "driver_mean_fill": 14.811320754716981, "driver_share_zero": 0.63018867924528299, "sensor_mean_fill": null, "sensor_max_fill": null, "n_rotas": 0 }, "geometry": { "type": "Point", "coordinates": [ -8.95018333333333, 39.3412 ] } },
{ "type": "Feature", "properties": { "cid": "7440", "plate": "V3619", "ctype": "OVO", "vol": 2500, "fraction": "Embalagens de Vidro", "freguesia": "Rio Maior", "src_class": "driver_only", "n_driver_rows": 467, "n_sensor_rows": null, "driver_mean_fill": 18.308351177730191, "driver_share_zero": 0.5910064239828694, "sensor_mean_fill": null, "sensor_max_fill": null, "n_rotas": 0 }, "geometry": { "type": "Point", "coordinates": [ -8.93676111111111, 39.337177777777796 ] } },
{ "type": "Feature", "properties": { "cid": "7941", "plate": "E3236", "ctype": "VRL", "vol": 2500, "fraction": "Mistura de embalagens", "freguesia": "Rio Maior", "src_class": "driver_only", "n_driver_rows": 590, "n_sensor_rows": null, "driver_mean_fill": 42.049319727891159, "driver_share_zero": 0.46271186440677964, "sensor_mean_fill": null, "sensor_max_fill": null, "n_rotas": 1 }, "geometry": { "type": "Point", "coordinates": [ -8.92728055555556, 39.333 ] } },
{ "type": "Feature", "properties": { "cid": "9236", "plate": "V4934", "ctype": "OVO", "vol": 2500, "fraction": "Embalagens de Vidro", "freguesia": "Rio Maior", "src_class": "driver_only", "n_driver_rows": 238, "n_sensor_rows": null, "driver_mean_fill": 12.394957983193278, "driver_share_zero": 0.70588235294117652, "sensor_mean_fill": null, "sensor_max_fill": null, "n_rotas": 0 }, "geometry": { "type": "Point", "coordinates": [ -8.962155146, 39.38268443 ] } },
{ "type": "Feature", "properties": { "cid": "9247", "plate": "V4945", "ctype": "OVO", "vol": 2500, "fraction": "Embalagens de Vidro", "freguesia": "Rio Maior", "src_class": "driver_only", "n_driver_rows": 302, "n_sensor_rows": null, "driver_mean_fill": 12.251655629139073, "driver_share_zero": 0.66225165562913912, "sensor_mean_fill": null, "sensor_max_fill": null, "n_rotas": 0 }, "geometry": { "type": "Point", "coordinates": [ -8.98505407, 39.35855394 ] } },
{ "type": "Feature", "properties": { "cid": "9258", "plate": "V4956", "ctype": "OVO", "vol": 2500, "fraction": "Embalagens de Vidro", "freguesia": "Rio Maior", "src_class": "driver_only", "n_driver_rows": 224, "n_sensor_rows": null, "driver_mean_fill": 16.183035714285715, "driver_share_zero": 0.5758928571428571, "sensor_mean_fill": null, "sensor_max_fill": null, "n_rotas": 0 }, "geometry": { "type": "Point", "coordinates": [ -8.912703, 39.289314 ] } },
{ "type": "Feature", "properties": { "cid": "9279", "plate": "V4978", "ctype": "OVO", "vol": 2500, "fraction": "Embalagens de Vidro", "freguesia": "Rio Maior", "src_class": "driver_only", "n_driver_rows": 208, "n_sensor_rows": null, "driver_mean_fill": 13.822115384615385, "driver_share_zero": 0.63461538461538458, "sensor_mean_fill": null, "sensor_max_fill": null, "n_rotas": 0 }, "geometry": { "type": "Point", "coordinates": [ -8.950079001, 39.316753 ] } },
{ "type": "Feature", "properties": { "cid": "9294", "plate": "V4993", "ctype": "OVO", "vol": 2500, "fraction": "Embalagens de Vidro", "freguesia": "Rio Maior", "src_class": "driver_only", "n_driver_rows": 291, "n_sensor_rows": null, "driver_mean_fill": 11.082474226804123, "driver_share_zero": 0.6872852233676976, "sensor_mean_fill": null, "sensor_max_fill": null, "n_rotas": 0 }, "geometry": { "type": "Point", "coordinates": [ -8.929727001, 39.338634 ] } },
{ "type": "Feature", "properties": { "cid": "9305", "plate": "V5004", "ctype": "OVO", "vol": 2500, "fraction": "Embalagens de Vidro", "freguesia": "União das freguesias de Marmeleira e Assentiz", "src_class": "driver_only", "n_driver_rows": 196, "n_sensor_rows": null, "driver_mean_fill": 23.724489795918366, "driver_share_zero": 0.53061224489795922, "sensor_mean_fill": null, "sensor_max_fill": null, "n_rotas": 0 }, "geometry": { "type": "Point", "coordinates": [ -8.834358001, 39.260181 ] } },
{ "type": "Feature", "properties": { "cid": "9323", "plate": "V5022", "ctype": "OVO", "vol": 2500, "fraction": "Embalagens de Vidro", "freguesia": "União das freguesias de São João da Ribeira e Ribeira de São João", "src_class": "driver_only", "n_driver_rows": 277, "n_sensor_rows": null, "driver_mean_fill": 25.63176895306859, "driver_share_zero": 0.53790613718411551, "sensor_mean_fill": null, "sensor_max_fill": null, "n_rotas": 0 }, "geometry": { "type": "Point", "coordinates": [ -8.857004, 39.284554 ] } },
{ "type": "Feature", "properties": { "cid": "10131", "plate": "P4018", "ctype": "OVO", "vol": 2500, "fraction": "Embalagens de papel e cartão", "freguesia": "Rio Maior", "src_class": "driver_only", "n_driver_rows": 234, "n_sensor_rows": null, "driver_mean_fill": 22.008547008547009, "driver_share_zero": 0.64529914529914534, "sensor_mean_fill": null, "sensor_max_fill": null, "n_rotas": 1 }, "geometry": { "type": "Point", "coordinates": [ -8.909957, 39.296978 ] } },
{ "type": "Feature", "properties": { "cid": "10176", "plate": "P4063", "ctype": "OVO", "vol": 2500, "fraction": "Embalagens de papel e cartão", "freguesia": "São Sebastião", "src_class": "driver_only", "n_driver_rows": 245, "n_sensor_rows": null, "driver_mean_fill": 27.755102040816325, "driver_share_zero": 0.57551020408163267, "sensor_mean_fill": null, "sensor_max_fill": null, "n_rotas": 1 }, "geometry": { "type": "Point", "coordinates": [ -8.89533611111111, 39.35375 ] } },
{ "type": "Feature", "properties": { "cid": "10179", "plate": "P4066", "ctype": "OVO", "vol": 2500, "fraction": "Embalagens de papel e cartão", "freguesia": "União das freguesias de Outeiro da Cortiçada e Arruda dos Pisões", "src_class": "driver_only", "n_driver_rows": 133, "n_sensor_rows": null, "driver_mean_fill": 14.849624060150376, "driver_share_zero": 0.74436090225563911, "sensor_mean_fill": null, "sensor_max_fill": null, "n_rotas": 1 }, "geometry": { "type": "Point", "coordinates": [ -8.853163, 39.317201 ] } },
{ "type": "Feature", "properties": { "cid": "9307", "plate": "V5006", "ctype": "OVO", "vol": 2500, "fraction": "Embalagens de Vidro", "freguesia": "União das freguesias de Azambujeira e Malaqueijo", "src_class": "driver_only", "n_driver_rows": 143, "n_sensor_rows": null, "driver_mean_fill": 16.60839160839161, "driver_share_zero": 0.61538461538461542, "sensor_mean_fill": null, "sensor_max_fill": null, "n_rotas": 0 }, "geometry": { "type": "Point", "coordinates": [ -8.796967106, 39.27324267 ] } },
{ "type": "Feature", "properties": { "cid": "11776", "plate": "E4448", "ctype": "OVO", "vol": 2500, "fraction": "Mistura de embalagens", "freguesia": "União das freguesias de Outeiro da Cortiçada e Arruda dos Pisões", "src_class": "driver_only", "n_driver_rows": 138, "n_sensor_rows": null, "driver_mean_fill": 18.840579710144926, "driver_share_zero": 0.62318840579710144, "sensor_mean_fill": null, "sensor_max_fill": null, "n_rotas": 1 }, "geometry": { "type": "Point", "coordinates": [ -8.853163, 39.317201 ] } },
{ "type": "Feature", "properties": { "cid": "13578", "plate": "E4973", "ctype": "OVO", "vol": 2500, "fraction": "Mistura de embalagens", "freguesia": "Asseiceira", "src_class": "driver_only", "n_driver_rows": 385, "n_sensor_rows": null, "driver_mean_fill": 38.8671875, "driver_share_zero": 0.48051948051948051, "sensor_mean_fill": null, "sensor_max_fill": null, "n_rotas": 1 }, "geometry": { "type": "Point", "coordinates": [ -8.93451, 39.295681666666702 ] } },
{ "type": "Feature", "properties": { "cid": "17673", "plate": "V5580", "ctype": "OVO", "vol": 2500, "fraction": "Embalagens de Vidro", "freguesia": "Arrouquelas", "src_class": "driver_only", "n_driver_rows": 202, "n_sensor_rows": null, "driver_mean_fill": 32.301980198019805, "driver_share_zero": 0.42079207920792078, "sensor_mean_fill": null, "sensor_max_fill": null, "n_rotas": 0 }, "geometry": { "type": "Point", "coordinates": [ -8.89268392164, 39.256519459899998 ] } },
{ "type": "Feature", "properties": { "cid": "25411", "plate": "V6270", "ctype": "AMBI", "vol": 2500, "fraction": "Embalagens de Vidro", "freguesia": "União das freguesias de Marmeleira e Assentiz", "src_class": "driver_only", "n_driver_rows": 60, "n_sensor_rows": null, "driver_mean_fill": 10.416666666666666, "driver_share_zero": 0.75, "sensor_mean_fill": null, "sensor_max_fill": null, "n_rotas": 0 }, "geometry": { "type": "Point", "coordinates": [ -8.85921333333334, 39.257653333333302 ] } },
{ "type": "Feature", "properties": { "cid": "25998", "plate": "E6468", "ctype": "AMBI", "vol": 2500, "fraction": "Mistura de embalagens", "freguesia": "Rio Maior", "src_class": "driver_only", "n_driver_rows": 47, "n_sensor_rows": null, "driver_mean_fill": 44.148936170212764, "driver_share_zero": 0.51063829787234039, "sensor_mean_fill": null, "sensor_max_fill": null, "n_rotas": 0 }, "geometry": { "type": "Point", "coordinates": [ -8.934421666666671, 39.340005 ] } },
{ "type": "Feature", "properties": { "cid": "1852", "plate": "P0264", "ctype": "TITAN", "vol": 2500, "fraction": "Embalagens de papel e cartão", "freguesia": "União das freguesias de Azambujeira e Malaqueijo", "src_class": "driver_only", "n_driver_rows": 319, "n_sensor_rows": null, "driver_mean_fill": 29.858934169278996, "driver_share_zero": 0.55485893416927901, "sensor_mean_fill": null, "sensor_max_fill": null, "n_rotas": 1 }, "geometry": { "type": "Point", "coordinates": [ -8.81364094, 39.27952661 ] } },
{ "type": "Feature", "properties": { "cid": "2121", "plate": "P0701", "ctype": "TITAN", "vol": 2500, "fraction": "Embalagens de papel e cartão", "freguesia": "Rio Maior", "src_class": "driver_only", "n_driver_rows": 246, "n_sensor_rows": null, "driver_mean_fill": 25.508130081300813, "driver_share_zero": 0.60162601626016265, "sensor_mean_fill": null, "sensor_max_fill": null, "n_rotas": 1 }, "geometry": { "type": "Point", "coordinates": [ -8.92749722222222, 39.374152777777802 ] } },
{ "type": "Feature", "properties": { "cid": "2271", "plate": "P0953", "ctype": "TITAN", "vol": 2500, "fraction": "Embalagens de papel e cartão", "freguesia": "União das freguesias de Marmeleira e Assentiz", "src_class": "driver_only", "n_driver_rows": 32, "n_sensor_rows": null, "driver_mean_fill": 15.625, "driver_share_zero": 0.71875, "sensor_mean_fill": null, "sensor_max_fill": null, "n_rotas": 1 }, "geometry": { "type": "Point", "coordinates": [ -8.831536709950001, 39.263640013600003 ] } },
{ "type": "Feature", "properties": { "cid": "2854", "plate": "P1944", "ctype": "OVO", "vol": 2500, "fraction": "Embalagens de papel e cartão", "freguesia": "Fráguas", "src_class": "driver_only", "n_driver_rows": 56, "n_sensor_rows": null, "driver_mean_fill": 11.607142857142858, "driver_share_zero": 0.7678571428571429, "sensor_mean_fill": null, "sensor_max_fill": null, "n_rotas": 1 }, "geometry": { "type": "Point", "coordinates": [ -8.85796666666667, 39.3826305555556 ] } },
{ "type": "Feature", "properties": { "cid": "2967", "plate": "P0417", "ctype": "OVO", "vol": 2500, "fraction": "Embalagens de papel e cartão", "freguesia": "Alcobertas", "src_class": "driver_only", "n_driver_rows": 225, "n_sensor_rows": null, "driver_mean_fill": 23.777777777777779, "driver_share_zero": 0.60888888888888892, "sensor_mean_fill": null, "sensor_max_fill": null, "n_rotas": 1 }, "geometry": { "type": "Point", "coordinates": [ -8.88197229, 39.42901129 ] } },
{ "type": "Feature", "properties": { "cid": "3826", "plate": "V0359", "ctype": "TITAN", "vol": 2500, "fraction": "Embalagens de Vidro", "freguesia": "União das freguesias de Azambujeira e Malaqueijo", "src_class": "driver_only", "n_driver_rows": 243, "n_sensor_rows": null, "driver_mean_fill": 20.37037037037037, "driver_share_zero": 0.56378600823045266, "sensor_mean_fill": null, "sensor_max_fill": null, "n_rotas": 0 }, "geometry": { "type": "Point", "coordinates": [ -8.81364094, 39.27952661 ] } },
{ "type": "Feature", "properties": { "cid": "3827", "plate": "V0360", "ctype": "TITAN", "vol": 2500, "fraction": "Embalagens de Vidro", "freguesia": "União das freguesias de Azambujeira e Malaqueijo", "src_class": "driver_only", "n_driver_rows": 344, "n_sensor_rows": null, "driver_mean_fill": 16.279069767441861, "driver_share_zero": 0.6191860465116279, "sensor_mean_fill": null, "sensor_max_fill": null, "n_rotas": 0 }, "geometry": { "type": "Point", "coordinates": [ -8.82239463, 39.29461033 ] } },
{ "type": "Feature", "properties": { "cid": "4042", "plate": "V0706", "ctype": "TITAN", "vol": 2500, "fraction": "Embalagens de Vidro", "freguesia": "União das freguesias de Outeiro da Cortiçada e Arruda dos Pisões", "src_class": "driver_only", "n_driver_rows": 209, "n_sensor_rows": null, "driver_mean_fill": 19.019138755980862, "driver_share_zero": 0.57416267942583732, "sensor_mean_fill": null, "sensor_max_fill": null, "n_rotas": 0 }, "geometry": { "type": "Point", "coordinates": [ -8.8009437669427, 39.3481356220774 ] } },
{ "type": "Feature", "properties": { "cid": "4588", "plate": "V1556", "ctype": "OVO S", "vol": 2500, "fraction": "Embalagens de Vidro", "freguesia": "Rio Maior", "src_class": "driver_only", "n_driver_rows": 552, "n_sensor_rows": null, "driver_mean_fill": 17.753623188405797, "driver_share_zero": 0.59963768115942029, "sensor_mean_fill": null, "sensor_max_fill": null, "n_rotas": 0 }, "geometry": { "type": "Point", "coordinates": [ -8.93104892126, 39.3365675302 ] } },
{ "type": "Feature", "properties": { "cid": "4864", "plate": "V2200", "ctype": "OVO", "vol": 2500, "fraction": "Embalagens de Vidro", "freguesia": "Fráguas", "src_class": "driver_only", "n_driver_rows": 225, "n_sensor_rows": null, "driver_mean_fill": 17.111111111111111, "driver_share_zero": 0.63111111111111107, "sensor_mean_fill": null, "sensor_max_fill": null, "n_rotas": 0 }, "geometry": { "type": "Point", "coordinates": [ -8.87544598, 39.36399361 ] } },
{ "type": "Feature", "properties": { "cid": "5070", "plate": "V2440", "ctype": "OVO", "vol": 2500, "fraction": "Embalagens de Vidro", "freguesia": "Rio Maior", "src_class": "driver_only", "n_driver_rows": 369, "n_sensor_rows": null, "driver_mean_fill": 11.653116531165312, "driver_share_zero": 0.67479674796747968, "sensor_mean_fill": null, "sensor_max_fill": null, "n_rotas": 0 }, "geometry": { "type": "Point", "coordinates": [ -8.96207222222222, 39.3820277777778 ] } },
{ "type": "Feature", "properties": { "cid": "5435", "plate": "V2904", "ctype": "OVO", "vol": 2500, "fraction": "Embalagens de Vidro", "freguesia": "União das freguesias de Marmeleira e Assentiz", "src_class": "driver_only", "n_driver_rows": 196, "n_sensor_rows": null, "driver_mean_fill": 17.857142857142858, "driver_share_zero": 0.54081632653061229, "sensor_mean_fill": null, "sensor_max_fill": null, "n_rotas": 0 }, "geometry": { "type": "Point", "coordinates": [ -8.863563888888891, 39.254805555555599 ] } },
{ "type": "Feature", "properties": { "cid": "5691", "plate": "P2453", "ctype": "OVO", "vol": 2500, "fraction": "Embalagens de papel e cartão", "freguesia": "Rio Maior", "src_class": "driver_only", "n_driver_rows": 101, "n_sensor_rows": null, "driver_mean_fill": 36.386138613861384, "driver_share_zero": 0.54455445544554459, "sensor_mean_fill": null, "sensor_max_fill": null, "n_rotas": 1 }, "geometry": { "type": "Point", "coordinates": [ -8.93198333333333, 39.331341666666702 ] } },
{ "type": "Feature", "properties": { "cid": "5860", "plate": "P2725", "ctype": "OVO", "vol": 2500, "fraction": "Embalagens de papel e cartão", "freguesia": "Rio Maior", "src_class": "driver_only", "n_driver_rows": 486, "n_sensor_rows": null, "driver_mean_fill": 31.121399176954732, "driver_share_zero": 0.58024691358024694, "sensor_mean_fill": null, "sensor_max_fill": null, "n_rotas": 1 }, "geometry": { "type": "Point", "coordinates": [ -8.934421666666671, 39.340005 ] } },
{ "type": "Feature", "properties": { "cid": "6223", "plate": "V3241", "ctype": "OVO", "vol": 2500, "fraction": "Embalagens de Vidro", "freguesia": "Alcobertas", "src_class": "driver_only", "n_driver_rows": 221, "n_sensor_rows": null, "driver_mean_fill": 21.606334841628961, "driver_share_zero": 0.57013574660633481, "sensor_mean_fill": null, "sensor_max_fill": null, "n_rotas": 0 }, "geometry": { "type": "Point", "coordinates": [ -8.92165623, 39.40509833 ] } },
{ "type": "Feature", "properties": { "cid": "6232", "plate": "V3227", "ctype": "OVO", "vol": 2500, "fraction": "Embalagens de Vidro", "freguesia": "São Sebastião", "src_class": "driver_only", "n_driver_rows": 234, "n_sensor_rows": null, "driver_mean_fill": 17.948717948717949, "driver_share_zero": 0.58119658119658124, "sensor_mean_fill": null, "sensor_max_fill": null, "n_rotas": 0 }, "geometry": { "type": "Point", "coordinates": [ -8.88676666666667, 39.362630555555597 ] } },
{ "type": "Feature", "properties": { "cid": "7150", "plate": "V3503", "ctype": "OVO", "vol": 2500, "fraction": "Embalagens de Vidro", "freguesia": "Fráguas", "src_class": "driver_only", "n_driver_rows": 1302, "n_sensor_rows": null, "driver_mean_fill": 18.202764976958527, "driver_share_zero": 0.56528417818740395, "sensor_mean_fill": null, "sensor_max_fill": null, "n_rotas": 0 }, "geometry": { "type": "Point", "coordinates": [ -8.8814333, 39.3849444 ] } },
{ "type": "Feature", "properties": { "cid": "7248", "plate": "P2955", "ctype": "OVO", "vol": 2500, "fraction": "Embalagens de papel e cartão", "freguesia": "Rio Maior", "src_class": "driver_only", "n_driver_rows": 355, "n_sensor_rows": null, "driver_mean_fill": 27.471751412429377, "driver_share_zero": 0.59154929577464788, "sensor_mean_fill": null, "sensor_max_fill": null, "n_rotas": 1 }, "geometry": { "type": "Point", "coordinates": [ -8.95018333333333, 39.3412 ] } },
{ "type": "Feature", "properties": { "cid": "9199", "plate": "V4897", "ctype": "OVO", "vol": 2500, "fraction": "Embalagens de Vidro", "freguesia": "Alcobertas", "src_class": "driver_only", "n_driver_rows": 267, "n_sensor_rows": null, "driver_mean_fill": 21.348314606741575, "driver_share_zero": 0.54307116104868913, "sensor_mean_fill": null, "sensor_max_fill": null, "n_rotas": 0 }, "geometry": { "type": "Point", "coordinates": [ -8.9121603, 39.40022009 ] } },
{ "type": "Feature", "properties": { "cid": "9205", "plate": "V4903", "ctype": "OVO", "vol": 2500, "fraction": "Embalagens de Vidro", "freguesia": "Rio Maior", "src_class": "driver_only", "n_driver_rows": 216, "n_sensor_rows": null, "driver_mean_fill": 6.5972222222222223, "driver_share_zero": 0.81944444444444442, "sensor_mean_fill": null, "sensor_max_fill": null, "n_rotas": 0 }, "geometry": { "type": "Point", "coordinates": [ -8.950627907, 39.33836419 ] } },
{ "type": "Feature", "properties": { "cid": "9259", "plate": "V4957", "ctype": "OVO", "vol": 2500, "fraction": "Embalagens de Vidro", "freguesia": "Rio Maior", "src_class": "driver_only", "n_driver_rows": 322, "n_sensor_rows": null, "driver_mean_fill": 8.9285714285714288, "driver_share_zero": 0.74223602484472051, "sensor_mean_fill": null, "sensor_max_fill": null, "n_rotas": 0 }, "geometry": { "type": "Point", "coordinates": [ -8.909515, 39.291485 ] } },
{ "type": "Feature", "properties": { "cid": "9268", "plate": "V4966", "ctype": "OVO", "vol": 2500, "fraction": "Embalagens de Vidro", "freguesia": "Rio Maior", "src_class": "driver_only", "n_driver_rows": 373, "n_sensor_rows": null, "driver_mean_fill": 18.096514745308312, "driver_share_zero": 0.57372654155495983, "sensor_mean_fill": null, "sensor_max_fill": null, "n_rotas": 0 }, "geometry": { "type": "Point", "coordinates": [ -8.931374, 39.34814 ] } },
{ "type": "Feature", "properties": { "cid": "9274", "plate": "V4972", "ctype": "OVO", "vol": 2500, "fraction": "Embalagens de Vidro", "freguesia": "União das freguesias de São João da Ribeira e Ribeira de São João", "src_class": "driver_only", "n_driver_rows": 167, "n_sensor_rows": null, "driver_mean_fill": 12.574850299401197, "driver_share_zero": 0.60479041916167664, "sensor_mean_fill": null, "sensor_max_fill": null, "n_rotas": 0 }, "geometry": { "type": "Point", "coordinates": [ -8.87014382, 39.31451065 ] } },
{ "type": "Feature", "properties": { "cid": "9276", "plate": "V4974", "ctype": "OVO", "vol": 2500, "fraction": "Embalagens de Vidro", "freguesia": "Rio Maior", "src_class": "driver_only", "n_driver_rows": 188, "n_sensor_rows": null, "driver_mean_fill": 13.164893617021276, "driver_share_zero": 0.65957446808510634, "sensor_mean_fill": null, "sensor_max_fill": null, "n_rotas": 0 }, "geometry": { "type": "Point", "coordinates": [ -8.948229001, 39.319096 ] } },
{ "type": "Feature", "properties": { "cid": "9326", "plate": "V5025", "ctype": "OVO", "vol": 2500, "fraction": "Embalagens de Vidro", "freguesia": "Rio Maior", "src_class": "driver_only", "n_driver_rows": 191, "n_sensor_rows": null, "driver_mean_fill": 15.31413612565445, "driver_share_zero": 0.62303664921465973, "sensor_mean_fill": null, "sensor_max_fill": null, "n_rotas": 0 }, "geometry": { "type": "Point", "coordinates": [ -8.97458611111111, 39.297966666666703 ] } },
{ "type": "Feature", "properties": { "cid": "10195", "plate": "P4082", "ctype": "OVO", "vol": 2500, "fraction": "Embalagens de papel e cartão", "freguesia": "Rio Maior", "src_class": "driver_only", "n_driver_rows": 266, "n_sensor_rows": null, "driver_mean_fill": 31.578947368421051, "driver_share_zero": 0.56015037593984962, "sensor_mean_fill": null, "sensor_max_fill": null, "n_rotas": 1 }, "geometry": { "type": "Point", "coordinates": [ -8.923103, 39.314542 ] } },
{ "type": "Feature", "properties": { "cid": "28618", "plate": "V6567", "ctype": "AMBI", "vol": 2500, "fraction": "Embalagens de Vidro", "freguesia": "Rio Maior", "src_class": "driver_only", "n_driver_rows": 18, "n_sensor_rows": null, "driver_mean_fill": 2.7777777777777777, "driver_share_zero": 0.88888888888888884, "sensor_mean_fill": null, "sensor_max_fill": null, "n_rotas": 0 }, "geometry": { "type": "Point", "coordinates": [ -8.92968888888889, 39.329833333333298 ] } },
{ "type": "Feature", "properties": { "cid": "1917", "plate": "P0352", "ctype": "TITAN", "vol": 2500, "fraction": "Embalagens de papel e cartão", "freguesia": "Rio Maior", "src_class": "driver_only", "n_driver_rows": 27, "n_sensor_rows": null, "driver_mean_fill": 23.148148148148149, "driver_share_zero": 0.59259259259259256, "sensor_mean_fill": null, "sensor_max_fill": null, "n_rotas": 1 }, "geometry": { "type": "Point", "coordinates": [ -8.942653289060001, 39.364150263600003 ] } },
{ "type": "Feature", "properties": { "cid": "11791", "plate": "E4463", "ctype": "OVO", "vol": 2500, "fraction": "Mistura de embalagens", "freguesia": "União das freguesias de São João da Ribeira e Ribeira de São João", "src_class": "driver_only", "n_driver_rows": 284, "n_sensor_rows": null, "driver_mean_fill": 35.827464788732392, "driver_share_zero": 0.47887323943661969, "sensor_mean_fill": null, "sensor_max_fill": null, "n_rotas": 1 }, "geometry": { "type": "Point", "coordinates": [ -8.883943, 39.283566 ] } },
{ "type": "Feature", "properties": { "cid": "11859", "plate": "E4531", "ctype": "OVO", "vol": 2500, "fraction": "Mistura de embalagens", "freguesia": "União das freguesias de Outeiro da Cortiçada e Arruda dos Pisões", "src_class": "driver_only", "n_driver_rows": 320, "n_sensor_rows": null, "driver_mean_fill": 44.749216300940439, "driver_share_zero": 0.446875, "sensor_mean_fill": null, "sensor_max_fill": null, "n_rotas": 1 }, "geometry": { "type": "Point", "coordinates": [ -8.799092607578951, 39.343518168828297 ] } },
{ "type": "Feature", "properties": { "cid": "14116", "plate": "P4985", "ctype": "OVO", "vol": 2500, "fraction": "Embalagens de papel e cartão", "freguesia": "Rio Maior", "src_class": "driver_only", "n_driver_rows": 238, "n_sensor_rows": null, "driver_mean_fill": 34.663865546218489, "driver_share_zero": 0.5, "sensor_mean_fill": null, "sensor_max_fill": null, "n_rotas": 1 }, "geometry": { "type": "Point", "coordinates": [ -8.984290944, 39.31758725 ] } },
{ "type": "Feature", "properties": { "cid": "16426", "plate": "E5290", "ctype": "OVO", "vol": 2500, "fraction": "Mistura de embalagens", "freguesia": "Rio Maior", "src_class": "driver_only", "n_driver_rows": 679, "n_sensor_rows": null, "driver_mean_fill": 29.675994108983801, "driver_share_zero": 0.48011782032400591, "sensor_mean_fill": null, "sensor_max_fill": null, "n_rotas": 2 }, "geometry": { "type": "Point", "coordinates": [ -8.945929734410001, 39.34395604 ] } },
{ "type": "Feature", "properties": { "cid": "17948", "plate": "P5780", "ctype": "OVO", "vol": 2500, "fraction": "Embalagens de papel e cartão", "freguesia": "Rio Maior", "src_class": "driver_only", "n_driver_rows": 410, "n_sensor_rows": null, "driver_mean_fill": 41.158536585365852, "driver_share_zero": 0.47317073170731705, "sensor_mean_fill": null, "sensor_max_fill": null, "n_rotas": 0 }, "geometry": { "type": "Point", "coordinates": [ -8.94644166666667, 39.339577777777798 ] } },
{ "type": "Feature", "properties": { "cid": "27938", "plate": "V8045", "ctype": "AMBI", "vol": 2500, "fraction": "Embalagens de Vidro", "freguesia": "Rio Maior", "src_class": "driver_only", "n_driver_rows": 24, "n_sensor_rows": null, "driver_mean_fill": 4.5454545454545459, "driver_share_zero": 0.79166666666666663, "sensor_mean_fill": null, "sensor_max_fill": null, "n_rotas": 0 }, "geometry": { "type": "Point", "coordinates": [ -8.938634, 39.338942 ] } },
{ "type": "Feature", "properties": { "cid": "1912", "plate": "P0343", "ctype": "TITAN", "vol": 2500, "fraction": "Embalagens de papel e cartão", "freguesia": "União das freguesias de Outeiro da Cortiçada e Arruda dos Pisões", "src_class": "driver_only", "n_driver_rows": 63, "n_sensor_rows": null, "driver_mean_fill": 27.38095238095238, "driver_share_zero": 0.65079365079365081, "sensor_mean_fill": null, "sensor_max_fill": null, "n_rotas": 1 }, "geometry": { "type": "Point", "coordinates": [ -8.84402431146, 39.315675297299997 ] } },
{ "type": "Feature", "properties": { "cid": "3589", "plate": "V1997", "ctype": "OVO S", "vol": 2500, "fraction": "Embalagens de Vidro", "freguesia": "Rio Maior", "src_class": "driver_only", "n_driver_rows": 207, "n_sensor_rows": null, "driver_mean_fill": 16.787439613526569, "driver_share_zero": 0.6376811594202898, "sensor_mean_fill": null, "sensor_max_fill": null, "n_rotas": 0 }, "geometry": { "type": "Point", "coordinates": [ -8.9699301, 39.30159928 ] } },
{ "type": "Feature", "properties": { "cid": "3638", "plate": "V0041", "ctype": "TITAN K", "vol": 2500, "fraction": "Embalagens de Vidro", "freguesia": "Rio Maior", "src_class": "driver_only", "n_driver_rows": 368, "n_sensor_rows": null, "driver_mean_fill": 12.432065217391305, "driver_share_zero": 0.64673913043478259, "sensor_mean_fill": null, "sensor_max_fill": null, "n_rotas": 0 }, "geometry": { "type": "Point", "coordinates": [ -8.94317401514, 39.340086100800001 ] } },
{ "type": "Feature", "properties": { "cid": "4647", "plate": "V1712", "ctype": "OVO S", "vol": 2500, "fraction": "Embalagens de Vidro", "freguesia": "União das freguesias de São João da Ribeira e Ribeira de São João", "src_class": "driver_only", "n_driver_rows": 417, "n_sensor_rows": null, "driver_mean_fill": 22.242206235011992, "driver_share_zero": 0.57074340527577938, "sensor_mean_fill": null, "sensor_max_fill": null, "n_rotas": 0 }, "geometry": { "type": "Point", "coordinates": [ -8.847243656, 39.279482858800002 ] } },
{ "type": "Feature", "properties": { "cid": "4654", "plate": "V1720", "ctype": "OVO", "vol": 2500, "fraction": "Embalagens de Vidro", "freguesia": "Alcobertas", "src_class": "driver_only", "n_driver_rows": 328, "n_sensor_rows": null, "driver_mean_fill": 23.932926829268293, "driver_share_zero": 0.50304878048780488, "sensor_mean_fill": null, "sensor_max_fill": null, "n_rotas": 0 }, "geometry": { "type": "Point", "coordinates": [ -8.90647175224, 39.420554258 ] } },
{ "type": "Feature", "properties": { "cid": "5303", "plate": "V2690", "ctype": "OVO", "vol": 2500, "fraction": "Embalagens de Vidro", "freguesia": "Rio Maior", "src_class": "driver_only", "n_driver_rows": 182, "n_sensor_rows": null, "driver_mean_fill": 1.5109890109890109, "driver_share_zero": 0.94505494505494503, "sensor_mean_fill": null, "sensor_max_fill": null, "n_rotas": 0 }, "geometry": { "type": "Point", "coordinates": [ -8.93113888888889, 39.341986111111098 ] } },
{ "type": "Feature", "properties": { "cid": "5805", "plate": "V2988", "ctype": "OVO", "vol": 2500, "fraction": "Embalagens de Vidro", "freguesia": "São Sebastião", "src_class": "driver_only", "n_driver_rows": 489, "n_sensor_rows": null, "driver_mean_fill": 16.257668711656443, "driver_share_zero": 0.58282208588957052, "sensor_mean_fill": null, "sensor_max_fill": null, "n_rotas": 0 }, "geometry": { "type": "Point", "coordinates": [ -8.893455555555549, 39.3707944444444 ] } },
{ "type": "Feature", "properties": { "cid": "5940", "plate": "Sub_E0145", "ctype": "E BLUE BEE", "vol": 5000, "fraction": "Mistura de embalagens", "freguesia": "Rio Maior", "src_class": "driver_only", "n_driver_rows": 554, "n_sensor_rows": null, "driver_mean_fill": 32.987364620938628, "driver_share_zero": 0.55595667870036103, "sensor_mean_fill": null, "sensor_max_fill": null, "n_rotas": 1 }, "geometry": { "type": "Point", "coordinates": [ -8.936525, 39.335611111111099 ] } },
{ "type": "Feature", "properties": { "cid": "6229", "plate": "V3230", "ctype": "OVO", "vol": 2500, "fraction": "Embalagens de Vidro", "freguesia": "Rio Maior", "src_class": "driver_only", "n_driver_rows": 204, "n_sensor_rows": null, "driver_mean_fill": 13.602941176470589, "driver_share_zero": 0.62254901960784315, "sensor_mean_fill": null, "sensor_max_fill": null, "n_rotas": 0 }, "geometry": { "type": "Point", "coordinates": [ -8.974793333333331, 39.29885 ] } },
{ "type": "Feature", "properties": { "cid": "7005", "plate": "P2585", "ctype": "OVO", "vol": 2500, "fraction": "Embalagens de papel e cartão", "freguesia": "União das freguesias de Azambujeira e Malaqueijo", "src_class": "driver_only", "n_driver_rows": 281, "n_sensor_rows": null, "driver_mean_fill": 24.377224199288257, "driver_share_zero": 0.63345195729537362, "sensor_mean_fill": null, "sensor_max_fill": null, "n_rotas": 1 }, "geometry": { "type": "Point", "coordinates": [ -8.82492222222222, 39.295122222222197 ] } },
{ "type": "Feature", "properties": { "cid": "7938", "plate": "E3239", "ctype": "VRL", "vol": 2500, "fraction": "Mistura de embalagens", "freguesia": "Rio Maior", "src_class": "driver_only", "n_driver_rows": 311, "n_sensor_rows": null, "driver_mean_fill": 24.758842443729904, "driver_share_zero": 0.58520900321543412, "sensor_mean_fill": null, "sensor_max_fill": null, "n_rotas": 1 }, "geometry": { "type": "Point", "coordinates": [ -8.93199166666667, 39.342252777777801 ] } },
{ "type": "Feature", "properties": { "cid": "9220", "plate": "V4918", "ctype": "OVO", "vol": 2500, "fraction": "Embalagens de Vidro", "freguesia": "Rio Maior", "src_class": "driver_only", "n_driver_rows": 219, "n_sensor_rows": null, "driver_mean_fill": 12.557077625570777, "driver_share_zero": 0.65296803652968038, "sensor_mean_fill": null, "sensor_max_fill": null, "n_rotas": 0 }, "geometry": { "type": "Point", "coordinates": [ -8.92958055555556, 39.327583333333301 ] } },
{ "type": "Feature", "properties": { "cid": "9251", "plate": "V4949", "ctype": "OVO", "vol": 2500, "fraction": "Embalagens de Vidro", "freguesia": "União das freguesias de São João da Ribeira e Ribeira de São João", "src_class": "driver_only", "n_driver_rows": 208, "n_sensor_rows": null, "driver_mean_fill": 13.58173076923077, "driver_share_zero": 0.64423076923076927, "sensor_mean_fill": null, "sensor_max_fill": null, "n_rotas": 0 }, "geometry": { "type": "Point", "coordinates": [ -8.869875, 39.292430555555597 ] } },
{ "type": "Feature", "properties": { "cid": "9260", "plate": "V4958", "ctype": "OVO", "vol": 2500, "fraction": "Embalagens de Vidro", "freguesia": "União das freguesias de São João da Ribeira e Ribeira de São João", "src_class": "driver_only", "n_driver_rows": 283, "n_sensor_rows": null, "driver_mean_fill": 17.667844522968199, "driver_share_zero": 0.55477031802120136, "sensor_mean_fill": null, "sensor_max_fill": null, "n_rotas": 0 }, "geometry": { "type": "Point", "coordinates": [ -8.863456254, 39.28223461 ] } },
{ "type": "Feature", "properties": { "cid": "9284", "plate": "V4983", "ctype": "OVO", "vol": 2500, "fraction": "Embalagens de Vidro", "freguesia": "Arrouquelas", "src_class": "driver_only", "n_driver_rows": 283, "n_sensor_rows": null, "driver_mean_fill": 15.017667844522968, "driver_share_zero": 0.59363957597173145, "sensor_mean_fill": null, "sensor_max_fill": null, "n_rotas": 0 }, "geometry": { "type": "Point", "coordinates": [ -8.899975, 39.260391 ] } },
{ "type": "Feature", "properties": { "cid": "9311", "plate": "V5010", "ctype": "OVO", "vol": 2500, "fraction": "Embalagens de Vidro", "freguesia": "Rio Maior", "src_class": "driver_only", "n_driver_rows": 229, "n_sensor_rows": null, "driver_mean_fill": 9.3886462882096069, "driver_share_zero": 0.70742358078602618, "sensor_mean_fill": null, "sensor_max_fill": null, "n_rotas": 0 }, "geometry": { "type": "Point", "coordinates": [ -8.927239054, 39.3266757 ] } },
{ "type": "Feature", "properties": { "cid": "9368", "plate": "V5068", "ctype": "OVO", "vol": 2500, "fraction": "Embalagens de Vidro", "freguesia": "União das freguesias de Marmeleira e Assentiz", "src_class": "driver_only", "n_driver_rows": 248, "n_sensor_rows": null, "driver_mean_fill": 16.497975708502025, "driver_share_zero": 0.57258064516129037, "sensor_mean_fill": null, "sensor_max_fill": null, "n_rotas": 0 }, "geometry": { "type": "Point", "coordinates": [ -8.866077777777781, 39.259891666666697 ] } },
{ "type": "Feature", "properties": { "cid": "10350", "plate": "P4238", "ctype": "OVO", "vol": 2500, "fraction": "Embalagens de papel e cartão", "freguesia": "Rio Maior", "src_class": "driver_only", "n_driver_rows": 207, "n_sensor_rows": null, "driver_mean_fill": 25.970873786407768, "driver_share_zero": 0.61835748792270528, "sensor_mean_fill": null, "sensor_max_fill": null, "n_rotas": 3 }, "geometry": { "type": "Point", "coordinates": [ -8.932584, 39.345147 ] } },
{ "type": "Feature", "properties": { "cid": "11031", "plate": "E3682", "ctype": "OVO", "vol": 2500, "fraction": "Mistura de embalagens", "freguesia": "Rio Maior", "src_class": "driver_only", "n_driver_rows": 629, "n_sensor_rows": null, "driver_mean_fill": 41.958598726114651, "driver_share_zero": 0.4626391096979332, "sensor_mean_fill": null, "sensor_max_fill": null, "n_rotas": 2 }, "geometry": { "type": "Point", "coordinates": [ -8.948891471294459, 39.3392164016104 ] } },
{ "type": "Feature", "properties": { "cid": "27961", "plate": "E8091", "ctype": "AMBI", "vol": 2500, "fraction": "Mistura de embalagens", "freguesia": "União das freguesias de Azambujeira e Malaqueijo", "src_class": "driver_only", "n_driver_rows": 22, "n_sensor_rows": null, "driver_mean_fill": 36.904761904761905, "driver_share_zero": 0.45454545454545453, "sensor_mean_fill": null, "sensor_max_fill": null, "n_rotas": 0 }, "geometry": { "type": "Point", "coordinates": [ -8.79302, 39.279631 ] } },
{ "type": "Feature", "properties": { "cid": "11809", "plate": "E4481", "ctype": "OVO", "vol": 2500, "fraction": "Mistura de embalagens", "freguesia": "Rio Maior", "src_class": "driver_only", "n_driver_rows": 311, "n_sensor_rows": null, "driver_mean_fill": 26.84887459807074, "driver_share_zero": 0.56913183279742763, "sensor_mean_fill": null, "sensor_max_fill": null, "n_rotas": 1 }, "geometry": { "type": "Point", "coordinates": [ -8.912516, 39.334091 ] } },
{ "type": "Feature", "properties": { "cid": "11822", "plate": "E4494", "ctype": "OVO", "vol": 2500, "fraction": "Mistura de embalagens", "freguesia": "União das freguesias de Marmeleira e Assentiz", "src_class": "driver_only", "n_driver_rows": 206, "n_sensor_rows": null, "driver_mean_fill": 30.339805825242717, "driver_share_zero": 0.49514563106796117, "sensor_mean_fill": null, "sensor_max_fill": null, "n_rotas": 1 }, "geometry": { "type": "Point", "coordinates": [ -8.86291686, 39.25536988 ] } },
{ "type": "Feature", "properties": { "cid": "14336", "plate": "P5037", "ctype": "OVO", "vol": 2500, "fraction": "Embalagens de papel e cartão", "freguesia": "Rio Maior", "src_class": "driver_only", "n_driver_rows": 469, "n_sensor_rows": null, "driver_mean_fill": 33.368869936034116, "driver_share_zero": 0.55437100213219614, "sensor_mean_fill": null, "sensor_max_fill": null, "n_rotas": 1 }, "geometry": { "type": "Point", "coordinates": [ -8.93800762645, 39.328944047100002 ] } },
{ "type": "Feature", "properties": { "cid": "16206", "plate": "V5514", "ctype": "OVO", "vol": 2500, "fraction": "Embalagens de Vidro", "freguesia": "União das freguesias de Marmeleira e Assentiz", "src_class": "driver_only", "n_driver_rows": 248, "n_sensor_rows": null, "driver_mean_fill": 21.975806451612904, "driver_share_zero": 0.56048387096774188, "sensor_mean_fill": null, "sensor_max_fill": null, "n_rotas": 0 }, "geometry": { "type": "Point", "coordinates": [ -8.831536709950001, 39.263640013600003 ] } },
{ "type": "Feature", "properties": { "cid": "16876", "plate": "P5657", "ctype": "OVO", "vol": 2500, "fraction": "Embalagens de papel e cartão", "freguesia": "União das freguesias de Marmeleira e Assentiz", "src_class": "driver_only", "n_driver_rows": 192, "n_sensor_rows": null, "driver_mean_fill": 42.146596858638745, "driver_share_zero": 0.484375, "sensor_mean_fill": null, "sensor_max_fill": null, "n_rotas": 0 }, "geometry": { "type": "Point", "coordinates": [ -8.831536709950001, 39.263640013600003 ] } },
{ "type": "Feature", "properties": { "cid": "21981", "plate": "V6147", "ctype": "AMBI", "vol": 2500, "fraction": "Embalagens de Vidro", "freguesia": "Rio Maior", "src_class": "driver_only", "n_driver_rows": 60, "n_sensor_rows": null, "driver_mean_fill": 18.75, "driver_share_zero": 0.58333333333333337, "sensor_mean_fill": null, "sensor_max_fill": null, "n_rotas": 0 }, "geometry": { "type": "Point", "coordinates": [ -8.943275, 39.370408333333302 ] } },
{ "type": "Feature", "properties": { "cid": "557", "plate": "E0744 F", "ctype": "TITAN", "vol": 2500, "fraction": "Mistura de embalagens", "freguesia": "Rio Maior", "src_class": "driver_only", "n_driver_rows": 63, "n_sensor_rows": null, "driver_mean_fill": 16.269841269841269, "driver_share_zero": 0.5714285714285714, "sensor_mean_fill": null, "sensor_max_fill": null, "n_rotas": 1 }, "geometry": { "type": "Point", "coordinates": [ -8.91234765425, 39.332629942600001 ] } },
{ "type": "Feature", "properties": { "cid": "1992", "plate": "P0480", "ctype": "TITAN", "vol": 2500, "fraction": "Embalagens de papel e cartão", "freguesia": "União das freguesias de Azambujeira e Malaqueijo", "src_class": "driver_only", "n_driver_rows": 68, "n_sensor_rows": null, "driver_mean_fill": 33.823529411764703, "driver_share_zero": 0.6029411764705882, "sensor_mean_fill": null, "sensor_max_fill": null, "n_rotas": 1 }, "geometry": { "type": "Point", "coordinates": [ -8.82190244417, 39.294701660500003 ] } },
{ "type": "Feature", "properties": { "cid": "4030", "plate": "V0690", "ctype": "TITAN", "vol": 2500, "fraction": "Embalagens de Vidro", "freguesia": "Rio Maior", "src_class": "driver_only", "n_driver_rows": 384, "n_sensor_rows": null, "driver_mean_fill": 15.4296875, "driver_share_zero": 0.59895833333333337, "sensor_mean_fill": null, "sensor_max_fill": null, "n_rotas": 0 }, "geometry": { "type": "Point", "coordinates": [ -8.953384717158359, 39.3430571817877 ] } },
{ "type": "Feature", "properties": { "cid": "4973", "plate": "V2331", "ctype": "OVO", "vol": 2500, "fraction": "Embalagens de Vidro", "freguesia": "Rio Maior", "src_class": "driver_only", "n_driver_rows": 535, "n_sensor_rows": null, "driver_mean_fill": 18.411214953271028, "driver_share_zero": 0.54766355140186918, "sensor_mean_fill": null, "sensor_max_fill": null, "n_rotas": 0 }, "geometry": { "type": "Point", "coordinates": [ -8.93318246, 39.33731245 ] } },
{ "type": "Feature", "properties": { "cid": "5541", "plate": "P1385", "ctype": "OVO", "vol": 2500, "fraction": "Embalagens de papel e cartão", "freguesia": "Rio Maior", "src_class": "driver_only", "n_driver_rows": 83, "n_sensor_rows": null, "driver_mean_fill": 13.855421686746988, "driver_share_zero": 0.71084337349397586, "sensor_mean_fill": null, "sensor_max_fill": null, "n_rotas": 1 }, "geometry": { "type": "Point", "coordinates": [ -8.93440833333333, 39.344052777777797 ] } },
{ "type": "Feature", "properties": { "cid": "7233", "plate": "V3516", "ctype": "OVO", "vol": 2500, "fraction": "Embalagens de Vidro", "freguesia": "Rio Maior", "src_class": "driver_only", "n_driver_rows": 375, "n_sensor_rows": null, "driver_mean_fill": 16.333333333333332, "driver_share_zero": 0.57866666666666666, "sensor_mean_fill": null, "sensor_max_fill": null, "n_rotas": 0 }, "geometry": { "type": "Point", "coordinates": [ -8.942625, 39.338983333333303 ] } },
{ "type": "Feature", "properties": { "cid": "9253", "plate": "V4951", "ctype": "OVO", "vol": 2500, "fraction": "Embalagens de Vidro", "freguesia": "Rio Maior", "src_class": "driver_only", "n_driver_rows": 341, "n_sensor_rows": null, "driver_mean_fill": 13.196480938416423, "driver_share_zero": 0.65982404692082108, "sensor_mean_fill": null, "sensor_max_fill": null, "n_rotas": 0 }, "geometry": { "type": "Point", "coordinates": [ -8.93627366, 39.34192217 ] } },
{ "type": "Feature", "properties": { "cid": "9254", "plate": "V4952", "ctype": "OVO", "vol": 2500, "fraction": "Embalagens de Vidro", "freguesia": "Rio Maior", "src_class": "driver_only", "n_driver_rows": 190, "n_sensor_rows": null, "driver_mean_fill": 13.552631578947368, "driver_share_zero": 0.64736842105263159, "sensor_mean_fill": null, "sensor_max_fill": null, "n_rotas": 0 }, "geometry": { "type": "Point", "coordinates": [ -8.908641001, 39.297077 ] } },
{ "type": "Feature", "properties": { "cid": "9269", "plate": "V4967", "ctype": "OVO", "vol": 2500, "fraction": "Embalagens de Vidro", "freguesia": "Rio Maior", "src_class": "driver_only", "n_driver_rows": 153, "n_sensor_rows": null, "driver_mean_fill": 11.928104575163399, "driver_share_zero": 0.6797385620915033, "sensor_mean_fill": null, "sensor_max_fill": null, "n_rotas": 0 }, "geometry": { "type": "Point", "coordinates": [ -8.944725, 39.373597222222202 ] } },
{ "type": "Feature", "properties": { "cid": "9367", "plate": "V5067", "ctype": "OVO", "vol": 2500, "fraction": "Embalagens de Vidro", "freguesia": "União das freguesias de Azambujeira e Malaqueijo", "src_class": "driver_only", "n_driver_rows": 233, "n_sensor_rows": null, "driver_mean_fill": 16.630901287553648, "driver_share_zero": 0.57081545064377681, "sensor_mean_fill": null, "sensor_max_fill": null, "n_rotas": 0 }, "geometry": { "type": "Point", "coordinates": [ -8.83279444444444, 39.294144444444399 ] } },
{ "type": "Feature", "properties": { "cid": "10154", "plate": "P4041", "ctype": "OVO", "vol": 2500, "fraction": "Embalagens de papel e cartão", "freguesia": "Rio Maior", "src_class": "driver_only", "n_driver_rows": 372, "n_sensor_rows": null, "driver_mean_fill": 39.083557951482483, "driver_share_zero": 0.5053763440860215, "sensor_mean_fill": null, "sensor_max_fill": null, "n_rotas": 5 }, "geometry": { "type": "Point", "coordinates": [ -8.96218571207633, 39.382676356154001 ] } },
{ "type": "Feature", "properties": { "cid": "10178", "plate": "P4065", "ctype": "OVO", "vol": 2500, "fraction": "Embalagens de papel e cartão", "freguesia": "Rio Maior", "src_class": "driver_only", "n_driver_rows": 219, "n_sensor_rows": null, "driver_mean_fill": 16.666666666666668, "driver_share_zero": 0.72602739726027399, "sensor_mean_fill": null, "sensor_max_fill": null, "n_rotas": 1 }, "geometry": { "type": "Point", "coordinates": [ -8.951575, 39.330694444444397 ] } },
{ "type": "Feature", "properties": { "cid": "11834", "plate": "E4506", "ctype": "OVO", "vol": 2500, "fraction": "Mistura de embalagens", "freguesia": "Asseiceira", "src_class": "driver_only", "n_driver_rows": 190, "n_sensor_rows": null, "driver_mean_fill": 26.315789473684209, "driver_share_zero": 0.57894736842105265, "sensor_mean_fill": null, "sensor_max_fill": null, "n_rotas": 1 }, "geometry": { "type": "Point", "coordinates": [ -8.965499993, 39.29422973 ] } },
{ "type": "Feature", "properties": { "cid": "20822", "plate": "P6369", "ctype": "VRL", "vol": 2500, "fraction": "Embalagens de papel e cartão", "freguesia": "Rio Maior", "src_class": "driver_only", "n_driver_rows": 67, "n_sensor_rows": null, "driver_mean_fill": 29.850746268656717, "driver_share_zero": 0.53731343283582089, "sensor_mean_fill": null, "sensor_max_fill": null, "n_rotas": 0 }, "geometry": { "type": "Point", "coordinates": [ -8.96207222222222, 39.3820277777778 ] } },
{ "type": "Feature", "properties": { "cid": "27968", "plate": "V8050", "ctype": "AMBI", "vol": 2500, "fraction": "Embalagens de Vidro", "freguesia": "Rio Maior", "src_class": "driver_only", "n_driver_rows": 11, "n_sensor_rows": null, "driver_mean_fill": 2.2727272727272729, "driver_share_zero": 0.90909090909090906, "sensor_mean_fill": null, "sensor_max_fill": null, "n_rotas": 0 }, "geometry": { "type": "Point", "coordinates": [ -8.9612, 39.354197 ] } },
{ "type": "Feature", "properties": { "cid": "62", "plate": "E0202", "ctype": "TITAN", "vol": 2500, "fraction": "Mistura de embalagens", "freguesia": "Rio Maior", "src_class": "driver_only", "n_driver_rows": 16, "n_sensor_rows": null, "driver_mean_fill": 14.0625, "driver_share_zero": 0.8125, "sensor_mean_fill": null, "sensor_max_fill": null, "n_rotas": 1 }, "geometry": { "type": "Point", "coordinates": [ -8.947506614850001, 39.342890018299997 ] } },
{ "type": "Feature", "properties": { "cid": "11569", "plate": "E4237", "ctype": "OVO", "vol": 2500, "fraction": "Mistura de embalagens", "freguesia": "Alcobertas", "src_class": "driver_only", "n_driver_rows": 209, "n_sensor_rows": null, "driver_mean_fill": 30.382775119617225, "driver_share_zero": 0.49282296650717705, "sensor_mean_fill": null, "sensor_max_fill": null, "n_rotas": 1 }, "geometry": { "type": "Point", "coordinates": [ -8.900827999, 39.424973 ] } },
{ "type": "Feature", "properties": { "cid": "11869", "plate": "E4541", "ctype": "OVO", "vol": 2500, "fraction": "Mistura de embalagens", "freguesia": "Arrouquelas", "src_class": "driver_only", "n_driver_rows": 409, "n_sensor_rows": null, "driver_mean_fill": 39.039408866995075, "driver_share_zero": 0.47677261613691929, "sensor_mean_fill": null, "sensor_max_fill": null, "n_rotas": 1 }, "geometry": { "type": "Point", "coordinates": [ -8.899975, 39.260391 ] } },
{ "type": "Feature", "properties": { "cid": "11980", "plate": "V0193V", "ctype": "VRL", "vol": 2500, "fraction": "Embalagens de Vidro", "freguesia": "Fráguas", "src_class": "driver_only", "n_driver_rows": 189, "n_sensor_rows": null, "driver_mean_fill": 19.841269841269842, "driver_share_zero": 0.58730158730158732, "sensor_mean_fill": null, "sensor_max_fill": null, "n_rotas": 0 }, "geometry": { "type": "Point", "coordinates": [ -8.85455706306, 39.377180209599999 ] } },
{ "type": "Feature", "properties": { "cid": "12283", "plate": "V5182", "ctype": "OVO", "vol": 2500, "fraction": "Embalagens de Vidro", "freguesia": "Alcobertas", "src_class": "driver_only", "n_driver_rows": 197, "n_sensor_rows": null, "driver_mean_fill": 15.862944162436548, "driver_share_zero": 0.63959390862944165, "sensor_mean_fill": null, "sensor_max_fill": null, "n_rotas": 0 }, "geometry": { "type": "Point", "coordinates": [ -8.905749327099119, 39.425799807930296 ] } },
{ "type": "Feature", "properties": { "cid": "16269", "plate": "V5553", "ctype": "OVO", "vol": 2500, "fraction": "Embalagens de Vidro", "freguesia": "Rio Maior", "src_class": "driver_only", "n_driver_rows": 384, "n_sensor_rows": null, "driver_mean_fill": 21.028645833333332, "driver_share_zero": 0.54947916666666663, "sensor_mean_fill": null, "sensor_max_fill": null, "n_rotas": 0 }, "geometry": { "type": "Point", "coordinates": [ -8.93669728, 39.32848135 ] } },
{ "type": "Feature", "properties": { "cid": "18682", "plate": "V5836", "ctype": "OVO", "vol": 2500, "fraction": "Embalagens de Vidro", "freguesia": "União das freguesias de São João da Ribeira e Ribeira de São João", "src_class": "driver_only", "n_driver_rows": 113, "n_sensor_rows": null, "driver_mean_fill": 23.008849557522122, "driver_share_zero": 0.53982300884955747, "sensor_mean_fill": null, "sensor_max_fill": null, "n_rotas": 0 }, "geometry": { "type": "Point", "coordinates": [ -8.88630871738, 39.287210100400003 ] } },
{ "type": "Feature", "properties": { "cid": "18787", "plate": "V5842", "ctype": "OVO", "vol": 2500, "fraction": "Embalagens de Vidro", "freguesia": "Rio Maior", "src_class": "driver_only", "n_driver_rows": 164, "n_sensor_rows": null, "driver_mean_fill": 13.414634146341463, "driver_share_zero": 0.67682926829268297, "sensor_mean_fill": null, "sensor_max_fill": null, "n_rotas": 0 }, "geometry": { "type": "Point", "coordinates": [ -8.93800762645, 39.328944047100002 ] } },
{ "type": "Feature", "properties": { "cid": "20652", "plate": "E6093", "ctype": "VRL", "vol": 2500, "fraction": "Mistura de embalagens", "freguesia": "Rio Maior", "src_class": "driver_only", "n_driver_rows": 343, "n_sensor_rows": null, "driver_mean_fill": 19.444444444444443, "driver_share_zero": 0.66763848396501457, "sensor_mean_fill": null, "sensor_max_fill": null, "n_rotas": 2 }, "geometry": { "type": "Point", "coordinates": [ -8.93251166666667, 39.331711666666699 ] } },
{ "type": "Feature", "properties": { "cid": "25861", "plate": "V6388", "ctype": "AMBI", "vol": 2500, "fraction": "Embalagens de Vidro", "freguesia": "Rio Maior", "src_class": "driver_only", "n_driver_rows": 26, "n_sensor_rows": null, "driver_mean_fill": 13.461538461538462, "driver_share_zero": 0.76923076923076927, "sensor_mean_fill": null, "sensor_max_fill": null, "n_rotas": 0 }, "geometry": { "type": "Point", "coordinates": [ -8.99793833333333, 39.360318333333304 ] } },
{ "type": "Feature", "properties": { "cid": "209", "plate": "E0279", "ctype": "TITAN", "vol": 2500, "fraction": "Mistura de embalagens", "freguesia": "Alcobertas", "src_class": "driver_only", "n_driver_rows": 389, "n_sensor_rows": null, "driver_mean_fill": 38.881748071979437, "driver_share_zero": 0.46015424164524421, "sensor_mean_fill": null, "sensor_max_fill": null, "n_rotas": 1 }, "geometry": { "type": "Point", "coordinates": [ -8.91628993, 39.42153554 ] } },
{ "type": "Feature", "properties": { "cid": "222", "plate": "E0297", "ctype": "TITAN", "vol": 2500, "fraction": "Mistura de embalagens", "freguesia": "Rio Maior", "src_class": "driver_only", "n_driver_rows": 82, "n_sensor_rows": null, "driver_mean_fill": 36.280487804878049, "driver_share_zero": 0.36585365853658536, "sensor_mean_fill": null, "sensor_max_fill": null, "n_rotas": 1 }, "geometry": { "type": "Point", "coordinates": [ -8.94317401514, 39.340086100800001 ] } },
{ "type": "Feature", "properties": { "cid": "992", "plate": "E1444", "ctype": "OVO S", "vol": 2500, "fraction": "Mistura de embalagens", "freguesia": "Rio Maior", "src_class": "driver_only", "n_driver_rows": 430, "n_sensor_rows": null, "driver_mean_fill": 33.857808857808855, "driver_share_zero": 0.46744186046511627, "sensor_mean_fill": null, "sensor_max_fill": null, "n_rotas": 1 }, "geometry": { "type": "Point", "coordinates": [ -8.937782, 39.343505 ] } },
{ "type": "Feature", "properties": { "cid": "1296", "plate": "E1948", "ctype": "OVO", "vol": 2500, "fraction": "Mistura de embalagens", "freguesia": "União das freguesias de São João da Ribeira e Ribeira de São João", "src_class": "driver_only", "n_driver_rows": 43, "n_sensor_rows": null, "driver_mean_fill": 51.744186046511629, "driver_share_zero": 0.34883720930232559, "sensor_mean_fill": null, "sensor_max_fill": null, "n_rotas": 1 }, "geometry": { "type": "Point", "coordinates": [ -8.87083055555556, 39.304641666666697 ] } },
{ "type": "Feature", "properties": { "cid": "2405", "plate": "P1145", "ctype": "OVO", "vol": 2500, "fraction": "Embalagens de papel e cartão", "freguesia": "Rio Maior", "src_class": "driver_only", "n_driver_rows": 707, "n_sensor_rows": null, "driver_mean_fill": 45.685997171145686, "driver_share_zero": 0.45403111739745405, "sensor_mean_fill": null, "sensor_max_fill": null, "n_rotas": 1 }, "geometry": { "type": "Point", "coordinates": [ -8.934345221159999, 39.339282756099998 ] } },
{ "type": "Feature", "properties": { "cid": "3580", "plate": "V1973", "ctype": "OVO S", "vol": 2500, "fraction": "Embalagens de Vidro", "freguesia": "Rio Maior", "src_class": "driver_only", "n_driver_rows": 333, "n_sensor_rows": null, "driver_mean_fill": 13.138138138138139, "driver_share_zero": 0.65465465465465467, "sensor_mean_fill": null, "sensor_max_fill": null, "n_rotas": 0 }, "geometry": { "type": "Point", "coordinates": [ -8.937782, 39.343505 ] } },
{ "type": "Feature", "properties": { "cid": "3845", "plate": "V0381", "ctype": "TITAN", "vol": 2500, "fraction": "Embalagens de Vidro", "freguesia": "Rio Maior", "src_class": "driver_only", "n_driver_rows": 544, "n_sensor_rows": null, "driver_mean_fill": 21.047794117647058, "driver_share_zero": 0.56801470588235292, "sensor_mean_fill": null, "sensor_max_fill": null, "n_rotas": 0 }, "geometry": { "type": "Point", "coordinates": [ -8.923136482429999, 39.329995268899999 ] } },
{ "type": "Feature", "properties": { "cid": "3930", "plate": "V0474", "ctype": "OVO", "vol": 2500, "fraction": "Embalagens de Vidro", "freguesia": "Rio Maior", "src_class": "driver_only", "n_driver_rows": 197, "n_sensor_rows": null, "driver_mean_fill": 4.0609137055837561, "driver_share_zero": 0.84771573604060912, "sensor_mean_fill": null, "sensor_max_fill": null, "n_rotas": 0 }, "geometry": { "type": "Point", "coordinates": [ -8.945929734410001, 39.34395604 ] } },
{ "type": "Feature", "properties": { "cid": "4133", "plate": "V0842", "ctype": "TITAN", "vol": 2500, "fraction": "Embalagens de Vidro", "freguesia": "Rio Maior", "src_class": "driver_only", "n_driver_rows": 230, "n_sensor_rows": null, "driver_mean_fill": 21.630434782608695, "driver_share_zero": 0.52173913043478259, "sensor_mean_fill": null, "sensor_max_fill": null, "n_rotas": 0 }, "geometry": { "type": "Point", "coordinates": [ -8.91042777777778, 39.2953 ] } },
{ "type": "Feature", "properties": { "cid": "4841", "plate": "V2172", "ctype": "OVO", "vol": 2500, "fraction": "Embalagens de Vidro", "freguesia": "Rio Maior", "src_class": "driver_only", "n_driver_rows": 421, "n_sensor_rows": null, "driver_mean_fill": 28.26603325415677, "driver_share_zero": 0.49168646080760092, "sensor_mean_fill": null, "sensor_max_fill": null, "n_rotas": 0 }, "geometry": { "type": "Point", "coordinates": [ -8.98357613, 39.38315038 ] } },
{ "type": "Feature", "properties": { "cid": "5301", "plate": "V2688", "ctype": "OVO", "vol": 2500, "fraction": "Embalagens de Vidro", "freguesia": "União das freguesias de Marmeleira e Assentiz", "src_class": "driver_only", "n_driver_rows": 236, "n_sensor_rows": null, "driver_mean_fill": 15.148305084745763, "driver_share_zero": 0.61440677966101698, "sensor_mean_fill": null, "sensor_max_fill": null, "n_rotas": 0 }, "geometry": { "type": "Point", "coordinates": [ -8.83888788, 39.26045472 ] } },
{ "type": "Feature", "properties": { "cid": "5433", "plate": "V2902B", "ctype": "OVO", "vol": 2500, "fraction": "Embalagens de Vidro", "freguesia": "União das freguesias de Azambujeira e Malaqueijo", "src_class": "driver_only", "n_driver_rows": 247, "n_sensor_rows": null, "driver_mean_fill": 17.004048582995953, "driver_share_zero": 0.59919028340080971, "sensor_mean_fill": null, "sensor_max_fill": null, "n_rotas": 0 }, "geometry": { "type": "Point", "coordinates": [ -8.838841666666671, 39.291155555555598 ] } },
{ "type": "Feature", "properties": { "cid": "5711", "plate": "T_V0170", "ctype": "OVO", "vol": 2500, "fraction": "Embalagens de Vidro", "freguesia": "Rio Maior", "src_class": "driver_only", "n_driver_rows": 175, "n_sensor_rows": null, "driver_mean_fill": 3.4285714285714284, "driver_share_zero": 0.88571428571428568, "sensor_mean_fill": null, "sensor_max_fill": null, "n_rotas": 0 }, "geometry": { "type": "Point", "coordinates": [ -8.93038333333333, 39.339608333333302 ] } },
{ "type": "Feature", "properties": { "cid": "5718", "plate": "E2475", "ctype": "OVO", "vol": 2500, "fraction": "Mistura de embalagens", "freguesia": "Rio Maior", "src_class": "driver_only", "n_driver_rows": 343, "n_sensor_rows": null, "driver_mean_fill": 25.879765395894427, "driver_share_zero": 0.57725947521865895, "sensor_mean_fill": null, "sensor_max_fill": null, "n_rotas": 1 }, "geometry": { "type": "Point", "coordinates": [ -8.934245, 39.34435 ] } },
{ "type": "Feature", "properties": { "cid": "5812", "plate": "P2469A", "ctype": "OVO", "vol": 2500, "fraction": "Embalagens de papel e cartão", "freguesia": "União das freguesias de São João da Ribeira e Ribeira de São João", "src_class": "driver_only", "n_driver_rows": 328, "n_sensor_rows": null, "driver_mean_fill": 24.237804878048781, "driver_share_zero": 0.58536585365853655, "sensor_mean_fill": null, "sensor_max_fill": null, "n_rotas": 1 }, "geometry": { "type": "Point", "coordinates": [ -8.88630871738, 39.287210100400003 ] } },
{ "type": "Feature", "properties": { "cid": "6907", "plate": "V3439", "ctype": "OVO", "vol": 2500, "fraction": "Embalagens de Vidro", "freguesia": "Rio Maior", "src_class": "driver_only", "n_driver_rows": 194, "n_sensor_rows": null, "driver_mean_fill": 13.273195876288661, "driver_share_zero": 0.63917525773195871, "sensor_mean_fill": null, "sensor_max_fill": null, "n_rotas": 0 }, "geometry": { "type": "Point", "coordinates": [ -8.95218333333333, 39.316111111111098 ] } },
{ "type": "Feature", "properties": { "cid": "6910", "plate": "V3465", "ctype": "OVO", "vol": 2500, "fraction": "Embalagens de Vidro", "freguesia": "Alcobertas", "src_class": "driver_only", "n_driver_rows": 279, "n_sensor_rows": null, "driver_mean_fill": 22.043010752688172, "driver_share_zero": 0.51254480286738346, "sensor_mean_fill": null, "sensor_max_fill": null, "n_rotas": 0 }, "geometry": { "type": "Point", "coordinates": [ -8.90111111111111, 39.420397222222199 ] } },
{ "type": "Feature", "properties": { "cid": "6914", "plate": "E2953", "ctype": "OVO", "vol": 2500, "fraction": "Mistura de embalagens", "freguesia": "Rio Maior", "src_class": "driver_only", "n_driver_rows": 411, "n_sensor_rows": null, "driver_mean_fill": 34.428223844282236, "driver_share_zero": 0.51094890510948909, "sensor_mean_fill": null, "sensor_max_fill": null, "n_rotas": 1 }, "geometry": { "type": "Point", "coordinates": [ -8.944841666666671, 39.337705555555601 ] } },
{ "type": "Feature", "properties": { "cid": "7035", "plate": "V3376", "ctype": "OVO S", "vol": 2500, "fraction": "Embalagens de Vidro", "freguesia": "Rio Maior", "src_class": "driver_only", "n_driver_rows": 550, "n_sensor_rows": null, "driver_mean_fill": 18.772727272727273, "driver_share_zero": 0.54727272727272724, "sensor_mean_fill": null, "sensor_max_fill": null, "n_rotas": 0 }, "geometry": { "type": "Point", "coordinates": [ -8.93251166666667, 39.331711666666699 ] } },
{ "type": "Feature", "properties": { "cid": "7236", "plate": "V3517", "ctype": "OVO", "vol": 2500, "fraction": "Embalagens de Vidro", "freguesia": "Rio Maior", "src_class": "driver_only", "n_driver_rows": 290, "n_sensor_rows": null, "driver_mean_fill": 12.672413793103448, "driver_share_zero": 0.65172413793103445, "sensor_mean_fill": null, "sensor_max_fill": null, "n_rotas": 0 }, "geometry": { "type": "Point", "coordinates": [ -8.94275833333333, 39.324922222222199 ] } },
{ "type": "Feature", "properties": { "cid": "7934", "plate": "V3725", "ctype": "VRL", "vol": 2500, "fraction": "Embalagens de Vidro", "freguesia": "Rio Maior", "src_class": "driver_only", "n_driver_rows": 414, "n_sensor_rows": null, "driver_mean_fill": 15.519323671497585, "driver_share_zero": 0.59178743961352653, "sensor_mean_fill": null, "sensor_max_fill": null, "n_rotas": 0 }, "geometry": { "type": "Point", "coordinates": [ -8.92728055555556, 39.333 ] } },
{ "type": "Feature", "properties": { "cid": "9201", "plate": "V4899", "ctype": "OVO", "vol": 2500, "fraction": "Embalagens de Vidro", "freguesia": "Rio Maior", "src_class": "driver_only", "n_driver_rows": 149, "n_sensor_rows": null, "driver_mean_fill": 12.080536912751677, "driver_share_zero": 0.63087248322147649, "sensor_mean_fill": null, "sensor_max_fill": null, "n_rotas": 0 }, "geometry": { "type": "Point", "coordinates": [ -8.962772691, 39.36310453 ] } },
{ "type": "Feature", "properties": { "cid": "10106", "plate": "P3993", "ctype": "OVO", "vol": 2500, "fraction": "Embalagens de papel e cartão", "freguesia": "União das freguesias de Azambujeira e Malaqueijo", "src_class": "driver_only", "n_driver_rows": 305, "n_sensor_rows": null, "driver_mean_fill": 33.606557377049178, "driver_share_zero": 0.54754098360655734, "sensor_mean_fill": null, "sensor_max_fill": null, "n_rotas": 1 }, "geometry": { "type": "Point", "coordinates": [ -8.83279444444444, 39.294144444444399 ] } },
{ "type": "Feature", "properties": { "cid": "10561", "plate": "P4459", "ctype": "OVO", "vol": 2500, "fraction": "Embalagens de papel e cartão", "freguesia": "Rio Maior", "src_class": "driver_only", "n_driver_rows": 684, "n_sensor_rows": null, "driver_mean_fill": 26.317715959004392, "driver_share_zero": 0.61403508771929827, "sensor_mean_fill": null, "sensor_max_fill": null, "n_rotas": 2 }, "geometry": { "type": "Point", "coordinates": [ -8.93626434, 39.33829482 ] } },
{ "type": "Feature", "properties": { "cid": "27939", "plate": "V8046", "ctype": "AMBI", "vol": 2500, "fraction": "Embalagens de Vidro", "freguesia": "Alcobertas", "src_class": "driver_only", "n_driver_rows": 8, "n_sensor_rows": null, "driver_mean_fill": 3.125, "driver_share_zero": 0.875, "sensor_mean_fill": null, "sensor_max_fill": null, "n_rotas": 0 }, "geometry": { "type": "Point", "coordinates": [ -8.901781, 39.412475 ] } },
{ "type": "Feature", "properties": { "cid": "11787", "plate": "E4459", "ctype": "OVO", "vol": 2500, "fraction": "Mistura de embalagens", "freguesia": "Rio Maior", "src_class": "driver_only", "n_driver_rows": 264, "n_sensor_rows": null, "driver_mean_fill": 30.513307984790874, "driver_share_zero": 0.53030303030303028, "sensor_mean_fill": null, "sensor_max_fill": null, "n_rotas": 2 }, "geometry": { "type": "Point", "coordinates": [ -8.908641001, 39.297077 ] } },
{ "type": "Feature", "properties": { "cid": "11810", "plate": "E4482", "ctype": "OVO", "vol": 2500, "fraction": "Mistura de embalagens", "freguesia": "Rio Maior", "src_class": "driver_only", "n_driver_rows": 564, "n_sensor_rows": null, "driver_mean_fill": 43.772241992882563, "driver_share_zero": 0.43262411347517732, "sensor_mean_fill": null, "sensor_max_fill": null, "n_rotas": 1 }, "geometry": { "type": "Point", "coordinates": [ -8.910459463, 39.33028327 ] } },
{ "type": "Feature", "properties": { "cid": "20894", "plate": "E6161", "ctype": "VRL", "vol": 2500, "fraction": "Mistura de embalagens", "freguesia": "São Sebastião", "src_class": "driver_only", "n_driver_rows": 53, "n_sensor_rows": null, "driver_mean_fill": 34.905660377358494, "driver_share_zero": 0.52830188679245282, "sensor_mean_fill": null, "sensor_max_fill": null, "n_rotas": 0 }, "geometry": { "type": "Point", "coordinates": [ -8.88933611111111, 39.375075 ] } },
{ "type": "Feature", "properties": { "cid": "1137", "plate": "E1754", "ctype": "OVO", "vol": 2500, "fraction": "Mistura de embalagens", "freguesia": "União das freguesias de Marmeleira e Assentiz", "src_class": "driver_only", "n_driver_rows": 892, "n_sensor_rows": null, "driver_mean_fill": 37.906846240179576, "driver_share_zero": 0.43049327354260092, "sensor_mean_fill": null, "sensor_max_fill": null, "n_rotas": 2 }, "geometry": { "type": "Point", "coordinates": [ -8.83888788, 39.26045472 ] } },
{ "type": "Feature", "properties": { "cid": "2471", "plate": "P1230", "ctype": "OVO S", "vol": 2500, "fraction": "Embalagens de papel e cartão", "freguesia": "Asseiceira", "src_class": "driver_only", "n_driver_rows": 482, "n_sensor_rows": null, "driver_mean_fill": 38.541666666666664, "driver_share_zero": 0.475103734439834, "sensor_mean_fill": null, "sensor_max_fill": null, "n_rotas": 1 }, "geometry": { "type": "Point", "coordinates": [ -8.928543321299999, 39.299679439199998 ] } },
{ "type": "Feature", "properties": { "cid": "3292", "plate": "E1482", "ctype": "OVO", "vol": 2500, "fraction": "Mistura de embalagens", "freguesia": "Rio Maior", "src_class": "driver_only", "n_driver_rows": 785, "n_sensor_rows": null, "driver_mean_fill": 44.827586206896555, "driver_share_zero": 0.44713375796178345, "sensor_mean_fill": null, "sensor_max_fill": null, "n_rotas": 1 }, "geometry": { "type": "Point", "coordinates": [ -8.93834722222222, 39.334102777777801 ] } },
{ "type": "Feature", "properties": { "cid": "3389", "plate": "P2046", "ctype": "OVO", "vol": 2500, "fraction": "Embalagens de papel e cartão", "freguesia": "Rio Maior", "src_class": "driver_only", "n_driver_rows": 914, "n_sensor_rows": null, "driver_mean_fill": 34.556407447973712, "driver_share_zero": 0.48358862144420134, "sensor_mean_fill": null, "sensor_max_fill": null, "n_rotas": 2 }, "geometry": { "type": "Point", "coordinates": [ -8.933208333333329, 39.334058333333303 ] } },
{ "type": "Feature", "properties": { "cid": "4651", "plate": "V1716", "ctype": "OVO S", "vol": 2500, "fraction": "Embalagens de Vidro", "freguesia": "Rio Maior", "src_class": "driver_only", "n_driver_rows": 318, "n_sensor_rows": null, "driver_mean_fill": 17.216981132075471, "driver_share_zero": 0.60062893081761004, "sensor_mean_fill": null, "sensor_max_fill": null, "n_rotas": 0 }, "geometry": { "type": "Point", "coordinates": [ -8.937656617489999, 39.339033212 ] } },
{ "type": "Feature", "properties": { "cid": "4779", "plate": "V2069", "ctype": "OVO S", "vol": 2500, "fraction": "Embalagens de Vidro", "freguesia": "Rio Maior", "src_class": "driver_only", "n_driver_rows": 619, "n_sensor_rows": null, "driver_mean_fill": 22.01130856219709, "driver_share_zero": 0.53634894991922455, "sensor_mean_fill": null, "sensor_max_fill": null, "n_rotas": 0 }, "geometry": { "type": "Point", "coordinates": [ -8.93381489580973, 39.338099539208798 ] } },
{ "type": "Feature", "properties": { "cid": "4972", "plate": "V2330", "ctype": "OVO", "vol": 2500, "fraction": "Embalagens de Vidro", "freguesia": "Rio Maior", "src_class": "driver_only", "n_driver_rows": 489, "n_sensor_rows": null, "driver_mean_fill": 21.421267893660531, "driver_share_zero": 0.50920245398773001, "sensor_mean_fill": null, "sensor_max_fill": null, "n_rotas": 0 }, "geometry": { "type": "Point", "coordinates": [ -8.941825, 39.340569444444398 ] } },
{ "type": "Feature", "properties": { "cid": "5437", "plate": "V2905", "ctype": "OVO", "vol": 2500, "fraction": "Embalagens de Vidro", "freguesia": "Rio Maior", "src_class": "driver_only", "n_driver_rows": 273, "n_sensor_rows": null, "driver_mean_fill": 18.223443223443223, "driver_share_zero": 0.54578754578754574, "sensor_mean_fill": null, "sensor_max_fill": null, "n_rotas": 0 }, "geometry": { "type": "Point", "coordinates": [ -8.89256944444444, 39.310486111111103 ] } },
{ "type": "Feature", "properties": { "cid": "5944", "plate": "P2217", "ctype": "OVO", "vol": 2500, "fraction": "Embalagens de papel e cartão", "freguesia": "União das freguesias de Marmeleira e Assentiz", "src_class": "driver_only", "n_driver_rows": 59, "n_sensor_rows": null, "driver_mean_fill": 18.220338983050848, "driver_share_zero": 0.67796610169491522, "sensor_mean_fill": null, "sensor_max_fill": null, "n_rotas": 1 }, "geometry": { "type": "Point", "coordinates": [ -8.83888788, 39.26045472 ] } },
{ "type": "Feature", "properties": { "cid": "6077", "plate": "E2647", "ctype": "OVO", "vol": 2500, "fraction": "Mistura de embalagens", "freguesia": "Rio Maior", "src_class": "driver_only", "n_driver_rows": 652, "n_sensor_rows": null, "driver_mean_fill": 45.353302611367127, "driver_share_zero": 0.44325153374233128, "sensor_mean_fill": null, "sensor_max_fill": null, "n_rotas": 1 }, "geometry": { "type": "Point", "coordinates": [ -8.93484444444444, 39.341113888888898 ] } },
{ "type": "Feature", "properties": { "cid": "6226", "plate": "V3226", "ctype": "OVO", "vol": 2500, "fraction": "Embalagens de Vidro", "freguesia": "Fráguas", "src_class": "driver_only", "n_driver_rows": 255, "n_sensor_rows": null, "driver_mean_fill": 25.686274509803923, "driver_share_zero": 0.52156862745098043, "sensor_mean_fill": null, "sensor_max_fill": null, "n_rotas": 0 }, "geometry": { "type": "Point", "coordinates": [ -8.854677777777781, 39.372436111111099 ] } },
{ "type": "Feature", "properties": { "cid": "6752", "plate": "V3391", "ctype": "OVO", "vol": 2500, "fraction": "Embalagens de Vidro", "freguesia": "Rio Maior", "src_class": "driver_only", "n_driver_rows": 412, "n_sensor_rows": null, "driver_mean_fill": 16.262135922330096, "driver_share_zero": 0.58980582524271841, "sensor_mean_fill": null, "sensor_max_fill": null, "n_rotas": 0 }, "geometry": { "type": "Point", "coordinates": [ -8.939325, 39.335047222222201 ] } },
{ "type": "Feature", "properties": { "cid": "6913", "plate": "V3442", "ctype": "OVO", "vol": 2500, "fraction": "Embalagens de Vidro", "freguesia": "Rio Maior", "src_class": "driver_only", "n_driver_rows": 302, "n_sensor_rows": null, "driver_mean_fill": 18.211920529801326, "driver_share_zero": 0.55298013245033117, "sensor_mean_fill": null, "sensor_max_fill": null, "n_rotas": 0 }, "geometry": { "type": "Point", "coordinates": [ -8.944841666666671, 39.337705555555601 ] } },
{ "type": "Feature", "properties": { "cid": "7147", "plate": "P2944", "ctype": "OVO", "vol": 2500, "fraction": "Embalagens de papel e cartão", "freguesia": "Rio Maior", "src_class": "driver_only", "n_driver_rows": 247, "n_sensor_rows": null, "driver_mean_fill": 29.166666666666668, "driver_share_zero": 0.582995951417004, "sensor_mean_fill": null, "sensor_max_fill": null, "n_rotas": 1 }, "geometry": { "type": "Point", "coordinates": [ -8.937169444444439, 39.335055555555599 ] } },
{ "type": "Feature", "properties": { "cid": "7442", "plate": "E3121", "ctype": "OVO", "vol": 2500, "fraction": "Mistura de embalagens", "freguesia": "Rio Maior", "src_class": "driver_only", "n_driver_rows": 621, "n_sensor_rows": null, "driver_mean_fill": 35.241935483870968, "driver_share_zero": 0.46376811594202899, "sensor_mean_fill": null, "sensor_max_fill": null, "n_rotas": 1 }, "geometry": { "type": "Point", "coordinates": [ -8.93676111111111, 39.337177777777796 ] } },
{ "type": "Feature", "properties": { "cid": "9225", "plate": "V4923", "ctype": "OVO", "vol": 2500, "fraction": "Embalagens de Vidro", "freguesia": "Fráguas", "src_class": "driver_only", "n_driver_rows": 153, "n_sensor_rows": null, "driver_mean_fill": 11.437908496732026, "driver_share_zero": 0.6470588235294118, "sensor_mean_fill": null, "sensor_max_fill": null, "n_rotas": 0 }, "geometry": { "type": "Point", "coordinates": [ -8.87445337, 39.36145087 ] } },
{ "type": "Feature", "properties": { "cid": "9262", "plate": "V4960", "ctype": "OVO", "vol": 2500, "fraction": "Embalagens de Vidro", "freguesia": "Rio Maior", "src_class": "driver_only", "n_driver_rows": 363, "n_sensor_rows": null, "driver_mean_fill": 8.3333333333333339, "driver_share_zero": 0.74380165289256195, "sensor_mean_fill": null, "sensor_max_fill": null, "n_rotas": 0 }, "geometry": { "type": "Point", "coordinates": [ -8.929552, 39.336052 ] } },
{ "type": "Feature", "properties": { "cid": "9265", "plate": "V4963", "ctype": "OVO", "vol": 2500, "fraction": "Embalagens de Vidro", "freguesia": "Alcobertas", "src_class": "driver_only", "n_driver_rows": 279, "n_sensor_rows": null, "driver_mean_fill": 15.770609318996415, "driver_share_zero": 0.58064516129032262, "sensor_mean_fill": null, "sensor_max_fill": null, "n_rotas": 0 }, "geometry": { "type": "Point", "coordinates": [ -8.922508, 39.384789 ] } },
{ "type": "Feature", "properties": { "cid": "9303", "plate": "V5002", "ctype": "OVO", "vol": 2500, "fraction": "Embalagens de Vidro", "freguesia": "Asseiceira", "src_class": "driver_only", "n_driver_rows": 320, "n_sensor_rows": null, "driver_mean_fill": 15.595611285266457, "driver_share_zero": 0.6, "sensor_mean_fill": null, "sensor_max_fill": null, "n_rotas": 0 }, "geometry": { "type": "Point", "coordinates": [ -8.935765, 39.291658 ] } },
{ "type": "Feature", "properties": { "cid": "9304", "plate": "V5003", "ctype": "OVO", "vol": 2500, "fraction": "Embalagens de Vidro", "freguesia": "Asseiceira", "src_class": "driver_only", "n_driver_rows": 239, "n_sensor_rows": null, "driver_mean_fill": 16.213389121338913, "driver_share_zero": 0.60669456066945604, "sensor_mean_fill": null, "sensor_max_fill": null, "n_rotas": 0 }, "geometry": { "type": "Point", "coordinates": [ -8.939906001, 39.285484 ] } },
{ "type": "Feature", "properties": { "cid": "10141", "plate": "P4028", "ctype": "OVO", "vol": 2500, "fraction": "Embalagens de papel e cartão", "freguesia": "Rio Maior", "src_class": "driver_only", "n_driver_rows": 364, "n_sensor_rows": null, "driver_mean_fill": 39.766483516483518, "driver_share_zero": 0.47527472527472525, "sensor_mean_fill": null, "sensor_max_fill": null, "n_rotas": 1 }, "geometry": { "type": "Point", "coordinates": [ -8.974672222222219, 39.389930555555601 ] } },
{ "type": "Feature", "properties": { "cid": "10375", "plate": "P4264", "ctype": "OVO", "vol": 2500, "fraction": "Embalagens de papel e cartão", "freguesia": "Rio Maior", "src_class": "driver_only", "n_driver_rows": 412, "n_sensor_rows": null, "driver_mean_fill": 37.864077669902912, "driver_share_zero": 0.5145631067961165, "sensor_mean_fill": null, "sensor_max_fill": null, "n_rotas": 2 }, "geometry": { "type": "Point", "coordinates": [ -8.94398055555556, 39.3188666666667 ] } },
{ "type": "Feature", "properties": { "cid": "27937", "plate": "V8047", "ctype": "AMBI", "vol": 2500, "fraction": "Embalagens de Vidro", "freguesia": "Rio Maior", "src_class": "driver_only", "n_driver_rows": 13, "n_sensor_rows": null, "driver_mean_fill": 0.0, "driver_share_zero": 1.0, "sensor_mean_fill": null, "sensor_max_fill": null, "n_rotas": 0 }, "geometry": { "type": "Point", "coordinates": [ -8.938678, 39.323569 ] } },
{ "type": "Feature", "properties": { "cid": "28661", "plate": "V7957", "ctype": "AMBI", "vol": 2500, "fraction": "Embalagens de Vidro", "freguesia": "Rio Maior", "src_class": "driver_only", "n_driver_rows": 4, "n_sensor_rows": null, "driver_mean_fill": 0.0, "driver_share_zero": 1.0, "sensor_mean_fill": null, "sensor_max_fill": null, "n_rotas": 0 }, "geometry": { "type": "Point", "coordinates": [ -8.937657, 39.340913 ] } },
{ "type": "Feature", "properties": { "cid": "11553", "plate": "E4221", "ctype": "OVO", "vol": 2500, "fraction": "Mistura de embalagens", "freguesia": "Rio Maior", "src_class": "driver_only", "n_driver_rows": 404, "n_sensor_rows": null, "driver_mean_fill": 36.819306930693067, "driver_share_zero": 0.47029702970297027, "sensor_mean_fill": null, "sensor_max_fill": null, "n_rotas": 1 }, "geometry": { "type": "Point", "coordinates": [ -8.964113888888891, 39.361922222222198 ] } },
{ "type": "Feature", "properties": { "cid": "20710", "plate": "E6116", "ctype": "VRL", "vol": 2500, "fraction": "Mistura de embalagens", "freguesia": "Rio Maior", "src_class": "driver_only", "n_driver_rows": 238, "n_sensor_rows": null, "driver_mean_fill": 41.666666666666664, "driver_share_zero": 0.48739495798319327, "sensor_mean_fill": null, "sensor_max_fill": null, "n_rotas": 0 }, "geometry": { "type": "Point", "coordinates": [ -8.934345221159999, 39.339282756099998 ] } },
{ "type": "Feature", "properties": { "cid": "1868", "plate": "P0288", "ctype": "TITAN", "vol": 2500, "fraction": "Embalagens de papel e cartão", "freguesia": "Rio Maior", "src_class": "driver_only", "n_driver_rows": 58, "n_sensor_rows": null, "driver_mean_fill": 6.0344827586206895, "driver_share_zero": 0.7931034482758621, "sensor_mean_fill": null, "sensor_max_fill": null, "n_rotas": 1 }, "geometry": { "type": "Point", "coordinates": [ -8.931516623829999, 39.343591408 ] } },
{ "type": "Feature", "properties": { "cid": "2752", "plate": "P1786", "ctype": "OVO", "vol": 2500, "fraction": "Embalagens de papel e cartão", "freguesia": "Rio Maior", "src_class": "driver_only", "n_driver_rows": 321, "n_sensor_rows": null, "driver_mean_fill": 28.660436137071652, "driver_share_zero": 0.54517133956386288, "sensor_mean_fill": null, "sensor_max_fill": null, "n_rotas": 1 }, "geometry": { "type": "Point", "coordinates": [ -8.960122222222219, 39.3109416666667 ] } },
{ "type": "Feature", "properties": { "cid": "3853", "plate": "V0391", "ctype": "TITAN", "vol": 2500, "fraction": "Embalagens de Vidro", "freguesia": "Rio Maior", "src_class": "driver_only", "n_driver_rows": 466, "n_sensor_rows": null, "driver_mean_fill": 16.201716738197426, "driver_share_zero": 0.60300429184549353, "sensor_mean_fill": null, "sensor_max_fill": null, "n_rotas": 0 }, "geometry": { "type": "Point", "coordinates": [ -8.94644166666667, 39.339577777777798 ] } },
{ "type": "Feature", "properties": { "cid": "3953", "plate": "V0518", "ctype": "TITAN", "vol": 2500, "fraction": "Embalagens de Vidro", "freguesia": "Alcobertas", "src_class": "driver_only", "n_driver_rows": 280, "n_sensor_rows": null, "driver_mean_fill": 16.875, "driver_share_zero": 0.62142857142857144, "sensor_mean_fill": null, "sensor_max_fill": null, "n_rotas": 0 }, "geometry": { "type": "Point", "coordinates": [ -8.91628993, 39.42153554 ] } },
{ "type": "Feature", "properties": { "cid": "5935", "plate": "Sub_V0204", "ctype": "E BLUE BEE", "vol": 3000, "fraction": "Embalagens de Vidro", "freguesia": "Rio Maior", "src_class": "driver_only", "n_driver_rows": 484, "n_sensor_rows": null, "driver_mean_fill": 18.026859504132233, "driver_share_zero": 0.64049586776859502, "sensor_mean_fill": null, "sensor_max_fill": null, "n_rotas": 0 }, "geometry": { "type": "Point", "coordinates": [ -8.933452777777781, 39.336461111111099 ] } },
{ "type": "Feature", "properties": { "cid": "6888", "plate": "E1276", "ctype": "OVO", "vol": 2500, "fraction": "Mistura de embalagens", "freguesia": "Rio Maior", "src_class": "driver_only", "n_driver_rows": 746, "n_sensor_rows": null, "driver_mean_fill": 48.723118279569896, "driver_share_zero": 0.44235924932975873, "sensor_mean_fill": null, "sensor_max_fill": null, "n_rotas": 2 }, "geometry": { "type": "Point", "coordinates": [ -8.923136482429999, 39.329995268899999 ] } },
{ "type": "Feature", "properties": { "cid": "6898", "plate": "V3441", "ctype": "OVO", "vol": 2500, "fraction": "Embalagens de Vidro", "freguesia": "União das freguesias de Marmeleira e Assentiz", "src_class": "driver_only", "n_driver_rows": 196, "n_sensor_rows": null, "driver_mean_fill": 13.903061224489797, "driver_share_zero": 0.63775510204081631, "sensor_mean_fill": null, "sensor_max_fill": null, "n_rotas": 0 }, "geometry": { "type": "Point", "coordinates": [ -8.86445277777778, 39.257258333333297 ] } },
{ "type": "Feature", "properties": { "cid": "6903", "plate": "V3436", "ctype": "OVO", "vol": 2500, "fraction": "Embalagens de Vidro", "freguesia": "Alcobertas", "src_class": "driver_only", "n_driver_rows": 193, "n_sensor_rows": null, "driver_mean_fill": 16.45077720207254, "driver_share_zero": 0.58549222797927458, "sensor_mean_fill": null, "sensor_max_fill": null, "n_rotas": 0 }, "geometry": { "type": "Point", "coordinates": [ -8.895622222222221, 39.448272222222201 ] } },
{ "type": "Feature", "properties": { "cid": "6908", "plate": "E2951", "ctype": "OVO", "vol": 2500, "fraction": "Mistura de embalagens", "freguesia": "Rio Maior", "src_class": "driver_only", "n_driver_rows": 282, "n_sensor_rows": null, "driver_mean_fill": 33.214285714285715, "driver_share_zero": 0.50354609929078009, "sensor_mean_fill": null, "sensor_max_fill": null, "n_rotas": 1 }, "geometry": { "type": "Point", "coordinates": [ -8.95218333333333, 39.316111111111098 ] } },
{ "type": "Feature", "properties": { "cid": "6923", "plate": "E2928", "ctype": "OVO", "vol": 2500, "fraction": "Mistura de embalagens", "freguesia": "União das freguesias de São João da Ribeira e Ribeira de São João", "src_class": "driver_only", "n_driver_rows": 484, "n_sensor_rows": null, "driver_mean_fill": 23.037190082644628, "driver_share_zero": 0.62809917355371903, "sensor_mean_fill": null, "sensor_max_fill": null, "n_rotas": 1 }, "geometry": { "type": "Point", "coordinates": [ -8.86257636673, 39.281740163800002 ] } },
{ "type": "Feature", "properties": { "cid": "7002", "plate": "P2624", "ctype": "OVO", "vol": 2500, "fraction": "Embalagens de papel e cartão", "freguesia": "Arrouquelas", "src_class": "driver_only", "n_driver_rows": 473, "n_sensor_rows": null, "driver_mean_fill": 42.372881355932201, "driver_share_zero": 0.49682875264270615, "sensor_mean_fill": null, "sensor_max_fill": null, "n_rotas": 2 }, "geometry": { "type": "Point", "coordinates": [ -8.89724778177, 39.2571155706 ] } },
{ "type": "Feature", "properties": { "cid": "7143", "plate": "E2975", "ctype": "OVO", "vol": 2500, "fraction": "Mistura de embalagens", "freguesia": "Rio Maior", "src_class": "driver_only", "n_driver_rows": 469, "n_sensor_rows": null, "driver_mean_fill": 25.373134328358208, "driver_share_zero": 0.53518123667377404, "sensor_mean_fill": null, "sensor_max_fill": null, "n_rotas": 1 }, "geometry": { "type": "Point", "coordinates": [ -8.932584, 39.345147 ] } },
{ "type": "Feature", "properties": { "cid": "7239", "plate": "V3526", "ctype": "OVO", "vol": 2500, "fraction": "Embalagens de Vidro", "freguesia": "Rio Maior", "src_class": "driver_only", "n_driver_rows": 277, "n_sensor_rows": null, "driver_mean_fill": 9.8375451263537901, "driver_share_zero": 0.69675090252707583, "sensor_mean_fill": null, "sensor_max_fill": null, "n_rotas": 0 }, "geometry": { "type": "Point", "coordinates": [ -8.931416666666671, 39.332569444444403 ] } },
{ "type": "Feature", "properties": { "cid": "7473", "plate": "E2971", "ctype": "OVO", "vol": 2500, "fraction": "Mistura de embalagens", "freguesia": "Rio Maior", "src_class": "driver_only", "n_driver_rows": 806, "n_sensor_rows": null, "driver_mean_fill": 48.536737235367376, "driver_share_zero": 0.4466501240694789, "sensor_mean_fill": null, "sensor_max_fill": null, "n_rotas": 1 }, "geometry": { "type": "Point", "coordinates": [ -8.93986388888889, 39.336516666666697 ] } },
{ "type": "Feature", "properties": { "cid": "7480", "plate": "E3145", "ctype": "OVO", "vol": 2500, "fraction": "Mistura de embalagens", "freguesia": "União das freguesias de Marmeleira e Assentiz", "src_class": "driver_only", "n_driver_rows": 551, "n_sensor_rows": null, "driver_mean_fill": 32.545454545454547, "driver_share_zero": 0.51542649727767698, "sensor_mean_fill": null, "sensor_max_fill": null, "n_rotas": 1 }, "geometry": { "type": "Point", "coordinates": [ -8.835266666666669, 39.261791666666703 ] } },
{ "type": "Feature", "properties": { "cid": "9197", "plate": "V4895", "ctype": "OVO", "vol": 2500, "fraction": "Embalagens de Vidro", "freguesia": "Rio Maior", "src_class": "driver_only", "n_driver_rows": 206, "n_sensor_rows": null, "driver_mean_fill": 10.436893203883495, "driver_share_zero": 0.73786407766990292, "sensor_mean_fill": null, "sensor_max_fill": null, "n_rotas": 0 }, "geometry": { "type": "Point", "coordinates": [ -8.920005, 39.315946 ] } },
{ "type": "Feature", "properties": { "cid": "9202", "plate": "V4900", "ctype": "OVO", "vol": 2500, "fraction": "Embalagens de Vidro", "freguesia": "Rio Maior", "src_class": "driver_only", "n_driver_rows": 307, "n_sensor_rows": null, "driver_mean_fill": 13.192182410423452, "driver_share_zero": 0.67752442996742668, "sensor_mean_fill": null, "sensor_max_fill": null, "n_rotas": 0 }, "geometry": { "type": "Point", "coordinates": [ -8.984834968, 39.38161725 ] } },
{ "type": "Feature", "properties": { "cid": "9219", "plate": "V4917", "ctype": "OVO", "vol": 2500, "fraction": "Embalagens de Vidro", "freguesia": "Rio Maior", "src_class": "driver_only", "n_driver_rows": 187, "n_sensor_rows": null, "driver_mean_fill": 11.631016042780749, "driver_share_zero": 0.70588235294117652, "sensor_mean_fill": null, "sensor_max_fill": null, "n_rotas": 0 }, "geometry": { "type": "Point", "coordinates": [ -8.951575, 39.330694444444397 ] } },
{ "type": "Feature", "properties": { "cid": "9256", "plate": "V4954", "ctype": "OVO", "vol": 2500, "fraction": "Embalagens de Vidro", "freguesia": "União das freguesias de São João da Ribeira e Ribeira de São João", "src_class": "driver_only", "n_driver_rows": 269, "n_sensor_rows": null, "driver_mean_fill": 11.524163568773234, "driver_share_zero": 0.69144981412639406, "sensor_mean_fill": null, "sensor_max_fill": null, "n_rotas": 0 }, "geometry": { "type": "Point", "coordinates": [ -8.867184, 39.280624 ] } },
{ "type": "Feature", "properties": { "cid": "9278", "plate": "V4976", "ctype": "OVO", "vol": 2500, "fraction": "Embalagens de Vidro", "freguesia": "Rio Maior", "src_class": "driver_only", "n_driver_rows": 529, "n_sensor_rows": null, "driver_mean_fill": 25.378071833648391, "driver_share_zero": 0.47637051039697542, "sensor_mean_fill": null, "sensor_max_fill": null, "n_rotas": 0 }, "geometry": { "type": "Point", "coordinates": [ -8.934345221159999, 39.339282756099998 ] } },
{ "type": "Feature", "properties": { "cid": "9293", "plate": "V4992", "ctype": "OVO", "vol": 2500, "fraction": "Embalagens de Vidro", "freguesia": "Rio Maior", "src_class": "driver_only", "n_driver_rows": 145, "n_sensor_rows": null, "driver_mean_fill": 0.34482758620689657, "driver_share_zero": 0.98620689655172411, "sensor_mean_fill": null, "sensor_max_fill": null, "n_rotas": 0 }, "geometry": { "type": "Point", "coordinates": [ -8.932584, 39.345147 ] } },
{ "type": "Feature", "properties": { "cid": "10076", "plate": "P3962", "ctype": "OVO", "vol": 2500, "fraction": "Embalagens de papel e cartão", "freguesia": "Asseiceira", "src_class": "driver_only", "n_driver_rows": 268, "n_sensor_rows": null, "driver_mean_fill": 31.809701492537314, "driver_share_zero": 0.54104477611940294, "sensor_mean_fill": null, "sensor_max_fill": null, "n_rotas": 1 }, "geometry": { "type": "Point", "coordinates": [ -8.941383333333331, 39.297438888888898 ] } },
{ "type": "Feature", "properties": { "cid": "10129", "plate": "P4016", "ctype": "OVO", "vol": 2500, "fraction": "Embalagens de papel e cartão", "freguesia": "União das freguesias de Marmeleira e Assentiz", "src_class": "driver_only", "n_driver_rows": 324, "n_sensor_rows": null, "driver_mean_fill": 29.166666666666668, "driver_share_zero": 0.55246913580246915, "sensor_mean_fill": null, "sensor_max_fill": null, "n_rotas": 1 }, "geometry": { "type": "Point", "coordinates": [ -8.866077777777781, 39.259891666666697 ] } },
{ "type": "Feature", "properties": { "cid": "10191", "plate": "P4078", "ctype": "OVO", "vol": 2500, "fraction": "Embalagens de papel e cartão", "freguesia": "Rio Maior", "src_class": "driver_only", "n_driver_rows": 288, "n_sensor_rows": null, "driver_mean_fill": 35.069444444444443, "driver_share_zero": 0.53472222222222221, "sensor_mean_fill": null, "sensor_max_fill": null, "n_rotas": 1 }, "geometry": { "type": "Point", "coordinates": [ -8.920005, 39.315946 ] } },
{ "type": "Feature", "properties": { "cid": "675", "plate": "E0910", "ctype": "TITAN", "vol": 2500, "fraction": "Mistura de embalagens", "freguesia": "Rio Maior", "src_class": "driver_only", "n_driver_rows": 13, "n_sensor_rows": null, "driver_mean_fill": 44.230769230769234, "driver_share_zero": 0.46153846153846156, "sensor_mean_fill": null, "sensor_max_fill": null, "n_rotas": 1 }, "geometry": { "type": "Point", "coordinates": [ -8.92749722222222, 39.374152777777802 ] } },
{ "type": "Feature", "properties": { "cid": "11801", "plate": "E4473", "ctype": "OVO", "vol": 2500, "fraction": "Mistura de embalagens", "freguesia": "Rio Maior", "src_class": "driver_only", "n_driver_rows": 510, "n_sensor_rows": null, "driver_mean_fill": 35.777559055118111, "driver_share_zero": 0.49411764705882355, "sensor_mean_fill": null, "sensor_max_fill": null, "n_rotas": 1 }, "geometry": { "type": "Point", "coordinates": [ -8.93898333333334, 39.331458333333302 ] } },
{ "type": "Feature", "properties": { "cid": "11826", "plate": "E4498", "ctype": "OVO", "vol": 2500, "fraction": "Mistura de embalagens", "freguesia": "Rio Maior", "src_class": "driver_only", "n_driver_rows": 330, "n_sensor_rows": null, "driver_mean_fill": 32.803030303030305, "driver_share_zero": 0.54848484848484846, "sensor_mean_fill": null, "sensor_max_fill": null, "n_rotas": 1 }, "geometry": { "type": "Point", "coordinates": [ -8.94605, 39.364 ] } },
{ "type": "Feature", "properties": { "cid": "11988", "plate": "V3801", "ctype": "VRL", "vol": 2500, "fraction": "Embalagens de Vidro", "freguesia": "Rio Maior", "src_class": "driver_only", "n_driver_rows": 467, "n_sensor_rows": null, "driver_mean_fill": 15.738758029978587, "driver_share_zero": 0.58029978586723774, "sensor_mean_fill": null, "sensor_max_fill": null, "n_rotas": 0 }, "geometry": { "type": "Point", "coordinates": [ -8.933075, 39.340332 ] } },
{ "type": "Feature", "properties": { "cid": "13592", "plate": "E3952", "ctype": "OVO", "vol": 2500, "fraction": "Mistura de embalagens", "freguesia": "Rio Maior", "src_class": "driver_only", "n_driver_rows": 716, "n_sensor_rows": null, "driver_mean_fill": 46.433566433566433, "driver_share_zero": 0.44972067039106145, "sensor_mean_fill": null, "sensor_max_fill": null, "n_rotas": 1 }, "geometry": { "type": "Point", "coordinates": [ -8.92673888888889, 39.331627777777797 ] } },
{ "type": "Feature", "properties": { "cid": "14387", "plate": "P5062", "ctype": "OVO", "vol": 2500, "fraction": "Embalagens de papel e cartão", "freguesia": "Fráguas", "src_class": "driver_only", "n_driver_rows": 663, "n_sensor_rows": null, "driver_mean_fill": 40.79939668174962, "driver_share_zero": 0.44042232277526394, "sensor_mean_fill": null, "sensor_max_fill": null, "n_rotas": 2 }, "geometry": { "type": "Point", "coordinates": [ -8.85237897281, 39.368837993 ] } },
{ "type": "Feature", "properties": { "cid": "14775", "plate": "E2427B", "ctype": "OVO", "vol": 2500, "fraction": "Mistura de embalagens", "freguesia": "Rio Maior", "src_class": "driver_only", "n_driver_rows": 416, "n_sensor_rows": null, "driver_mean_fill": 41.286057692307693, "driver_share_zero": 0.49759615384615385, "sensor_mean_fill": null, "sensor_max_fill": null, "n_rotas": 1 }, "geometry": { "type": "Point", "coordinates": [ -8.964155555555561, 39.370763888888902 ] } },
{ "type": "Feature", "properties": { "cid": "17704", "plate": "E5503", "ctype": "OVO", "vol": 2500, "fraction": "Mistura de embalagens", "freguesia": "União das freguesias de Marmeleira e Assentiz", "src_class": "driver_only", "n_driver_rows": 749, "n_sensor_rows": null, "driver_mean_fill": 27.937249666221629, "driver_share_zero": 0.60347129506008013, "sensor_mean_fill": null, "sensor_max_fill": null, "n_rotas": 3 }, "geometry": { "type": "Point", "coordinates": [ -8.833633, 39.263481 ] } },
{ "type": "Feature", "properties": { "cid": "18713", "plate": "V5824", "ctype": "OVO", "vol": 2500, "fraction": "Embalagens de Vidro", "freguesia": "União das freguesias de Marmeleira e Assentiz", "src_class": "driver_only", "n_driver_rows": 90, "n_sensor_rows": null, "driver_mean_fill": 16.011235955056179, "driver_share_zero": 0.6, "sensor_mean_fill": null, "sensor_max_fill": null, "n_rotas": 0 }, "geometry": { "type": "Point", "coordinates": [ -8.863796666666669, 39.2583 ] } },
{ "type": "Feature", "properties": { "cid": "21918", "plate": "P6193", "ctype": "OVO", "vol": 2500, "fraction": "Embalagens de papel e cartão", "freguesia": "Rio Maior", "src_class": "driver_only", "n_driver_rows": 176, "n_sensor_rows": null, "driver_mean_fill": 39.346590909090907, "driver_share_zero": 0.51704545454545459, "sensor_mean_fill": null, "sensor_max_fill": null, "n_rotas": 1 }, "geometry": { "type": "Point", "coordinates": [ -8.98357613, 39.38315038 ] } },
{ "type": "Feature", "properties": { "cid": "193", "plate": "E0260", "ctype": "TITAN", "vol": 2500, "fraction": "Mistura de embalagens", "freguesia": "União das freguesias de São João da Ribeira e Ribeira de São João", "src_class": "driver_only", "n_driver_rows": 315, "n_sensor_rows": null, "driver_mean_fill": 37.142857142857146, "driver_share_zero": 0.50158730158730158, "sensor_mean_fill": null, "sensor_max_fill": null, "n_rotas": 1 }, "geometry": { "type": "Point", "coordinates": [ -8.851741666666671, 39.281638888888899 ] } },
{ "type": "Feature", "properties": { "cid": "541", "plate": "E0727", "ctype": "TITAN", "vol": 2500, "fraction": "Mistura de embalagens", "freguesia": "Alcobertas", "src_class": "driver_only", "n_driver_rows": 171, "n_sensor_rows": null, "driver_mean_fill": 42.543859649122808, "driver_share_zero": 0.42690058479532161, "sensor_mean_fill": null, "sensor_max_fill": null, "n_rotas": 1 }, "geometry": { "type": "Point", "coordinates": [ -8.89809631, 39.44467346 ] } },
{ "type": "Feature", "properties": { "cid": "3192", "plate": "P2408", "ctype": "OVO", "vol": 2500, "fraction": "Embalagens de papel e cartão", "freguesia": "Rio Maior", "src_class": "driver_only", "n_driver_rows": 346, "n_sensor_rows": null, "driver_mean_fill": 35.869565217391305, "driver_share_zero": 0.52023121387283233, "sensor_mean_fill": null, "sensor_max_fill": null, "n_rotas": 1 }, "geometry": { "type": "Point", "coordinates": [ -8.89256944444444, 39.310486111111103 ] } },
{ "type": "Feature", "properties": { "cid": "3473", "plate": "Sub_V0019", "ctype": "E BLUE BEE", "vol": 3000, "fraction": "Embalagens de Vidro", "freguesia": "Rio Maior", "src_class": "driver_only", "n_driver_rows": 391, "n_sensor_rows": null, "driver_mean_fill": 17.199488491048594, "driver_share_zero": 0.62148337595907932, "sensor_mean_fill": null, "sensor_max_fill": null, "n_rotas": 0 }, "geometry": { "type": "Point", "coordinates": [ -8.93469938440872, 39.334384586147301 ] } },
{ "type": "Feature", "properties": { "cid": "3846", "plate": "V0383", "ctype": "TITAN", "vol": 2500, "fraction": "Embalagens de Vidro", "freguesia": "Rio Maior", "src_class": "driver_only", "n_driver_rows": 286, "n_sensor_rows": null, "driver_mean_fill": 12.937062937062937, "driver_share_zero": 0.6398601398601399, "sensor_mean_fill": null, "sensor_max_fill": null, "n_rotas": 0 }, "geometry": { "type": "Point", "coordinates": [ -8.93204, 39.343283333333297 ] } },
{ "type": "Feature", "properties": { "cid": "4171", "plate": "V0920", "ctype": "OVO S", "vol": 2500, "fraction": "Embalagens de Vidro", "freguesia": "Rio Maior", "src_class": "driver_only", "n_driver_rows": 211, "n_sensor_rows": null, "driver_mean_fill": 15.876777251184834, "driver_share_zero": 0.6018957345971564, "sensor_mean_fill": null, "sensor_max_fill": null, "n_rotas": 0 }, "geometry": { "type": "Point", "coordinates": [ -8.949105808460001, 39.318133104799998 ] } },
{ "type": "Feature", "properties": { "cid": "4452", "plate": "V1400", "ctype": "TITAN", "vol": 2500, "fraction": "Embalagens de Vidro", "freguesia": "União das freguesias de Azambujeira e Malaqueijo", "src_class": "driver_only", "n_driver_rows": 220, "n_sensor_rows": null, "driver_mean_fill": 19.204545454545453, "driver_share_zero": 0.55, "sensor_mean_fill": null, "sensor_max_fill": null, "n_rotas": 0 }, "geometry": { "type": "Point", "coordinates": [ -8.792934358609999, 39.270487760599998 ] } },
{ "type": "Feature", "properties": { "cid": "5307", "plate": "V2695", "ctype": "OVO", "vol": 2500, "fraction": "Embalagens de Vidro", "freguesia": "União das freguesias de Marmeleira e Assentiz", "src_class": "driver_only", "n_driver_rows": 242, "n_sensor_rows": null, "driver_mean_fill": 25.516528925619834, "driver_share_zero": 0.47933884297520662, "sensor_mean_fill": null, "sensor_max_fill": null, "n_rotas": 0 }, "geometry": { "type": "Point", "coordinates": [ -8.83449251736573, 39.263412630589002 ] } },
{ "type": "Feature", "properties": { "cid": "5478", "plate": "V2956", "ctype": "OVO", "vol": 2500, "fraction": "Embalagens de Vidro", "freguesia": "Arrouquelas", "src_class": "driver_only", "n_driver_rows": 248, "n_sensor_rows": null, "driver_mean_fill": 20.56451612903226, "driver_share_zero": 0.53629032258064513, "sensor_mean_fill": null, "sensor_max_fill": null, "n_rotas": 0 }, "geometry": { "type": "Point", "coordinates": [ -8.88814262, 39.25946687 ] } },
{ "type": "Feature", "properties": { "cid": "7790", "plate": "P3165", "ctype": "VRL", "vol": 2500, "fraction": "Embalagens de papel e cartão", "freguesia": "União das freguesias de Marmeleira e Assentiz", "src_class": "driver_only", "n_driver_rows": 997, "n_sensor_rows": null, "driver_mean_fill": 22.116349047141423, "driver_share_zero": 0.60581745235707118, "sensor_mean_fill": null, "sensor_max_fill": null, "n_rotas": 4 }, "geometry": { "type": "Point", "coordinates": [ -8.83449251736573, 39.263412630589002 ] } },
{ "type": "Feature", "properties": { "cid": "9235", "plate": "V4933", "ctype": "OVO", "vol": 2500, "fraction": "Embalagens de Vidro", "freguesia": "União das freguesias de São João da Ribeira e Ribeira de São João", "src_class": "driver_only", "n_driver_rows": 322, "n_sensor_rows": null, "driver_mean_fill": 17.857142857142858, "driver_share_zero": 0.55590062111801242, "sensor_mean_fill": null, "sensor_max_fill": null, "n_rotas": 0 }, "geometry": { "type": "Point", "coordinates": [ -8.85998333333333, 39.280436111111101 ] } },
{ "type": "Feature", "properties": { "cid": "9267", "plate": "V4965", "ctype": "OVO", "vol": 2500, "fraction": "Embalagens de Vidro", "freguesia": "Rio Maior", "src_class": "driver_only", "n_driver_rows": 154, "n_sensor_rows": null, "driver_mean_fill": 4.383116883116883, "driver_share_zero": 0.83766233766233766, "sensor_mean_fill": null, "sensor_max_fill": null, "n_rotas": 0 }, "geometry": { "type": "Point", "coordinates": [ -8.927522229, 39.34535306 ] } },
{ "type": "Feature", "properties": { "cid": "9272", "plate": "V4970", "ctype": "OVO", "vol": 2500, "fraction": "Embalagens de Vidro", "freguesia": "Rio Maior", "src_class": "driver_only", "n_driver_rows": 237, "n_sensor_rows": null, "driver_mean_fill": 18.143459915611814, "driver_share_zero": 0.57383966244725737, "sensor_mean_fill": null, "sensor_max_fill": null, "n_rotas": 0 }, "geometry": { "type": "Point", "coordinates": [ -8.950037, 39.316055 ] } },
{ "type": "Feature", "properties": { "cid": "9310", "plate": "V5009", "ctype": "OVO", "vol": 2500, "fraction": "Embalagens de Vidro", "freguesia": "Rio Maior", "src_class": "driver_only", "n_driver_rows": 241, "n_sensor_rows": null, "driver_mean_fill": 13.070539419087137, "driver_share_zero": 0.68464730290456433, "sensor_mean_fill": null, "sensor_max_fill": null, "n_rotas": 0 }, "geometry": { "type": "Point", "coordinates": [ -8.912516, 39.334091 ] } },
{ "type": "Feature", "properties": { "cid": "9420", "plate": "P3293", "ctype": "OVO", "vol": 2500, "fraction": "Embalagens de papel e cartão", "freguesia": "Rio Maior", "src_class": "driver_only", "n_driver_rows": 466, "n_sensor_rows": null, "driver_mean_fill": 38.251072961373389, "driver_share_zero": 0.49141630901287553, "sensor_mean_fill": null, "sensor_max_fill": null, "n_rotas": 3 }, "geometry": { "type": "Point", "coordinates": [ -8.94195220499358, 39.364528219451003 ] } },
{ "type": "Feature", "properties": { "cid": "10190", "plate": "P4077", "ctype": "OVO", "vol": 2500, "fraction": "Embalagens de papel e cartão", "freguesia": "Rio Maior", "src_class": "driver_only", "n_driver_rows": 307, "n_sensor_rows": null, "driver_mean_fill": 28.990228013029316, "driver_share_zero": 0.52768729641693812, "sensor_mean_fill": null, "sensor_max_fill": null, "n_rotas": 1 }, "geometry": { "type": "Point", "coordinates": [ -8.952616666666669, 39.318202777777799 ] } },
{ "type": "Feature", "properties": { "cid": "10199", "plate": "P4086", "ctype": "OVO", "vol": 2500, "fraction": "Embalagens de papel e cartão", "freguesia": "Rio Maior", "src_class": "driver_only", "n_driver_rows": 391, "n_sensor_rows": null, "driver_mean_fill": 19.437340153452684, "driver_share_zero": 0.6675191815856778, "sensor_mean_fill": null, "sensor_max_fill": null, "n_rotas": 1 }, "geometry": { "type": "Point", "coordinates": [ -8.998590137, 39.35343703 ] } },
{ "type": "Feature", "properties": { "cid": "24586", "plate": "V7473", "ctype": "AMBI", "vol": 2500, "fraction": "Embalagens de Vidro", "freguesia": "Rio Maior", "src_class": "driver_only", "n_driver_rows": 31, "n_sensor_rows": null, "driver_mean_fill": 8.870967741935484, "driver_share_zero": 0.77419354838709675, "sensor_mean_fill": null, "sensor_max_fill": null, "n_rotas": 0 }, "geometry": { "type": "Point", "coordinates": [ -8.994238, 39.367827 ] } },
{ "type": "Feature", "properties": { "cid": "27969", "plate": "V8051", "ctype": "AMBI", "vol": 2500, "fraction": "Embalagens de Vidro", "freguesia": "União das freguesias de Azambujeira e Malaqueijo", "src_class": "driver_only", "n_driver_rows": 15, "n_sensor_rows": null, "driver_mean_fill": 1.7857142857142858, "driver_share_zero": 0.8666666666666667, "sensor_mean_fill": null, "sensor_max_fill": null, "n_rotas": 0 }, "geometry": { "type": "Point", "coordinates": [ -8.79302, 39.279631 ] } },
{ "type": "Feature", "properties": { "cid": "11561", "plate": "E4229", "ctype": "OVO", "vol": 2500, "fraction": "Mistura de embalagens", "freguesia": "Alcobertas", "src_class": "driver_only", "n_driver_rows": 259, "n_sensor_rows": null, "driver_mean_fill": 23.648648648648649, "driver_share_zero": 0.61389961389961389, "sensor_mean_fill": null, "sensor_max_fill": null, "n_rotas": 1 }, "geometry": { "type": "Point", "coordinates": [ -8.919377700401281, 39.417500729644999 ] } },
{ "type": "Feature", "properties": { "cid": "11778", "plate": "E4450", "ctype": "OVO", "vol": 2500, "fraction": "Mistura de embalagens", "freguesia": "Rio Maior", "src_class": "driver_only", "n_driver_rows": 224, "n_sensor_rows": null, "driver_mean_fill": 15.178571428571429, "driver_share_zero": 0.7098214285714286, "sensor_mean_fill": null, "sensor_max_fill": null, "n_rotas": 1 }, "geometry": { "type": "Point", "coordinates": [ -8.951575, 39.330694444444397 ] } },
{ "type": "Feature", "properties": { "cid": "11825", "plate": "E4497", "ctype": "OVO", "vol": 2500, "fraction": "Mistura de embalagens", "freguesia": "Rio Maior", "src_class": "driver_only", "n_driver_rows": 278, "n_sensor_rows": null, "driver_mean_fill": 30.95667870036101, "driver_share_zero": 0.52877697841726623, "sensor_mean_fill": null, "sensor_max_fill": null, "n_rotas": 1 }, "geometry": { "type": "Point", "coordinates": [ -8.984290944, 39.31758725 ] } },
{ "type": "Feature", "properties": { "cid": "12330", "plate": "V5188", "ctype": "OVO", "vol": 2500, "fraction": "Embalagens de Vidro", "freguesia": "Arrouquelas", "src_class": "driver_only", "n_driver_rows": 203, "n_sensor_rows": null, "driver_mean_fill": 17.980295566502463, "driver_share_zero": 0.61576354679802958, "sensor_mean_fill": null, "sensor_max_fill": null, "n_rotas": 0 }, "geometry": { "type": "Point", "coordinates": [ -8.946885, 39.246647 ] } },
{ "type": "Feature", "properties": { "cid": "12696", "plate": "P5108", "ctype": "OVO", "vol": 2500, "fraction": "Embalagens de papel e cartão", "freguesia": "Asseiceira", "src_class": "driver_only", "n_driver_rows": 265, "n_sensor_rows": null, "driver_mean_fill": 28.39622641509434, "driver_share_zero": 0.52830188679245282, "sensor_mean_fill": null, "sensor_max_fill": null, "n_rotas": 1 }, "geometry": { "type": "Point", "coordinates": [ -8.92219166666667, 39.299486111111101 ] } },
{ "type": "Feature", "properties": { "cid": "18716", "plate": "V5825", "ctype": "OVO", "vol": 2500, "fraction": "Embalagens de Vidro", "freguesia": "União das freguesias de Outeiro da Cortiçada e Arruda dos Pisões", "src_class": "driver_only", "n_driver_rows": 130, "n_sensor_rows": null, "driver_mean_fill": 26.153846153846153, "driver_share_zero": 0.50769230769230766, "sensor_mean_fill": null, "sensor_max_fill": null, "n_rotas": 0 }, "geometry": { "type": "Point", "coordinates": [ -8.84020277777778, 39.314888888888902 ] } },
{ "type": "Feature", "properties": { "cid": "26000", "plate": "E6471", "ctype": "AMBI", "vol": 2500, "fraction": "Mistura de embalagens", "freguesia": "Rio Maior", "src_class": "driver_only", "n_driver_rows": 89, "n_sensor_rows": null, "driver_mean_fill": 42.52873563218391, "driver_share_zero": 0.48314606741573035, "sensor_mean_fill": null, "sensor_max_fill": null, "n_rotas": 0 }, "geometry": { "type": "Point", "coordinates": [ -8.93484444444444, 39.341113888888898 ] } },
{ "type": "Feature", "properties": { "cid": "556", "plate": "E0743", "ctype": "TITAN", "vol": 2500, "fraction": "Mistura de embalagens", "freguesia": "União das freguesias de Azambujeira e Malaqueijo", "src_class": "driver_only", "n_driver_rows": 35, "n_sensor_rows": null, "driver_mean_fill": 47.857142857142854, "driver_share_zero": 0.4, "sensor_mean_fill": null, "sensor_max_fill": null, "n_rotas": 1 }, "geometry": { "type": "Point", "coordinates": [ -8.792934358609999, 39.270487760599998 ] } },
{ "type": "Feature", "properties": { "cid": "1430", "plate": "E2111", "ctype": "OVO", "vol": 2500, "fraction": "Mistura de embalagens", "freguesia": "Rio Maior", "src_class": "driver_only", "n_driver_rows": 535, "n_sensor_rows": null, "driver_mean_fill": 35.975609756097562, "driver_share_zero": 0.50467289719626163, "sensor_mean_fill": null, "sensor_max_fill": null, "n_rotas": 1 }, "geometry": { "type": "Point", "coordinates": [ -8.9699301, 39.30159928 ] } },
{ "type": "Feature", "properties": { "cid": "1496", "plate": "E2178", "ctype": "OVO", "vol": 2500, "fraction": "Mistura de embalagens", "freguesia": "Rio Maior", "src_class": "driver_only", "n_driver_rows": 935, "n_sensor_rows": null, "driver_mean_fill": 32.618025751072963, "driver_share_zero": 0.5401069518716578, "sensor_mean_fill": null, "sensor_max_fill": null, "n_rotas": 2 }, "geometry": { "type": "Point", "coordinates": [ -8.93626434, 39.33829482 ] } },
{ "type": "Feature", "properties": { "cid": "2113", "plate": "P0682", "ctype": "TITAN", "vol": 2500, "fraction": "Embalagens de papel e cartão", "freguesia": "Rio Maior", "src_class": "driver_only", "n_driver_rows": 83, "n_sensor_rows": null, "driver_mean_fill": 32.53012048192771, "driver_share_zero": 0.51807228915662651, "sensor_mean_fill": null, "sensor_max_fill": null, "n_rotas": 2 }, "geometry": { "type": "Point", "coordinates": [ -8.962450326080001, 39.362046291299997 ] } },
{ "type": "Feature", "properties": { "cid": "2751", "plate": "P1785", "ctype": "OVO", "vol": 2500, "fraction": "Embalagens de papel e cartão", "freguesia": "União das freguesias de Azambujeira e Malaqueijo", "src_class": "driver_only", "n_driver_rows": 285, "n_sensor_rows": null, "driver_mean_fill": 25.87719298245614, "driver_share_zero": 0.61052631578947369, "sensor_mean_fill": null, "sensor_max_fill": null, "n_rotas": 1 }, "geometry": { "type": "Point", "coordinates": [ -8.82492222222222, 39.295122222222197 ] } },
{ "type": "Feature", "properties": { "cid": "2981", "plate": "P2138", "ctype": "OVO", "vol": 2500, "fraction": "Embalagens de papel e cartão", "freguesia": "Rio Maior", "src_class": "driver_only", "n_driver_rows": 621, "n_sensor_rows": null, "driver_mean_fill": 20.161290322580644, "driver_share_zero": 0.63929146537842185, "sensor_mean_fill": null, "sensor_max_fill": null, "n_rotas": 7 }, "geometry": { "type": "Point", "coordinates": [ -8.98505407, 39.35855394 ] } },
{ "type": "Feature", "properties": { "cid": "3019", "plate": "P2179", "ctype": "OVO", "vol": 2500, "fraction": "Embalagens de papel e cartão", "freguesia": "Rio Maior", "src_class": "driver_only", "n_driver_rows": 134, "n_sensor_rows": null, "driver_mean_fill": 31.343283582089551, "driver_share_zero": 0.58208955223880599, "sensor_mean_fill": null, "sensor_max_fill": null, "n_rotas": 1 }, "geometry": { "type": "Point", "coordinates": [ -8.93104892126, 39.3365675302 ] } },
{ "type": "Feature", "properties": { "cid": "3250", "plate": "E1495", "ctype": "OVO", "vol": 2500, "fraction": "Mistura de embalagens", "freguesia": "Alcobertas", "src_class": "driver_only", "n_driver_rows": 288, "n_sensor_rows": null, "driver_mean_fill": 32.638888888888886, "driver_share_zero": 0.52430555555555558, "sensor_mean_fill": null, "sensor_max_fill": null, "n_rotas": 2 }, "geometry": { "type": "Point", "coordinates": [ -8.88197229, 39.42901129 ] } },
{ "type": "Feature", "properties": { "cid": "3587", "plate": "Sub_V0145", "ctype": "E BLUE BEE", "vol": 3000, "fraction": "Embalagens de Vidro", "freguesia": "Rio Maior", "src_class": "driver_only", "n_driver_rows": 422, "n_sensor_rows": null, "driver_mean_fill": 12.322274881516588, "driver_share_zero": 0.64691943127962082, "sensor_mean_fill": null, "sensor_max_fill": null, "n_rotas": 0 }, "geometry": { "type": "Point", "coordinates": [ -8.93547083224, 39.337291977600003 ] } },
{ "type": "Feature", "properties": { "cid": "4365", "plate": "V1248", "ctype": "TITAN", "vol": 2500, "fraction": "Embalagens de Vidro", "freguesia": "União das freguesias de São João da Ribeira e Ribeira de São João", "src_class": "driver_only", "n_driver_rows": 249, "n_sensor_rows": null, "driver_mean_fill": 19.377510040160644, "driver_share_zero": 0.57028112449799195, "sensor_mean_fill": null, "sensor_max_fill": null, "n_rotas": 0 }, "geometry": { "type": "Point", "coordinates": [ -8.851741666666671, 39.281638888888899 ] } },
{ "type": "Feature", "properties": { "cid": "4780", "plate": "V2070", "ctype": "OVO S", "vol": 2500, "fraction": "Embalagens de Vidro", "freguesia": "Rio Maior", "src_class": "driver_only", "n_driver_rows": 551, "n_sensor_rows": null, "driver_mean_fill": 17.059891107078041, "driver_share_zero": 0.61161524500907438, "sensor_mean_fill": null, "sensor_max_fill": null, "n_rotas": 0 }, "geometry": { "type": "Point", "coordinates": [ -8.942825, 39.337669444444401 ] } },
{ "type": "Feature", "properties": { "cid": "4957", "plate": "V2314", "ctype": "OVO", "vol": 2500, "fraction": "Embalagens de Vidro", "freguesia": "União das freguesias de Azambujeira e Malaqueijo", "src_class": "driver_only", "n_driver_rows": 241, "n_sensor_rows": null, "driver_mean_fill": 20.74688796680498, "driver_share_zero": 0.57261410788381739, "sensor_mean_fill": null, "sensor_max_fill": null, "n_rotas": 0 }, "geometry": { "type": "Point", "coordinates": [ -8.82492222222222, 39.295122222222197 ] } },
{ "type": "Feature", "properties": { "cid": "5084", "plate": "V2456", "ctype": "OVO", "vol": 2500, "fraction": "Embalagens de Vidro", "freguesia": "Rio Maior", "src_class": "driver_only", "n_driver_rows": 713, "n_sensor_rows": null, "driver_mean_fill": 17.215988779803645, "driver_share_zero": 0.57643758765778397, "sensor_mean_fill": null, "sensor_max_fill": null, "n_rotas": 0 }, "geometry": { "type": "Point", "coordinates": [ -8.934245, 39.34435 ] } },
{ "type": "Feature", "properties": { "cid": "5087", "plate": "V2459", "ctype": "OVO", "vol": 2500, "fraction": "Embalagens de Vidro", "freguesia": "Rio Maior", "src_class": "driver_only", "n_driver_rows": 420, "n_sensor_rows": null, "driver_mean_fill": 16.726190476190474, "driver_share_zero": 0.55952380952380953, "sensor_mean_fill": null, "sensor_max_fill": null, "n_rotas": 0 }, "geometry": { "type": "Point", "coordinates": [ -8.9259, 39.331505555555601 ] } },
{ "type": "Feature", "properties": { "cid": "6053", "plate": "E2615", "ctype": "OVO", "vol": 2500, "fraction": "Mistura de embalagens", "freguesia": "Arrouquelas", "src_class": "driver_only", "n_driver_rows": 589, "n_sensor_rows": null, "driver_mean_fill": 19.312393887945671, "driver_share_zero": 0.63157894736842102, "sensor_mean_fill": null, "sensor_max_fill": null, "n_rotas": 1 }, "geometry": { "type": "Point", "coordinates": [ -8.891428, 39.260144 ] } },
{ "type": "Feature", "properties": { "cid": "6076", "plate": "E2650", "ctype": "OVO", "vol": 2500, "fraction": "Mistura de embalagens", "freguesia": "Arrouquelas", "src_class": "driver_only", "n_driver_rows": 526, "n_sensor_rows": null, "driver_mean_fill": 44.608778625954201, "driver_share_zero": 0.46197718631178708, "sensor_mean_fill": null, "sensor_max_fill": null, "n_rotas": 1 }, "geometry": { "type": "Point", "coordinates": [ -8.89724778177, 39.2571155706 ] } },
{ "type": "Feature", "properties": { "cid": "7925", "plate": "P3195", "ctype": "VRL", "vol": 2500, "fraction": "Embalagens de papel e cartão", "freguesia": "Rio Maior", "src_class": "driver_only", "n_driver_rows": 408, "n_sensor_rows": null, "driver_mean_fill": 43.137254901960787, "driver_share_zero": 0.46813725490196079, "sensor_mean_fill": null, "sensor_max_fill": null, "n_rotas": 2 }, "geometry": { "type": "Point", "coordinates": [ -8.94275833333333, 39.324922222222199 ] } },
{ "type": "Feature", "properties": { "cid": "8229", "plate": "V3897", "ctype": "OVO", "vol": 2500, "fraction": "Embalagens de Vidro", "freguesia": "União das freguesias de São João da Ribeira e Ribeira de São João", "src_class": "driver_only", "n_driver_rows": 183, "n_sensor_rows": null, "driver_mean_fill": 15.027322404371585, "driver_share_zero": 0.61202185792349728, "sensor_mean_fill": null, "sensor_max_fill": null, "n_rotas": 0 }, "geometry": { "type": "Point", "coordinates": [ -8.86257636673, 39.281740163800002 ] } },
{ "type": "Feature", "properties": { "cid": "9198", "plate": "V4896", "ctype": "OVO", "vol": 2500, "fraction": "Embalagens de Vidro", "freguesia": "Alcobertas", "src_class": "driver_only", "n_driver_rows": 246, "n_sensor_rows": null, "driver_mean_fill": 28.048780487804876, "driver_share_zero": 0.54471544715447151, "sensor_mean_fill": null, "sensor_max_fill": null, "n_rotas": 0 }, "geometry": { "type": "Point", "coordinates": [ -8.919377700401281, 39.417500729644999 ] } },
{ "type": "Feature", "properties": { "cid": "9208", "plate": "V4906", "ctype": "OVO", "vol": 2500, "fraction": "Embalagens de Vidro", "freguesia": "Alcobertas", "src_class": "driver_only", "n_driver_rows": 154, "n_sensor_rows": null, "driver_mean_fill": 13.636363636363637, "driver_share_zero": 0.62337662337662336, "sensor_mean_fill": null, "sensor_max_fill": null, "n_rotas": 0 }, "geometry": { "type": "Point", "coordinates": [ -8.900827999, 39.424973 ] } },
{ "type": "Feature", "properties": { "cid": "9237", "plate": "V4935", "ctype": "OVO", "vol": 2500, "fraction": "Embalagens de Vidro", "freguesia": "União das freguesias de Outeiro da Cortiçada e Arruda dos Pisões", "src_class": "driver_only", "n_driver_rows": 111, "n_sensor_rows": null, "driver_mean_fill": 14.189189189189189, "driver_share_zero": 0.59459459459459463, "sensor_mean_fill": null, "sensor_max_fill": null, "n_rotas": 0 }, "geometry": { "type": "Point", "coordinates": [ -8.853163, 39.317201 ] } },
{ "type": "Feature", "properties": { "cid": "9239", "plate": "V4937", "ctype": "OVO", "vol": 2500, "fraction": "Embalagens de Vidro", "freguesia": "União das freguesias de Outeiro da Cortiçada e Arruda dos Pisões", "src_class": "driver_only", "n_driver_rows": 134, "n_sensor_rows": null, "driver_mean_fill": 12.126865671641792, "driver_share_zero": 0.65671641791044777, "sensor_mean_fill": null, "sensor_max_fill": null, "n_rotas": 0 }, "geometry": { "type": "Point", "coordinates": [ -8.828122, 39.329794 ] } },
{ "type": "Feature", "properties": { "cid": "9244", "plate": "V4942", "ctype": "OVO", "vol": 2500, "fraction": "Embalagens de Vidro", "freguesia": "Alcobertas", "src_class": "driver_only", "n_driver_rows": 222, "n_sensor_rows": null, "driver_mean_fill": 16.77927927927928, "driver_share_zero": 0.60810810810810811, "sensor_mean_fill": null, "sensor_max_fill": null, "n_rotas": 0 }, "geometry": { "type": "Point", "coordinates": [ -8.915227, 39.422783 ] } },
{ "type": "Feature", "properties": { "cid": "9280", "plate": "V4979", "ctype": "OVO", "vol": 2500, "fraction": "Embalagens de Vidro", "freguesia": "Rio Maior", "src_class": "driver_only", "n_driver_rows": 209, "n_sensor_rows": null, "driver_mean_fill": 20.334928229665071, "driver_share_zero": 0.57416267942583732, "sensor_mean_fill": null, "sensor_max_fill": null, "n_rotas": 0 }, "geometry": { "type": "Point", "coordinates": [ -8.984290944, 39.31758725 ] } },
{ "type": "Feature", "properties": { "cid": "9281", "plate": "V4980", "ctype": "OVO", "vol": 2500, "fraction": "Embalagens de Vidro", "freguesia": "Rio Maior", "src_class": "driver_only", "n_driver_rows": 377, "n_sensor_rows": null, "driver_mean_fill": 10.809018567639257, "driver_share_zero": 0.67904509283819625, "sensor_mean_fill": null, "sensor_max_fill": null, "n_rotas": 0 }, "geometry": { "type": "Point", "coordinates": [ -8.925168, 39.332001 ] } },
{ "type": "Feature", "properties": { "cid": "9282", "plate": "V4981", "ctype": "OVO", "vol": 2500, "fraction": "Embalagens de Vidro", "freguesia": "Rio Maior", "src_class": "driver_only", "n_driver_rows": 240, "n_sensor_rows": null, "driver_mean_fill": 6.979166666666667, "driver_share_zero": 0.77083333333333337, "sensor_mean_fill": null, "sensor_max_fill": null, "n_rotas": 0 }, "geometry": { "type": "Point", "coordinates": [ -8.967052, 39.299149 ] } },
{ "type": "Feature", "properties": { "cid": "9285", "plate": "V4984", "ctype": "OVO", "vol": 2500, "fraction": "Embalagens de Vidro", "freguesia": "União das freguesias de Marmeleira e Assentiz", "src_class": "driver_only", "n_driver_rows": 142, "n_sensor_rows": null, "driver_mean_fill": 9.1549295774647881, "driver_share_zero": 0.71830985915492962, "sensor_mean_fill": null, "sensor_max_fill": null, "n_rotas": 0 }, "geometry": { "type": "Point", "coordinates": [ -8.86291686, 39.25536988 ] } },
{ "type": "Feature", "properties": { "cid": "9328", "plate": "V5027", "ctype": "OVO", "vol": 2500, "fraction": "Embalagens de Vidro", "freguesia": "Rio Maior", "src_class": "driver_only", "n_driver_rows": 385, "n_sensor_rows": null, "driver_mean_fill": 16.080729166666668, "driver_share_zero": 0.60779220779220777, "sensor_mean_fill": null, "sensor_max_fill": null, "n_rotas": 0 }, "geometry": { "type": "Point", "coordinates": [ -8.910459463, 39.33028327 ] } },
{ "type": "Feature", "properties": { "cid": "9376", "plate": "V5076", "ctype": "OVO", "vol": 2500, "fraction": "Embalagens de Vidro", "freguesia": "Asseiceira", "src_class": "driver_only", "n_driver_rows": 276, "n_sensor_rows": null, "driver_mean_fill": 16.666666666666668, "driver_share_zero": 0.56521739130434778, "sensor_mean_fill": null, "sensor_max_fill": null, "n_rotas": 0 }, "geometry": { "type": "Point", "coordinates": [ -8.9437, 39.302277777777803 ] } },
{ "type": "Feature", "properties": { "cid": "20340", "plate": "V5962", "ctype": "VRL", "vol": 2500, "fraction": "Embalagens de Vidro", "freguesia": "União das freguesias de Marmeleira e Assentiz", "src_class": "driver_only", "n_driver_rows": 28, "n_sensor_rows": null, "driver_mean_fill": 12.962962962962964, "driver_share_zero": 0.6785714285714286, "sensor_mean_fill": null, "sensor_max_fill": null, "n_rotas": 0 }, "geometry": { "type": "Point", "coordinates": [ -8.8615115, 39.25484358 ] } },
{ "type": "Feature", "properties": { "cid": "2608", "plate": "P1572", "ctype": "OVO", "vol": 2500, "fraction": "Embalagens de papel e cartão", "freguesia": "Rio Maior", "src_class": "driver_only", "n_driver_rows": 37, "n_sensor_rows": null, "driver_mean_fill": 24.324324324324323, "driver_share_zero": 0.6216216216216216, "sensor_mean_fill": null, "sensor_max_fill": null, "n_rotas": 1 }, "geometry": { "type": "Point", "coordinates": [ -8.942825, 39.337669444444401 ] } },
{ "type": "Feature", "properties": { "cid": "1450", "plate": "E2127", "ctype": "OVO", "vol": 2500, "fraction": "Mistura de embalagens", "freguesia": "União das freguesias de Outeiro da Cortiçada e Arruda dos Pisões", "src_class": "driver_only", "n_driver_rows": 69, "n_sensor_rows": null, "driver_mean_fill": 61.231884057971016, "driver_share_zero": 0.36231884057971014, "sensor_mean_fill": null, "sensor_max_fill": null, "n_rotas": 1 }, "geometry": { "type": "Point", "coordinates": [ -8.84020277777778, 39.314888888888902 ] } }
]
}
