cid,fraction,ctype,d_ts,d_fill,is_event_row,idr,s_fill_raw,s_ts,gap_min,s_max,s_fill_norm,absdiff_norm,qc_flag,selected_fill,selection_rule
9594,Embalagens de papel e cartão,OVO,2023-10-03 21:51:44.363,50,false,,24,2023-10-03 21:39:04.852,12,82,29.3,20.7,MODERATE_AGREEMENT,29.3,sensor (normalized): validated by driver within one scale step
9594,Embalagens de papel e cartão,OVO,2023-10-03 21:56:44.363,0,true,36627,24,2023-10-03 21:39:04.852,17,82,29.3,29.3,EVENT_ZERO_POST_EMPTYING,,excluded: post-emptying record
11772,Mistura de embalagens,OVO,2023-08-17 20:46:24.326,0,false,,20,2023-08-17 20:21:11.709,25,82,24.4,24.4,MODERATE_AGREEMENT,24.4,sensor (normalized): validated by driver within one scale step
11806,Mistura de embalagens,OVO,2020-12-11 18:23:43,100,false,,76,2020-12-12 01:14:06.748,411,82,92.7,,NO_SENSOR_MATCH,100.0,driver: no sensor reading within tolerance
11806,Mistura de embalagens,OVO,2021-01-04 18:44:14,0,false,,5,2021-01-04 19:36:18.226,52,82,6.1,6.1,GOOD_AGREEMENT,6.1,sensor (normalized): validated by driver within one scale step
11806,Mistura de embalagens,OVO,2021-06-14 17:22:24,25,false,,34,2021-06-14 18:33:22.579,71,82,41.5,16.5,MODERATE_AGREEMENT,41.5,sensor (normalized): validated by driver within one scale step
11806,Mistura de embalagens,OVO,2021-07-17 16:58:16,100,false,,79,2021-07-17 05:42:14.884,676,82,96.3,,NO_SENSOR_MATCH,100.0,driver: no sensor reading within tolerance
11806,Mistura de embalagens,OVO,2021-07-17 17:03:16,0,true,12888,79,2021-07-17 05:42:14.884,681,82,96.3,,EVENT_ZERO_POST_EMPTYING,,excluded: post-emptying record
11806,Mistura de embalagens,OVO,2022-06-10 17:07:42.82,25,false,,29,2022-06-10 11:23:15.576,344,82,35.4,,NO_SENSOR_MATCH,25.0,driver: no sensor reading within tolerance
11806,Mistura de embalagens,OVO,2023-04-25 18:22:29.059,50,false,,1,2023-04-25 19:58:52.975,96,82,1.2,48.8,LARGE_DISAGREEMENT,,none: flagged for investigation
11806,Mistura de embalagens,OVO,2023-04-25 18:27:29.059,0,true,31050,1,2023-04-25 19:58:52.975,91,82,1.2,1.2,EVENT_ZERO_POST_EMPTYING,,excluded: post-emptying record
11827,Mistura de embalagens,OVO,2022-12-23 21:30:36.076,0,false,,82,2022-12-23 13:27:55.304,483,82,100.0,,NO_SENSOR_MATCH,0.0,driver: no sensor reading within tolerance
11827,Mistura de embalagens,OVO,2023-09-18 18:17:01.564,100,false,,3,2023-09-18 19:56:46.804,99,82,3.7,96.3,LARGE_DISAGREEMENT,,none: flagged for investigation
11827,Mistura de embalagens,OVO,2023-09-18 18:22:01.564,0,true,36106,3,2023-09-18 19:56:46.804,94,82,3.7,3.7,EVENT_ZERO_POST_EMPTYING,,excluded: post-emptying record
11828,Mistura de embalagens,OVO,2022-08-08 22:32:53.346,0,false,,29,2022-08-08 23:04:18.984,32,82,35.4,35.4,LARGE_DISAGREEMENT,,none: flagged for investigation
11832,Mistura de embalagens,OVO,2020-05-16 13:54:53,0,false,,16,2020-04-02 03:05:58.242,64009,82,19.5,,NO_SENSOR_MATCH,0.0,driver: no sensor reading within tolerance
11832,Mistura de embalagens,OVO,2020-09-16 23:55:37,0,false,,82,2020-10-13 16:45:46.143,38450,82,100.0,,NO_SENSOR_MATCH,0.0,driver: no sensor reading within tolerance
11832,Mistura de embalagens,OVO,2020-11-05 21:27:11,0,false,,6,2020-11-06 07:45:58.952,618,82,7.3,,NO_SENSOR_MATCH,0.0,driver: no sensor reading within tolerance
11832,Mistura de embalagens,OVO,2022-12-02 17:34:18.105,25,false,,16,2022-12-02 12:41:45.497,293,82,19.5,,NO_SENSOR_MATCH,25.0,driver: no sensor reading within tolerance
11832,Mistura de embalagens,OVO,2023-01-02 08:13:56.663,0,false,,20,2023-01-02 01:43:11.09,390,82,24.4,,NO_SENSOR_MATCH,0.0,driver: no sensor reading within tolerance
11832,Mistura de embalagens,OVO,2023-09-18 18:30:25.856,0,false,,9,2023-09-18 09:51:09.703,519,82,11.0,,NO_SENSOR_MATCH,0.0,driver: no sensor reading within tolerance
11990,Embalagens de papel e cartão,VRL,2020-01-04 16:34:45,100,false,,82,2020-01-01 16:11:38.386,4343,82,100.0,,NO_SENSOR_MATCH,100.0,driver: no sensor reading within tolerance
11990,Embalagens de papel e cartão,VRL,2020-06-02 19:06:48,100,false,,82,2020-05-30 21:49:52.308,4157,82,100.0,,NO_SENSOR_MATCH,100.0,driver: no sensor reading within tolerance
11990,Embalagens de papel e cartão,VRL,2020-06-02 19:11:48,0,true,3866,82,2020-05-30 21:49:52.308,4162,82,100.0,,EVENT_ZERO_POST_EMPTYING,,excluded: post-emptying record
11990,Embalagens de papel e cartão,VRL,2020-07-23 17:33:55,100,false,,82,2020-07-17 22:32:52.285,8341,82,100.0,,NO_SENSOR_MATCH,100.0,driver: no sensor reading within tolerance
11990,Embalagens de papel e cartão,VRL,2020-09-17 18:36:34,25,false,,81,2020-10-28 18:04:14.607,59008,82,98.8,,NO_SENSOR_MATCH,25.0,driver: no sensor reading within tolerance
11990,Embalagens de papel e cartão,VRL,2021-01-11 07:07:30,75,false,,67,2021-01-11 01:35:55.339,332,82,81.7,,NO_SENSOR_MATCH,75.0,driver: no sensor reading within tolerance
11990,Embalagens de papel e cartão,VRL,2020-11-10 17:54:42,50,false,,36,2020-11-10 17:35:59.979,19,82,43.9,6.1,GOOD_AGREEMENT,43.9,sensor (normalized): validated by driver within one scale step
11990,Embalagens de papel e cartão,VRL,2020-11-10 17:59:42,0,true,7312,36,2020-11-10 17:35:59.979,24,82,43.9,43.9,EVENT_ZERO_POST_EMPTYING,,excluded: post-emptying record
11990,Embalagens de papel e cartão,VRL,2020-12-29 17:36:05,0,false,,82,2020-12-29 13:17:53.387,259,82,100.0,,NO_SENSOR_MATCH,0.0,driver: no sensor reading within tolerance
11990,Embalagens de papel e cartão,VRL,2021-04-05 21:50:08,100,false,,70,2021-04-05 20:03:59.413,107,82,85.4,14.6,MODERATE_AGREEMENT,85.4,sensor (normalized): validated by driver within one scale step
11990,Embalagens de papel e cartão,VRL,2021-04-05 21:55:08,0,true,10314,70,2021-04-05 20:03:59.413,112,82,85.4,85.4,EVENT_ZERO_POST_EMPTYING,,excluded: post-emptying record
11990,Embalagens de papel e cartão,VRL,2021-04-24 13:46:18,50,false,,68,2021-04-24 17:22:48.112,216,82,82.9,,NO_SENSOR_MATCH,50.0,driver: no sensor reading within tolerance
11990,Embalagens de papel e cartão,VRL,2021-06-22 21:57:43,0,false,,80,2021-06-22 21:23:29.945,34,82,97.6,97.6,LARGE_DISAGREEMENT,,none: flagged for investigation
11990,Embalagens de papel e cartão,VRL,2022-02-28 21:28:46.099,100,false,,43,2022-02-28 23:01:26.402,93,82,52.4,47.6,LARGE_DISAGREEMENT,,none: flagged for investigation
11990,Embalagens de papel e cartão,VRL,2022-02-28 21:33:46.099,0,true,18617,43,2022-02-28 23:01:26.402,88,82,52.4,52.4,EVENT_ZERO_POST_EMPTYING,,excluded: post-emptying record
11990,Embalagens de papel e cartão,VRL,2022-04-16 10:26:03.82,75,false,,45,2022-04-16 06:50:51.137,216,82,54.9,,NO_SENSOR_MATCH,75.0,driver: no sensor reading within tolerance
11990,Embalagens de papel e cartão,VRL,2022-04-18 23:09:46.532,100,false,,21,2022-04-19 00:53:02.694,104,82,25.6,74.4,LARGE_DISAGREEMENT,,none: flagged for investigation
11990,Embalagens de papel e cartão,VRL,2022-04-18 23:14:46.532,0,true,20020,21,2022-04-19 00:53:02.694,99,82,25.6,25.6,EVENT_ZERO_POST_EMPTYING,,excluded: post-emptying record
11990,Embalagens de papel e cartão,VRL,2023-03-24 17:49:34.543,75,false,,38,2023-03-24 12:35:07.057,314,82,46.3,,NO_SENSOR_MATCH,75.0,driver: no sensor reading within tolerance
11990,Embalagens de papel e cartão,VRL,2023-08-25 19:23:12.132,100,false,,27,2023-08-26 00:44:11.803,321,82,32.9,,NO_SENSOR_MATCH,100.0,driver: no sensor reading within tolerance
11990,Embalagens de papel e cartão,VRL,2023-08-25 19:28:12.132,0,true,35254,27,2023-08-26 00:44:11.803,316,82,32.9,,EVENT_ZERO_POST_EMPTYING,,excluded: post-emptying record
12216,Mistura de embalagens,OVO,2020-02-14 18:28:39,0,false,,82,2020-02-14 09:45:24.172,523,82,100.0,,NO_SENSOR_MATCH,0.0,driver: no sensor reading within tolerance
12216,Mistura de embalagens,OVO,2020-03-18 16:36:48,50,false,,49,2020-04-01 10:25:28.898,19789,82,59.8,,NO_SENSOR_MATCH,50.0,driver: no sensor reading within tolerance
12216,Mistura de embalagens,OVO,2020-03-18 16:41:48,0,true,2419,49,2020-04-01 10:25:28.898,19784,82,59.8,,EVENT_ZERO_POST_EMPTYING,,excluded: post-emptying record
12216,Mistura de embalagens,OVO,2020-04-15 16:35:01,50,false,,82,2020-04-15 19:23:38.673,168,82,100.0,50.0,LARGE_DISAGREEMENT,,none: flagged for investigation
12216,Mistura de embalagens,OVO,2020-04-15 16:40:01,0,true,2917,82,2020-04-15 19:23:38.673,163,82,100.0,100.0,EVENT_ZERO_POST_EMPTYING,,excluded: post-emptying record
12216,Mistura de embalagens,OVO,2020-04-17 16:41:20,0,false,,82,2020-04-18 01:21:52.353,520,82,100.0,,NO_SENSOR_MATCH,0.0,driver: no sensor reading within tolerance
12216,Mistura de embalagens,OVO,2020-09-14 19:07:56,0,false,,82,2020-10-16 07:28:12.982,45381,82,100.0,,NO_SENSOR_MATCH,0.0,driver: no sensor reading within tolerance
12216,Mistura de embalagens,OVO,2021-01-25 16:11:40,75,false,,38,2021-01-25 09:39:20.966,392,82,46.3,,NO_SENSOR_MATCH,75.0,driver: no sensor reading within tolerance
12216,Mistura de embalagens,OVO,2021-01-25 16:16:40,0,true,8812,38,2021-01-25 09:39:20.966,397,82,46.3,,EVENT_ZERO_POST_EMPTYING,,excluded: post-emptying record
12216,Mistura de embalagens,OVO,2020-11-27 17:00:03,0,false,,6,2020-11-27 22:22:13.279,322,82,7.3,,NO_SENSOR_MATCH,0.0,driver: no sensor reading within tolerance
12216,Mistura de embalagens,OVO,2021-01-04 16:41:41,0,false,,46,2021-01-04 21:28:46.165,287,82,56.1,,NO_SENSOR_MATCH,0.0,driver: no sensor reading within tolerance
12216,Mistura de embalagens,OVO,2021-03-03 16:26:54,0,false,,5,2021-03-03 08:26:20.371,480,82,6.1,,NO_SENSOR_MATCH,0.0,driver: no sensor reading within tolerance
12216,Mistura de embalagens,OVO,2021-05-05 17:44:25,25,false,,8,2021-05-05 12:46:20.028,298,82,9.8,,NO_SENSOR_MATCH,25.0,driver: no sensor reading within tolerance
12216,Mistura de embalagens,OVO,2021-09-20 17:50:50,0,false,,34,2021-09-20 11:21:00.553,389,82,41.5,,NO_SENSOR_MATCH,0.0,driver: no sensor reading within tolerance
12216,Mistura de embalagens,OVO,2022-03-11 17:37:41.912,0,false,,6,2022-03-11 20:16:00.216,159,82,7.3,7.3,GOOD_AGREEMENT,7.3,sensor (normalized): validated by driver within one scale step
12216,Mistura de embalagens,OVO,2022-03-25 17:48:34.066,0,false,,33,2022-03-25 14:38:05.403,190,82,40.2,,NO_SENSOR_MATCH,0.0,driver: no sensor reading within tolerance
12216,Mistura de embalagens,OVO,2022-05-09 05:58:33.292,75,false,,35,2022-05-09 03:17:24.525,161,82,42.7,32.3,LARGE_DISAGREEMENT,,none: flagged for investigation
12216,Mistura de embalagens,OVO,2022-05-09 06:03:33.292,0,true,20584,35,2022-05-09 03:17:24.525,166,82,42.7,42.7,EVENT_ZERO_POST_EMPTYING,,excluded: post-emptying record
12216,Mistura de embalagens,OVO,2022-05-20 16:46:18.31,25,false,,9,2022-05-20 12:07:44.79,279,82,11.0,,NO_SENSOR_MATCH,25.0,driver: no sensor reading within tolerance
12216,Mistura de embalagens,OVO,2022-09-02 17:27:54.137,75,false,,27,2022-09-02 06:12:50.688,675,82,32.9,,NO_SENSOR_MATCH,75.0,driver: no sensor reading within tolerance
12216,Mistura de embalagens,OVO,2022-09-02 17:32:54.137,0,true,24181,27,2022-09-02 06:12:50.688,680,82,32.9,,EVENT_ZERO_POST_EMPTYING,,excluded: post-emptying record
12216,Mistura de embalagens,OVO,2022-10-05 15:14:03.014,75,false,,73,2022-10-05 09:14:30.265,360,82,89.0,,NO_SENSOR_MATCH,75.0,driver: no sensor reading within tolerance
12216,Mistura de embalagens,OVO,2022-10-05 15:19:03.014,0,true,25178,32,2022-10-05 21:21:52.517,362,82,39.0,,EVENT_ZERO_POST_EMPTYING,,excluded: post-emptying record
12216,Mistura de embalagens,OVO,2022-10-17 17:06:15.832,50,false,,66,2022-10-17 19:14:43.742,128,82,80.5,30.5,LARGE_DISAGREEMENT,,none: flagged for investigation
12216,Mistura de embalagens,OVO,2022-11-11 16:53:05.714,0,false,,9,2022-11-11 14:20:52.779,153,82,11.0,11.0,GOOD_AGREEMENT,11.0,sensor (normalized): validated by driver within one scale step
12216,Mistura de embalagens,OVO,2022-12-28 17:27:43.417,75,false,,77,2022-12-28 07:45:04.507,582,82,93.9,,NO_SENSOR_MATCH,75.0,driver: no sensor reading within tolerance
12216,Mistura de embalagens,OVO,2022-12-28 17:32:43.417,0,true,27567,77,2022-12-28 07:45:04.507,587,82,93.9,,EVENT_ZERO_POST_EMPTYING,,excluded: post-emptying record
12216,Mistura de embalagens,OVO,2023-03-13 17:11:13.642,100,false,,9,2023-03-13 11:44:01.377,327,82,11.0,,NO_SENSOR_MATCH,100.0,driver: no sensor reading within tolerance
12216,Mistura de embalagens,OVO,2023-03-13 17:16:13.642,0,true,29686,9,2023-03-13 11:44:01.377,332,82,11.0,,EVENT_ZERO_POST_EMPTYING,,excluded: post-emptying record
12216,Mistura de embalagens,OVO,2023-03-06 18:27:40.098,0,false,,60,2023-03-07 05:11:11.174,644,82,73.2,,NO_SENSOR_MATCH,0.0,driver: no sensor reading within tolerance
12216,Mistura de embalagens,OVO,2023-03-29 17:23:20.449,0,false,,36,2023-03-29 21:36:43.3,253,82,43.9,,NO_SENSOR_MATCH,0.0,driver: no sensor reading within tolerance
12216,Mistura de embalagens,OVO,2023-10-26 20:24:11.628,0,false,,11,2023-10-26 10:17:13.921,607,82,13.4,,NO_SENSOR_MATCH,0.0,driver: no sensor reading within tolerance
12216,Mistura de embalagens,OVO,2023-12-12 20:20:55.351,100,false,,12,2023-12-12 21:08:53.36,48,82,14.6,85.4,LARGE_DISAGREEMENT,,none: flagged for investigation
12216,Mistura de embalagens,OVO,2023-12-12 20:25:55.351,0,true,39123,12,2023-12-12 21:08:53.36,43,82,14.6,14.6,EVENT_ZERO_POST_EMPTYING,,excluded: post-emptying record
12216,Mistura de embalagens,OVO,2024-02-01 17:15:13.733,100,false,,33,2024-02-01 15:27:31.398,108,82,40.2,59.8,LARGE_DISAGREEMENT,,none: flagged for investigation
12216,Mistura de embalagens,OVO,2024-02-01 17:20:13.733,0,true,40928,33,2024-02-01 15:27:31.398,113,82,40.2,40.2,EVENT_ZERO_POST_EMPTYING,,excluded: post-emptying record
14338,Embalagens de papel e cartão,OVO,2020-04-02 16:16:04,25,false,,82,2020-04-01 19:20:43.885,1256,82,100.0,,NO_SENSOR_MATCH,25.0,driver: no sensor reading within tolerance
14338,Embalagens de papel e cartão,OVO,2020-05-05 20:29:19,25,false,,79,2020-05-05 13:11:03.937,438,82,96.3,,NO_SENSOR_MATCH,25.0,driver: no sensor reading within tolerance
14338,Embalagens de papel e cartão,OVO,2020-05-05 20:34:19,0,true,3310,79,2020-05-05 13:11:03.937,443,82,96.3,,EVENT_ZERO_POST_EMPTYING,,excluded: post-emptying record
14338,Embalagens de papel e cartão,OVO,2020-08-06 16:21:30,0,false,,82,2020-08-07 13:29:59.164,1268,82,100.0,,NO_SENSOR_MATCH,0.0,driver: no sensor reading within tolerance
14338,Embalagens de papel e cartão,OVO,2020-08-13 16:31:21,0,false,,82,2020-08-13 16:40:27.839,9,82,100.0,100.0,LARGE_DISAGREEMENT,,none: flagged for investigation
14338,Embalagens de papel e cartão,OVO,2020-11-03 18:32:50,0,false,,0,2020-11-03 10:54:53.09,458,82,0.0,,NO_SENSOR_MATCH,0.0,driver: no sensor reading within tolerance
14338,Embalagens de papel e cartão,OVO,2021-05-28 18:51:58,0,false,,1,2021-05-27 18:59:37.779,1432,82,1.2,,NO_SENSOR_MATCH,0.0,driver: no sensor reading within tolerance
14338,Embalagens de papel e cartão,OVO,2021-07-06 19:46:59,0,false,,9,2021-07-07 02:04:32.997,378,82,11.0,,NO_SENSOR_MATCH,0.0,driver: no sensor reading within tolerance
14338,Embalagens de papel e cartão,OVO,2021-08-04 19:07:08,50,false,,0,2021-08-05 19:00:23.223,1433,82,0.0,,NO_SENSOR_MATCH,50.0,driver: no sensor reading within tolerance
14338,Embalagens de papel e cartão,OVO,2021-08-04 19:12:08,0,true,13406,0,2021-08-05 19:00:23.223,1428,82,0.0,,EVENT_ZERO_POST_EMPTYING,,excluded: post-emptying record
14338,Embalagens de papel e cartão,OVO,2022-01-25 19:34:25,25,false,,35,2022-01-25 18:23:19.64,71,82,42.7,17.7,MODERATE_AGREEMENT,42.7,sensor (normalized): validated by driver within one scale step
14338,Embalagens de papel e cartão,OVO,2022-01-31 19:15:46,50,false,,4,2022-01-31 21:11:27.264,116,82,4.9,45.1,LARGE_DISAGREEMENT,,none: flagged for investigation
14338,Embalagens de papel e cartão,OVO,2022-01-31 19:20:46,0,true,17927,4,2022-01-31 21:11:27.264,111,82,4.9,4.9,EVENT_ZERO_POST_EMPTYING,,excluded: post-emptying record
14338,Embalagens de papel e cartão,OVO,2022-03-15 23:49:28.689,0,false,,56,2022-03-15 23:28:52.059,21,82,68.3,68.3,LARGE_DISAGREEMENT,,none: flagged for investigation
14338,Embalagens de papel e cartão,OVO,2023-05-18 19:38:27.6,50,false,,25,2023-05-19 05:27:21.029,589,82,30.5,,NO_SENSOR_MATCH,50.0,driver: no sensor reading within tolerance
16540,Mistura de embalagens,OVO,2021-04-06 19:10:23,100,false,,2,2021-04-06 19:51:23.457,41,82,2.4,97.6,LARGE_DISAGREEMENT,,none: flagged for investigation
16540,Mistura de embalagens,OVO,2021-04-06 19:15:23,0,true,10343,2,2021-04-06 19:51:23.457,36,82,2.4,2.4,EVENT_ZERO_POST_EMPTYING,,excluded: post-emptying record
16540,Mistura de embalagens,OVO,2022-02-12 08:55:12,75,false,,8,2022-02-12 10:19:10.005,84,82,9.8,65.2,LARGE_DISAGREEMENT,,none: flagged for investigation
16540,Mistura de embalagens,OVO,2022-02-12 09:00:12,0,true,18226,8,2022-02-12 10:19:10.005,79,82,9.8,9.8,EVENT_ZERO_POST_EMPTYING,,excluded: post-emptying record
16540,Mistura de embalagens,OVO,2022-04-15 16:37:30.641,0,false,,29,2022-04-15 18:17:07.156,100,82,35.4,35.4,LARGE_DISAGREEMENT,,none: flagged for investigation
16540,Mistura de embalagens,OVO,2022-07-20 21:06:51.818,100,false,,76,2022-07-20 10:26:14.361,640,82,92.7,,NO_SENSOR_MATCH,100.0,driver: no sensor reading within tolerance
16540,Mistura de embalagens,OVO,2022-07-20 21:11:51.818,0,true,22824,76,2022-07-20 10:26:14.361,645,82,92.7,,EVENT_ZERO_POST_EMPTYING,,excluded: post-emptying record
18700,Embalagens de papel e cartão,OVO,2022-06-23 17:11:08,0,false,,38,2022-06-23 22:52:06.42,341,82,46.3,,NO_SENSOR_MATCH,0.0,driver: no sensor reading within tolerance
18700,Embalagens de papel e cartão,OVO,2023-06-30 19:21:23.342,100,false,,75,2023-06-30 14:24:53.322,297,82,91.5,,NO_SENSOR_MATCH,100.0,driver: no sensor reading within tolerance
18700,Embalagens de papel e cartão,OVO,2023-06-30 19:26:23.342,0,true,33212,75,2023-06-30 14:24:53.322,302,82,91.5,,EVENT_ZERO_POST_EMPTYING,,excluded: post-emptying record
22050,Mistura de embalagens,OVO,2023-06-05 17:18:19.637,100,false,,82,2023-06-05 12:35:23.939,283,82,100.0,,NO_SENSOR_MATCH,100.0,driver: no sensor reading within tolerance
22050,Mistura de embalagens,OVO,2023-06-05 17:23:19.637,0,true,32343,82,2023-06-05 12:35:23.939,288,82,100.0,,EVENT_ZERO_POST_EMPTYING,,excluded: post-emptying record
22050,Mistura de embalagens,OVO,2023-10-23 17:43:43.088,75,false,,38,2023-10-23 18:21:27.787,38,82,46.3,28.7,LARGE_DISAGREEMENT,,none: flagged for investigation
27048,Mistura de embalagens,AMBI,2023-10-02 22:41:45.869,0,false,,84,2023-10-02 22:39:49.508,2,84,100.0,100.0,LARGE_DISAGREEMENT,,none: flagged for investigation
27048,Mistura de embalagens,AMBI,2024-02-05 16:40:28.067,100,false,,83,2024-02-05 16:28:25.419,12,84,98.8,1.2,CEILING_CASE,98.8,"sensor (normalized): ceiling case, driver corroborates full"
27048,Mistura de embalagens,AMBI,2024-02-05 16:45:28.067,0,true,41042,83,2024-02-05 16:28:25.419,17,84,98.8,98.8,EVENT_ZERO_POST_EMPTYING,,excluded: post-emptying record
1606,Mistura de embalagens,OVO,2021-01-14 20:26:47,0,false,,0,2021-01-14 15:10:57.92,316,82,0.0,,NO_SENSOR_MATCH,0.0,driver: no sensor reading within tolerance
1606,Mistura de embalagens,OVO,2021-09-21 17:18:49,75,false,,59,2021-09-21 08:59:05.889,499,82,72.0,,NO_SENSOR_MATCH,75.0,driver: no sensor reading within tolerance
1606,Mistura de embalagens,OVO,2021-09-21 17:23:49,0,true,14737,59,2021-09-21 08:59:05.889,504,82,72.0,,EVENT_ZERO_POST_EMPTYING,,excluded: post-emptying record
1606,Mistura de embalagens,OVO,2023-10-26 18:05:44.555,100,false,,4,2023-10-27 02:49:44.844,524,82,4.9,,NO_SENSOR_MATCH,100.0,driver: no sensor reading within tolerance
1606,Mistura de embalagens,OVO,2023-10-26 18:10:44.555,0,true,37468,4,2023-10-27 02:49:44.844,519,82,4.9,,EVENT_ZERO_POST_EMPTYING,,excluded: post-emptying record
1606,Mistura de embalagens,OVO,2024-03-18 20:30:55.048,0,false,,30,2024-03-18 15:55:26.757,275,82,36.6,,NO_SENSOR_MATCH,0.0,driver: no sensor reading within tolerance
1621,Mistura de embalagens,OVO,2023-11-21 19:14:48.837,50,false,,33,2023-11-21 19:17:08.43,3,82,40.2,9.8,GOOD_AGREEMENT,40.2,sensor (normalized): validated by driver within one scale step
1621,Mistura de embalagens,OVO,2024-04-03 18:56:37.922,0,false,,82,2024-04-03 17:14:53.069,102,82,100.0,100.0,LARGE_DISAGREEMENT,,none: flagged for investigation
2750,Embalagens de papel e cartão,OVO,2021-11-16 20:43:46,100,false,,77,2021-11-16 13:59:36.14,404,82,93.9,,NO_SENSOR_MATCH,100.0,driver: no sensor reading within tolerance
2750,Embalagens de papel e cartão,OVO,2021-11-16 20:48:46,0,true,16178,77,2021-11-16 13:59:36.14,409,82,93.9,,EVENT_ZERO_POST_EMPTYING,,excluded: post-emptying record
2750,Embalagens de papel e cartão,OVO,2021-12-24 13:14:41,100,false,,56,2021-12-24 11:15:45.333,119,82,68.3,31.7,LARGE_DISAGREEMENT,,none: flagged for investigation
2750,Embalagens de papel e cartão,OVO,2021-12-24 13:19:41,0,true,17054,56,2021-12-24 11:15:45.333,124,82,68.3,68.3,EVENT_ZERO_POST_EMPTYING,,excluded: post-emptying record
2750,Embalagens de papel e cartão,OVO,2022-04-11 19:54:29.552,25,false,,51,2022-04-11 09:33:07.283,621,82,62.2,,NO_SENSOR_MATCH,25.0,driver: no sensor reading within tolerance
2750,Embalagens de papel e cartão,OVO,2022-04-11 19:59:29.552,0,true,19793,51,2022-04-11 09:33:07.283,626,82,62.2,,EVENT_ZERO_POST_EMPTYING,,excluded: post-emptying record
2750,Embalagens de papel e cartão,OVO,2022-04-26 22:04:16.913,100,false,,67,2022-04-26 17:56:06.675,248,82,81.7,,NO_SENSOR_MATCH,100.0,driver: no sensor reading within tolerance
2750,Embalagens de papel e cartão,OVO,2022-06-11 11:12:01.787,0,false,,0,2022-06-11 01:40:36.854,572,82,0.0,,NO_SENSOR_MATCH,0.0,driver: no sensor reading within tolerance
2750,Embalagens de papel e cartão,OVO,2022-07-19 18:09:48.139,0,false,,3,2022-07-20 02:47:35.43,518,82,3.7,,NO_SENSOR_MATCH,0.0,driver: no sensor reading within tolerance
2750,Embalagens de papel e cartão,OVO,2023-08-07 19:08:05.904,100,false,,0,2023-08-07 20:23:04.433,75,82,0.0,100.0,LARGE_DISAGREEMENT,,none: flagged for investigation
2750,Embalagens de papel e cartão,OVO,2024-04-24 18:05:54.163,100,false,,67,2024-04-24 16:52:29.675,73,82,81.7,18.3,MODERATE_AGREEMENT,81.7,sensor (normalized): validated by driver within one scale step
2750,Embalagens de papel e cartão,OVO,2024-04-24 18:10:54.163,0,true,44068,67,2024-04-24 16:52:29.675,78,82,81.7,81.7,EVENT_ZERO_POST_EMPTYING,,excluded: post-emptying record
6225,Mistura de embalagens,OVO,2021-04-12 19:19:28,75,false,,50,2021-04-13 01:49:56.157,390,82,61.0,,NO_SENSOR_MATCH,75.0,driver: no sensor reading within tolerance
6225,Mistura de embalagens,OVO,2021-09-02 20:21:32,75,false,,74,2021-09-02 16:25:28.884,236,82,90.2,,NO_SENSOR_MATCH,75.0,driver: no sensor reading within tolerance
6225,Mistura de embalagens,OVO,2021-09-02 20:26:32,0,true,14242,74,2021-09-02 16:25:28.884,241,82,90.2,,EVENT_ZERO_POST_EMPTYING,,excluded: post-emptying record
6225,Mistura de embalagens,OVO,2022-07-02 11:41:09.638,75,false,,0,2022-07-02 12:42:29.361,61,82,0.0,75.0,LARGE_DISAGREEMENT,,none: flagged for investigation
6225,Mistura de embalagens,OVO,2022-07-02 11:46:09.638,0,true,22252,0,2022-07-02 12:42:29.361,56,82,0.0,0.0,EVENT_ZERO_POST_EMPTYING,,excluded: post-emptying record
6225,Mistura de embalagens,OVO,2023-01-09 18:36:51.32,100,false,,82,2023-01-09 18:31:00.739,5,82,100.0,0.0,CEILING_CASE,100.0,"sensor (normalized): ceiling case, driver corroborates full"
6225,Mistura de embalagens,OVO,2023-01-09 18:41:51.32,0,true,27928,82,2023-01-09 18:31:00.739,10,82,100.0,100.0,EVENT_ZERO_POST_EMPTYING,,excluded: post-emptying record
6225,Mistura de embalagens,OVO,2023-05-26 17:45:45.054,50,false,,28,2023-05-27 00:44:28.76,419,82,34.1,,NO_SENSOR_MATCH,50.0,driver: no sensor reading within tolerance
6225,Mistura de embalagens,OVO,2023-11-16 20:00:59.674,100,false,,82,2023-11-16 17:39:45.102,141,82,100.0,0.0,CEILING_CASE,100.0,"sensor (normalized): ceiling case, driver corroborates full"
6225,Mistura de embalagens,OVO,2023-11-16 20:05:59.674,0,true,38225,82,2023-11-16 17:39:45.102,146,82,100.0,100.0,EVENT_ZERO_POST_EMPTYING,,excluded: post-emptying record
6225,Mistura de embalagens,OVO,2024-01-03 19:41:49.169,100,false,,82,2024-01-03 16:01:25.623,220,82,100.0,,NO_SENSOR_MATCH,100.0,driver: no sensor reading within tolerance
6225,Mistura de embalagens,OVO,2024-01-03 19:46:49.169,0,true,39893,82,2024-01-03 16:01:25.623,225,82,100.0,,EVENT_ZERO_POST_EMPTYING,,excluded: post-emptying record
6225,Mistura de embalagens,OVO,2024-01-15 18:19:18.973,100,false,,82,2024-01-15 15:48:06.845,151,82,100.0,0.0,CEILING_CASE,100.0,"sensor (normalized): ceiling case, driver corroborates full"
6225,Mistura de embalagens,OVO,2024-01-15 18:24:18.973,0,true,40273,82,2024-01-15 15:48:06.845,156,82,100.0,100.0,EVENT_ZERO_POST_EMPTYING,,excluded: post-emptying record
6225,Mistura de embalagens,OVO,2024-03-06 16:48:34.32,100,false,,82,2024-03-06 11:16:39.761,332,82,100.0,,NO_SENSOR_MATCH,100.0,driver: no sensor reading within tolerance
6225,Mistura de embalagens,OVO,2024-04-03 19:39:42.261,100,false,,82,2024-04-03 05:25:29.472,854,82,100.0,,NO_SENSOR_MATCH,100.0,driver: no sensor reading within tolerance
6225,Mistura de embalagens,OVO,2024-04-03 19:44:42.261,0,true,43210,82,2024-04-03 05:25:29.472,859,82,100.0,,EVENT_ZERO_POST_EMPTYING,,excluded: post-emptying record
6225,Mistura de embalagens,OVO,2024-04-18 20:37:19.797,100,false,,82,2024-04-18 18:52:04.397,105,82,100.0,0.0,CEILING_CASE,100.0,"sensor (normalized): ceiling case, driver corroborates full"
6225,Mistura de embalagens,OVO,2024-04-18 20:42:19.797,0,true,43839,82,2024-04-18 18:52:04.397,110,82,100.0,100.0,EVENT_ZERO_POST_EMPTYING,,excluded: post-emptying record
6900,Embalagens de papel e cartão,OVO,2020-11-10 19:37:01,100,false,,32,2020-11-10 01:20:51.689,1097,82,39.0,,NO_SENSOR_MATCH,100.0,driver: no sensor reading within tolerance
6900,Embalagens de papel e cartão,OVO,2021-09-20 22:32:37,75,false,,66,2021-09-20 01:16:13.788,1276,82,80.5,,NO_SENSOR_MATCH,75.0,driver: no sensor reading within tolerance
6900,Embalagens de papel e cartão,OVO,2021-09-20 22:37:37,0,true,14704,66,2021-09-20 01:16:13.788,1281,82,80.5,,EVENT_ZERO_POST_EMPTYING,,excluded: post-emptying record
6900,Embalagens de papel e cartão,OVO,2022-03-02 17:20:43.182,0,false,,35,2022-03-02 18:14:14.635,54,82,42.7,42.7,LARGE_DISAGREEMENT,,none: flagged for investigation
6900,Embalagens de papel e cartão,OVO,2023-01-13 16:43:06.535,0,false,,0,2023-01-14 01:29:17.005,526,82,0.0,,NO_SENSOR_MATCH,0.0,driver: no sensor reading within tolerance
6900,Embalagens de papel e cartão,OVO,2023-05-31 20:09:28.051,0,false,,9,2023-05-31 08:04:42.109,725,82,11.0,,NO_SENSOR_MATCH,0.0,driver: no sensor reading within tolerance
6900,Embalagens de papel e cartão,OVO,2023-11-29 18:52:42.28,0,false,,28,2023-11-30 02:58:25.254,486,82,34.1,,NO_SENSOR_MATCH,0.0,driver: no sensor reading within tolerance
7246,Mistura de embalagens,OVO,2020-07-30 21:36:20,50,false,,80,2020-07-28 22:46:27.049,2810,82,97.6,,NO_SENSOR_MATCH,50.0,driver: no sensor reading within tolerance
7246,Mistura de embalagens,OVO,2020-07-30 21:41:20,0,true,5068,80,2020-07-28 22:46:27.049,2815,82,97.6,,EVENT_ZERO_POST_EMPTYING,,excluded: post-emptying record
7246,Mistura de embalagens,OVO,2021-10-29 19:21:55,75,false,,70,2021-10-29 15:52:27.677,209,82,85.4,,NO_SENSOR_MATCH,75.0,driver: no sensor reading within tolerance
7246,Mistura de embalagens,OVO,2021-10-29 19:26:55,0,true,15740,70,2021-10-29 15:52:27.677,214,82,85.4,,EVENT_ZERO_POST_EMPTYING,,excluded: post-emptying record
7246,Mistura de embalagens,OVO,2021-12-07 19:38:18,0,false,,6,2021-12-08 20:16:26.103,1478,82,7.3,,NO_SENSOR_MATCH,0.0,driver: no sensor reading within tolerance
7246,Mistura de embalagens,OVO,2023-01-30 19:07:04.446,100,false,,51,2023-01-30 14:25:55.949,282,82,62.2,,NO_SENSOR_MATCH,100.0,driver: no sensor reading within tolerance
7246,Mistura de embalagens,OVO,2023-01-30 19:12:04.446,0,true,28540,51,2023-01-30 14:25:55.949,287,82,62.2,,EVENT_ZERO_POST_EMPTYING,,excluded: post-emptying record
7246,Mistura de embalagens,OVO,2024-01-23 18:50:21.575,0,false,,82,2024-01-22 14:31:57.087,1699,82,100.0,,NO_SENSOR_MATCH,0.0,driver: no sensor reading within tolerance
7445,Mistura de embalagens,OVO,2020-07-30 21:19:45,100,false,,82,2020-10-29 08:50:25,130291,82,100.0,,NO_SENSOR_MATCH,100.0,driver: no sensor reading within tolerance
7445,Mistura de embalagens,OVO,2020-07-30 21:24:45,0,true,5068,82,2020-10-29 08:50:25,130286,82,100.0,,EVENT_ZERO_POST_EMPTYING,,excluded: post-emptying record
7445,Mistura de embalagens,OVO,2021-03-29 18:31:22,100,false,,82,2021-03-29 07:05:05.474,686,82,100.0,,NO_SENSOR_MATCH,100.0,driver: no sensor reading within tolerance
7445,Mistura de embalagens,OVO,2021-10-29 22:33:40,100,false,,3,2021-10-30 08:33:20.834,600,82,3.7,,NO_SENSOR_MATCH,100.0,driver: no sensor reading within tolerance
7445,Mistura de embalagens,OVO,2021-10-29 22:38:40,0,true,15740,3,2021-10-30 08:33:20.834,595,82,3.7,,EVENT_ZERO_POST_EMPTYING,,excluded: post-emptying record
7445,Mistura de embalagens,OVO,2022-05-23 18:56:36.942,75,false,,63,2022-05-23 19:25:26.011,29,82,76.8,1.8,GOOD_AGREEMENT,76.8,sensor (normalized): validated by driver within one scale step
7445,Mistura de embalagens,OVO,2022-07-13 16:10:36.156,100,false,,69,2022-07-13 14:06:51.755,124,82,84.1,15.9,MODERATE_AGREEMENT,84.1,sensor (normalized): validated by driver within one scale step
7445,Mistura de embalagens,OVO,2022-07-13 16:15:36.156,0,true,22601,69,2022-07-13 14:06:51.755,129,82,84.1,84.1,EVENT_ZERO_POST_EMPTYING,,excluded: post-emptying record
7445,Mistura de embalagens,OVO,2023-09-26 20:06:30.375,75,false,,70,2023-09-26 20:23:47.847,17,82,85.4,10.4,GOOD_AGREEMENT,85.4,sensor (normalized): validated by driver within one scale step
7445,Mistura de embalagens,OVO,2024-02-06 17:30:27.319,100,false,,74,2024-02-06 07:14:49.015,616,82,90.2,,NO_SENSOR_MATCH,100.0,driver: no sensor reading within tolerance
7445,Mistura de embalagens,OVO,2024-02-06 17:35:27.319,0,true,41106,74,2024-02-06 07:14:49.015,621,82,90.2,,EVENT_ZERO_POST_EMPTYING,,excluded: post-emptying record
7445,Mistura de embalagens,OVO,2024-04-05 18:23:34.342,0,false,,82,2024-04-05 10:20:01.88,483,82,100.0,,NO_SENSOR_MATCH,0.0,driver: no sensor reading within tolerance
9419,Embalagens de papel e cartão,OVO,2020-02-18 16:59:40,50,false,,57,2020-02-18 21:02:47.454,243,82,69.5,,NO_SENSOR_MATCH,50.0,driver: no sensor reading within tolerance
9419,Embalagens de papel e cartão,OVO,2020-02-18 17:04:40,0,true,1912,57,2020-02-18 21:02:47.454,238,82,69.5,,EVENT_ZERO_POST_EMPTYING,,excluded: post-emptying record
9419,Embalagens de papel e cartão,OVO,2020-04-30 17:09:52,0,false,,82,2020-04-30 07:54:27.844,555,82,100.0,,NO_SENSOR_MATCH,0.0,driver: no sensor reading within tolerance
9419,Embalagens de papel e cartão,OVO,2020-06-23 16:32:47,75,false,,16,2020-06-23 22:44:44.508,372,82,19.5,,NO_SENSOR_MATCH,75.0,driver: no sensor reading within tolerance
9419,Embalagens de papel e cartão,OVO,2020-06-23 16:37:47,0,true,4289,16,2020-06-23 22:44:44.508,367,82,19.5,,EVENT_ZERO_POST_EMPTYING,,excluded: post-emptying record
9419,Embalagens de papel e cartão,OVO,2020-11-17 19:58:13,100,false,,20,2020-11-17 20:57:00.22,59,82,24.4,75.6,LARGE_DISAGREEMENT,,none: flagged for investigation
9419,Embalagens de papel e cartão,OVO,2020-11-17 20:03:13,0,true,7451,20,2020-11-17 20:57:00.22,54,82,24.4,24.4,EVENT_ZERO_POST_EMPTYING,,excluded: post-emptying record
9419,Embalagens de papel e cartão,OVO,2022-02-18 19:00:33.082,100,false,,13,2022-02-18 20:29:43.282,89,82,15.9,84.1,LARGE_DISAGREEMENT,,none: flagged for investigation
9419,Embalagens de papel e cartão,OVO,2022-02-18 19:05:33.082,0,true,18390,13,2022-02-18 20:29:43.282,84,82,15.9,15.9,EVENT_ZERO_POST_EMPTYING,,excluded: post-emptying record
9419,Embalagens de papel e cartão,OVO,2022-02-18 19:06:42.686,0,true,18390,13,2022-02-18 20:29:43.282,83,82,15.9,15.9,EVENT_ZERO_POST_EMPTYING,,excluded: post-emptying record
9419,Embalagens de papel e cartão,OVO,2022-09-23 19:09:27.395,75,false,,13,2022-09-23 20:28:24.757,79,82,15.9,59.1,LARGE_DISAGREEMENT,,none: flagged for investigation
9419,Embalagens de papel e cartão,OVO,2022-09-23 19:14:27.395,0,true,24884,13,2022-09-23 20:28:24.757,74,82,15.9,15.9,EVENT_ZERO_POST_EMPTYING,,excluded: post-emptying record
9419,Embalagens de papel e cartão,OVO,2022-10-10 21:02:17.005,75,false,,0,2022-10-10 22:36:32.82,94,82,0.0,75.0,LARGE_DISAGREEMENT,,none: flagged for investigation
9419,Embalagens de papel e cartão,OVO,2022-10-10 21:07:17.005,0,true,25328,0,2022-10-10 22:36:32.82,89,82,0.0,0.0,EVENT_ZERO_POST_EMPTYING,,excluded: post-emptying record
9419,Embalagens de papel e cartão,OVO,2022-11-07 18:13:11.166,0,false,,38,2022-11-07 10:41:02.829,452,82,46.3,,NO_SENSOR_MATCH,0.0,driver: no sensor reading within tolerance
9419,Embalagens de papel e cartão,OVO,2023-03-03 19:46:31.766,75,false,,12,2023-03-03 20:50:30.353,64,82,14.6,60.4,LARGE_DISAGREEMENT,,none: flagged for investigation
9419,Embalagens de papel e cartão,OVO,2023-03-03 19:51:31.766,0,true,29455,12,2023-03-03 20:50:30.353,59,82,14.6,14.6,EVENT_ZERO_POST_EMPTYING,,excluded: post-emptying record
9419,Embalagens de papel e cartão,OVO,2023-11-20 17:41:22.467,100,false,,70,2023-11-19 12:16:42.378,1765,82,85.4,,NO_SENSOR_MATCH,100.0,driver: no sensor reading within tolerance
9419,Embalagens de papel e cartão,OVO,2024-01-29 17:54:34.071,75,false,,63,2024-01-29 11:31:00.257,383,82,76.8,,NO_SENSOR_MATCH,75.0,driver: no sensor reading within tolerance
9594,Embalagens de papel e cartão,OVO,2023-07-14 20:28:44.145,100,false,,82,2023-07-14 20:31:01.593,3,82,100.0,0.0,CEILING_CASE,100.0,"sensor (normalized): ceiling case, driver corroborates full"
9594,Embalagens de papel e cartão,OVO,2023-07-14 20:33:44.145,0,true,33690,82,2023-07-14 20:31:01.593,2,82,100.0,100.0,EVENT_ZERO_POST_EMPTYING,,excluded: post-emptying record
11772,Mistura de embalagens,OVO,2023-11-23 16:16:05.749,75,false,,13,2023-11-23 16:20:38.616,4,82,15.9,59.1,LARGE_DISAGREEMENT,,none: flagged for investigation
11772,Mistura de embalagens,OVO,2023-11-23 16:21:05.749,0,true,38473,13,2023-11-23 16:20:38.616,1,82,15.9,15.9,EVENT_ZERO_POST_EMPTYING,,excluded: post-emptying record
11827,Mistura de embalagens,OVO,2020-05-07 21:02:11,100,false,,82,2020-05-07 19:55:48.673,67,82,100.0,0.0,CEILING_CASE,100.0,"sensor (normalized): ceiling case, driver corroborates full"
11827,Mistura de embalagens,OVO,2020-05-09 11:45:37,100,false,,82,2020-05-09 17:12:32.708,327,82,100.0,,NO_SENSOR_MATCH,100.0,driver: no sensor reading within tolerance
11827,Mistura de embalagens,OVO,2020-05-09 11:50:37,0,true,3396,82,2020-05-09 17:12:32.708,322,82,100.0,,EVENT_ZERO_POST_EMPTYING,,excluded: post-emptying record
11827,Mistura de embalagens,OVO,2020-07-03 20:19:15,75,false,,82,2020-07-03 09:44:40.632,635,82,100.0,,NO_SENSOR_MATCH,75.0,driver: no sensor reading within tolerance
11827,Mistura de embalagens,OVO,2020-07-03 20:24:15,0,true,4503,82,2020-07-03 09:44:40.632,640,82,100.0,,EVENT_ZERO_POST_EMPTYING,,excluded: post-emptying record
11827,Mistura de embalagens,OVO,2021-03-30 22:08:01,100,false,,19,2021-03-30 22:22:15.026,14,82,23.2,76.8,LARGE_DISAGREEMENT,,none: flagged for investigation
11827,Mistura de embalagens,OVO,2021-03-30 22:13:01,0,true,10186,19,2021-03-30 22:22:15.026,9,82,23.2,23.2,EVENT_ZERO_POST_EMPTYING,,excluded: post-emptying record
11827,Mistura de embalagens,OVO,2022-06-13 20:16:31.156,50,false,,82,2022-06-13 20:02:16.225,14,82,100.0,50.0,LARGE_DISAGREEMENT,,none: flagged for investigation
11827,Mistura de embalagens,OVO,2022-09-06 19:07:36.577,100,false,,3,2022-09-06 21:01:38.473,114,82,3.7,96.3,LARGE_DISAGREEMENT,,none: flagged for investigation
11827,Mistura de embalagens,OVO,2022-09-06 19:12:36.577,0,true,24319,3,2022-09-06 21:01:38.473,109,82,3.7,3.7,EVENT_ZERO_POST_EMPTYING,,excluded: post-emptying record
11827,Mistura de embalagens,OVO,2023-01-02 22:22:00.774,75,false,,67,2023-01-02 03:21:32.146,1141,82,81.7,,NO_SENSOR_MATCH,75.0,driver: no sensor reading within tolerance
11827,Mistura de embalagens,OVO,2023-01-02 22:27:00.774,0,true,27723,67,2023-01-02 03:21:32.146,1146,82,81.7,,EVENT_ZERO_POST_EMPTYING,,excluded: post-emptying record
11827,Mistura de embalagens,OVO,2023-05-29 18:42:37.362,0,false,,9,2023-05-29 20:48:41.185,126,82,11.0,11.0,GOOD_AGREEMENT,11.0,sensor (normalized): validated by driver within one scale step
11827,Mistura de embalagens,OVO,2023-08-23 17:36:06.758,75,false,,3,2023-08-23 21:48:07.729,252,82,3.7,,NO_SENSOR_MATCH,75.0,driver: no sensor reading within tolerance
11827,Mistura de embalagens,OVO,2023-08-23 17:41:06.758,0,true,35144,3,2023-08-23 21:48:07.729,247,82,3.7,,EVENT_ZERO_POST_EMPTYING,,excluded: post-emptying record
11828,Mistura de embalagens,OVO,2020-09-12 07:50:05,0,false,,11,2020-10-20 11:51:06.758,54961,82,13.4,,NO_SENSOR_MATCH,0.0,driver: no sensor reading within tolerance
11828,Mistura de embalagens,OVO,2020-09-25 18:53:18,25,false,,11,2020-10-20 11:51:06.758,35578,82,13.4,,NO_SENSOR_MATCH,25.0,driver: no sensor reading within tolerance
11828,Mistura de embalagens,OVO,2020-09-25 18:58:18,0,true,6353,11,2020-10-20 11:51:06.758,35573,82,13.4,,EVENT_ZERO_POST_EMPTYING,,excluded: post-emptying record
11828,Mistura de embalagens,OVO,2021-09-09 18:18:34,75,false,,38,2021-09-09 17:32:35.904,46,82,46.3,28.7,LARGE_DISAGREEMENT,,none: flagged for investigation
11828,Mistura de embalagens,OVO,2022-08-17 11:53:04.185,50,false,,29,2022-08-17 11:46:00.863,7,82,35.4,14.6,MODERATE_AGREEMENT,35.4,sensor (normalized): validated by driver within one scale step
11828,Mistura de embalagens,OVO,2023-01-31 18:24:48.596,0,false,,38,2023-01-31 17:41:28.207,43,82,46.3,46.3,LARGE_DISAGREEMENT,,none: flagged for investigation
11828,Mistura de embalagens,OVO,2023-08-09 10:53:44.563,0,false,,26,2023-08-09 04:05:25.855,408,82,31.7,,NO_SENSOR_MATCH,0.0,driver: no sensor reading within tolerance
11828,Mistura de embalagens,OVO,2023-09-07 17:16:26.103,75,false,,60,2023-09-07 10:11:46.906,425,82,73.2,,NO_SENSOR_MATCH,75.0,driver: no sensor reading within tolerance
11828,Mistura de embalagens,OVO,2023-09-07 17:21:26.103,0,true,35749,60,2023-09-07 10:11:46.906,430,82,73.2,,EVENT_ZERO_POST_EMPTYING,,excluded: post-emptying record
11832,Mistura de embalagens,OVO,2020-03-07 07:57:16,75,false,,82,2020-02-20 22:46:55.142,22151,82,100.0,,NO_SENSOR_MATCH,75.0,driver: no sensor reading within tolerance
11832,Mistura de embalagens,OVO,2020-03-07 08:02:16,0,true,2239,82,2020-02-20 22:46:55.142,22156,82,100.0,,EVENT_ZERO_POST_EMPTYING,,excluded: post-emptying record
11832,Mistura de embalagens,OVO,2020-07-04 19:42:47,0,false,,16,2020-04-02 03:05:58.242,134917,82,19.5,,NO_SENSOR_MATCH,0.0,driver: no sensor reading within tolerance
11832,Mistura de embalagens,OVO,2020-12-29 21:16:22,0,false,,11,2020-12-30 04:52:28.446,456,82,13.4,,NO_SENSOR_MATCH,0.0,driver: no sensor reading within tolerance
11832,Mistura de embalagens,OVO,2021-06-22 20:06:32,50,false,,30,2021-06-22 06:01:45.254,845,82,36.6,,NO_SENSOR_MATCH,50.0,driver: no sensor reading within tolerance
11832,Mistura de embalagens,OVO,2021-06-22 20:11:32,0,true,12249,30,2021-06-22 06:01:45.254,850,82,36.6,,EVENT_ZERO_POST_EMPTYING,,excluded: post-emptying record
11832,Mistura de embalagens,OVO,2021-10-18 20:47:46,75,false,,19,2021-10-18 22:07:33.823,80,82,23.2,51.8,LARGE_DISAGREEMENT,,none: flagged for investigation
11832,Mistura de embalagens,OVO,2021-10-18 20:52:46,0,true,15426,19,2021-10-18 22:07:33.823,75,82,23.2,23.2,EVENT_ZERO_POST_EMPTYING,,excluded: post-emptying record
11990,Embalagens de papel e cartão,VRL,2020-01-02 19:23:44,75,false,,82,2020-01-01 16:11:38.386,1632,82,100.0,,NO_SENSOR_MATCH,75.0,driver: no sensor reading within tolerance
11990,Embalagens de papel e cartão,VRL,2020-01-28 17:55:12,100,false,,82,2020-01-28 16:56:49.767,59,82,100.0,0.0,CEILING_CASE,100.0,"sensor (normalized): ceiling case, driver corroborates full"
11990,Embalagens de papel e cartão,VRL,2020-01-28 18:00:12,0,true,1525,82,2020-01-28 16:56:49.767,64,82,100.0,100.0,EVENT_ZERO_POST_EMPTYING,,excluded: post-emptying record
11990,Embalagens de papel e cartão,VRL,2022-02-11 19:56:40,100,false,,19,2022-02-11 21:13:52.45,77,82,23.2,76.8,LARGE_DISAGREEMENT,,none: flagged for investigation
11990,Embalagens de papel e cartão,VRL,2022-02-11 20:01:40,0,true,18224,19,2022-02-11 21:13:52.45,72,82,23.2,23.2,EVENT_ZERO_POST_EMPTYING,,excluded: post-emptying record
11990,Embalagens de papel e cartão,VRL,2023-05-23 18:46:53.654,100,false,,0,2023-05-23 19:52:50.81,66,82,0.0,100.0,LARGE_DISAGREEMENT,,none: flagged for investigation
11990,Embalagens de papel e cartão,VRL,2023-05-23 18:51:53.654,0,true,31929,0,2023-05-23 19:52:50.81,61,82,0.0,0.0,EVENT_ZERO_POST_EMPTYING,,excluded: post-emptying record
11990,Embalagens de papel e cartão,VRL,2023-10-17 17:31:52.808,100,false,,13,2023-10-18 15:44:05.534,1333,82,15.9,,NO_SENSOR_MATCH,100.0,driver: no sensor reading within tolerance
11990,Embalagens de papel e cartão,VRL,2023-10-17 17:36:52.808,0,true,37123,13,2023-10-18 15:44:05.534,1328,82,15.9,,EVENT_ZERO_POST_EMPTYING,,excluded: post-emptying record
12216,Mistura de embalagens,OVO,2020-04-29 16:19:56,100,false,,49,2020-04-29 23:22:46.056,423,82,59.8,,NO_SENSOR_MATCH,100.0,driver: no sensor reading within tolerance
12216,Mistura de embalagens,OVO,2020-04-29 16:24:56,0,true,3179,49,2020-04-29 23:22:46.056,418,82,59.8,,EVENT_ZERO_POST_EMPTYING,,excluded: post-emptying record
12216,Mistura de embalagens,OVO,2020-07-06 18:03:06,0,false,,16,2020-07-07 11:08:07.058,1025,82,19.5,,NO_SENSOR_MATCH,0.0,driver: no sensor reading within tolerance
12216,Mistura de embalagens,OVO,2020-09-25 16:22:37,50,false,,82,2020-10-16 07:28:12.982,29706,82,100.0,,NO_SENSOR_MATCH,50.0,driver: no sensor reading within tolerance
12216,Mistura de embalagens,OVO,2020-09-25 16:27:37,0,true,6345,82,2020-10-16 07:28:12.982,29701,82,100.0,,EVENT_ZERO_POST_EMPTYING,,excluded: post-emptying record
12216,Mistura de embalagens,OVO,2020-11-23 16:56:28,0,false,,54,2020-11-23 17:16:55.531,20,82,65.9,65.9,LARGE_DISAGREEMENT,,none: flagged for investigation
12216,Mistura de embalagens,OVO,2021-03-30 08:06:05,0,false,,3,2021-03-30 03:50:32.182,256,82,3.7,,NO_SENSOR_MATCH,0.0,driver: no sensor reading within tolerance
12216,Mistura de embalagens,OVO,2021-04-23 19:05:32,0,false,,53,2021-04-23 17:26:22.507,99,82,64.6,64.6,LARGE_DISAGREEMENT,,none: flagged for investigation
12216,Mistura de embalagens,OVO,2021-05-14 16:31:57,0,false,,34,2021-05-14 18:50:52.845,139,82,41.5,41.5,LARGE_DISAGREEMENT,,none: flagged for investigation
12216,Mistura de embalagens,OVO,2021-06-14 16:48:22,100,false,,9,2021-06-14 18:15:08.133,87,82,11.0,89.0,LARGE_DISAGREEMENT,,none: flagged for investigation
12216,Mistura de embalagens,OVO,2021-06-14 16:53:22,0,true,12003,9,2021-06-14 18:15:08.133,82,82,11.0,11.0,EVENT_ZERO_POST_EMPTYING,,excluded: post-emptying record
12216,Mistura de embalagens,OVO,2021-07-05 16:53:25,50,false,,29,2021-07-05 13:34:23.419,199,82,35.4,,NO_SENSOR_MATCH,50.0,driver: no sensor reading within tolerance
12216,Mistura de embalagens,OVO,2021-07-09 16:35:23,0,false,,29,2021-07-09 16:41:06.504,6,82,35.4,35.4,LARGE_DISAGREEMENT,,none: flagged for investigation
12216,Mistura de embalagens,OVO,2021-08-20 16:42:34,0,false,,37,2021-08-20 05:34:09.102,668,82,45.1,,NO_SENSOR_MATCH,0.0,driver: no sensor reading within tolerance
12216,Mistura de embalagens,OVO,2021-10-29 16:40:44,50,false,,30,2021-10-29 15:22:46.92,78,82,36.6,13.4,MODERATE_AGREEMENT,36.6,sensor (normalized): validated by driver within one scale step
12216,Mistura de embalagens,OVO,2021-10-29 16:45:44,0,true,15706,30,2021-10-29 15:22:46.92,83,82,36.6,36.6,EVENT_ZERO_POST_EMPTYING,,excluded: post-emptying record
12216,Mistura de embalagens,OVO,2022-01-10 16:40:08,50,false,,36,2022-01-11 01:07:36.294,507,82,43.9,,NO_SENSOR_MATCH,50.0,driver: no sensor reading within tolerance
12216,Mistura de embalagens,OVO,2022-02-02 17:39:49,0,false,,50,2022-02-02 20:54:53.532,195,82,61.0,,NO_SENSOR_MATCH,0.0,driver: no sensor reading within tolerance
12216,Mistura de embalagens,OVO,2022-03-21 18:09:15.457,0,false,,33,2022-03-21 10:38:49.464,451,82,40.2,,NO_SENSOR_MATCH,0.0,driver: no sensor reading within tolerance
12216,Mistura de embalagens,OVO,2022-09-12 16:44:00.178,100,false,,69,2022-09-12 16:19:26.182,25,82,84.1,15.9,MODERATE_AGREEMENT,84.1,sensor (normalized): validated by driver within one scale step
12216,Mistura de embalagens,OVO,2022-09-12 16:49:00.178,0,true,24476,69,2022-09-12 16:19:26.182,30,82,84.1,84.1,EVENT_ZERO_POST_EMPTYING,,excluded: post-emptying record
12216,Mistura de embalagens,OVO,2023-02-27 16:04:52.379,100,false,,30,2023-02-28 01:29:06.56,565,82,36.6,,NO_SENSOR_MATCH,100.0,driver: no sensor reading within tolerance
12216,Mistura de embalagens,OVO,2023-02-27 16:09:52.379,0,true,29280,30,2023-02-28 01:29:06.56,560,82,36.6,,EVENT_ZERO_POST_EMPTYING,,excluded: post-emptying record
12216,Mistura de embalagens,OVO,2023-04-25 07:38:21.648,0,false,,28,2023-04-25 01:19:30.497,379,82,34.1,,NO_SENSOR_MATCH,0.0,driver: no sensor reading within tolerance
12216,Mistura de embalagens,OVO,2023-12-04 19:46:25,-1,false,,11,2023-12-04 21:29:24.393,103,82,13.4,,DRIVER_MISSING_SENSOR_AVAILABLE,,none: flagged for investigation
12216,Mistura de embalagens,OVO,2023-12-04 19:47:26.895,100,false,,11,2023-12-04 21:29:24.393,102,82,13.4,86.6,LARGE_DISAGREEMENT,,none: flagged for investigation
12216,Mistura de embalagens,OVO,2023-12-04 19:52:26.895,0,true,38828,11,2023-12-04 21:29:24.393,97,82,13.4,13.4,EVENT_ZERO_POST_EMPTYING,,excluded: post-emptying record
14338,Embalagens de papel e cartão,OVO,2020-06-18 17:44:30,0,false,,82,2020-06-18 11:45:46.995,359,82,100.0,,NO_SENSOR_MATCH,0.0,driver: no sensor reading within tolerance
14338,Embalagens de papel e cartão,OVO,2021-01-26 17:21:45,0,false,,20,2021-01-26 05:21:38.376,720,82,24.4,,NO_SENSOR_MATCH,0.0,driver: no sensor reading within tolerance
14338,Embalagens de papel e cartão,OVO,2020-12-01 06:34:41,0,false,,1,2020-12-01 09:54:46.211,200,82,1.2,,NO_SENSOR_MATCH,0.0,driver: no sensor reading within tolerance
14338,Embalagens de papel e cartão,OVO,2021-10-23 09:56:11,75,false,,14,2021-10-23 10:28:22.951,32,82,17.1,57.9,LARGE_DISAGREEMENT,,none: flagged for investigation
14338,Embalagens de papel e cartão,OVO,2021-10-23 10:01:11,0,true,15567,14,2021-10-23 10:28:22.951,27,82,17.1,17.1,EVENT_ZERO_POST_EMPTYING,,excluded: post-emptying record
14338,Embalagens de papel e cartão,OVO,2022-12-12 22:05:27.141,0,false,,9,2022-12-12 21:39:10.64,26,82,11.0,11.0,GOOD_AGREEMENT,11.0,sensor (normalized): validated by driver within one scale step
16540,Mistura de embalagens,OVO,2020-10-21 18:52:23,0,false,,20,2020-10-21 16:13:17.302,159,82,24.4,24.4,MODERATE_AGREEMENT,24.4,sensor (normalized): validated by driver within one scale step
16540,Mistura de embalagens,OVO,2021-01-26 08:22:31,50,false,,17,2021-01-26 14:55:13.889,393,82,20.7,,NO_SENSOR_MATCH,50.0,driver: no sensor reading within tolerance
16540,Mistura de embalagens,OVO,2021-01-26 08:27:31,0,true,8839,17,2021-01-26 14:55:13.889,388,82,20.7,,EVENT_ZERO_POST_EMPTYING,,excluded: post-emptying record
16540,Mistura de embalagens,OVO,2021-03-27 19:12:35,50,false,,0,2021-03-27 20:51:17.28,99,82,0.0,50.0,LARGE_DISAGREEMENT,,none: flagged for investigation
16540,Mistura de embalagens,OVO,2021-03-27 19:17:35,0,true,10156,0,2021-03-27 20:51:17.28,94,82,0.0,0.0,EVENT_ZERO_POST_EMPTYING,,excluded: post-emptying record
16540,Mistura de embalagens,OVO,2021-11-19 10:18:38,0,false,,6,2021-11-20 03:28:16.088,1030,82,7.3,,NO_SENSOR_MATCH,0.0,driver: no sensor reading within tolerance
16540,Mistura de embalagens,OVO,2022-01-12 00:32:39,100,false,,0,2022-01-12 01:08:41.541,36,82,0.0,100.0,LARGE_DISAGREEMENT,,none: flagged for investigation
16540,Mistura de embalagens,OVO,2022-01-12 00:37:39,0,true,17466,0,2022-01-12 01:08:41.541,31,82,0.0,0.0,EVENT_ZERO_POST_EMPTYING,,excluded: post-emptying record
16540,Mistura de embalagens,OVO,2022-09-26 19:09:22.882,0,false,,9,2022-09-26 23:54:20.157,285,82,11.0,,NO_SENSOR_MATCH,0.0,driver: no sensor reading within tolerance
18700,Embalagens de papel e cartão,OVO,2022-08-10 19:40:29.746,0,false,,0,2022-08-10 09:01:40.635,639,82,0.0,,NO_SENSOR_MATCH,0.0,driver: no sensor reading within tolerance
18700,Embalagens de papel e cartão,OVO,2023-06-06 09:12:26.802,25,false,,8,2023-06-06 10:11:06.464,59,82,9.8,15.2,MODERATE_AGREEMENT,9.8,sensor (normalized): validated by driver within one scale step
22050,Mistura de embalagens,OVO,2023-02-20 20:53:58.694,100,false,,8,2023-02-20 22:11:15.141,78,82,9.8,90.2,LARGE_DISAGREEMENT,,none: flagged for investigation
22050,Mistura de embalagens,OVO,2023-02-20 20:58:58.694,0,true,29125,8,2023-02-20 22:11:15.141,73,82,9.8,9.8,EVENT_ZERO_POST_EMPTYING,,excluded: post-emptying record
22050,Mistura de embalagens,OVO,2023-02-20 20:51:49,-1,false,,8,2023-02-20 22:11:15.141,80,82,9.8,,DRIVER_MISSING_SENSOR_AVAILABLE,,none: flagged for investigation
22050,Mistura de embalagens,OVO,2023-03-28 10:15:40.6,0,false,,36,2023-03-28 13:39:11.038,204,82,43.9,,NO_SENSOR_MATCH,0.0,driver: no sensor reading within tolerance
22050,Mistura de embalagens,OVO,2023-06-22 16:55:55.764,75,false,,64,2023-06-22 14:22:53.445,153,82,78.0,3.0,GOOD_AGREEMENT,78.0,sensor (normalized): validated by driver within one scale step
22050,Mistura de embalagens,OVO,2023-06-22 17:00:55.764,0,true,32926,64,2023-06-22 14:22:53.445,158,82,78.0,78.0,EVENT_ZERO_POST_EMPTYING,,excluded: post-emptying record
22050,Mistura de embalagens,OVO,2023-07-25 19:28:09.085,0,false,,3,2023-07-25 17:20:20.147,128,82,3.7,3.7,GOOD_AGREEMENT,3.7,sensor (normalized): validated by driver within one scale step
22050,Mistura de embalagens,OVO,2023-08-29 18:36:35.652,100,false,,12,2023-08-29 19:56:56.876,80,82,14.6,85.4,LARGE_DISAGREEMENT,,none: flagged for investigation
22050,Mistura de embalagens,OVO,2023-08-29 18:41:35.652,0,true,35371,12,2023-08-29 19:56:56.876,75,82,14.6,14.6,EVENT_ZERO_POST_EMPTYING,,excluded: post-emptying record
22050,Mistura de embalagens,OVO,2023-10-04 08:24:26.238,0,false,,0,2023-10-04 16:40:59.519,496,82,0.0,,NO_SENSOR_MATCH,0.0,driver: no sensor reading within tolerance
22050,Mistura de embalagens,OVO,2023-12-12 18:15:25.979,100,false,,82,2023-12-12 15:41:17.838,154,82,100.0,0.0,CEILING_CASE,100.0,"sensor (normalized): ceiling case, driver corroborates full"
22050,Mistura de embalagens,OVO,2023-12-12 18:20:25.979,0,true,39123,82,2023-12-12 15:41:17.838,159,82,100.0,100.0,EVENT_ZERO_POST_EMPTYING,,excluded: post-emptying record
22050,Mistura de embalagens,OVO,2024-02-05 17:22:52.317,0,false,,3,2024-02-05 18:16:13.881,54,82,3.7,3.7,GOOD_AGREEMENT,3.7,sensor (normalized): validated by driver within one scale step
27048,Mistura de embalagens,AMBI,2023-11-09 21:03:05.757,75,false,,62,2023-11-09 20:58:08.186,5,84,73.8,1.2,GOOD_AGREEMENT,73.8,sensor (normalized): validated by driver within one scale step
27048,Mistura de embalagens,AMBI,2023-11-09 21:08:05.757,0,true,37977,62,2023-11-09 20:58:08.186,10,84,73.8,73.8,EVENT_ZERO_POST_EMPTYING,,excluded: post-emptying record
27048,Mistura de embalagens,AMBI,2023-12-27 18:22:27.756,100,false,,4,2023-12-27 18:41:33.6,19,84,4.8,95.2,LARGE_DISAGREEMENT,,none: flagged for investigation
27048,Mistura de embalagens,AMBI,2023-12-27 18:27:27.756,0,true,39648,4,2023-12-27 18:41:33.6,14,84,4.8,4.8,EVENT_ZERO_POST_EMPTYING,,excluded: post-emptying record
27048,Mistura de embalagens,AMBI,2024-01-02 19:44:02.396,50,false,,45,2024-01-02 20:00:23.356,16,84,53.6,3.6,GOOD_AGREEMENT,53.6,sensor (normalized): validated by driver within one scale step
1606,Mistura de embalagens,OVO,2021-12-10 17:33:58,100,false,,80,2021-12-10 14:46:06.366,167,82,97.6,2.4,GOOD_AGREEMENT,97.6,sensor (normalized): validated by driver within one scale step
1606,Mistura de embalagens,OVO,2021-12-10 17:38:58,0,true,16747,80,2021-12-10 14:46:06.366,172,82,97.6,97.6,EVENT_ZERO_POST_EMPTYING,,excluded: post-emptying record
1606,Mistura de embalagens,OVO,2023-04-19 17:45:14.264,50,false,,34,2023-04-19 21:47:13.151,242,82,41.5,,NO_SENSOR_MATCH,50.0,driver: no sensor reading within tolerance
1621,Mistura de embalagens,OVO,2023-06-26 19:48:36.663,0,false,,82,2023-06-26 01:55:46.63,1073,82,100.0,,NO_SENSOR_MATCH,0.0,driver: no sensor reading within tolerance
1621,Mistura de embalagens,OVO,2023-11-03 19:36:48.095,100,false,,70,2023-11-03 03:50:00.433,946,82,85.4,,NO_SENSOR_MATCH,100.0,driver: no sensor reading within tolerance
1621,Mistura de embalagens,OVO,2023-11-03 19:41:48.095,0,true,37772,70,2023-11-03 03:50:00.433,951,82,85.4,,EVENT_ZERO_POST_EMPTYING,,excluded: post-emptying record
1621,Mistura de embalagens,OVO,2023-12-23 18:35:26.242,100,false,,79,2023-12-23 18:39:56.622,4,82,96.3,3.7,GOOD_AGREEMENT,96.3,sensor (normalized): validated by driver within one scale step
1621,Mistura de embalagens,OVO,2023-12-23 18:40:26.242,0,true,39574,79,2023-12-23 18:39:56.622,1,82,96.3,96.3,EVENT_ZERO_POST_EMPTYING,,excluded: post-emptying record
2750,Embalagens de papel e cartão,OVO,2021-07-03 09:27:21,0,false,,30,2021-07-03 13:47:19.817,260,82,36.6,,NO_SENSOR_MATCH,0.0,driver: no sensor reading within tolerance
2750,Embalagens de papel e cartão,OVO,2022-02-05 12:51:53,50,false,,26,2022-02-05 13:22:39.984,31,82,31.7,18.3,MODERATE_AGREEMENT,31.7,sensor (normalized): validated by driver within one scale step
2750,Embalagens de papel e cartão,OVO,2022-06-30 08:01:37.713,25,false,,29,2022-06-30 13:44:10.109,343,82,35.4,,NO_SENSOR_MATCH,25.0,driver: no sensor reading within tolerance
2750,Embalagens de papel e cartão,OVO,2022-08-08 18:40:41.43,0,false,,43,2022-08-08 13:13:56.631,327,82,52.4,,NO_SENSOR_MATCH,0.0,driver: no sensor reading within tolerance
2750,Embalagens de papel e cartão,OVO,2023-07-11 20:37:27.51,0,false,,78,2023-07-10 17:55:06.802,1602,82,95.1,,NO_SENSOR_MATCH,0.0,driver: no sensor reading within tolerance
2750,Embalagens de papel e cartão,OVO,2023-10-30 20:56:27.196,100,false,,82,2023-10-30 20:33:38.246,23,82,100.0,0.0,CEILING_CASE,100.0,"sensor (normalized): ceiling case, driver corroborates full"
2750,Embalagens de papel e cartão,OVO,2023-10-30 21:01:27.196,0,true,37584,82,2023-10-30 20:33:38.246,28,82,100.0,100.0,EVENT_ZERO_POST_EMPTYING,,excluded: post-emptying record
6225,Mistura de embalagens,OVO,2020-03-28 08:28:12,100,false,,59,2020-01-02 10:40:33.906,123708,82,72.0,,NO_SENSOR_MATCH,100.0,driver: no sensor reading within tolerance
6225,Mistura de embalagens,OVO,2020-03-28 18:13:01,100,false,,59,2020-01-02 10:40:33.906,124293,82,72.0,,NO_SENSOR_MATCH,100.0,driver: no sensor reading within tolerance
6225,Mistura de embalagens,OVO,2020-03-28 18:18:01,0,true,2600,59,2020-01-02 10:40:33.906,124298,82,72.0,,EVENT_ZERO_POST_EMPTYING,,excluded: post-emptying record
6225,Mistura de embalagens,OVO,2020-06-02 18:26:07,25,false,,79,2020-10-21 09:10:11.698,202484,82,96.3,,NO_SENSOR_MATCH,25.0,driver: no sensor reading within tolerance
6225,Mistura de embalagens,OVO,2020-11-03 17:58:25,0,false,,38,2020-11-02 21:07:38.099,1251,82,46.3,,NO_SENSOR_MATCH,0.0,driver: no sensor reading within tolerance
6225,Mistura de embalagens,OVO,2021-01-26 07:50:10,75,false,,31,2021-01-26 02:21:09.961,329,82,37.8,,NO_SENSOR_MATCH,75.0,driver: no sensor reading within tolerance
6225,Mistura de embalagens,OVO,2021-01-26 07:55:10,0,true,8839,31,2021-01-26 02:21:09.961,334,82,37.8,,EVENT_ZERO_POST_EMPTYING,,excluded: post-emptying record
6225,Mistura de embalagens,OVO,2021-03-01 18:29:01,25,false,,22,2021-03-01 08:12:48.152,617,82,26.8,,NO_SENSOR_MATCH,25.0,driver: no sensor reading within tolerance
6225,Mistura de embalagens,OVO,2021-03-27 18:53:39,50,false,,37,2021-03-27 08:49:35.598,604,82,45.1,,NO_SENSOR_MATCH,50.0,driver: no sensor reading within tolerance
6225,Mistura de embalagens,OVO,2021-03-27 18:58:39,0,true,10156,37,2021-03-27 08:49:35.598,609,82,45.1,,EVENT_ZERO_POST_EMPTYING,,excluded: post-emptying record
6225,Mistura de embalagens,OVO,2021-11-19 09:56:27,25,false,,27,2021-11-18 23:11:33.873,645,82,32.9,,NO_SENSOR_MATCH,25.0,driver: no sensor reading within tolerance
6225,Mistura de embalagens,OVO,2022-08-01 19:03:14.19,100,false,,82,2022-08-01 19:03:55.4,0,82,100.0,0.0,CEILING_CASE,100.0,"sensor (normalized): ceiling case, driver corroborates full"
6225,Mistura de embalagens,OVO,2023-10-06 21:31:11.022,50,false,,49,2023-10-06 14:33:44.637,418,82,59.8,,NO_SENSOR_MATCH,50.0,driver: no sensor reading within tolerance
6225,Mistura de embalagens,OVO,2023-12-14 18:44:41.689,0,false,,77,2023-12-14 16:57:47.434,107,82,93.9,93.9,LARGE_DISAGREEMENT,,none: flagged for investigation
6900,Embalagens de papel e cartão,OVO,2021-04-02 15:19:03,0,false,,1,2021-04-02 08:02:36.981,437,82,1.2,,NO_SENSOR_MATCH,0.0,driver: no sensor reading within tolerance
6900,Embalagens de papel e cartão,OVO,2022-12-20 17:22:57.161,0,false,,5,2022-12-20 12:01:43.727,321,82,6.1,,NO_SENSOR_MATCH,0.0,driver: no sensor reading within tolerance
6900,Embalagens de papel e cartão,OVO,2023-09-26 17:44:01.603,0,false,,33,2023-09-26 12:16:58.407,328,82,40.2,,NO_SENSOR_MATCH,0.0,driver: no sensor reading within tolerance
6900,Embalagens de papel e cartão,OVO,2023-08-22 18:34:25.825,75,false,,0,2023-08-22 19:48:32.556,74,82,0.0,75.0,LARGE_DISAGREEMENT,,none: flagged for investigation
6900,Embalagens de papel e cartão,OVO,2023-08-22 18:39:25.825,0,true,35090,0,2023-08-22 19:48:32.556,69,82,0.0,0.0,EVENT_ZERO_POST_EMPTYING,,excluded: post-emptying record
6900,Embalagens de papel e cartão,OVO,2023-12-06 19:59:07.973,25,false,,38,2023-12-06 15:23:24.862,276,82,46.3,,NO_SENSOR_MATCH,25.0,driver: no sensor reading within tolerance
7246,Mistura de embalagens,OVO,2020-03-19 18:48:47,0,false,,82,2020-03-19 14:04:17.696,284,82,100.0,,NO_SENSOR_MATCH,0.0,driver: no sensor reading within tolerance
7246,Mistura de embalagens,OVO,2020-05-14 19:25:41,75,false,,82,2020-05-06 22:40:36.055,11325,82,100.0,,NO_SENSOR_MATCH,75.0,driver: no sensor reading within tolerance
7246,Mistura de embalagens,OVO,2020-05-14 19:30:41,0,true,3479,82,2020-05-06 22:40:36.055,11330,82,100.0,,EVENT_ZERO_POST_EMPTYING,,excluded: post-emptying record
7246,Mistura de embalagens,OVO,2020-09-10 18:15:18,25,false,,80,2020-09-11 11:17:12.298,1022,82,97.6,,NO_SENSOR_MATCH,25.0,driver: no sensor reading within tolerance
7246,Mistura de embalagens,OVO,2020-09-10 18:20:18,0,true,6033,80,2020-09-11 11:17:12.298,1017,82,97.6,,EVENT_ZERO_POST_EMPTYING,,excluded: post-emptying record
7246,Mistura de embalagens,OVO,2020-09-15 20:42:20,0,false,,80,2020-09-15 05:34:36.782,908,82,97.6,,NO_SENSOR_MATCH,0.0,driver: no sensor reading within tolerance
7246,Mistura de embalagens,OVO,2020-10-22 07:45:12,25,false,,81,2020-10-20 23:59:33.183,1906,82,98.8,,NO_SENSOR_MATCH,25.0,driver: no sensor reading within tolerance
7246,Mistura de embalagens,OVO,2020-10-22 07:50:12,0,true,6915,81,2020-10-20 23:59:33.183,1911,82,98.8,,EVENT_ZERO_POST_EMPTYING,,excluded: post-emptying record
7246,Mistura de embalagens,OVO,2022-08-07 00:42:44.96,100,false,,70,2022-08-06 16:15:20.712,507,82,85.4,,NO_SENSOR_MATCH,100.0,driver: no sensor reading within tolerance
7246,Mistura de embalagens,OVO,2022-08-07 00:47:44.96,0,true,23380,70,2022-08-06 16:15:20.712,512,82,85.4,,EVENT_ZERO_POST_EMPTYING,,excluded: post-emptying record
7246,Mistura de embalagens,OVO,2023-08-18 16:45:22.956,0,false,,24,2023-08-18 05:19:12.673,686,82,29.3,,NO_SENSOR_MATCH,0.0,driver: no sensor reading within tolerance
7246,Mistura de embalagens,OVO,2023-12-30 15:35:46.022,0,false,,82,2024-01-22 14:31:57.087,33056,82,100.0,,NO_SENSOR_MATCH,0.0,driver: no sensor reading within tolerance
7445,Mistura de embalagens,OVO,2020-05-14 19:29:51,75,false,,41,2020-04-30 02:15:25.573,21194,82,50.0,,NO_SENSOR_MATCH,75.0,driver: no sensor reading within tolerance
7445,Mistura de embalagens,OVO,2020-05-14 19:34:51,0,true,3479,41,2020-04-30 02:15:25.573,21199,82,50.0,,EVENT_ZERO_POST_EMPTYING,,excluded: post-emptying record
7445,Mistura de embalagens,OVO,2020-07-24 13:18:32,0,false,,41,2020-04-30 02:15:25.573,123063,82,50.0,,NO_SENSOR_MATCH,0.0,driver: no sensor reading within tolerance
7445,Mistura de embalagens,OVO,2020-09-10 19:45:36,100,false,,82,2020-10-29 08:50:25,69905,82,100.0,,NO_SENSOR_MATCH,100.0,driver: no sensor reading within tolerance
7445,Mistura de embalagens,OVO,2020-09-10 19:50:36,0,true,6033,82,2020-10-29 08:50:25,69900,82,100.0,,EVENT_ZERO_POST_EMPTYING,,excluded: post-emptying record
7445,Mistura de embalagens,OVO,2020-09-15 21:35:35,75,false,,82,2020-10-29 08:50:25,62595,82,100.0,,NO_SENSOR_MATCH,75.0,driver: no sensor reading within tolerance
7445,Mistura de embalagens,OVO,2020-10-22 09:41:59,0,false,,82,2020-10-29 08:50:25,10029,82,100.0,,NO_SENSOR_MATCH,0.0,driver: no sensor reading within tolerance
7445,Mistura de embalagens,OVO,2021-03-09 16:14:30,100,false,,82,2021-03-09 15:26:43.506,48,82,100.0,0.0,CEILING_CASE,100.0,"sensor (normalized): ceiling case, driver corroborates full"
7445,Mistura de embalagens,OVO,2021-03-09 16:19:30,0,true,9739,82,2021-03-09 15:26:43.506,53,82,100.0,100.0,EVENT_ZERO_POST_EMPTYING,,excluded: post-emptying record
7445,Mistura de embalagens,OVO,2022-07-30 18:32:44.89,100,false,,24,2022-07-30 23:05:58.813,273,82,29.3,,NO_SENSOR_MATCH,100.0,driver: no sensor reading within tolerance
7445,Mistura de embalagens,OVO,2022-07-30 18:37:44.89,0,true,23133,24,2022-07-30 23:05:58.813,268,82,29.3,,EVENT_ZERO_POST_EMPTYING,,excluded: post-emptying record
7445,Mistura de embalagens,OVO,2022-12-02 18:50:09.567,75,false,,72,2022-12-02 17:26:59.766,84,82,87.8,12.8,MODERATE_AGREEMENT,87.8,sensor (normalized): validated by driver within one scale step
7445,Mistura de embalagens,OVO,2022-12-02 18:55:09.567,0,true,26879,72,2022-12-02 17:26:59.766,89,82,87.8,87.8,EVENT_ZERO_POST_EMPTYING,,excluded: post-emptying record
7445,Mistura de embalagens,OVO,2023-06-05 19:14:45.488,25,false,,31,2023-06-05 21:46:37.202,152,82,37.8,12.8,MODERATE_AGREEMENT,37.8,sensor (normalized): validated by driver within one scale step
9419,Embalagens de papel e cartão,OVO,2020-02-13 10:18:36,0,false,,57,2020-02-13 05:40:15.477,278,82,69.5,,NO_SENSOR_MATCH,0.0,driver: no sensor reading within tolerance
9419,Embalagens de papel e cartão,OVO,2020-06-04 18:38:09,0,false,,82,2020-06-05 01:58:06.448,440,82,100.0,,NO_SENSOR_MATCH,0.0,driver: no sensor reading within tolerance
9419,Embalagens de papel e cartão,OVO,2020-06-09 17:37:29,25,false,,82,2020-06-09 17:51:13.596,14,82,100.0,75.0,LARGE_DISAGREEMENT,,none: flagged for investigation
9419,Embalagens de papel e cartão,OVO,2020-06-09 17:42:29,0,true,4007,82,2020-06-09 17:51:13.596,9,82,100.0,100.0,EVENT_ZERO_POST_EMPTYING,,excluded: post-emptying record
9419,Embalagens de papel e cartão,OVO,2020-06-16 17:32:16,100,false,,82,2020-06-16 09:55:08.055,457,82,100.0,,NO_SENSOR_MATCH,100.0,driver: no sensor reading within tolerance
9419,Embalagens de papel e cartão,OVO,2020-06-16 17:37:16,0,true,4143,82,2020-06-16 09:55:08.055,462,82,100.0,,EVENT_ZERO_POST_EMPTYING,,excluded: post-emptying record
9419,Embalagens de papel e cartão,OVO,2021-09-27 22:36:17,100,false,,20,2021-09-27 23:18:23.204,42,82,24.4,75.6,LARGE_DISAGREEMENT,,none: flagged for investigation
9419,Embalagens de papel e cartão,OVO,2021-09-27 22:41:17,0,true,14894,20,2021-09-27 23:18:23.204,37,82,24.4,24.4,EVENT_ZERO_POST_EMPTYING,,excluded: post-emptying record
9419,Embalagens de papel e cartão,OVO,2021-12-13 23:22:53,0,false,,21,2021-12-14 09:16:16.271,594,82,25.6,,NO_SENSOR_MATCH,0.0,driver: no sensor reading within tolerance
9419,Embalagens de papel e cartão,OVO,2022-12-09 19:50:52.946,25,false,,52,2022-12-09 18:11:15.697,99,82,63.4,38.4,LARGE_DISAGREEMENT,,none: flagged for investigation
9419,Embalagens de papel e cartão,OVO,2023-01-20 18:48:56.83,100,false,,12,2023-01-20 19:01:01.341,13,82,14.6,85.4,LARGE_DISAGREEMENT,,none: flagged for investigation
9419,Embalagens de papel e cartão,OVO,2023-01-20 18:53:56.83,0,true,28292,12,2023-01-20 19:01:01.341,8,82,14.6,14.6,EVENT_ZERO_POST_EMPTYING,,excluded: post-emptying record
9419,Embalagens de papel e cartão,OVO,2023-02-20 19:20:20.413,100,false,,82,2023-02-21 00:51:47.5,331,82,100.0,,NO_SENSOR_MATCH,100.0,driver: no sensor reading within tolerance
9419,Embalagens de papel e cartão,OVO,2023-04-14 18:44:32.792,75,false,,11,2023-04-14 19:43:56.41,59,82,13.4,61.6,LARGE_DISAGREEMENT,,none: flagged for investigation
9419,Embalagens de papel e cartão,OVO,2023-05-05 18:46:17.391,50,false,,10,2023-05-05 20:35:48.472,109,82,12.2,37.8,LARGE_DISAGREEMENT,,none: flagged for investigation
9419,Embalagens de papel e cartão,OVO,2023-05-05 18:51:17.391,0,true,31365,10,2023-05-05 20:35:48.472,104,82,12.2,12.2,EVENT_ZERO_POST_EMPTYING,,excluded: post-emptying record
9419,Embalagens de papel e cartão,OVO,2023-06-19 17:07:09.051,100,false,,8,2023-06-19 18:29:46.578,82,82,9.8,90.2,LARGE_DISAGREEMENT,,none: flagged for investigation
9419,Embalagens de papel e cartão,OVO,2023-06-19 17:12:09.051,0,true,32798,8,2023-06-19 18:29:46.578,77,82,9.8,9.8,EVENT_ZERO_POST_EMPTYING,,excluded: post-emptying record
9419,Embalagens de papel e cartão,OVO,2023-07-01 08:56:14.481,0,true,32798,48,2023-07-01 07:54:34.034,62,82,58.5,58.5,EVENT_ZERO_POST_EMPTYING,,excluded: post-emptying record
9419,Embalagens de papel e cartão,OVO,2024-02-05 18:05:44.045,100,false,,82,2024-02-05 13:39:28.756,266,82,100.0,,NO_SENSOR_MATCH,100.0,driver: no sensor reading within tolerance
9419,Embalagens de papel e cartão,OVO,2024-02-05 18:10:44.045,0,true,41037,82,2024-02-05 13:39:28.756,271,82,100.0,,EVENT_ZERO_POST_EMPTYING,,excluded: post-emptying record
9594,Embalagens de papel e cartão,OVO,2023-09-04 22:43:19.575,100,false,,48,2023-09-04 22:40:10.811,3,82,58.5,41.5,LARGE_DISAGREEMENT,,none: flagged for investigation
9594,Embalagens de papel e cartão,OVO,2023-09-04 22:48:19.575,0,true,35594,48,2023-09-04 22:40:10.811,8,82,58.5,58.5,EVENT_ZERO_POST_EMPTYING,,excluded: post-emptying record
11772,Mistura de embalagens,OVO,2024-04-24 18:07:56.906,25,false,,82,2024-04-24 18:21:51.93,14,82,100.0,75.0,LARGE_DISAGREEMENT,,none: flagged for investigation
11806,Mistura de embalagens,OVO,2021-01-12 19:38:56,0,false,,5,2021-01-12 10:03:29.296,575,82,6.1,,NO_SENSOR_MATCH,0.0,driver: no sensor reading within tolerance
11806,Mistura de embalagens,OVO,2021-12-07 19:15:08,50,false,,38,2021-12-07 16:37:01.785,158,82,46.3,3.7,GOOD_AGREEMENT,46.3,sensor (normalized): validated by driver within one scale step
11806,Mistura de embalagens,OVO,2024-01-23 18:05:06.815,50,false,,32,2024-01-23 12:29:22.856,336,82,39.0,,NO_SENSOR_MATCH,50.0,driver: no sensor reading within tolerance
11806,Mistura de embalagens,OVO,2024-01-23 18:10:06.815,0,true,40565,32,2024-01-23 12:29:22.856,341,82,39.0,,EVENT_ZERO_POST_EMPTYING,,excluded: post-emptying record
11827,Mistura de embalagens,OVO,2020-01-10 11:06:28,100,false,,82,2020-01-10 00:55:09.743,611,82,100.0,,NO_SENSOR_MATCH,100.0,driver: no sensor reading within tolerance
11827,Mistura de embalagens,OVO,2020-01-10 11:11:28,0,true,1202,82,2020-01-10 00:55:09.743,616,82,100.0,,EVENT_ZERO_POST_EMPTYING,,excluded: post-emptying record
11827,Mistura de embalagens,OVO,2020-04-09 19:54:23,75,false,,82,2020-04-09 12:49:53.317,425,82,100.0,,NO_SENSOR_MATCH,75.0,driver: no sensor reading within tolerance
11827,Mistura de embalagens,OVO,2020-04-09 19:59:23,0,true,2815,82,2020-04-09 12:49:53.317,430,82,100.0,,EVENT_ZERO_POST_EMPTYING,,excluded: post-emptying record
11827,Mistura de embalagens,OVO,2020-05-20 10:50:04,100,false,,82,2020-05-20 02:08:12.56,522,82,100.0,,NO_SENSOR_MATCH,100.0,driver: no sensor reading within tolerance
11827,Mistura de embalagens,OVO,2020-07-16 22:05:36,50,false,,82,2020-07-16 14:32:41.929,453,82,100.0,,NO_SENSOR_MATCH,50.0,driver: no sensor reading within tolerance
11827,Mistura de embalagens,OVO,2023-01-17 20:16:25.903,0,false,,8,2023-01-18 02:46:44.881,390,82,9.8,,NO_SENSOR_MATCH,0.0,driver: no sensor reading within tolerance
11827,Mistura de embalagens,OVO,2023-02-14 20:49:55.726,50,false,,33,2023-02-14 17:37:52.823,192,82,40.2,,NO_SENSOR_MATCH,50.0,driver: no sensor reading within tolerance
11827,Mistura de embalagens,OVO,2023-08-17 17:56:30.921,0,false,,1,2023-08-17 19:39:14.443,103,82,1.2,1.2,GOOD_AGREEMENT,1.2,sensor (normalized): validated by driver within one scale step
11828,Mistura de embalagens,OVO,2020-04-23 08:32:38,0,false,,56,2020-01-01 21:24:18.788,161948,82,68.3,,NO_SENSOR_MATCH,0.0,driver: no sensor reading within tolerance
11828,Mistura de embalagens,OVO,2020-07-16 19:49:40,0,false,,11,2020-10-20 11:51:06.758,137762,82,13.4,,NO_SENSOR_MATCH,0.0,driver: no sensor reading within tolerance
11828,Mistura de embalagens,OVO,2020-08-11 08:59:44,0,false,,11,2020-10-20 11:51:06.758,100972,82,13.4,,NO_SENSOR_MATCH,0.0,driver: no sensor reading within tolerance
11828,Mistura de embalagens,OVO,2020-10-20 18:32:16,0,false,,25,2020-10-20 16:56:52.186,96,82,30.5,30.5,LARGE_DISAGREEMENT,,none: flagged for investigation
11828,Mistura de embalagens,OVO,2020-11-27 18:28:30,0,false,,12,2020-11-27 23:58:26.13,330,82,14.6,,NO_SENSOR_MATCH,0.0,driver: no sensor reading within tolerance
11832,Mistura de embalagens,OVO,2020-03-17 08:28:01,25,false,,48,2020-04-01 22:30:21.541,22442,82,58.5,,NO_SENSOR_MATCH,25.0,driver: no sensor reading within tolerance
11832,Mistura de embalagens,OVO,2020-03-17 08:33:01,0,true,2401,48,2020-04-01 22:30:21.541,22437,82,58.5,,EVENT_ZERO_POST_EMPTYING,,excluded: post-emptying record
11832,Mistura de embalagens,OVO,2020-04-01 20:21:35,0,false,,48,2020-04-01 22:30:21.541,129,82,58.5,58.5,LARGE_DISAGREEMENT,,none: flagged for investigation
11832,Mistura de embalagens,OVO,2020-06-30 21:37:16,0,false,,16,2020-04-02 03:05:58.242,129272,82,19.5,,NO_SENSOR_MATCH,0.0,driver: no sensor reading within tolerance
11832,Mistura de embalagens,OVO,2020-08-25 10:56:47,0,false,,82,2020-10-13 16:45:46.143,70909,82,100.0,,NO_SENSOR_MATCH,0.0,driver: no sensor reading within tolerance
11832,Mistura de embalagens,OVO,2020-11-16 20:38:23,0,false,,9,2020-11-16 11:47:03.144,531,82,11.0,,NO_SENSOR_MATCH,0.0,driver: no sensor reading within tolerance
11832,Mistura de embalagens,OVO,2023-02-17 20:53:03.164,100,false,,20,2023-02-17 21:55:43.729,62,82,24.4,75.6,LARGE_DISAGREEMENT,,none: flagged for investigation
11832,Mistura de embalagens,OVO,2023-02-17 20:58:03.164,0,true,29078,20,2023-02-17 21:55:43.729,57,82,24.4,24.4,EVENT_ZERO_POST_EMPTYING,,excluded: post-emptying record
11990,Embalagens de papel e cartão,VRL,2020-02-27 17:54:52,0,false,,82,2020-02-28 03:31:19.4,577,82,100.0,,NO_SENSOR_MATCH,0.0,driver: no sensor reading within tolerance
11990,Embalagens de papel e cartão,VRL,2020-07-16 19:31:08,25,false,,82,2020-07-17 22:32:52.285,1621,82,100.0,,NO_SENSOR_MATCH,25.0,driver: no sensor reading within tolerance
11990,Embalagens de papel e cartão,VRL,2020-11-05 07:47:19,25,false,,6,2020-11-05 04:08:43.313,219,82,7.3,,NO_SENSOR_MATCH,25.0,driver: no sensor reading within tolerance
11990,Embalagens de papel e cartão,VRL,2021-02-02 08:00:48,50,false,,32,2021-02-01 21:23:40.478,637,82,39.0,,NO_SENSOR_MATCH,50.0,driver: no sensor reading within tolerance
11990,Embalagens de papel e cartão,VRL,2021-02-02 08:05:48,0,true,8997,32,2021-02-01 21:23:40.478,642,82,39.0,,EVENT_ZERO_POST_EMPTYING,,excluded: post-emptying record
11990,Embalagens de papel e cartão,VRL,2020-12-29 17:29:37,100,false,,82,2020-12-29 13:17:53.387,252,82,100.0,,NO_SENSOR_MATCH,100.0,driver: no sensor reading within tolerance
11990,Embalagens de papel e cartão,VRL,2020-12-29 17:34:37,0,true,8289,82,2020-12-29 13:17:53.387,257,82,100.0,,EVENT_ZERO_POST_EMPTYING,,excluded: post-emptying record
11990,Embalagens de papel e cartão,VRL,2021-03-05 19:44:39,0,false,,2,2021-03-05 19:43:27.828,1,82,2.4,2.4,GOOD_AGREEMENT,2.4,sensor (normalized): validated by driver within one scale step
11990,Embalagens de papel e cartão,VRL,2021-06-16 19:50:06,0,false,,25,2021-06-16 18:42:39.067,68,82,30.5,30.5,LARGE_DISAGREEMENT,,none: flagged for investigation
11990,Embalagens de papel e cartão,VRL,2021-08-20 18:51:20,50,false,,46,2021-08-20 23:12:01.919,261,82,56.1,,NO_SENSOR_MATCH,50.0,driver: no sensor reading within tolerance
11990,Embalagens de papel e cartão,VRL,2021-12-04 08:17:53,100,false,,77,2021-12-04 11:38:32.411,201,82,93.9,,NO_SENSOR_MATCH,100.0,driver: no sensor reading within tolerance
11990,Embalagens de papel e cartão,VRL,2021-12-04 08:22:53,0,true,16584,77,2021-12-04 11:38:32.411,196,82,93.9,,EVENT_ZERO_POST_EMPTYING,,excluded: post-emptying record
11990,Embalagens de papel e cartão,VRL,2022-01-22 13:54:24,25,false,,25,2022-01-22 13:39:25.311,15,82,30.5,5.5,GOOD_AGREEMENT,30.5,sensor (normalized): validated by driver within one scale step
11990,Embalagens de papel e cartão,VRL,2022-03-01 22:39:38.102,0,false,,30,2022-03-02 03:16:15.343,277,82,36.6,,NO_SENSOR_MATCH,0.0,driver: no sensor reading within tolerance
11990,Embalagens de papel e cartão,VRL,2022-06-24 21:13:18.433,100,false,,59,2022-06-24 20:53:25.04,20,82,72.0,28.0,LARGE_DISAGREEMENT,,none: flagged for investigation
11990,Embalagens de papel e cartão,VRL,2022-06-24 21:18:18.433,0,true,22024,59,2022-06-24 20:53:25.04,25,82,72.0,72.0,EVENT_ZERO_POST_EMPTYING,,excluded: post-emptying record
11990,Embalagens de papel e cartão,VRL,2023-02-13 19:27:14.203,0,false,,9,2023-02-13 10:52:42,515,82,11.0,,NO_SENSOR_MATCH,0.0,driver: no sensor reading within tolerance
11990,Embalagens de papel e cartão,VRL,2023-06-29 21:00:46.897,50,false,,56,2023-06-29 21:05:13.876,5,82,68.3,18.3,MODERATE_AGREEMENT,68.3,sensor (normalized): validated by driver within one scale step
11990,Embalagens de papel e cartão,VRL,2023-06-29 21:05:46.897,0,true,33161,56,2023-06-29 21:05:13.876,0,82,68.3,68.3,EVENT_ZERO_POST_EMPTYING,,excluded: post-emptying record
12216,Mistura de embalagens,OVO,2020-02-10 16:41:27,50,false,,82,2020-02-10 07:11:23.296,570,82,100.0,,NO_SENSOR_MATCH,50.0,driver: no sensor reading within tolerance
12216,Mistura de embalagens,OVO,2020-02-10 16:46:27,0,true,1754,82,2020-02-10 07:11:23.296,575,82,100.0,,EVENT_ZERO_POST_EMPTYING,,excluded: post-emptying record
12216,Mistura de embalagens,OVO,2020-03-09 16:49:42,25,false,,82,2020-02-21 14:12:25.357,24637,82,100.0,,NO_SENSOR_MATCH,25.0,driver: no sensor reading within tolerance
12216,Mistura de embalagens,OVO,2020-03-09 16:54:42,0,true,2254,82,2020-02-21 14:12:25.357,24642,82,100.0,,EVENT_ZERO_POST_EMPTYING,,excluded: post-emptying record
12216,Mistura de embalagens,OVO,2020-06-03 17:44:24,0,false,,82,2020-05-08 08:12:11.687,38012,82,100.0,,NO_SENSOR_MATCH,0.0,driver: no sensor reading within tolerance
12216,Mistura de embalagens,OVO,2020-09-16 19:06:27,0,false,,82,2020-10-16 07:28:12.982,42502,82,100.0,,NO_SENSOR_MATCH,0.0,driver: no sensor reading within tolerance
12216,Mistura de embalagens,OVO,2021-01-15 16:55:53,0,false,,35,2021-01-16 04:03:24.269,668,82,42.7,,NO_SENSOR_MATCH,0.0,driver: no sensor reading within tolerance
12216,Mistura de embalagens,OVO,2021-05-03 16:44:07,0,false,,8,2021-05-03 22:02:57.612,318,82,9.8,,NO_SENSOR_MATCH,0.0,driver: no sensor reading within tolerance
12216,Mistura de embalagens,OVO,2021-05-12 16:38:10,0,false,,34,2021-05-12 17:38:42.753,60,82,41.5,41.5,LARGE_DISAGREEMENT,,none: flagged for investigation
12216,Mistura de embalagens,OVO,2021-05-24 16:52:53,25,false,,9,2021-05-25 02:11:55.133,559,82,11.0,,NO_SENSOR_MATCH,25.0,driver: no sensor reading within tolerance
12216,Mistura de embalagens,OVO,2021-07-29 15:29:37,25,false,,69,2021-07-29 11:28:04.076,241,82,84.1,,NO_SENSOR_MATCH,25.0,driver: no sensor reading within tolerance
12216,Mistura de embalagens,OVO,2021-09-13 16:59:29,0,false,,14,2021-09-13 17:53:02.089,54,82,17.1,17.1,MODERATE_AGREEMENT,17.1,sensor (normalized): validated by driver within one scale step
12216,Mistura de embalagens,OVO,2022-06-06 17:29:35.237,75,false,,46,2022-06-06 19:10:26.168,101,82,56.1,18.9,MODERATE_AGREEMENT,56.1,sensor (normalized): validated by driver within one scale step
12216,Mistura de embalagens,OVO,2022-06-06 17:34:35.237,0,true,21423,46,2022-06-06 19:10:26.168,96,82,56.1,56.1,EVENT_ZERO_POST_EMPTYING,,excluded: post-emptying record
12216,Mistura de embalagens,OVO,2022-06-24 16:10:00.207,0,false,,31,2022-06-24 17:41:37.998,91,82,37.8,37.8,LARGE_DISAGREEMENT,,none: flagged for investigation
12216,Mistura de embalagens,OVO,2022-07-13 16:48:39.805,50,false,,34,2022-07-13 08:23:16.213,505,82,41.5,,NO_SENSOR_MATCH,50.0,driver: no sensor reading within tolerance
12216,Mistura de embalagens,OVO,2022-07-13 16:53:39.805,0,true,22532,34,2022-07-13 08:23:16.213,510,82,41.5,,EVENT_ZERO_POST_EMPTYING,,excluded: post-emptying record
12216,Mistura de embalagens,OVO,2022-09-05 17:42:57.942,50,false,,59,2022-09-05 18:13:02.04,31,82,72.0,22.0,MODERATE_AGREEMENT,72.0,sensor (normalized): validated by driver within one scale step
12216,Mistura de embalagens,OVO,2023-06-12 18:02:57.74,0,false,,6,2023-06-12 18:51:26.475,49,82,7.3,7.3,GOOD_AGREEMENT,7.3,sensor (normalized): validated by driver within one scale step
12216,Mistura de embalagens,OVO,2023-06-16 17:40:07.536,0,false,,9,2023-06-16 22:01:29.161,261,82,11.0,,NO_SENSOR_MATCH,0.0,driver: no sensor reading within tolerance
12216,Mistura de embalagens,OVO,2023-08-24 09:46:07.543,0,false,,9,2023-08-24 01:27:39.377,499,82,11.0,,NO_SENSOR_MATCH,0.0,driver: no sensor reading within tolerance
12216,Mistura de embalagens,OVO,2023-11-01 19:04:46.515,75,false,,33,2023-11-01 15:49:09.505,195,82,40.2,,NO_SENSOR_MATCH,75.0,driver: no sensor reading within tolerance
12216,Mistura de embalagens,OVO,2023-11-01 19:09:46.515,0,true,37677,33,2023-11-01 15:49:09.505,200,82,40.2,,EVENT_ZERO_POST_EMPTYING,,excluded: post-emptying record
14338,Embalagens de papel e cartão,OVO,2020-05-07 19:08:15,0,false,,82,2020-05-07 15:48:09.66,200,82,100.0,,NO_SENSOR_MATCH,0.0,driver: no sensor reading within tolerance
14338,Embalagens de papel e cartão,OVO,2021-09-20 19:48:28,100,false,,32,2021-09-20 17:55:29.602,113,82,39.0,61.0,LARGE_DISAGREEMENT,,none: flagged for investigation
14338,Embalagens de papel e cartão,OVO,2021-09-20 19:53:28,0,true,14704,32,2021-09-20 17:55:29.602,118,82,39.0,39.0,EVENT_ZERO_POST_EMPTYING,,excluded: post-emptying record
14338,Embalagens de papel e cartão,OVO,2022-10-25 18:18:21.294,50,false,,44,2022-10-25 17:20:34.822,58,82,53.7,3.7,GOOD_AGREEMENT,53.7,sensor (normalized): validated by driver within one scale step
14338,Embalagens de papel e cartão,OVO,2022-10-25 18:23:21.294,0,true,25790,44,2022-10-25 17:20:34.822,63,82,53.7,53.7,EVENT_ZERO_POST_EMPTYING,,excluded: post-emptying record
14338,Embalagens de papel e cartão,OVO,2022-12-06 17:01:48.891,50,false,,64,2022-12-05 17:30:24.179,1411,82,78.0,,NO_SENSOR_MATCH,50.0,driver: no sensor reading within tolerance
14338,Embalagens de papel e cartão,OVO,2022-12-06 17:06:48.891,0,true,26975,64,2022-12-05 17:30:24.179,1416,82,78.0,,EVENT_ZERO_POST_EMPTYING,,excluded: post-emptying record
14338,Embalagens de papel e cartão,OVO,2023-01-13 19:09:42.141,0,false,,12,2023-01-13 19:31:13.481,22,82,14.6,14.6,MODERATE_AGREEMENT,14.6,sensor (normalized): validated by driver within one scale step
14338,Embalagens de papel e cartão,OVO,2023-07-20 20:04:27.034,75,false,,50,2023-07-20 19:58:24.538,6,82,61.0,14.0,MODERATE_AGREEMENT,61.0,sensor (normalized): validated by driver within one scale step
14338,Embalagens de papel e cartão,OVO,2023-07-20 20:09:27.034,0,true,33898,50,2023-07-20 19:58:24.538,11,82,61.0,61.0,EVENT_ZERO_POST_EMPTYING,,excluded: post-emptying record
16540,Mistura de embalagens,OVO,2020-12-17 14:07:16,0,false,,9,2020-12-17 18:35:42.755,268,82,11.0,,NO_SENSOR_MATCH,0.0,driver: no sensor reading within tolerance
16540,Mistura de embalagens,OVO,2021-08-11 18:19:55,75,false,,51,2021-08-11 14:26:31.911,233,82,62.2,,NO_SENSOR_MATCH,75.0,driver: no sensor reading within tolerance
16540,Mistura de embalagens,OVO,2021-09-02 20:01:01,75,false,,5,2021-09-02 20:42:36.668,41,82,6.1,68.9,LARGE_DISAGREEMENT,,none: flagged for investigation
16540,Mistura de embalagens,OVO,2021-09-02 20:06:01,0,true,14242,5,2021-09-02 20:42:36.668,36,82,6.1,6.1,EVENT_ZERO_POST_EMPTYING,,excluded: post-emptying record
16540,Mistura de embalagens,OVO,2022-07-02 11:30:51.952,75,false,,69,2022-07-02 11:25:57.151,5,82,84.1,9.1,GOOD_AGREEMENT,84.1,sensor (normalized): validated by driver within one scale step
16540,Mistura de embalagens,OVO,2022-07-02 11:35:51.952,0,true,22252,69,2022-07-02 11:25:57.151,10,82,84.1,84.1,EVENT_ZERO_POST_EMPTYING,,excluded: post-emptying record
16540,Mistura de embalagens,OVO,2022-09-09 21:44:37.523,0,false,,77,2022-09-09 19:35:37.817,129,82,93.9,93.9,LARGE_DISAGREEMENT,,none: flagged for investigation
16540,Mistura de embalagens,OVO,2022-09-09 21:52:21.752,75,false,,77,2022-09-09 19:35:37.817,137,82,93.9,18.9,MODERATE_AGREEMENT,93.9,sensor (normalized): validated by driver within one scale step
16540,Mistura de embalagens,OVO,2024-01-03 19:26:31.008,100,false,,77,2024-01-03 09:47:43.532,579,82,93.9,,NO_SENSOR_MATCH,100.0,driver: no sensor reading within tolerance
16540,Mistura de embalagens,OVO,2024-01-03 19:31:31.008,0,true,39893,77,2024-01-03 09:47:43.532,584,82,93.9,,EVENT_ZERO_POST_EMPTYING,,excluded: post-emptying record
16540,Mistura de embalagens,OVO,2024-03-06 17:13:10.07,0,false,,9,2024-03-06 11:56:55.559,317,82,11.0,,NO_SENSOR_MATCH,0.0,driver: no sensor reading within tolerance
18741,Mistura de embalagens,OVO,2022-05-13 10:21:24.798,0,false,,35,2022-05-13 18:58:55.139,517,82,42.7,,NO_SENSOR_MATCH,0.0,driver: no sensor reading within tolerance
18741,Mistura de embalagens,OVO,2023-01-17 22:38:56.096,0,false,,0,2023-01-30 13:59:22.276,18201,82,0.0,,NO_SENSOR_MATCH,0.0,driver: no sensor reading within tolerance
22050,Mistura de embalagens,OVO,2023-03-20 17:20:21.155,100,false,,74,2023-03-20 17:13:36.552,7,82,90.2,9.8,GOOD_AGREEMENT,90.2,sensor (normalized): validated by driver within one scale step
22050,Mistura de embalagens,OVO,2023-03-20 17:25:21.155,0,true,29920,74,2023-03-20 17:13:36.552,12,82,90.2,90.2,EVENT_ZERO_POST_EMPTYING,,excluded: post-emptying record
22050,Mistura de embalagens,OVO,2023-05-12 17:32:20.573,0,false,,9,2023-05-12 21:09:33.34,217,82,11.0,,NO_SENSOR_MATCH,0.0,driver: no sensor reading within tolerance
22050,Mistura de embalagens,OVO,2023-07-26 20:50:51.423,0,false,,6,2023-07-26 15:50:14.14,300,82,7.3,,NO_SENSOR_MATCH,0.0,driver: no sensor reading within tolerance
22050,Mistura de embalagens,OVO,2023-12-27 18:58:25.815,100,false,,41,2023-12-27 19:03:03.59,5,82,50.0,50.0,LARGE_DISAGREEMENT,,none: flagged for investigation
22050,Mistura de embalagens,OVO,2023-12-27 19:03:25.815,0,true,39648,41,2023-12-27 19:03:03.59,0,82,50.0,50.0,EVENT_ZERO_POST_EMPTYING,,excluded: post-emptying record
27048,Mistura de embalagens,AMBI,2023-09-22 08:45:45.855,0,false,,84,2023-09-22 09:07:51.865,22,84,100.0,100.0,LARGE_DISAGREEMENT,,none: flagged for investigation
27048,Mistura de embalagens,AMBI,2023-12-12 17:37:34.361,100,false,,62,2023-12-12 17:35:28.921,2,84,73.8,26.2,LARGE_DISAGREEMENT,,none: flagged for investigation
27048,Mistura de embalagens,AMBI,2023-12-12 17:42:34.361,0,true,39123,62,2023-12-12 17:35:28.921,7,84,73.8,73.8,EVENT_ZERO_POST_EMPTYING,,excluded: post-emptying record
1606,Mistura de embalagens,OVO,2021-01-25 09:21:45,0,false,,0,2021-01-25 13:58:55.807,277,82,0.0,,NO_SENSOR_MATCH,0.0,driver: no sensor reading within tolerance
1606,Mistura de embalagens,OVO,2021-03-18 17:28:31,25,false,,27,2021-03-18 10:51:27.494,397,82,32.9,,NO_SENSOR_MATCH,25.0,driver: no sensor reading within tolerance
1606,Mistura de embalagens,OVO,2022-02-15 21:52:48.323,100,false,,71,2022-02-14 22:56:44.443,1376,82,86.6,,NO_SENSOR_MATCH,100.0,driver: no sensor reading within tolerance
1606,Mistura de embalagens,OVO,2022-02-15 21:57:48.323,0,true,18313,71,2022-02-14 22:56:44.443,1381,82,86.6,,EVENT_ZERO_POST_EMPTYING,,excluded: post-emptying record
1606,Mistura de embalagens,OVO,2022-02-21 10:56:47.537,0,true,18313,0,2022-02-21 22:00:32.417,664,82,0.0,,EVENT_ZERO_POST_EMPTYING,,excluded: post-emptying record
1606,Mistura de embalagens,OVO,2023-05-01 16:13:48.457,100,false,,82,2023-05-01 01:23:04.537,890,82,100.0,,NO_SENSOR_MATCH,100.0,driver: no sensor reading within tolerance
1606,Mistura de embalagens,OVO,2023-05-01 16:18:48.457,0,true,31193,82,2023-05-01 01:23:04.537,895,82,100.0,,EVENT_ZERO_POST_EMPTYING,,excluded: post-emptying record
1621,Mistura de embalagens,OVO,2022-05-05 11:12:17.641,0,false,,49,2022-05-05 17:08:34.856,356,82,59.8,,NO_SENSOR_MATCH,0.0,driver: no sensor reading within tolerance
1621,Mistura de embalagens,OVO,2023-02-24 17:32:55.464,0,false,,4,2023-02-24 15:40:37.586,112,82,4.9,4.9,GOOD_AGREEMENT,4.9,sensor (normalized): validated by driver within one scale step
1621,Mistura de embalagens,OVO,2024-03-13 20:01:28.939,0,false,,9,2024-03-13 21:25:03.448,84,82,11.0,11.0,GOOD_AGREEMENT,11.0,sensor (normalized): validated by driver within one scale step
2750,Embalagens de papel e cartão,OVO,2020-12-01 10:22:59,75,false,,8,2020-12-01 22:20:31.827,718,82,9.8,,NO_SENSOR_MATCH,75.0,driver: no sensor reading within tolerance
2750,Embalagens de papel e cartão,OVO,2020-12-01 10:27:59,0,true,7743,8,2020-12-01 22:20:31.827,713,82,9.8,,EVENT_ZERO_POST_EMPTYING,,excluded: post-emptying record
2750,Embalagens de papel e cartão,OVO,2021-08-16 19:36:34,75,false,,53,2021-08-15 22:06:16.834,1290,82,64.6,,NO_SENSOR_MATCH,75.0,driver: no sensor reading within tolerance
2750,Embalagens de papel e cartão,OVO,2021-08-16 19:41:34,0,true,13731,53,2021-08-15 22:06:16.834,1295,82,64.6,,EVENT_ZERO_POST_EMPTYING,,excluded: post-emptying record
2750,Embalagens de papel e cartão,OVO,2022-02-25 22:26:01.546,50,false,,63,2022-02-25 12:24:57.566,602,82,76.8,,NO_SENSOR_MATCH,50.0,driver: no sensor reading within tolerance
2750,Embalagens de papel e cartão,OVO,2022-02-25 22:31:01.546,0,true,18560,63,2022-02-25 12:24:57.566,607,82,76.8,,EVENT_ZERO_POST_EMPTYING,,excluded: post-emptying record
2750,Embalagens de papel e cartão,OVO,2022-08-17 09:20:18.832,75,false,,28,2022-08-17 18:14:11.992,534,82,34.1,,NO_SENSOR_MATCH,75.0,driver: no sensor reading within tolerance
2750,Embalagens de papel e cartão,OVO,2022-11-09 20:22:09.627,25,false,,3,2022-11-07 15:01:22.255,3201,82,3.7,,NO_SENSOR_MATCH,25.0,driver: no sensor reading within tolerance
2750,Embalagens de papel e cartão,OVO,2023-01-31 18:54:52.511,100,false,,70,2023-01-31 11:27:53.642,447,82,85.4,,NO_SENSOR_MATCH,100.0,driver: no sensor reading within tolerance
2750,Embalagens de papel e cartão,OVO,2023-01-31 18:59:52.511,0,true,28587,70,2023-01-31 11:27:53.642,452,82,85.4,,EVENT_ZERO_POST_EMPTYING,,excluded: post-emptying record
2750,Embalagens de papel e cartão,OVO,2023-08-09 08:08:57.889,0,false,,4,2023-08-08 23:50:08.771,498,82,4.9,,NO_SENSOR_MATCH,0.0,driver: no sensor reading within tolerance
6225,Mistura de embalagens,OVO,2021-07-27 19:09:15,50,false,,34,2021-07-27 09:36:56.614,573,82,41.5,,NO_SENSOR_MATCH,50.0,driver: no sensor reading within tolerance
6225,Mistura de embalagens,OVO,2022-05-13 19:08:14.87,0,false,,9,2022-05-13 15:10:23.616,238,82,11.0,,NO_SENSOR_MATCH,0.0,driver: no sensor reading within tolerance
6225,Mistura de embalagens,OVO,2022-07-20 21:34:09.444,100,false,,82,2022-07-20 17:37:41.235,237,82,100.0,,NO_SENSOR_MATCH,100.0,driver: no sensor reading within tolerance
6225,Mistura de embalagens,OVO,2022-07-20 21:39:09.444,0,true,22824,82,2022-07-20 17:37:41.235,242,82,100.0,,EVENT_ZERO_POST_EMPTYING,,excluded: post-emptying record
6225,Mistura de embalagens,OVO,2022-10-04 17:23:37.031,0,false,,26,2022-10-05 02:47:40.645,564,82,31.7,,NO_SENSOR_MATCH,0.0,driver: no sensor reading within tolerance
6225,Mistura de embalagens,OVO,2024-02-14 19:31:18.498,100,false,,64,2024-02-14 13:00:14.246,391,82,78.0,,NO_SENSOR_MATCH,100.0,driver: no sensor reading within tolerance
6225,Mistura de embalagens,OVO,2024-02-14 19:36:18.498,0,true,41402,64,2024-02-14 13:00:14.246,396,82,78.0,,EVENT_ZERO_POST_EMPTYING,,excluded: post-emptying record
6225,Mistura de embalagens,OVO,2024-03-01 08:23:26.773,25,false,,35,2024-03-01 11:59:54.491,216,82,42.7,,NO_SENSOR_MATCH,25.0,driver: no sensor reading within tolerance
6225,Mistura de embalagens,OVO,2024-03-06 18:42:15.625,100,false,,82,2024-03-06 11:16:39.761,446,82,100.0,,NO_SENSOR_MATCH,100.0,driver: no sensor reading within tolerance
6225,Mistura de embalagens,OVO,2024-03-06 18:47:15.625,0,true,42158,82,2024-03-06 11:16:39.761,451,82,100.0,,EVENT_ZERO_POST_EMPTYING,,excluded: post-emptying record
6900,Embalagens de papel e cartão,OVO,2021-07-06 18:05:54,50,false,,36,2021-07-06 22:30:38.048,265,82,43.9,,NO_SENSOR_MATCH,50.0,driver: no sensor reading within tolerance
6900,Embalagens de papel e cartão,OVO,2021-10-15 17:54:47,25,false,,29,2021-10-15 18:13:11.01,19,82,35.4,10.4,GOOD_AGREEMENT,35.4,sensor (normalized): validated by driver within one scale step
6900,Embalagens de papel e cartão,OVO,2021-12-27 17:47:05,75,false,,1,2021-12-27 19:34:46.522,107,82,1.2,73.8,LARGE_DISAGREEMENT,,none: flagged for investigation
6900,Embalagens de papel e cartão,OVO,2021-12-27 17:52:05,0,true,17089,1,2021-12-27 19:34:46.522,102,82,1.2,1.2,EVENT_ZERO_POST_EMPTYING,,excluded: post-emptying record
6900,Embalagens de papel e cartão,OVO,2022-01-31 17:28:22,25,false,,61,2022-01-31 06:14:13.368,674,82,74.4,,NO_SENSOR_MATCH,25.0,driver: no sensor reading within tolerance
6900,Embalagens de papel e cartão,OVO,2022-01-31 17:33:22,0,true,17927,61,2022-01-31 06:14:13.368,679,82,74.4,,EVENT_ZERO_POST_EMPTYING,,excluded: post-emptying record
6900,Embalagens de papel e cartão,OVO,2023-04-10 17:45:01.348,0,false,,6,2023-04-14 05:52:03.367,5047,82,7.3,,NO_SENSOR_MATCH,0.0,driver: no sensor reading within tolerance
6900,Embalagens de papel e cartão,OVO,2023-10-03 19:56:22.929,100,false,,76,2023-10-03 18:40:14.365,76,82,92.7,7.3,GOOD_AGREEMENT,92.7,sensor (normalized): validated by driver within one scale step
6900,Embalagens de papel e cartão,OVO,2024-03-13 10:24:29.825,0,false,,82,2024-03-12 10:58:39.308,1406,82,100.0,,NO_SENSOR_MATCH,0.0,driver: no sensor reading within tolerance
7246,Mistura de embalagens,OVO,2020-06-25 17:06:45,25,false,,80,2020-07-17 07:47:36.884,31121,82,97.6,,NO_SENSOR_MATCH,25.0,driver: no sensor reading within tolerance
7246,Mistura de embalagens,OVO,2020-06-25 17:11:45,0,true,4340,80,2020-07-17 07:47:36.884,31116,82,97.6,,EVENT_ZERO_POST_EMPTYING,,excluded: post-emptying record
7246,Mistura de embalagens,OVO,2020-07-02 19:23:27,50,false,,80,2020-07-17 07:47:36.884,20904,82,97.6,,NO_SENSOR_MATCH,50.0,driver: no sensor reading within tolerance
7246,Mistura de embalagens,OVO,2020-07-02 19:28:27,0,true,4479,80,2020-07-17 07:47:36.884,20899,82,97.6,,EVENT_ZERO_POST_EMPTYING,,excluded: post-emptying record
7246,Mistura de embalagens,OVO,2020-08-04 20:40:24,25,false,,80,2020-08-04 21:32:39.645,52,82,97.6,72.6,LARGE_DISAGREEMENT,,none: flagged for investigation
7246,Mistura de embalagens,OVO,2020-08-20 16:38:50,100,false,,80,2020-08-21 07:12:40.54,874,82,97.6,,NO_SENSOR_MATCH,100.0,driver: no sensor reading within tolerance
7246,Mistura de embalagens,OVO,2020-08-20 16:43:50,0,true,5563,80,2020-08-21 07:12:40.54,869,82,97.6,,EVENT_ZERO_POST_EMPTYING,,excluded: post-emptying record
7246,Mistura de embalagens,OVO,2020-12-15 19:40:49,0,false,,35,2020-12-15 14:07:56.595,333,82,42.7,,NO_SENSOR_MATCH,0.0,driver: no sensor reading within tolerance
7246,Mistura de embalagens,OVO,2021-06-14 15:58:19,50,false,,32,2021-06-14 18:18:07.72,140,82,39.0,11.0,GOOD_AGREEMENT,39.0,sensor (normalized): validated by driver within one scale step
7246,Mistura de embalagens,OVO,2021-10-22 20:20:24,0,false,,31,2021-10-22 23:19:20.357,179,82,37.8,37.8,LARGE_DISAGREEMENT,,none: flagged for investigation
7246,Mistura de embalagens,OVO,2022-06-10 18:53:33.694,75,false,,52,2022-06-10 10:48:50.879,485,82,63.4,,NO_SENSOR_MATCH,75.0,driver: no sensor reading within tolerance
7246,Mistura de embalagens,OVO,2022-08-05 22:20:29.892,100,false,,77,2022-08-05 12:25:23.294,595,82,93.9,,NO_SENSOR_MATCH,100.0,driver: no sensor reading within tolerance
7246,Mistura de embalagens,OVO,2022-08-27 08:56:46.072,50,false,,64,2022-08-27 00:39:41.817,497,82,78.0,,NO_SENSOR_MATCH,50.0,driver: no sensor reading within tolerance
7246,Mistura de embalagens,OVO,2022-08-27 09:01:46.072,0,true,24019,64,2022-08-27 00:39:41.817,502,82,78.0,,EVENT_ZERO_POST_EMPTYING,,excluded: post-emptying record
7246,Mistura de embalagens,OVO,2023-04-25 19:49:56.818,100,false,,70,2023-04-25 13:05:13.33,404,82,85.4,,NO_SENSOR_MATCH,100.0,driver: no sensor reading within tolerance
7246,Mistura de embalagens,OVO,2023-04-25 19:54:56.818,0,true,31050,70,2023-04-25 13:05:13.33,409,82,85.4,,EVENT_ZERO_POST_EMPTYING,,excluded: post-emptying record
7445,Mistura de embalagens,OVO,2020-06-25 20:08:05,50,false,,41,2020-04-30 02:15:25.573,81713,82,50.0,,NO_SENSOR_MATCH,50.0,driver: no sensor reading within tolerance
7445,Mistura de embalagens,OVO,2020-06-25 20:13:05,0,true,4340,41,2020-04-30 02:15:25.573,81718,82,50.0,,EVENT_ZERO_POST_EMPTYING,,excluded: post-emptying record
7445,Mistura de embalagens,OVO,2020-07-02 19:03:05,50,false,,41,2020-04-30 02:15:25.573,91728,82,50.0,,NO_SENSOR_MATCH,50.0,driver: no sensor reading within tolerance
7445,Mistura de embalagens,OVO,2020-07-02 19:08:05,0,true,4479,41,2020-04-30 02:15:25.573,91733,82,50.0,,EVENT_ZERO_POST_EMPTYING,,excluded: post-emptying record
7445,Mistura de embalagens,OVO,2020-08-04 22:47:03,50,false,,82,2020-10-29 08:50:25,123003,82,100.0,,NO_SENSOR_MATCH,50.0,driver: no sensor reading within tolerance
7445,Mistura de embalagens,OVO,2020-08-20 21:09:43,100,false,,82,2020-10-29 08:50:25,100061,82,100.0,,NO_SENSOR_MATCH,100.0,driver: no sensor reading within tolerance
7445,Mistura de embalagens,OVO,2020-08-20 21:14:43,0,true,5563,82,2020-10-29 08:50:25,100056,82,100.0,,EVENT_ZERO_POST_EMPTYING,,excluded: post-emptying record
7445,Mistura de embalagens,OVO,2020-12-15 16:31:26,100,false,,33,2020-12-15 17:07:08.605,36,82,40.2,59.8,LARGE_DISAGREEMENT,,none: flagged for investigation
7445,Mistura de embalagens,OVO,2021-05-28 09:35:51,25,false,,40,2021-05-28 07:47:32.142,108,82,48.8,23.8,MODERATE_AGREEMENT,48.8,sensor (normalized): validated by driver within one scale step
7445,Mistura de embalagens,OVO,2022-05-16 20:43:42.535,100,false,,74,2022-05-16 13:18:23.52,445,82,90.2,,NO_SENSOR_MATCH,100.0,driver: no sensor reading within tolerance
7445,Mistura de embalagens,OVO,2022-06-10 19:32:08.606,0,false,,5,2022-06-10 07:58:20.986,694,82,6.1,,NO_SENSOR_MATCH,0.0,driver: no sensor reading within tolerance
7445,Mistura de embalagens,OVO,2022-08-27 08:54:04.987,75,false,,4,2022-08-27 19:56:42.078,662,82,4.9,,NO_SENSOR_MATCH,75.0,driver: no sensor reading within tolerance
7445,Mistura de embalagens,OVO,2022-08-27 08:59:04.987,0,true,24019,4,2022-08-27 19:56:42.078,657,82,4.9,,EVENT_ZERO_POST_EMPTYING,,excluded: post-emptying record
7445,Mistura de embalagens,OVO,2022-09-05 20:50:19.407,0,false,,8,2022-09-06 02:29:06.376,339,82,9.8,,NO_SENSOR_MATCH,0.0,driver: no sensor reading within tolerance
7445,Mistura de embalagens,OVO,2023-01-17 18:37:34.561,0,false,,1,2023-01-17 08:32:13.978,605,82,1.2,,NO_SENSOR_MATCH,0.0,driver: no sensor reading within tolerance
7445,Mistura de embalagens,OVO,2023-02-14 19:21:57.132,0,false,,5,2023-02-15 07:28:02.718,727,82,6.1,,NO_SENSOR_MATCH,0.0,driver: no sensor reading within tolerance
9419,Embalagens de papel e cartão,OVO,2020-02-11 17:35:24,100,false,,57,2020-02-11 08:32:38.842,543,82,69.5,,NO_SENSOR_MATCH,100.0,driver: no sensor reading within tolerance
9419,Embalagens de papel e cartão,OVO,2020-02-11 17:40:24,0,true,1789,57,2020-02-11 08:32:38.842,548,82,69.5,,EVENT_ZERO_POST_EMPTYING,,excluded: post-emptying record
9419,Embalagens de papel e cartão,OVO,2020-09-01 06:31:40,50,false,,82,2020-09-01 19:36:43.706,785,82,100.0,,NO_SENSOR_MATCH,50.0,driver: no sensor reading within tolerance
9419,Embalagens de papel e cartão,OVO,2020-09-01 06:36:40,0,true,5832,82,2020-09-01 19:36:43.706,780,82,100.0,,EVENT_ZERO_POST_EMPTYING,,excluded: post-emptying record
9419,Embalagens de papel e cartão,OVO,2020-10-08 17:17:51,0,false,,16,2020-10-08 18:26:09.867,69,82,19.5,19.5,MODERATE_AGREEMENT,19.5,sensor (normalized): validated by driver within one scale step
9419,Embalagens de papel e cartão,OVO,2021-09-13 18:48:52,100,false,,65,2021-09-13 17:25:22.739,83,82,79.3,20.7,MODERATE_AGREEMENT,79.3,sensor (normalized): validated by driver within one scale step
9419,Embalagens de papel e cartão,OVO,2021-09-13 18:53:52,0,true,14521,65,2021-09-13 17:25:22.739,88,82,79.3,79.3,EVENT_ZERO_POST_EMPTYING,,excluded: post-emptying record
9419,Embalagens de papel e cartão,OVO,2022-06-14 21:49:47.641,0,false,,3,2022-06-15 01:39:15.502,230,82,3.7,,NO_SENSOR_MATCH,0.0,driver: no sensor reading within tolerance
9419,Embalagens de papel e cartão,OVO,2022-10-18 17:41:05.639,0,false,,0,2022-10-19 13:14:24.166,1173,82,0.0,,NO_SENSOR_MATCH,0.0,driver: no sensor reading within tolerance
9419,Embalagens de papel e cartão,OVO,2022-12-30 23:28:05.003,100,false,,80,2022-12-30 22:46:03.381,42,82,97.6,2.4,GOOD_AGREEMENT,97.6,sensor (normalized): validated by driver within one scale step
9419,Embalagens de papel e cartão,OVO,2022-12-30 23:33:05.003,0,true,27676,80,2022-12-30 22:46:03.381,47,82,97.6,97.6,EVENT_ZERO_POST_EMPTYING,,excluded: post-emptying record
9419,Embalagens de papel e cartão,OVO,2023-01-12 16:00:36.573,0,false,,9,2023-01-12 23:32:26.869,452,82,11.0,,NO_SENSOR_MATCH,0.0,driver: no sensor reading within tolerance
9419,Embalagens de papel e cartão,OVO,2023-04-14 18:41:25.17,100,false,,11,2023-04-14 19:43:56.41,62,82,13.4,86.6,LARGE_DISAGREEMENT,,none: flagged for investigation
9419,Embalagens de papel e cartão,OVO,2023-04-14 18:46:25.17,0,true,30689,11,2023-04-14 19:43:56.41,57,82,13.4,13.4,EVENT_ZERO_POST_EMPTYING,,excluded: post-emptying record
9419,Embalagens de papel e cartão,OVO,2023-12-04 18:53:23.461,75,false,,13,2023-11-25 13:18:53.601,13295,82,15.9,,NO_SENSOR_MATCH,75.0,driver: no sensor reading within tolerance
9419,Embalagens de papel e cartão,OVO,2024-04-26 19:35:40.641,75,false,,76,2024-04-26 11:06:55.399,509,82,92.7,,NO_SENSOR_MATCH,75.0,driver: no sensor reading within tolerance
9419,Embalagens de papel e cartão,OVO,2024-04-26 19:40:40.641,0,true,44182,76,2024-04-26 11:06:55.399,514,82,92.7,,EVENT_ZERO_POST_EMPTYING,,excluded: post-emptying record
11772,Mistura de embalagens,OVO,2024-03-27 22:03:14.368,0,false,,12,2024-03-27 21:40:18.525,23,82,14.6,14.6,MODERATE_AGREEMENT,14.6,sensor (normalized): validated by driver within one scale step
11772,Mistura de embalagens,OVO,2024-04-08 21:01:19.546,100,false,,82,2024-04-08 21:26:17.328,25,82,100.0,0.0,CEILING_CASE,100.0,"sensor (normalized): ceiling case, driver corroborates full"
11806,Mistura de embalagens,OVO,2021-06-02 10:18:31,0,false,,0,2021-06-02 09:09:34.313,69,82,0.0,0.0,GOOD_AGREEMENT,0.0,sensor (normalized): validated by driver within one scale step
11827,Mistura de embalagens,OVO,2020-01-09 19:39:47,100,false,,82,2020-01-10 00:55:09.743,316,82,100.0,,NO_SENSOR_MATCH,100.0,driver: no sensor reading within tolerance
11827,Mistura de embalagens,OVO,2020-02-26 21:07:24,100,false,,82,2020-02-27 02:29:35.862,322,82,100.0,,NO_SENSOR_MATCH,100.0,driver: no sensor reading within tolerance
11827,Mistura de embalagens,OVO,2020-03-13 22:17:58,100,false,,82,2020-03-14 03:12:46.973,295,82,100.0,,NO_SENSOR_MATCH,100.0,driver: no sensor reading within tolerance
11827,Mistura de embalagens,OVO,2020-03-13 22:22:58,0,true,2341,82,2020-03-14 03:12:46.973,290,82,100.0,,EVENT_ZERO_POST_EMPTYING,,excluded: post-emptying record
11827,Mistura de embalagens,OVO,2021-01-22 20:27:33,75,false,,66,2021-01-22 18:56:24.846,91,82,80.5,5.5,GOOD_AGREEMENT,80.5,sensor (normalized): validated by driver within one scale step
11827,Mistura de embalagens,OVO,2021-01-13 19:02:01,50,false,,11,2021-01-13 22:02:41.71,180,82,13.4,36.6,LARGE_DISAGREEMENT,,none: flagged for investigation
11827,Mistura de embalagens,OVO,2021-01-13 19:07:01,0,true,8570,11,2021-01-13 22:02:41.71,175,82,13.4,13.4,EVENT_ZERO_POST_EMPTYING,,excluded: post-emptying record
11827,Mistura de embalagens,OVO,2022-08-06 21:48:33.581,100,false,,82,2022-08-06 11:51:53.022,597,82,100.0,,NO_SENSOR_MATCH,100.0,driver: no sensor reading within tolerance
11827,Mistura de embalagens,OVO,2022-08-06 21:53:33.581,0,true,23380,82,2022-08-06 11:51:53.022,602,82,100.0,,EVENT_ZERO_POST_EMPTYING,,excluded: post-emptying record
11827,Mistura de embalagens,OVO,2022-08-23 19:55:38.801,100,false,,82,2022-08-23 16:53:14.853,182,82,100.0,,NO_SENSOR_MATCH,100.0,driver: no sensor reading within tolerance
11827,Mistura de embalagens,OVO,2022-08-23 20:00:38.801,0,true,23906,82,2022-08-23 16:53:14.853,187,82,100.0,,EVENT_ZERO_POST_EMPTYING,,excluded: post-emptying record
11827,Mistura de embalagens,OVO,2022-12-02 19:51:54.769,100,false,,82,2022-12-02 11:18:52.695,513,82,100.0,,NO_SENSOR_MATCH,100.0,driver: no sensor reading within tolerance
11827,Mistura de embalagens,OVO,2022-12-02 19:56:54.769,0,true,26879,82,2022-12-02 11:18:52.695,518,82,100.0,,EVENT_ZERO_POST_EMPTYING,,excluded: post-emptying record
11827,Mistura de embalagens,OVO,2023-06-05 17:56:49.29,75,false,,32,2023-06-05 16:48:57.161,68,82,39.0,36.0,LARGE_DISAGREEMENT,,none: flagged for investigation
11827,Mistura de embalagens,OVO,2023-06-21 16:41:38.7,75,false,,67,2023-06-21 11:59:53.323,282,82,81.7,,NO_SENSOR_MATCH,75.0,driver: no sensor reading within tolerance
11827,Mistura de embalagens,OVO,2023-06-21 16:46:38.7,0,true,32889,67,2023-06-21 11:59:53.323,287,82,81.7,,EVENT_ZERO_POST_EMPTYING,,excluded: post-emptying record
11827,Mistura de embalagens,OVO,2023-07-03 10:29:01.468,0,true,32889,80,2023-07-03 05:14:55.568,315,82,97.6,,EVENT_ZERO_POST_EMPTYING,,excluded: post-emptying record
11827,Mistura de embalagens,OVO,2023-07-27 20:20:28.196,100,false,,68,2023-07-27 02:37:06.84,1063,82,82.9,,NO_SENSOR_MATCH,100.0,driver: no sensor reading within tolerance
11827,Mistura de embalagens,OVO,2023-07-27 20:25:28.196,0,true,34145,68,2023-07-27 02:37:06.84,1068,82,82.9,,EVENT_ZERO_POST_EMPTYING,,excluded: post-emptying record
11827,Mistura de embalagens,OVO,2023-11-22 21:21:55.5,100,false,,82,2023-11-22 13:40:28.713,461,82,100.0,,NO_SENSOR_MATCH,100.0,driver: no sensor reading within tolerance
11827,Mistura de embalagens,OVO,2023-11-22 21:26:55.5,0,true,38442,82,2023-11-22 13:40:28.713,466,82,100.0,,EVENT_ZERO_POST_EMPTYING,,excluded: post-emptying record
11828,Mistura de embalagens,OVO,2020-04-23 08:36:40,0,false,,56,2020-01-01 21:24:18.788,161952,82,68.3,,NO_SENSOR_MATCH,0.0,driver: no sensor reading within tolerance
11828,Mistura de embalagens,OVO,2021-12-24 08:40:59,0,false,,2,2021-12-23 14:00:47.777,1120,82,2.4,,NO_SENSOR_MATCH,0.0,driver: no sensor reading within tolerance
11990,Embalagens de papel e cartão,VRL,2020-03-24 19:44:39,50,false,,82,2020-03-24 15:30:59.265,254,82,100.0,,NO_SENSOR_MATCH,50.0,driver: no sensor reading within tolerance
11990,Embalagens de papel e cartão,VRL,2020-03-24 19:49:39,0,true,2530,82,2020-03-24 15:30:59.265,259,82,100.0,,EVENT_ZERO_POST_EMPTYING,,excluded: post-emptying record
11990,Embalagens de papel e cartão,VRL,2020-05-19 20:22:06,75,false,,82,2020-05-19 14:50:42.537,332,82,100.0,,NO_SENSOR_MATCH,75.0,driver: no sensor reading within tolerance
11990,Embalagens de papel e cartão,VRL,2020-05-19 20:27:06,0,true,3614,82,2020-05-19 14:50:42.537,337,82,100.0,,EVENT_ZERO_POST_EMPTYING,,excluded: post-emptying record
11990,Embalagens de papel e cartão,VRL,2020-09-08 18:12:05,100,false,,81,2020-10-28 18:04:14.607,71992,82,98.8,,NO_SENSOR_MATCH,100.0,driver: no sensor reading within tolerance
11990,Embalagens de papel e cartão,VRL,2020-09-08 18:17:05,0,true,5987,81,2020-10-28 18:04:14.607,71987,82,98.8,,EVENT_ZERO_POST_EMPTYING,,excluded: post-emptying record
11990,Embalagens de papel e cartão,VRL,2020-09-22 18:41:59,100,false,,81,2020-10-28 18:04:14.607,51803,82,98.8,,NO_SENSOR_MATCH,100.0,driver: no sensor reading within tolerance
11990,Embalagens de papel e cartão,VRL,2020-09-22 18:46:59,0,true,6274,81,2020-10-28 18:04:14.607,51798,82,98.8,,EVENT_ZERO_POST_EMPTYING,,excluded: post-emptying record
11990,Embalagens de papel e cartão,VRL,2021-06-01 18:38:58,0,false,,22,2021-06-01 21:38:10.545,180,82,26.8,26.8,LARGE_DISAGREEMENT,,none: flagged for investigation
11990,Embalagens de papel e cartão,VRL,2021-11-08 21:42:03,0,false,,42,2021-11-08 22:02:26.734,20,82,51.2,51.2,LARGE_DISAGREEMENT,,none: flagged for investigation
11990,Embalagens de papel e cartão,VRL,2023-01-16 20:06:17.896,75,false,,33,2023-01-16 09:06:03.264,660,82,40.2,,NO_SENSOR_MATCH,75.0,driver: no sensor reading within tolerance
12216,Mistura de embalagens,OVO,2020-01-08 16:57:54,50,false,,82,2020-01-08 05:07:07.129,710,82,100.0,,NO_SENSOR_MATCH,50.0,driver: no sensor reading within tolerance
12216,Mistura de embalagens,OVO,2020-01-08 17:02:54,0,true,1153,82,2020-01-08 05:07:07.129,715,82,100.0,,EVENT_ZERO_POST_EMPTYING,,excluded: post-emptying record
12216,Mistura de embalagens,OVO,2020-01-31 16:44:43,0,false,,82,2020-02-01 01:32:21.71,528,82,100.0,,NO_SENSOR_MATCH,0.0,driver: no sensor reading within tolerance
12216,Mistura de embalagens,OVO,2020-05-27 16:44:46,0,false,,82,2020-05-08 08:12:11.687,27872,82,100.0,,NO_SENSOR_MATCH,0.0,driver: no sensor reading within tolerance
12216,Mistura de embalagens,OVO,2020-05-29 17:02:10,25,false,,82,2020-05-08 08:12:11.687,30770,82,100.0,,NO_SENSOR_MATCH,25.0,driver: no sensor reading within tolerance
12216,Mistura de embalagens,OVO,2020-11-16 16:53:35,0,false,,80,2020-11-16 17:19:11.877,26,82,97.6,97.6,LARGE_DISAGREEMENT,,none: flagged for investigation
12216,Mistura de embalagens,OVO,2021-02-05 17:00:05,50,false,,28,2021-02-05 16:37:15.199,23,82,34.1,15.9,MODERATE_AGREEMENT,34.1,sensor (normalized): validated by driver within one scale step
12216,Mistura de embalagens,OVO,2021-04-07 16:36:03,0,false,,38,2021-04-07 09:17:16.378,439,82,46.3,,NO_SENSOR_MATCH,0.0,driver: no sensor reading within tolerance
12216,Mistura de embalagens,OVO,2021-07-23 16:28:08,0,false,,57,2021-07-23 16:04:46.201,24,82,69.5,69.5,LARGE_DISAGREEMENT,,none: flagged for investigation
12216,Mistura de embalagens,OVO,2021-11-15 17:46:47,50,false,,28,2021-11-16 03:55:32.516,609,82,34.1,,NO_SENSOR_MATCH,50.0,driver: no sensor reading within tolerance
12216,Mistura de embalagens,OVO,2021-11-17 20:54:48,75,false,,28,2021-11-18 05:05:47.387,491,82,34.1,,NO_SENSOR_MATCH,75.0,driver: no sensor reading within tolerance
12216,Mistura de embalagens,OVO,2021-11-17 20:59:48,0,true,16152,28,2021-11-18 05:05:47.387,486,82,34.1,,EVENT_ZERO_POST_EMPTYING,,excluded: post-emptying record
12216,Mistura de embalagens,OVO,2022-01-05 17:40:31,0,false,,76,2022-01-05 21:00:54.965,200,82,92.7,,NO_SENSOR_MATCH,0.0,driver: no sensor reading within tolerance
12216,Mistura de embalagens,OVO,2022-03-16 17:02:16.731,0,false,,34,2022-03-16 07:41:05.055,561,82,41.5,,NO_SENSOR_MATCH,0.0,driver: no sensor reading within tolerance
12216,Mistura de embalagens,OVO,2022-05-13 06:03:37.151,25,false,,37,2022-05-13 06:26:15.742,23,82,45.1,20.1,MODERATE_AGREEMENT,45.1,sensor (normalized): validated by driver within one scale step
12216,Mistura de embalagens,OVO,2022-05-13 06:08:37.151,0,true,20725,37,2022-05-13 06:26:15.742,18,82,45.1,45.1,EVENT_ZERO_POST_EMPTYING,,excluded: post-emptying record
12216,Mistura de embalagens,OVO,2022-08-26 17:32:03.11,0,false,,6,2022-08-27 01:47:25.267,495,82,7.3,,NO_SENSOR_MATCH,0.0,driver: no sensor reading within tolerance
12216,Mistura de embalagens,OVO,2022-09-21 16:53:22.874,50,false,,25,2022-09-21 23:54:38.941,421,82,30.5,,NO_SENSOR_MATCH,50.0,driver: no sensor reading within tolerance
12216,Mistura de embalagens,OVO,2022-09-21 16:58:22.874,0,true,24769,25,2022-09-21 23:54:38.941,416,82,30.5,,EVENT_ZERO_POST_EMPTYING,,excluded: post-emptying record
12216,Mistura de embalagens,OVO,2022-10-14 17:02:20.809,25,false,,37,2022-10-14 16:45:40.997,17,82,45.1,20.1,MODERATE_AGREEMENT,45.1,sensor (normalized): validated by driver within one scale step
12216,Mistura de embalagens,OVO,2022-10-14 17:07:20.809,0,true,25437,37,2022-10-14 16:45:40.997,22,82,45.1,45.1,EVENT_ZERO_POST_EMPTYING,,excluded: post-emptying record
12216,Mistura de embalagens,OVO,2022-12-07 17:28:35.803,50,false,,32,2022-12-07 16:09:13.122,79,82,39.0,11.0,GOOD_AGREEMENT,39.0,sensor (normalized): validated by driver within one scale step
12216,Mistura de embalagens,OVO,2023-02-01 17:24:39.273,0,false,,11,2023-02-01 07:37:24.221,587,82,13.4,,NO_SENSOR_MATCH,0.0,driver: no sensor reading within tolerance
12216,Mistura de embalagens,OVO,2023-02-15 05:46:20.815,0,false,,9,2023-02-15 17:45:00.164,719,82,11.0,,NO_SENSOR_MATCH,0.0,driver: no sensor reading within tolerance
12216,Mistura de embalagens,OVO,2023-06-23 17:04:47.779,25,false,,9,2023-06-19 23:56:03.531,5348,82,11.0,,NO_SENSOR_MATCH,25.0,driver: no sensor reading within tolerance
12216,Mistura de embalagens,OVO,2023-06-23 17:09:47.779,0,true,32949,9,2023-06-19 23:56:03.531,5353,82,11.0,,EVENT_ZERO_POST_EMPTYING,,excluded: post-emptying record
12216,Mistura de embalagens,OVO,2023-06-09 16:59:16.556,25,false,,46,2023-06-09 15:42:17.482,77,82,56.1,31.1,LARGE_DISAGREEMENT,,none: flagged for investigation
12216,Mistura de embalagens,OVO,2023-06-09 17:04:16.556,0,true,32474,46,2023-06-09 15:42:17.482,82,82,56.1,56.1,EVENT_ZERO_POST_EMPTYING,,excluded: post-emptying record
12216,Mistura de embalagens,OVO,2023-07-05 18:00:17.996,25,false,,82,2023-07-20 12:58:43.461,21298,82,100.0,,NO_SENSOR_MATCH,25.0,driver: no sensor reading within tolerance
12216,Mistura de embalagens,OVO,2023-07-12 16:55:59.347,75,false,,82,2023-07-20 12:58:43.461,11283,82,100.0,,NO_SENSOR_MATCH,75.0,driver: no sensor reading within tolerance
12216,Mistura de embalagens,OVO,2023-07-12 17:00:59.347,0,true,33581,82,2023-07-20 12:58:43.461,11278,82,100.0,,EVENT_ZERO_POST_EMPTYING,,excluded: post-emptying record
12216,Mistura de embalagens,OVO,2023-09-27 17:50:44.382,75,false,,39,2023-09-27 17:41:29.866,9,82,47.6,27.4,LARGE_DISAGREEMENT,,none: flagged for investigation
12216,Mistura de embalagens,OVO,2023-09-27 17:55:44.382,0,true,36437,39,2023-09-27 17:41:29.866,14,82,47.6,47.6,EVENT_ZERO_POST_EMPTYING,,excluded: post-emptying record
14338,Embalagens de papel e cartão,OVO,2020-03-12 17:52:11,0,false,,80,2020-03-11 11:42:47.177,1810,82,97.6,,NO_SENSOR_MATCH,0.0,driver: no sensor reading within tolerance
14338,Embalagens de papel e cartão,OVO,2020-05-26 16:51:48,50,false,,82,2020-05-27 00:15:46.729,444,82,100.0,,NO_SENSOR_MATCH,50.0,driver: no sensor reading within tolerance
14338,Embalagens de papel e cartão,OVO,2020-05-26 16:56:48,0,true,3726,82,2020-05-27 00:15:46.729,439,82,100.0,,EVENT_ZERO_POST_EMPTYING,,excluded: post-emptying record
14338,Embalagens de papel e cartão,OVO,2020-05-28 17:00:42,0,false,,82,2020-05-29 01:18:33.92,498,82,100.0,,NO_SENSOR_MATCH,0.0,driver: no sensor reading within tolerance
14338,Embalagens de papel e cartão,OVO,2020-07-09 16:57:48,0,false,,82,2020-07-09 22:47:50.715,350,82,100.0,,NO_SENSOR_MATCH,0.0,driver: no sensor reading within tolerance
14338,Embalagens de papel e cartão,OVO,2021-08-03 23:42:42,50,false,,32,2021-08-03 17:55:39.211,347,82,39.0,,NO_SENSOR_MATCH,50.0,driver: no sensor reading within tolerance
14338,Embalagens de papel e cartão,OVO,2022-12-12 08:51:11.601,0,false,,6,2022-12-11 22:33:07.641,618,82,7.3,,NO_SENSOR_MATCH,0.0,driver: no sensor reading within tolerance
14338,Embalagens de papel e cartão,OVO,2023-06-02 17:13:52.473,50,false,,0,2023-06-02 18:16:22.512,63,82,0.0,50.0,LARGE_DISAGREEMENT,,none: flagged for investigation
14338,Embalagens de papel e cartão,OVO,2023-06-02 17:18:52.473,0,true,32286,0,2023-06-02 18:16:22.512,58,82,0.0,0.0,EVENT_ZERO_POST_EMPTYING,,excluded: post-emptying record
14338,Embalagens de papel e cartão,OVO,2023-07-10 19:30:11.448,50,false,,31,2023-07-10 13:50:29.608,340,82,37.8,,NO_SENSOR_MATCH,50.0,driver: no sensor reading within tolerance
14338,Embalagens de papel e cartão,OVO,2023-10-09 20:09:02.609,0,false,,0,2023-10-09 07:55:24.301,734,82,0.0,,NO_SENSOR_MATCH,0.0,driver: no sensor reading within tolerance
16540,Mistura de embalagens,OVO,2020-10-07 19:48:10,100,false,,82,2020-10-20 11:20:28.173,18212,82,100.0,,NO_SENSOR_MATCH,100.0,driver: no sensor reading within tolerance
16540,Mistura de embalagens,OVO,2021-11-20 16:23:55,0,false,,4,2021-11-21 04:07:42.836,704,82,4.9,,NO_SENSOR_MATCH,0.0,driver: no sensor reading within tolerance
16540,Mistura de embalagens,OVO,2022-05-30 10:12:14.344,25,false,,32,2022-05-30 13:02:21.136,170,82,39.0,14.0,MODERATE_AGREEMENT,39.0,sensor (normalized): validated by driver within one scale step
16540,Mistura de embalagens,OVO,2022-12-19 20:54:12.481,100,false,,65,2022-12-19 15:03:08.596,351,82,79.3,,NO_SENSOR_MATCH,100.0,driver: no sensor reading within tolerance
16540,Mistura de embalagens,OVO,2022-12-19 20:59:12.481,0,true,27328,65,2022-12-19 15:03:08.596,356,82,79.3,,EVENT_ZERO_POST_EMPTYING,,excluded: post-emptying record
16540,Mistura de embalagens,OVO,2023-09-13 17:07:33.337,75,false,,28,2023-09-13 19:44:50.67,157,82,34.1,40.9,LARGE_DISAGREEMENT,,none: flagged for investigation
16540,Mistura de embalagens,OVO,2023-09-13 17:12:33.337,0,true,35955,28,2023-09-13 19:44:50.67,152,82,34.1,34.1,EVENT_ZERO_POST_EMPTYING,,excluded: post-emptying record
16540,Mistura de embalagens,OVO,2023-12-20 20:46:23.549,100,false,,67,2023-12-20 14:36:29.599,370,82,81.7,,NO_SENSOR_MATCH,100.0,driver: no sensor reading within tolerance
16540,Mistura de embalagens,OVO,2023-12-20 20:51:23.549,0,true,39426,67,2023-12-20 14:36:29.599,375,82,81.7,,EVENT_ZERO_POST_EMPTYING,,excluded: post-emptying record
18700,Embalagens de papel e cartão,OVO,2022-11-01 16:58:11.584,100,false,,72,2022-11-01 11:28:42.64,330,82,87.8,,NO_SENSOR_MATCH,100.0,driver: no sensor reading within tolerance
18700,Embalagens de papel e cartão,OVO,2022-11-01 17:03:11.584,0,true,25950,72,2022-11-01 11:28:42.64,335,82,87.8,,EVENT_ZERO_POST_EMPTYING,,excluded: post-emptying record
18700,Embalagens de papel e cartão,OVO,2023-05-31 20:01:20.662,75,false,,66,2023-05-31 12:55:33.932,426,82,80.5,,NO_SENSOR_MATCH,75.0,driver: no sensor reading within tolerance
18700,Embalagens de papel e cartão,OVO,2023-05-31 20:06:20.662,0,true,32214,66,2023-05-31 12:55:33.932,431,82,80.5,,EVENT_ZERO_POST_EMPTYING,,excluded: post-emptying record
18741,Mistura de embalagens,OVO,2022-12-02 21:05:14.967,75,false,,38,2022-12-01 11:50:44.095,1995,82,46.3,,NO_SENSOR_MATCH,75.0,driver: no sensor reading within tolerance
18741,Mistura de embalagens,OVO,2022-12-02 21:10:14.967,0,true,26879,38,2022-12-01 11:50:44.095,2000,82,46.3,,EVENT_ZERO_POST_EMPTYING,,excluded: post-emptying record
18741,Mistura de embalagens,OVO,2023-06-05 20:08:18.205,0,false,,32,2023-06-05 16:30:57.776,218,82,39.0,,NO_SENSOR_MATCH,0.0,driver: no sensor reading within tolerance
18741,Mistura de embalagens,OVO,2023-08-18 17:11:12.024,0,false,,3,2023-08-18 15:34:04.355,97,82,3.7,3.7,GOOD_AGREEMENT,3.7,sensor (normalized): validated by driver within one scale step
22050,Mistura de embalagens,OVO,2023-04-19 19:12:08.65,0,false,,3,2023-04-18 07:48:17.462,2124,82,3.7,,NO_SENSOR_MATCH,0.0,driver: no sensor reading within tolerance
22050,Mistura de embalagens,OVO,2023-11-01 17:14:53.566,100,false,,82,2023-11-01 03:44:09.043,810,82,100.0,,NO_SENSOR_MATCH,100.0,driver: no sensor reading within tolerance
22050,Mistura de embalagens,OVO,2023-11-01 17:19:53.566,0,true,37677,82,2023-11-01 03:44:09.043,815,82,100.0,,EVENT_ZERO_POST_EMPTYING,,excluded: post-emptying record
22050,Mistura de embalagens,OVO,2024-02-05 17:15:37.987,100,false,,3,2024-02-05 18:16:13.881,61,82,3.7,96.3,LARGE_DISAGREEMENT,,none: flagged for investigation
22050,Mistura de embalagens,OVO,2024-02-05 17:20:37.987,0,true,41042,3,2024-02-05 18:16:13.881,56,82,3.7,3.7,EVENT_ZERO_POST_EMPTYING,,excluded: post-emptying record
22050,Mistura de embalagens,OVO,2024-01-15 16:58:17.086,100,false,,82,2024-01-15 16:00:07.489,58,82,100.0,0.0,CEILING_CASE,100.0,"sensor (normalized): ceiling case, driver corroborates full"
22050,Mistura de embalagens,OVO,2024-02-20 19:11:41.228,0,false,,32,2024-02-20 16:00:23.918,191,82,39.0,,NO_SENSOR_MATCH,0.0,driver: no sensor reading within tolerance
27048,Mistura de embalagens,AMBI,2024-01-18 18:15:35.212,100,false,,84,2024-01-18 18:16:55.754,1,84,100.0,0.0,CEILING_CASE,100.0,"sensor (normalized): ceiling case, driver corroborates full"
1606,Mistura de embalagens,OVO,2021-04-15 17:25:01,75,false,,32,2021-04-15 15:47:27.58,98,82,39.0,36.0,LARGE_DISAGREEMENT,,none: flagged for investigation
1606,Mistura de embalagens,OVO,2021-08-18 16:18:33,75,false,,47,2021-08-19 04:14:43.403,716,82,57.3,,NO_SENSOR_MATCH,75.0,driver: no sensor reading within tolerance
1606,Mistura de embalagens,OVO,2022-04-01 16:48:18.1,75,false,,29,2022-04-02 01:34:06.354,526,82,35.4,,NO_SENSOR_MATCH,75.0,driver: no sensor reading within tolerance
1606,Mistura de embalagens,OVO,2023-02-10 16:29:02.637,50,false,,51,2023-02-10 12:05:08.283,264,82,62.2,,NO_SENSOR_MATCH,50.0,driver: no sensor reading within tolerance
1606,Mistura de embalagens,OVO,2023-02-10 16:34:02.637,0,true,28886,51,2023-02-10 12:05:08.283,269,82,62.2,,EVENT_ZERO_POST_EMPTYING,,excluded: post-emptying record
1606,Mistura de embalagens,OVO,2023-08-23 09:57:05.199,50,false,,82,2023-08-22 14:20:39.22,1177,82,100.0,,NO_SENSOR_MATCH,50.0,driver: no sensor reading within tolerance
1606,Mistura de embalagens,OVO,2024-01-30 17:52:00.209,25,false,,31,2024-01-30 12:07:05.237,345,82,37.8,,NO_SENSOR_MATCH,25.0,driver: no sensor reading within tolerance
1606,Mistura de embalagens,OVO,2024-04-02 18:04:53.415,100,false,,79,2024-04-02 14:02:11.28,242,82,96.3,,NO_SENSOR_MATCH,100.0,driver: no sensor reading within tolerance
1606,Mistura de embalagens,OVO,2024-04-02 18:09:53.415,0,true,43158,79,2024-04-02 14:02:11.28,247,82,96.3,,EVENT_ZERO_POST_EMPTYING,,excluded: post-emptying record
1606,Mistura de embalagens,OVO,2024-04-02 17:04:53.415,100,false,,79,2024-04-02 14:02:11.28,182,82,96.3,,NO_SENSOR_MATCH,100.0,driver: no sensor reading within tolerance
1606,Mistura de embalagens,OVO,2024-04-02 17:09:53.415,0,true,43158,79,2024-04-02 14:02:11.28,187,82,96.3,,EVENT_ZERO_POST_EMPTYING,,excluded: post-emptying record
1621,Mistura de embalagens,OVO,2020-12-01 09:23:36,25,false,,25,2020-11-30 21:26:15.037,717,82,30.5,,NO_SENSOR_MATCH,25.0,driver: no sensor reading within tolerance
1621,Mistura de embalagens,OVO,2020-12-01 09:28:36,0,true,7724,25,2020-11-30 21:26:15.037,722,82,30.5,,EVENT_ZERO_POST_EMPTYING,,excluded: post-emptying record
1621,Mistura de embalagens,OVO,2021-08-12 18:09:34,50,false,,9,2021-08-13 18:22:10.178,1453,82,11.0,,NO_SENSOR_MATCH,50.0,driver: no sensor reading within tolerance
1621,Mistura de embalagens,OVO,2021-08-12 18:14:34,0,true,13639,9,2021-08-13 18:22:10.178,1448,82,11.0,,EVENT_ZERO_POST_EMPTYING,,excluded: post-emptying record
1621,Mistura de embalagens,OVO,2022-01-15 10:08:41,50,false,,30,2022-01-15 04:59:42.556,309,82,36.6,,NO_SENSOR_MATCH,50.0,driver: no sensor reading within tolerance
1621,Mistura de embalagens,OVO,2022-01-15 10:13:41,0,true,17548,30,2022-01-15 04:59:42.556,314,82,36.6,,EVENT_ZERO_POST_EMPTYING,,excluded: post-emptying record
1621,Mistura de embalagens,OVO,2023-04-28 17:11:16.708,50,false,,52,2023-04-28 09:20:29.241,471,82,63.4,,NO_SENSOR_MATCH,50.0,driver: no sensor reading within tolerance
1621,Mistura de embalagens,OVO,2023-11-28 17:21:50.481,100,false,,72,2023-11-28 13:52:33.452,209,82,87.8,,NO_SENSOR_MATCH,100.0,driver: no sensor reading within tolerance
2750,Embalagens de papel e cartão,OVO,2021-08-05 21:46:25,0,false,,9,2021-08-06 14:42:22.497,1016,82,11.0,,NO_SENSOR_MATCH,0.0,driver: no sensor reading within tolerance
2750,Embalagens de papel e cartão,OVO,2021-09-27 21:48:17,75,false,,44,2021-09-28 13:00:21.409,912,82,53.7,,NO_SENSOR_MATCH,75.0,driver: no sensor reading within tolerance
2750,Embalagens de papel e cartão,OVO,2021-09-27 21:53:17,0,true,14894,44,2021-09-28 13:00:21.409,907,82,53.7,,EVENT_ZERO_POST_EMPTYING,,excluded: post-emptying record
2750,Embalagens de papel e cartão,OVO,2021-11-23 21:50:27,75,false,,53,2021-11-23 16:30:24.775,320,82,64.6,,NO_SENSOR_MATCH,75.0,driver: no sensor reading within tolerance
2750,Embalagens de papel e cartão,OVO,2021-11-23 21:55:27,0,true,16343,53,2021-11-23 16:30:24.775,325,82,64.6,,EVENT_ZERO_POST_EMPTYING,,excluded: post-emptying record
2750,Embalagens de papel e cartão,OVO,2022-04-09 19:43:53.326,50,false,,31,2022-04-09 08:09:24.895,694,82,37.8,,NO_SENSOR_MATCH,50.0,driver: no sensor reading within tolerance
2750,Embalagens de papel e cartão,OVO,2023-05-09 18:04:11.932,75,false,,70,2023-05-09 14:09:53.495,235,82,85.4,,NO_SENSOR_MATCH,75.0,driver: no sensor reading within tolerance
2750,Embalagens de papel e cartão,OVO,2023-05-09 18:09:11.932,0,true,31468,70,2023-05-09 14:09:53.495,240,82,85.4,,EVENT_ZERO_POST_EMPTYING,,excluded: post-emptying record
2750,Embalagens de papel e cartão,OVO,2023-08-07 20:01:07.1,100,false,,0,2023-08-07 20:23:04.433,22,82,0.0,100.0,LARGE_DISAGREEMENT,,none: flagged for investigation
2750,Embalagens de papel e cartão,OVO,2023-08-07 20:06:07.1,0,true,34513,0,2023-08-07 20:23:04.433,17,82,0.0,0.0,EVENT_ZERO_POST_EMPTYING,,excluded: post-emptying record
2750,Embalagens de papel e cartão,OVO,2024-02-05 18:17:58.088,100,false,,79,2024-02-05 14:29:31.266,228,82,96.3,,NO_SENSOR_MATCH,100.0,driver: no sensor reading within tolerance
2750,Embalagens de papel e cartão,OVO,2024-02-05 18:22:58.088,0,true,41037,79,2024-02-05 14:29:31.266,233,82,96.3,,EVENT_ZERO_POST_EMPTYING,,excluded: post-emptying record
2750,Embalagens de papel e cartão,OVO,2024-04-22 20:25:01.679,100,false,,41,2024-04-22 21:50:12.36,85,82,50.0,50.0,LARGE_DISAGREEMENT,,none: flagged for investigation
6225,Mistura de embalagens,OVO,2020-01-25 08:20:39,25,false,,59,2020-01-02 10:40:33.906,32980,82,72.0,,NO_SENSOR_MATCH,25.0,driver: no sensor reading within tolerance
6225,Mistura de embalagens,OVO,2021-06-16 17:39:02,50,false,,0,2021-06-16 09:23:37.357,496,82,0.0,,NO_SENSOR_MATCH,50.0,driver: no sensor reading within tolerance
6225,Mistura de embalagens,OVO,2021-09-17 18:45:23,50,false,,51,2021-09-17 13:15:16.692,330,82,62.2,,NO_SENSOR_MATCH,50.0,driver: no sensor reading within tolerance
6225,Mistura de embalagens,OVO,2021-09-17 18:50:23,0,true,14657,51,2021-09-17 13:15:16.692,335,82,62.2,,EVENT_ZERO_POST_EMPTYING,,excluded: post-emptying record
6225,Mistura de embalagens,OVO,2022-04-04 17:46:27.742,0,false,,9,2022-04-04 15:47:28.961,119,82,11.0,11.0,GOOD_AGREEMENT,11.0,sensor (normalized): validated by driver within one scale step
6225,Mistura de embalagens,OVO,2022-06-17 20:01:00.359,0,false,,9,2022-06-17 23:20:18.518,199,82,11.0,,NO_SENSOR_MATCH,0.0,driver: no sensor reading within tolerance
6900,Embalagens de papel e cartão,OVO,2022-02-22 17:46:59.393,0,false,,6,2022-02-22 17:46:04.404,0,82,7.3,7.3,GOOD_AGREEMENT,7.3,sensor (normalized): validated by driver within one scale step
6900,Embalagens de papel e cartão,OVO,2022-09-20 19:03:21.504,0,false,,10,2022-09-20 22:36:18.574,213,82,12.2,,NO_SENSOR_MATCH,0.0,driver: no sensor reading within tolerance
7246,Mistura de embalagens,OVO,2020-03-12 17:07:22,25,false,,82,2020-03-13 01:50:23.807,523,82,100.0,,NO_SENSOR_MATCH,25.0,driver: no sensor reading within tolerance
7246,Mistura de embalagens,OVO,2020-03-12 17:12:22,0,true,2319,82,2020-03-13 01:50:23.807,518,82,100.0,,EVENT_ZERO_POST_EMPTYING,,excluded: post-emptying record
7246,Mistura de embalagens,OVO,2020-05-26 16:21:02,0,false,,82,2020-05-06 22:40:36.055,28421,82,100.0,,NO_SENSOR_MATCH,0.0,driver: no sensor reading within tolerance
7246,Mistura de embalagens,OVO,2020-05-28 18:30:32,0,false,,82,2020-05-06 22:40:36.055,31430,82,100.0,,NO_SENSOR_MATCH,0.0,driver: no sensor reading within tolerance
7246,Mistura de embalagens,OVO,2020-07-09 16:24:40,0,false,,80,2020-07-17 07:47:36.884,11003,82,97.6,,NO_SENSOR_MATCH,0.0,driver: no sensor reading within tolerance
7246,Mistura de embalagens,OVO,2021-07-31 20:05:00,75,false,,0,2021-07-31 20:11:03.538,6,82,0.0,75.0,LARGE_DISAGREEMENT,,none: flagged for investigation
7246,Mistura de embalagens,OVO,2021-07-31 20:10:00,0,true,13300,0,2021-07-31 20:11:03.538,1,82,0.0,0.0,EVENT_ZERO_POST_EMPTYING,,excluded: post-emptying record
7246,Mistura de embalagens,OVO,2021-11-03 18:45:07,0,false,,29,2021-11-03 16:41:18.156,124,82,35.4,35.4,LARGE_DISAGREEMENT,,none: flagged for investigation
7246,Mistura de embalagens,OVO,2022-07-18 20:50:14.735,100,false,,66,2022-07-18 18:02:58.938,168,82,80.5,19.5,MODERATE_AGREEMENT,80.5,sensor (normalized): validated by driver within one scale step
7246,Mistura de embalagens,OVO,2023-06-30 17:57:51.093,0,false,,66,2023-06-30 00:44:43.818,1033,82,80.5,,NO_SENSOR_MATCH,0.0,driver: no sensor reading within tolerance
7246,Mistura de embalagens,OVO,2023-06-30 17:17:02.18,75,false,,66,2023-06-30 00:44:43.818,993,82,80.5,,NO_SENSOR_MATCH,75.0,driver: no sensor reading within tolerance
7246,Mistura de embalagens,OVO,2023-06-30 17:22:02.18,0,true,33213,66,2023-06-30 00:44:43.818,998,82,80.5,,EVENT_ZERO_POST_EMPTYING,,excluded: post-emptying record
7445,Mistura de embalagens,OVO,2020-05-26 19:45:56,25,false,,41,2020-04-30 02:15:25.573,38490,82,50.0,,NO_SENSOR_MATCH,25.0,driver: no sensor reading within tolerance
7445,Mistura de embalagens,OVO,2020-05-28 19:49:32,75,false,,41,2020-04-30 02:15:25.573,41374,82,50.0,,NO_SENSOR_MATCH,75.0,driver: no sensor reading within tolerance
7445,Mistura de embalagens,OVO,2020-05-28 19:54:32,0,true,3764,41,2020-04-30 02:15:25.573,41379,82,50.0,,EVENT_ZERO_POST_EMPTYING,,excluded: post-emptying record
7445,Mistura de embalagens,OVO,2020-07-09 20:27:11,100,false,,41,2020-04-30 02:15:25.573,101892,82,50.0,,NO_SENSOR_MATCH,100.0,driver: no sensor reading within tolerance
7445,Mistura de embalagens,OVO,2020-07-09 20:32:11,0,true,4613,41,2020-04-30 02:15:25.573,101897,82,50.0,,EVENT_ZERO_POST_EMPTYING,,excluded: post-emptying record
7445,Mistura de embalagens,OVO,2021-03-08 17:12:59,100,false,,82,2021-03-08 16:57:32.341,15,82,100.0,0.0,CEILING_CASE,100.0,"sensor (normalized): ceiling case, driver corroborates full"
7445,Mistura de embalagens,OVO,2021-06-28 17:44:43,75,false,,68,2021-06-28 09:06:22.155,518,82,82.9,,NO_SENSOR_MATCH,75.0,driver: no sensor reading within tolerance
7445,Mistura de embalagens,OVO,2021-06-28 17:49:43,0,false,,68,2021-06-28 09:06:22.155,523,82,82.9,,NO_SENSOR_MATCH,0.0,driver: no sensor reading within tolerance
7445,Mistura de embalagens,OVO,2021-08-03 23:28:55,75,false,,50,2021-08-03 13:22:22.891,606,82,61.0,,NO_SENSOR_MATCH,75.0,driver: no sensor reading within tolerance
7445,Mistura de embalagens,OVO,2021-08-03 23:33:55,0,true,13370,50,2021-08-03 13:22:22.891,611,82,61.0,,EVENT_ZERO_POST_EMPTYING,,excluded: post-emptying record
7445,Mistura de embalagens,OVO,2021-10-16 18:11:26,75,false,,56,2021-10-16 14:14:53.351,237,82,68.3,,NO_SENSOR_MATCH,75.0,driver: no sensor reading within tolerance
7445,Mistura de embalagens,OVO,2021-11-15 19:09:53,100,false,,82,2021-11-15 14:54:03.112,255,82,100.0,,NO_SENSOR_MATCH,100.0,driver: no sensor reading within tolerance
7445,Mistura de embalagens,OVO,2021-11-15 19:14:53,0,true,16148,82,2021-11-15 14:54:03.112,260,82,100.0,,EVENT_ZERO_POST_EMPTYING,,excluded: post-emptying record
7445,Mistura de embalagens,OVO,2022-06-07 19:20:47.134,100,false,,82,2022-06-07 17:50:27.286,90,82,100.0,0.0,CEILING_CASE,100.0,"sensor (normalized): ceiling case, driver corroborates full"
7445,Mistura de embalagens,OVO,2022-06-07 19:25:47.134,0,true,21489,82,2022-06-07 17:50:27.286,95,82,100.0,100.0,EVENT_ZERO_POST_EMPTYING,,excluded: post-emptying record
7445,Mistura de embalagens,OVO,2022-07-01 19:48:33.27,100,false,,82,2022-07-01 16:30:56.949,198,82,100.0,,NO_SENSOR_MATCH,100.0,driver: no sensor reading within tolerance
7445,Mistura de embalagens,OVO,2023-01-27 22:14:58.047,100,false,,79,2023-01-27 16:26:52.308,348,82,96.3,,NO_SENSOR_MATCH,100.0,driver: no sensor reading within tolerance
7445,Mistura de embalagens,OVO,2023-01-27 22:19:58.047,0,true,28498,79,2023-01-27 16:26:52.308,353,82,96.3,,EVENT_ZERO_POST_EMPTYING,,excluded: post-emptying record
7445,Mistura de embalagens,OVO,2023-04-18 00:44:57.998,100,false,,82,2023-04-17 23:26:49.035,78,82,100.0,0.0,CEILING_CASE,100.0,"sensor (normalized): ceiling case, driver corroborates full"
7445,Mistura de embalagens,OVO,2023-04-18 00:49:57.998,0,true,30781,82,2023-04-17 23:26:49.035,83,82,100.0,100.0,EVENT_ZERO_POST_EMPTYING,,excluded: post-emptying record
7445,Mistura de embalagens,OVO,2023-08-24 18:33:27.589,75,false,,74,2023-08-23 18:09:45.685,1464,82,90.2,,NO_SENSOR_MATCH,75.0,driver: no sensor reading within tolerance
7445,Mistura de embalagens,OVO,2023-08-24 18:38:27.589,0,true,35204,74,2023-08-23 18:09:45.685,1469,82,90.2,,EVENT_ZERO_POST_EMPTYING,,excluded: post-emptying record
9419,Embalagens de papel e cartão,OVO,2020-05-07 08:50:15,25,false,,82,2020-05-06 21:52:31.854,658,82,100.0,,NO_SENSOR_MATCH,25.0,driver: no sensor reading within tolerance
9419,Embalagens de papel e cartão,OVO,2020-08-25 18:06:07,50,false,,82,2020-08-25 21:22:25.328,196,82,100.0,,NO_SENSOR_MATCH,50.0,driver: no sensor reading within tolerance
9419,Embalagens de papel e cartão,OVO,2020-08-25 18:11:07,0,true,5670,82,2020-08-25 21:22:25.328,191,82,100.0,,EVENT_ZERO_POST_EMPTYING,,excluded: post-emptying record
9419,Embalagens de papel e cartão,OVO,2021-05-10 18:59:18,75,false,,20,2021-05-10 18:17:42.544,42,82,24.4,50.6,LARGE_DISAGREEMENT,,none: flagged for investigation
9419,Embalagens de papel e cartão,OVO,2021-05-10 19:04:18,0,true,11169,20,2021-05-10 18:17:42.544,47,82,24.4,24.4,EVENT_ZERO_POST_EMPTYING,,excluded: post-emptying record
9419,Embalagens de papel e cartão,OVO,2021-05-24 17:42:11,100,false,,20,2021-05-24 17:41:19.672,1,82,24.4,75.6,LARGE_DISAGREEMENT,,none: flagged for investigation
9419,Embalagens de papel e cartão,OVO,2021-05-24 17:47:11,0,true,11509,20,2021-05-24 17:41:19.672,6,82,24.4,24.4,EVENT_ZERO_POST_EMPTYING,,excluded: post-emptying record
9419,Embalagens de papel e cartão,OVO,2022-01-21 18:58:47,50,false,,11,2022-01-21 20:08:20.75,70,82,13.4,36.6,LARGE_DISAGREEMENT,,none: flagged for investigation
9419,Embalagens de papel e cartão,OVO,2022-01-21 19:03:47,0,true,17714,11,2022-01-21 20:08:20.75,65,82,13.4,13.4,EVENT_ZERO_POST_EMPTYING,,excluded: post-emptying record
9419,Embalagens de papel e cartão,OVO,2022-02-05 13:41:03,0,false,,11,2022-02-05 13:54:58.915,13,82,13.4,13.4,MODERATE_AGREEMENT,13.4,sensor (normalized): validated by driver within one scale step
9419,Embalagens de papel e cartão,OVO,2022-03-05 08:55:52.573,0,false,,26,2022-03-05 02:56:40.139,359,82,31.7,,NO_SENSOR_MATCH,0.0,driver: no sensor reading within tolerance
9419,Embalagens de papel e cartão,OVO,2022-05-30 19:39:43.928,100,false,,82,2022-05-29 21:28:40.295,1331,82,100.0,,NO_SENSOR_MATCH,100.0,driver: no sensor reading within tolerance
9419,Embalagens de papel e cartão,OVO,2022-05-30 19:44:43.928,0,true,21241,82,2022-05-29 21:28:40.295,1336,82,100.0,,EVENT_ZERO_POST_EMPTYING,,excluded: post-emptying record
9419,Embalagens de papel e cartão,OVO,2022-10-18 21:32:57.589,0,false,,0,2022-10-19 13:14:24.166,942,82,0.0,,NO_SENSOR_MATCH,0.0,driver: no sensor reading within tolerance
9419,Embalagens de papel e cartão,OVO,2023-03-28 19:23:44.061,100,false,,6,2023-03-29 05:08:52.636,585,82,7.3,,NO_SENSOR_MATCH,100.0,driver: no sensor reading within tolerance
9419,Embalagens de papel e cartão,OVO,2023-03-28 19:28:44.061,0,true,30155,6,2023-03-29 05:08:52.636,580,82,7.3,,EVENT_ZERO_POST_EMPTYING,,excluded: post-emptying record
9419,Embalagens de papel e cartão,OVO,2023-05-15 19:02:51.508,100,false,,82,2023-05-15 17:22:12.406,100,82,100.0,0.0,CEILING_CASE,100.0,"sensor (normalized): ceiling case, driver corroborates full"
9594,Embalagens de papel e cartão,OVO,2023-10-06 21:35:58.534,0,false,,12,2023-10-06 21:56:26.626,21,82,14.6,14.6,MODERATE_AGREEMENT,14.6,sensor (normalized): validated by driver within one scale step
11772,Mistura de embalagens,OVO,2024-01-24 16:38:17.493,100,false,,14,2024-01-24 16:47:23.317,9,82,17.1,82.9,LARGE_DISAGREEMENT,,none: flagged for investigation
11772,Mistura de embalagens,OVO,2024-01-24 16:43:17.493,0,true,40611,14,2024-01-24 16:47:23.317,4,82,17.1,17.1,EVENT_ZERO_POST_EMPTYING,,excluded: post-emptying record
11806,Mistura de embalagens,OVO,2021-05-20 18:10:19,0,false,,33,2021-05-20 23:55:33.755,345,82,40.2,,NO_SENSOR_MATCH,0.0,driver: no sensor reading within tolerance
11806,Mistura de embalagens,OVO,2021-05-28 18:38:20,50,false,,3,2021-05-28 19:11:57.95,33,82,3.7,46.3,LARGE_DISAGREEMENT,,none: flagged for investigation
11806,Mistura de embalagens,OVO,2021-05-28 18:43:20,0,true,11643,3,2021-05-28 19:11:57.95,28,82,3.7,3.7,EVENT_ZERO_POST_EMPTYING,,excluded: post-emptying record
11806,Mistura de embalagens,OVO,2021-08-04 19:25:41,0,false,,35,2021-08-03 09:49:03.331,2016,82,42.7,,NO_SENSOR_MATCH,0.0,driver: no sensor reading within tolerance
11806,Mistura de embalagens,OVO,2022-01-05 18:28:48,25,false,,30,2022-01-05 21:32:10.374,184,82,36.6,,NO_SENSOR_MATCH,25.0,driver: no sensor reading within tolerance
11806,Mistura de embalagens,OVO,2022-06-15 18:45:16.754,50,false,,0,2022-06-16 05:35:38.415,650,82,0.0,,NO_SENSOR_MATCH,50.0,driver: no sensor reading within tolerance
11806,Mistura de embalagens,OVO,2022-06-15 18:50:16.754,0,true,21733,0,2022-06-16 05:35:38.415,645,82,0.0,,EVENT_ZERO_POST_EMPTYING,,excluded: post-emptying record
11806,Mistura de embalagens,OVO,2023-05-18 19:14:05.906,75,false,,12,2023-05-18 20:16:36.207,62,82,14.6,60.4,LARGE_DISAGREEMENT,,none: flagged for investigation
11806,Mistura de embalagens,OVO,2023-05-18 19:19:05.906,0,true,31786,12,2023-05-18 20:16:36.207,57,82,14.6,14.6,EVENT_ZERO_POST_EMPTYING,,excluded: post-emptying record
11806,Mistura de embalagens,OVO,2023-10-03 18:37:24.859,75,false,,64,2023-10-03 17:59:24.079,38,82,78.0,3.0,GOOD_AGREEMENT,78.0,sensor (normalized): validated by driver within one scale step
11806,Mistura de embalagens,OVO,2023-10-03 18:42:24.859,0,true,36629,64,2023-10-03 17:59:24.079,43,82,78.0,78.0,EVENT_ZERO_POST_EMPTYING,,excluded: post-emptying record
11827,Mistura de embalagens,OVO,2020-04-09 20:11:22,0,false,,82,2020-04-09 12:49:53.317,442,82,100.0,,NO_SENSOR_MATCH,0.0,driver: no sensor reading within tolerance
11827,Mistura de embalagens,OVO,2021-09-25 16:20:47,75,false,,53,2021-09-25 11:13:00.093,307,82,64.6,,NO_SENSOR_MATCH,75.0,driver: no sensor reading within tolerance
11827,Mistura de embalagens,OVO,2021-09-25 16:25:47,0,true,14891,53,2021-09-25 11:13:00.093,312,82,64.6,,EVENT_ZERO_POST_EMPTYING,,excluded: post-emptying record
11827,Mistura de embalagens,OVO,2021-10-19 18:20:01,75,false,,38,2021-10-19 11:59:08.94,381,82,46.3,,NO_SENSOR_MATCH,75.0,driver: no sensor reading within tolerance
11827,Mistura de embalagens,OVO,2021-12-18 18:16:56,0,false,,25,2021-12-18 17:46:35.811,30,82,30.5,30.5,LARGE_DISAGREEMENT,,none: flagged for investigation
11827,Mistura de embalagens,OVO,2022-03-02 21:00:57.744,75,false,,68,2022-03-03 06:57:07.716,597,82,82.9,,NO_SENSOR_MATCH,75.0,driver: no sensor reading within tolerance
11827,Mistura de embalagens,OVO,2022-04-23 07:34:48.019,100,false,,2,2022-04-23 09:20:14.376,106,82,2.4,97.6,LARGE_DISAGREEMENT,,none: flagged for investigation
11827,Mistura de embalagens,OVO,2022-04-23 07:39:48.019,0,true,20163,2,2022-04-23 09:20:14.376,101,82,2.4,2.4,EVENT_ZERO_POST_EMPTYING,,excluded: post-emptying record
11827,Mistura de embalagens,OVO,2022-06-06 09:39:02.361,0,false,,9,2022-06-06 10:36:38.39,57,82,11.0,11.0,GOOD_AGREEMENT,11.0,sensor (normalized): validated by driver within one scale step
11827,Mistura de embalagens,OVO,2022-10-11 19:41:55.354,100,false,,6,2022-10-11 20:58:29.863,77,82,7.3,92.7,LARGE_DISAGREEMENT,,none: flagged for investigation
11827,Mistura de embalagens,OVO,2022-10-11 19:46:55.354,0,true,25395,6,2022-10-11 20:58:29.863,72,82,7.3,7.3,EVENT_ZERO_POST_EMPTYING,,excluded: post-emptying record
11827,Mistura de embalagens,OVO,2022-12-06 19:03:08.233,75,false,,69,2022-12-06 18:21:14.02,42,82,84.1,9.1,GOOD_AGREEMENT,84.1,sensor (normalized): validated by driver within one scale step
11828,Mistura de embalagens,OVO,2021-07-14 17:07:01,100,false,,66,2021-07-14 06:45:44.992,622,82,80.5,,NO_SENSOR_MATCH,100.0,driver: no sensor reading within tolerance
11828,Mistura de embalagens,OVO,2021-07-14 17:12:01,0,true,12794,66,2021-07-14 06:45:44.992,627,82,80.5,,EVENT_ZERO_POST_EMPTYING,,excluded: post-emptying record
11828,Mistura de embalagens,OVO,2021-12-10 18:44:11,75,false,,51,2021-12-10 09:01:50.094,583,82,62.2,,NO_SENSOR_MATCH,75.0,driver: no sensor reading within tolerance
11828,Mistura de embalagens,OVO,2021-12-10 18:49:11,0,true,16747,51,2021-12-10 09:01:50.094,588,82,62.2,,EVENT_ZERO_POST_EMPTYING,,excluded: post-emptying record
11828,Mistura de embalagens,OVO,2022-02-21 11:36:06.648,75,false,,52,2022-02-21 12:20:18.513,44,82,63.4,11.6,GOOD_AGREEMENT,63.4,sensor (normalized): validated by driver within one scale step
11832,Mistura de embalagens,OVO,2021-07-27 18:04:55,50,false,,33,2021-07-27 23:37:39.531,333,82,40.2,,NO_SENSOR_MATCH,50.0,driver: no sensor reading within tolerance
11832,Mistura de embalagens,OVO,2022-04-28 19:56:55.245,0,false,,19,2022-04-27 20:54:20.733,1382,82,23.2,,NO_SENSOR_MATCH,0.0,driver: no sensor reading within tolerance
11990,Embalagens de papel e cartão,VRL,2020-03-17 17:32:30,100,false,,82,2020-03-17 05:32:44.92,720,82,100.0,,NO_SENSOR_MATCH,100.0,driver: no sensor reading within tolerance
11990,Embalagens de papel e cartão,VRL,2020-03-17 17:37:30,0,true,2410,82,2020-03-17 05:32:44.92,725,82,100.0,,EVENT_ZERO_POST_EMPTYING,,excluded: post-emptying record
11990,Embalagens de papel e cartão,VRL,2020-04-21 21:29:47,50,false,,82,2020-04-21 10:57:04.577,632,82,100.0,,NO_SENSOR_MATCH,50.0,driver: no sensor reading within tolerance
11990,Embalagens de papel e cartão,VRL,2020-04-21 21:34:47,0,true,3026,82,2020-04-21 10:57:04.577,637,82,100.0,,EVENT_ZERO_POST_EMPTYING,,excluded: post-emptying record
11990,Embalagens de papel e cartão,VRL,2020-11-24 07:31:11,50,false,,44,2020-11-24 00:11:30.46,440,82,53.7,,NO_SENSOR_MATCH,50.0,driver: no sensor reading within tolerance
11990,Embalagens de papel e cartão,VRL,2021-03-27 15:10:15,0,false,,32,2021-03-27 16:21:51.905,71,82,39.0,39.0,LARGE_DISAGREEMENT,,none: flagged for investigation
11990,Embalagens de papel e cartão,VRL,2021-07-06 17:53:16,75,false,,66,2021-07-06 15:14:48.366,159,82,80.5,5.5,GOOD_AGREEMENT,80.5,sensor (normalized): validated by driver within one scale step
11990,Embalagens de papel e cartão,VRL,2021-07-06 17:58:16,0,true,12583,66,2021-07-06 15:14:48.366,164,82,80.5,80.5,EVENT_ZERO_POST_EMPTYING,,excluded: post-emptying record
11990,Embalagens de papel e cartão,VRL,2021-10-25 19:09:32,50,false,,37,2021-10-25 23:02:37.853,233,82,45.1,,NO_SENSOR_MATCH,50.0,driver: no sensor reading within tolerance
11990,Embalagens de papel e cartão,VRL,2021-12-20 22:07:45,25,false,,38,2021-12-20 15:46:00.273,381,82,46.3,,NO_SENSOR_MATCH,25.0,driver: no sensor reading within tolerance
11990,Embalagens de papel e cartão,VRL,2022-01-03 21:35:57,100,false,,82,2022-01-03 19:52:02.332,103,82,100.0,0.0,CEILING_CASE,100.0,"sensor (normalized): ceiling case, driver corroborates full"
11990,Embalagens de papel e cartão,VRL,2022-01-03 21:40:57,0,true,17242,82,2022-01-03 19:52:02.332,108,82,100.0,100.0,EVENT_ZERO_POST_EMPTYING,,excluded: post-emptying record
11990,Embalagens de papel e cartão,VRL,2022-01-11 22:15:26,0,false,,42,2022-01-11 21:32:13.767,43,82,51.2,51.2,LARGE_DISAGREEMENT,,none: flagged for investigation
11990,Embalagens de papel e cartão,VRL,2022-07-21 19:35:58.869,100,false,,35,2022-07-21 19:39:59.23,4,82,42.7,57.3,LARGE_DISAGREEMENT,,none: flagged for investigation
11990,Embalagens de papel e cartão,VRL,2022-07-21 19:40:58.869,0,true,22863,35,2022-07-21 19:39:59.23,1,82,42.7,42.7,EVENT_ZERO_POST_EMPTYING,,excluded: post-emptying record
11990,Embalagens de papel e cartão,VRL,2022-08-01 18:34:51.365,75,false,,32,2022-08-01 18:33:37.337,1,82,39.0,36.0,LARGE_DISAGREEMENT,,none: flagged for investigation
11990,Embalagens de papel e cartão,VRL,2022-08-01 18:39:51.365,0,true,23164,32,2022-08-01 18:33:37.337,6,82,39.0,39.0,EVENT_ZERO_POST_EMPTYING,,excluded: post-emptying record
11990,Embalagens de papel e cartão,VRL,2022-08-22 19:58:28.928,100,false,,69,2022-08-22 11:52:34.012,486,82,84.1,,NO_SENSOR_MATCH,100.0,driver: no sensor reading within tolerance
11990,Embalagens de papel e cartão,VRL,2022-08-22 20:03:28.928,0,true,23829,69,2022-08-22 11:52:34.012,491,82,84.1,,EVENT_ZERO_POST_EMPTYING,,excluded: post-emptying record
11990,Embalagens de papel e cartão,VRL,2022-11-28 19:02:14.581,100,false,,81,2022-11-28 07:12:36.613,710,82,98.8,,NO_SENSOR_MATCH,100.0,driver: no sensor reading within tolerance
11990,Embalagens de papel e cartão,VRL,2023-03-14 20:01:21.388,100,false,,43,2023-03-14 21:03:04.221,62,82,52.4,47.6,LARGE_DISAGREEMENT,,none: flagged for investigation
11990,Embalagens de papel e cartão,VRL,2023-03-14 20:06:21.388,0,true,29746,43,2023-03-14 21:03:04.221,57,82,52.4,52.4,EVENT_ZERO_POST_EMPTYING,,excluded: post-emptying record
11990,Embalagens de papel e cartão,VRL,2023-05-02 21:30:36.118,100,false,,66,2023-05-02 03:53:04.066,1057,82,80.5,,NO_SENSOR_MATCH,100.0,driver: no sensor reading within tolerance
11990,Embalagens de papel e cartão,VRL,2023-05-02 21:35:36.118,0,true,31234,66,2023-05-02 03:53:04.066,1062,82,80.5,,EVENT_ZERO_POST_EMPTYING,,excluded: post-emptying record
11990,Embalagens de papel e cartão,VRL,2023-09-13 16:59:17.194,100,false,,67,2023-09-13 14:26:09.301,153,82,81.7,18.3,MODERATE_AGREEMENT,81.7,sensor (normalized): validated by driver within one scale step
11990,Embalagens de papel e cartão,VRL,2023-09-13 17:04:17.194,0,true,35957,67,2023-09-13 14:26:09.301,158,82,81.7,81.7,EVENT_ZERO_POST_EMPTYING,,excluded: post-emptying record
12216,Mistura de embalagens,OVO,2020-05-08 16:48:13,0,false,,82,2020-05-08 08:12:11.687,516,82,100.0,,NO_SENSOR_MATCH,0.0,driver: no sensor reading within tolerance
12216,Mistura de embalagens,OVO,2020-07-22 16:22:52,0,false,,82,2020-07-22 11:05:52.179,317,82,100.0,,NO_SENSOR_MATCH,0.0,driver: no sensor reading within tolerance
12216,Mistura de embalagens,OVO,2020-10-23 16:18:07,0,false,,32,2020-10-24 00:26:32.685,488,82,39.0,,NO_SENSOR_MATCH,0.0,driver: no sensor reading within tolerance
12216,Mistura de embalagens,OVO,2021-03-19 16:42:58,0,false,,11,2021-03-19 20:03:27.351,201,82,13.4,,NO_SENSOR_MATCH,0.0,driver: no sensor reading within tolerance
12216,Mistura de embalagens,OVO,2021-03-26 16:50:03,100,false,,31,2021-03-27 00:48:33.242,478,82,37.8,,NO_SENSOR_MATCH,100.0,driver: no sensor reading within tolerance
12216,Mistura de embalagens,OVO,2021-03-26 16:55:03,0,true,10097,31,2021-03-27 00:48:33.242,473,82,37.8,,EVENT_ZERO_POST_EMPTYING,,excluded: post-emptying record
12216,Mistura de embalagens,OVO,2021-04-28 16:20:05,100,false,,67,2021-04-28 11:29:46.798,291,82,81.7,,NO_SENSOR_MATCH,100.0,driver: no sensor reading within tolerance
12216,Mistura de embalagens,OVO,2021-04-28 16:25:05,0,true,10859,67,2021-04-28 11:29:46.798,296,82,81.7,,EVENT_ZERO_POST_EMPTYING,,excluded: post-emptying record
12216,Mistura de embalagens,OVO,2021-10-01 16:29:24,25,false,,78,2021-10-01 17:50:07.052,81,82,95.1,70.1,LARGE_DISAGREEMENT,,none: flagged for investigation
12216,Mistura de embalagens,OVO,2021-10-22 17:21:33,0,false,,9,2021-10-22 10:31:21.112,410,82,11.0,,NO_SENSOR_MATCH,0.0,driver: no sensor reading within tolerance
12216,Mistura de embalagens,OVO,2021-11-03 17:01:59,100,false,,49,2021-11-03 19:00:06.099,119,82,59.8,40.2,LARGE_DISAGREEMENT,,none: flagged for investigation
12216,Mistura de embalagens,OVO,2021-11-03 17:06:59,0,true,15815,49,2021-11-03 19:00:06.099,114,82,59.8,59.8,EVENT_ZERO_POST_EMPTYING,,excluded: post-emptying record
12216,Mistura de embalagens,OVO,2021-12-24 05:42:42,50,false,,9,2021-12-24 09:39:14.736,237,82,11.0,,NO_SENSOR_MATCH,50.0,driver: no sensor reading within tolerance
12216,Mistura de embalagens,OVO,2021-12-24 05:47:42,0,true,17042,9,2021-12-24 09:39:14.736,232,82,11.0,,EVENT_ZERO_POST_EMPTYING,,excluded: post-emptying record
12216,Mistura de embalagens,OVO,2022-02-07 17:38:25,25,false,,30,2022-02-08 01:03:35.27,445,82,36.6,,NO_SENSOR_MATCH,25.0,driver: no sensor reading within tolerance
12216,Mistura de embalagens,OVO,2022-07-01 21:58:02.125,25,false,,29,2022-07-01 23:53:30.84,115,82,35.4,10.4,GOOD_AGREEMENT,35.4,sensor (normalized): validated by driver within one scale step
12216,Mistura de embalagens,OVO,2022-08-17 17:51:19.156,0,false,,30,2022-08-17 16:21:04.668,90,82,36.6,36.6,LARGE_DISAGREEMENT,,none: flagged for investigation
12216,Mistura de embalagens,OVO,2022-08-19 16:51:34.635,75,false,,30,2022-08-19 17:39:11.152,48,82,36.6,38.4,LARGE_DISAGREEMENT,,none: flagged for investigation
12216,Mistura de embalagens,OVO,2022-08-19 16:56:34.635,0,true,23744,30,2022-08-19 17:39:11.152,43,82,36.6,36.6,EVENT_ZERO_POST_EMPTYING,,excluded: post-emptying record
12216,Mistura de embalagens,OVO,2022-09-26 17:10:23.332,75,false,,25,2022-09-27 03:01:39.741,591,82,30.5,,NO_SENSOR_MATCH,75.0,driver: no sensor reading within tolerance
12216,Mistura de embalagens,OVO,2022-09-26 17:15:23.332,0,true,24914,25,2022-09-27 03:01:39.741,586,82,30.5,,EVENT_ZERO_POST_EMPTYING,,excluded: post-emptying record
12216,Mistura de embalagens,OVO,2023-01-11 16:49:33.821,100,false,,36,2023-01-11 16:18:20.294,31,82,43.9,56.1,LARGE_DISAGREEMENT,,none: flagged for investigation
12216,Mistura de embalagens,OVO,2023-01-11 16:54:33.821,0,true,27969,36,2023-01-11 16:18:20.294,36,82,43.9,43.9,EVENT_ZERO_POST_EMPTYING,,excluded: post-emptying record
12216,Mistura de embalagens,OVO,2023-01-30 16:54:37.723,50,false,,11,2023-01-30 06:28:07.048,626,82,13.4,,NO_SENSOR_MATCH,50.0,driver: no sensor reading within tolerance
12216,Mistura de embalagens,OVO,2023-01-30 16:59:37.723,0,true,28518,11,2023-01-30 06:28:07.048,631,82,13.4,,EVENT_ZERO_POST_EMPTYING,,excluded: post-emptying record
12216,Mistura de embalagens,OVO,2023-03-31 18:05:09.449,50,false,,64,2023-03-31 18:02:32.732,3,82,78.0,28.0,LARGE_DISAGREEMENT,,none: flagged for investigation
12216,Mistura de embalagens,OVO,2023-03-31 18:10:09.449,0,true,30227,64,2023-03-31 18:02:32.732,8,82,78.0,78.0,EVENT_ZERO_POST_EMPTYING,,excluded: post-emptying record
12216,Mistura de embalagens,OVO,2023-04-17 17:22:09.545,0,false,,9,2023-04-17 19:07:43.12,105,82,11.0,11.0,GOOD_AGREEMENT,11.0,sensor (normalized): validated by driver within one scale step
12216,Mistura de embalagens,OVO,2023-07-07 09:00:37.392,75,false,,82,2023-07-20 12:58:43.461,18958,82,100.0,,NO_SENSOR_MATCH,75.0,driver: no sensor reading within tolerance
12216,Mistura de embalagens,OVO,2023-10-16 16:35:32.097,100,false,,13,2023-10-16 17:46:40.546,71,82,15.9,84.1,LARGE_DISAGREEMENT,,none: flagged for investigation
12216,Mistura de embalagens,OVO,2023-10-16 16:40:32.097,0,true,37079,13,2023-10-16 17:46:40.546,66,82,15.9,15.9,EVENT_ZERO_POST_EMPTYING,,excluded: post-emptying record
12216,Mistura de embalagens,OVO,2023-11-23 19:55:10.936,75,false,,11,2023-11-23 21:38:50.78,103,82,13.4,61.6,LARGE_DISAGREEMENT,,none: flagged for investigation
12216,Mistura de embalagens,OVO,2023-11-23 20:00:10.936,0,true,38474,11,2023-11-23 21:38:50.78,98,82,13.4,13.4,EVENT_ZERO_POST_EMPTYING,,excluded: post-emptying record
14338,Embalagens de papel e cartão,OVO,2020-06-25 17:54:00,0,false,,82,2020-06-25 15:27:29.2,147,82,100.0,100.0,LARGE_DISAGREEMENT,,none: flagged for investigation
14338,Embalagens de papel e cartão,OVO,2020-07-02 16:39:38,0,false,,82,2020-07-02 19:07:22.088,148,82,100.0,100.0,LARGE_DISAGREEMENT,,none: flagged for investigation
14338,Embalagens de papel e cartão,OVO,2020-08-04 18:32:10,0,false,,82,2020-08-04 11:56:48.254,396,82,100.0,,NO_SENSOR_MATCH,0.0,driver: no sensor reading within tolerance
14338,Embalagens de papel e cartão,OVO,2020-08-20 17:23:07,0,false,,82,2020-08-20 20:20:50.908,177,82,100.0,100.0,LARGE_DISAGREEMENT,,none: flagged for investigation
14338,Embalagens de papel e cartão,OVO,2020-12-15 17:08:59,0,false,,6,2020-12-15 08:27:41.296,521,82,7.3,,NO_SENSOR_MATCH,0.0,driver: no sensor reading within tolerance
14338,Embalagens de papel e cartão,OVO,2021-06-14 16:25:04,25,false,,38,2021-06-14 11:45:14.674,280,82,46.3,,NO_SENSOR_MATCH,25.0,driver: no sensor reading within tolerance
14338,Embalagens de papel e cartão,OVO,2021-06-14 16:30:04,0,true,12019,38,2021-06-14 11:45:14.674,285,82,46.3,,EVENT_ZERO_POST_EMPTYING,,excluded: post-emptying record
14338,Embalagens de papel e cartão,OVO,2022-08-19 20:47:48.354,100,false,,68,2022-08-19 20:46:23.185,1,82,82.9,17.1,MODERATE_AGREEMENT,82.9,sensor (normalized): validated by driver within one scale step
14338,Embalagens de papel e cartão,OVO,2022-08-19 20:52:48.354,0,true,23782,68,2022-08-19 20:46:23.185,6,82,82.9,82.9,EVENT_ZERO_POST_EMPTYING,,excluded: post-emptying record
14338,Embalagens de papel e cartão,OVO,2023-12-18 17:31:24.336,75,false,,82,2023-12-18 14:44:30.545,167,82,100.0,25.0,MODERATE_AGREEMENT,100.0,sensor (normalized): validated by driver within one scale step
14338,Embalagens de papel e cartão,OVO,2023-12-18 17:36:24.336,0,true,39320,82,2023-12-18 14:44:30.545,172,82,100.0,100.0,EVENT_ZERO_POST_EMPTYING,,excluded: post-emptying record
16540,Mistura de embalagens,OVO,2020-10-20 20:33:09,100,false,,73,2020-10-20 16:32:47.603,241,82,89.0,,NO_SENSOR_MATCH,100.0,driver: no sensor reading within tolerance
16540,Mistura de embalagens,OVO,2020-10-20 20:38:09,0,true,6855,73,2020-10-20 16:32:47.603,246,82,89.0,,EVENT_ZERO_POST_EMPTYING,,excluded: post-emptying record
16540,Mistura de embalagens,OVO,2021-03-17 07:31:29,0,false,,9,2021-03-17 08:33:57.263,62,82,11.0,11.0,GOOD_AGREEMENT,11.0,sensor (normalized): validated by driver within one scale step
16540,Mistura de embalagens,OVO,2021-06-09 20:16:54,100,false,,63,2021-06-09 04:56:52.838,920,82,76.8,,NO_SENSOR_MATCH,100.0,driver: no sensor reading within tolerance
16540,Mistura de embalagens,OVO,2021-06-09 20:21:54,0,true,11914,63,2021-06-09 04:56:52.838,925,82,76.8,,EVENT_ZERO_POST_EMPTYING,,excluded: post-emptying record
16540,Mistura de embalagens,OVO,2022-10-28 18:36:26.141,100,false,,66,2022-10-28 04:20:13.892,856,82,80.5,,NO_SENSOR_MATCH,100.0,driver: no sensor reading within tolerance
16540,Mistura de embalagens,OVO,2022-12-02 19:21:17.113,25,false,,28,2022-12-02 10:09:00.844,552,82,34.1,,NO_SENSOR_MATCH,25.0,driver: no sensor reading within tolerance
16540,Mistura de embalagens,OVO,2023-04-07 15:30:13.9,75,false,,77,2023-04-07 15:22:12.349,8,82,93.9,18.9,MODERATE_AGREEMENT,93.9,sensor (normalized): validated by driver within one scale step
16540,Mistura de embalagens,OVO,2023-04-07 15:35:13.9,0,true,30461,77,2023-04-07 15:22:12.349,13,82,93.9,93.9,EVENT_ZERO_POST_EMPTYING,,excluded: post-emptying record
16540,Mistura de embalagens,OVO,2023-06-02 17:32:44.573,75,false,,0,2023-06-02 18:44:02.618,72,82,0.0,75.0,LARGE_DISAGREEMENT,,none: flagged for investigation
16540,Mistura de embalagens,OVO,2023-06-02 17:37:44.573,0,true,32295,0,2023-06-02 18:44:02.618,67,82,0.0,0.0,EVENT_ZERO_POST_EMPTYING,,excluded: post-emptying record
16540,Mistura de embalagens,OVO,2023-10-18 18:31:41.632,100,false,,4,2023-10-18 19:56:50.601,85,82,4.9,95.1,LARGE_DISAGREEMENT,,none: flagged for investigation
16540,Mistura de embalagens,OVO,2023-10-18 18:36:41.632,0,true,37183,4,2023-10-18 19:56:50.601,80,82,4.9,4.9,EVENT_ZERO_POST_EMPTYING,,excluded: post-emptying record
18700,Embalagens de papel e cartão,OVO,2022-07-30 13:18:55.223,75,false,,38,2022-07-30 12:28:34.696,50,82,46.3,28.7,LARGE_DISAGREEMENT,,none: flagged for investigation
22050,Mistura de embalagens,OVO,2023-09-19 19:03:43.304,0,false,,82,2023-09-19 14:18:10.219,285,82,100.0,,NO_SENSOR_MATCH,0.0,driver: no sensor reading within tolerance
27048,Mistura de embalagens,AMBI,2023-11-09 17:56:29.009,75,false,,68,2023-11-09 18:03:49.889,7,84,81.0,6.0,GOOD_AGREEMENT,81.0,sensor (normalized): validated by driver within one scale step
27048,Mistura de embalagens,AMBI,2024-03-12 19:54:30.53,75,false,,66,2024-03-12 19:51:41.716,3,84,78.6,3.6,GOOD_AGREEMENT,78.6,sensor (normalized): validated by driver within one scale step
1606,Mistura de embalagens,OVO,2021-06-18 20:49:20,100,false,,67,2021-06-18 19:37:23.525,72,82,81.7,18.3,MODERATE_AGREEMENT,81.7,sensor (normalized): validated by driver within one scale step
1606,Mistura de embalagens,OVO,2021-06-18 20:54:20,0,true,12144,67,2021-06-18 19:37:23.525,77,82,81.7,81.7,EVENT_ZERO_POST_EMPTYING,,excluded: post-emptying record
1606,Mistura de embalagens,OVO,2021-07-13 20:00:20,100,false,,1,2021-07-13 20:11:33.896,11,82,1.2,98.8,LARGE_DISAGREEMENT,,none: flagged for investigation
1606,Mistura de embalagens,OVO,2021-07-13 20:05:20,0,true,12762,1,2021-07-13 20:11:33.896,6,82,1.2,1.2,EVENT_ZERO_POST_EMPTYING,,excluded: post-emptying record
1606,Mistura de embalagens,OVO,2023-11-09 11:34:28.04,0,false,,80,2023-11-07 09:23:26.127,3011,82,97.6,,NO_SENSOR_MATCH,0.0,driver: no sensor reading within tolerance
1621,Mistura de embalagens,OVO,2020-11-03 09:39:43,0,false,,0,2020-11-03 03:15:26.103,384,82,0.0,,NO_SENSOR_MATCH,0.0,driver: no sensor reading within tolerance
1621,Mistura de embalagens,OVO,2020-12-11 08:19:33,0,false,,10,2020-12-11 04:01:52.808,258,82,12.2,,NO_SENSOR_MATCH,0.0,driver: no sensor reading within tolerance
1621,Mistura de embalagens,OVO,2020-12-22 18:27:46,50,false,,32,2020-12-22 11:23:38.33,424,82,39.0,,NO_SENSOR_MATCH,50.0,driver: no sensor reading within tolerance
1621,Mistura de embalagens,OVO,2020-12-30 18:07:54,50,false,,32,2020-12-30 16:35:06.798,92,82,39.0,11.0,GOOD_AGREEMENT,39.0,sensor (normalized): validated by driver within one scale step
1621,Mistura de embalagens,OVO,2020-12-30 18:12:54,0,true,8305,32,2020-12-30 16:35:06.798,97,82,39.0,39.0,EVENT_ZERO_POST_EMPTYING,,excluded: post-emptying record
1621,Mistura de embalagens,OVO,2022-01-21 18:52:14,0,false,,1,2022-01-21 09:57:39.306,535,82,1.2,,NO_SENSOR_MATCH,0.0,driver: no sensor reading within tolerance
1621,Mistura de embalagens,OVO,2022-11-14 19:24:12.98,75,false,,59,2022-11-14 09:52:02.054,572,82,72.0,,NO_SENSOR_MATCH,75.0,driver: no sensor reading within tolerance
1621,Mistura de embalagens,OVO,2022-11-14 19:29:12.98,0,true,26314,59,2022-11-14 09:52:02.054,577,82,72.0,,EVENT_ZERO_POST_EMPTYING,,excluded: post-emptying record
2750,Embalagens de papel e cartão,OVO,2021-01-26 12:10:31,75,false,,72,2021-01-26 09:44:19.801,146,82,87.8,12.8,MODERATE_AGREEMENT,87.8,sensor (normalized): validated by driver within one scale step
2750,Embalagens de papel e cartão,OVO,2021-05-25 17:46:29,75,false,,59,2021-05-25 17:10:28.817,36,82,72.0,3.0,GOOD_AGREEMENT,72.0,sensor (normalized): validated by driver within one scale step
2750,Embalagens de papel e cartão,OVO,2021-05-25 17:46:29,75,false,,59,2021-05-25 17:10:28.817,36,82,72.0,3.0,GOOD_AGREEMENT,72.0,sensor (normalized): validated by driver within one scale step
2750,Embalagens de papel e cartão,OVO,2021-09-13 19:12:16,75,false,,0,2021-09-13 18:51:22.164,21,82,0.0,75.0,LARGE_DISAGREEMENT,,none: flagged for investigation
2750,Embalagens de papel e cartão,OVO,2021-09-13 19:17:16,0,true,14521,0,2021-09-13 18:51:22.164,26,82,0.0,0.0,EVENT_ZERO_POST_EMPTYING,,excluded: post-emptying record
2750,Embalagens de papel e cartão,OVO,2023-03-31 17:35:28.545,75,false,,50,2023-03-30 17:57:27.359,1418,82,61.0,,NO_SENSOR_MATCH,75.0,driver: no sensor reading within tolerance
2750,Embalagens de papel e cartão,OVO,2023-03-31 17:40:28.545,0,true,30250,50,2023-03-30 17:57:27.359,1423,82,61.0,,EVENT_ZERO_POST_EMPTYING,,excluded: post-emptying record
2750,Embalagens de papel e cartão,OVO,2023-04-14 17:17:00.048,100,false,,77,2023-04-14 14:32:54.066,165,82,93.9,6.1,GOOD_AGREEMENT,93.9,sensor (normalized): validated by driver within one scale step
2750,Embalagens de papel e cartão,OVO,2023-04-14 17:22:00.048,0,true,30689,77,2023-04-14 14:32:54.066,170,82,93.9,93.9,EVENT_ZERO_POST_EMPTYING,,excluded: post-emptying record
6225,Mistura de embalagens,OVO,2022-09-10 10:14:16.773,100,false,,3,2022-09-10 21:10:25.638,656,82,3.7,,NO_SENSOR_MATCH,100.0,driver: no sensor reading within tolerance
6225,Mistura de embalagens,OVO,2022-09-10 10:19:16.773,0,true,24462,3,2022-09-10 21:10:25.638,651,82,3.7,,EVENT_ZERO_POST_EMPTYING,,excluded: post-emptying record
6225,Mistura de embalagens,OVO,2023-02-17 21:43:27.252,100,false,,82,2023-02-17 15:18:34.651,385,82,100.0,,NO_SENSOR_MATCH,100.0,driver: no sensor reading within tolerance
6225,Mistura de embalagens,OVO,2023-02-17 21:48:27.252,0,true,29078,82,2023-02-17 15:18:34.651,390,82,100.0,,EVENT_ZERO_POST_EMPTYING,,excluded: post-emptying record
6225,Mistura de embalagens,OVO,2023-08-09 19:17:55.625,100,false,,35,2023-08-09 19:00:52.162,17,82,42.7,57.3,LARGE_DISAGREEMENT,,none: flagged for investigation
6225,Mistura de embalagens,OVO,2023-08-09 19:22:55.625,0,true,34620,35,2023-08-09 19:00:52.162,22,82,42.7,42.7,EVENT_ZERO_POST_EMPTYING,,excluded: post-emptying record
6225,Mistura de embalagens,OVO,2023-08-16 19:08:53.452,0,false,,82,2023-08-16 08:22:35.083,646,82,100.0,,NO_SENSOR_MATCH,0.0,driver: no sensor reading within tolerance
6225,Mistura de embalagens,OVO,2023-11-28 18:03:51.485,100,false,,82,2023-11-28 17:24:36.733,39,82,100.0,0.0,CEILING_CASE,100.0,"sensor (normalized): ceiling case, driver corroborates full"
6225,Mistura de embalagens,OVO,2023-11-28 18:08:51.485,0,true,38624,82,2023-11-28 17:24:36.733,44,82,100.0,100.0,EVENT_ZERO_POST_EMPTYING,,excluded: post-emptying record
6225,Mistura de embalagens,OVO,2023-11-28 18:02:44,-1,false,,82,2023-11-28 17:24:36.733,38,82,100.0,,DRIVER_MISSING_SENSOR_AVAILABLE,,none: flagged for investigation
6900,Embalagens de papel e cartão,OVO,2021-02-05 19:11:13,25,false,,15,2021-02-05 22:33:22.365,202,82,18.3,,NO_SENSOR_MATCH,25.0,driver: no sensor reading within tolerance
6900,Embalagens de papel e cartão,OVO,2021-01-12 19:15:47,0,false,,0,2021-01-13 10:33:24.908,918,82,0.0,,NO_SENSOR_MATCH,0.0,driver: no sensor reading within tolerance
6900,Embalagens de papel e cartão,OVO,2021-03-29 16:55:06,75,false,,64,2021-03-29 05:22:48.757,693,82,78.0,,NO_SENSOR_MATCH,75.0,driver: no sensor reading within tolerance
6900,Embalagens de papel e cartão,OVO,2021-03-29 17:00:06,0,true,10159,64,2021-03-29 05:22:48.757,698,82,78.0,,EVENT_ZERO_POST_EMPTYING,,excluded: post-emptying record
6900,Embalagens de papel e cartão,OVO,2021-12-07 18:04:22,75,false,,33,2021-12-06 22:20:04.008,1184,82,40.2,,NO_SENSOR_MATCH,75.0,driver: no sensor reading within tolerance
6900,Embalagens de papel e cartão,OVO,2021-12-07 18:09:22,0,true,16670,33,2021-12-06 22:20:04.008,1189,82,40.2,,EVENT_ZERO_POST_EMPTYING,,excluded: post-emptying record
6900,Embalagens de papel e cartão,OVO,2022-05-03 18:10:36.017,0,false,,9,2022-05-03 11:05:49.127,425,82,11.0,,NO_SENSOR_MATCH,0.0,driver: no sensor reading within tolerance
6900,Embalagens de papel e cartão,OVO,2022-05-23 17:13:45.499,75,false,,0,2022-05-23 17:36:19.368,23,82,0.0,75.0,LARGE_DISAGREEMENT,,none: flagged for investigation
6900,Embalagens de papel e cartão,OVO,2022-05-23 17:18:45.499,0,true,21025,0,2022-05-23 17:36:19.368,18,82,0.0,0.0,EVENT_ZERO_POST_EMPTYING,,excluded: post-emptying record
7246,Mistura de embalagens,OVO,2021-09-20 20:13:28,25,false,,35,2021-09-21 01:04:30.932,291,82,42.7,,NO_SENSOR_MATCH,25.0,driver: no sensor reading within tolerance
7246,Mistura de embalagens,OVO,2023-01-13 18:58:18.105,100,false,,50,2023-01-13 11:00:01.039,478,82,61.0,,NO_SENSOR_MATCH,100.0,driver: no sensor reading within tolerance
7246,Mistura de embalagens,OVO,2023-01-13 19:03:18.105,0,true,28087,50,2023-01-13 11:00:01.039,483,82,61.0,,EVENT_ZERO_POST_EMPTYING,,excluded: post-emptying record
7246,Mistura de embalagens,OVO,2023-11-07 20:49:49.437,75,false,,79,2023-11-13 12:17:51.066,8128,82,96.3,,NO_SENSOR_MATCH,75.0,driver: no sensor reading within tolerance
7445,Mistura de embalagens,OVO,2021-09-20 20:18:29,75,false,,38,2021-09-21 03:11:35.076,413,82,46.3,,NO_SENSOR_MATCH,75.0,driver: no sensor reading within tolerance
7445,Mistura de embalagens,OVO,2021-09-25 19:04:50,100,false,,19,2021-09-25 19:21:45.274,17,82,23.2,76.8,LARGE_DISAGREEMENT,,none: flagged for investigation
7445,Mistura de embalagens,OVO,2021-09-25 19:09:50,0,true,14891,19,2021-09-25 19:21:45.274,12,82,23.2,23.2,EVENT_ZERO_POST_EMPTYING,,excluded: post-emptying record
7445,Mistura de embalagens,OVO,2022-04-23 05:54:13.815,75,false,,28,2022-04-22 17:59:00.864,715,82,34.1,,NO_SENSOR_MATCH,75.0,driver: no sensor reading within tolerance
7445,Mistura de embalagens,OVO,2022-04-23 05:59:13.815,0,true,20163,28,2022-04-22 17:59:00.864,720,82,34.1,,EVENT_ZERO_POST_EMPTYING,,excluded: post-emptying record
7445,Mistura de embalagens,OVO,2022-11-01 13:25:07.966,0,false,,24,2022-11-01 15:26:14.525,121,82,29.3,29.3,LARGE_DISAGREEMENT,,none: flagged for investigation
7445,Mistura de embalagens,OVO,2023-08-11 20:12:02.203,100,false,,63,2023-08-11 05:55:46.139,857,82,76.8,,NO_SENSOR_MATCH,100.0,driver: no sensor reading within tolerance
7445,Mistura de embalagens,OVO,2023-08-11 20:17:02.203,0,true,34716,63,2023-08-11 05:55:46.139,862,82,76.8,,EVENT_ZERO_POST_EMPTYING,,excluded: post-emptying record
7445,Mistura de embalagens,OVO,2023-11-29 19:23:20.051,75,false,,37,2023-11-29 18:51:52.462,32,82,45.1,29.9,LARGE_DISAGREEMENT,,none: flagged for investigation
7445,Mistura de embalagens,OVO,2023-11-29 19:28:20.051,0,true,38677,37,2023-11-29 18:51:52.462,37,82,45.1,45.1,EVENT_ZERO_POST_EMPTYING,,excluded: post-emptying record
7445,Mistura de embalagens,OVO,2024-01-19 17:11:25.346,100,false,,76,2024-01-19 13:00:11.29,251,82,92.7,,NO_SENSOR_MATCH,100.0,driver: no sensor reading within tolerance
7445,Mistura de embalagens,OVO,2024-01-19 17:16:25.346,0,true,40449,76,2024-01-19 13:00:11.29,256,82,92.7,,EVENT_ZERO_POST_EMPTYING,,excluded: post-emptying record
9419,Embalagens de papel e cartão,OVO,2020-12-01 07:55:31,25,false,,33,2020-12-01 02:43:28.18,312,82,40.2,,NO_SENSOR_MATCH,25.0,driver: no sensor reading within tolerance
9419,Embalagens de papel e cartão,OVO,2020-12-01 08:00:31,0,true,7743,33,2020-12-01 02:43:28.18,317,82,40.2,,EVENT_ZERO_POST_EMPTYING,,excluded: post-emptying record
9419,Embalagens de papel e cartão,OVO,2021-08-16 18:53:26,75,false,,22,2021-08-16 17:59:11.762,54,82,26.8,48.2,LARGE_DISAGREEMENT,,none: flagged for investigation
9419,Embalagens de papel e cartão,OVO,2021-08-16 18:58:26,0,true,13731,22,2021-08-16 17:59:11.762,59,82,26.8,26.8,EVENT_ZERO_POST_EMPTYING,,excluded: post-emptying record
9419,Embalagens de papel e cartão,OVO,2021-12-21 19:34:12,100,false,,13,2021-12-21 20:53:51.954,79,82,15.9,84.1,LARGE_DISAGREEMENT,,none: flagged for investigation
9419,Embalagens de papel e cartão,OVO,2021-12-21 19:39:12,0,false,,13,2021-12-21 20:53:51.954,74,82,15.9,15.9,MODERATE_AGREEMENT,15.9,sensor (normalized): validated by driver within one scale step
9419,Embalagens de papel e cartão,OVO,2022-06-20 19:26:32.175,100,false,,14,2022-06-20 19:44:49.173,18,82,17.1,82.9,LARGE_DISAGREEMENT,,none: flagged for investigation
9419,Embalagens de papel e cartão,OVO,2022-06-20 19:31:32.175,0,true,21863,14,2022-06-20 19:44:49.173,13,82,17.1,17.1,EVENT_ZERO_POST_EMPTYING,,excluded: post-emptying record
9419,Embalagens de papel e cartão,OVO,2022-10-17 18:55:24.229,75,false,,10,2022-10-17 19:16:22.301,21,82,12.2,62.8,LARGE_DISAGREEMENT,,none: flagged for investigation
9419,Embalagens de papel e cartão,OVO,2022-10-17 19:00:24.229,0,true,25526,10,2022-10-17 19:16:22.301,16,82,12.2,12.2,EVENT_ZERO_POST_EMPTYING,,excluded: post-emptying record
9419,Embalagens de papel e cartão,OVO,2023-03-17 17:29:28.623,0,false,,1,2023-03-17 20:14:24.621,165,82,1.2,1.2,GOOD_AGREEMENT,1.2,sensor (normalized): validated by driver within one scale step
9419,Embalagens de papel e cartão,OVO,2023-05-16 18:57:00.53,100,false,,82,2023-05-16 16:31:24.74,146,82,100.0,0.0,CEILING_CASE,100.0,"sensor (normalized): ceiling case, driver corroborates full"
9419,Embalagens de papel e cartão,OVO,2023-05-16 19:02:00.53,0,true,31705,82,2023-05-16 16:31:24.74,151,82,100.0,100.0,EVENT_ZERO_POST_EMPTYING,,excluded: post-emptying record
9419,Embalagens de papel e cartão,OVO,2023-09-07 17:07:42.969,0,false,,0,2023-09-07 13:11:53.921,236,82,0.0,,NO_SENSOR_MATCH,0.0,driver: no sensor reading within tolerance
11772,Mistura de embalagens,OVO,2023-07-31 21:03:44.346,100,false,,13,2023-07-31 21:18:39.925,15,82,15.9,84.1,LARGE_DISAGREEMENT,,none: flagged for investigation
11772,Mistura de embalagens,OVO,2023-07-31 21:08:44.346,0,true,34253,13,2023-07-31 21:18:39.925,10,82,15.9,15.9,EVENT_ZERO_POST_EMPTYING,,excluded: post-emptying record
11772,Mistura de embalagens,OVO,2023-11-03 18:06:39.323,0,false,,12,2023-11-03 18:11:27.48,5,82,14.6,14.6,MODERATE_AGREEMENT,14.6,sensor (normalized): validated by driver within one scale step
11806,Mistura de embalagens,OVO,2022-09-27 21:16:39.661,50,false,,9,2022-09-27 22:24:42.748,68,82,11.0,39.0,LARGE_DISAGREEMENT,,none: flagged for investigation
11806,Mistura de embalagens,OVO,2022-09-27 21:21:39.661,0,true,24972,9,2022-09-27 22:24:42.748,63,82,11.0,11.0,EVENT_ZERO_POST_EMPTYING,,excluded: post-emptying record
11806,Mistura de embalagens,OVO,2022-12-20 18:24:11.866,0,false,,11,2022-12-20 09:34:10.398,530,82,13.4,,NO_SENSOR_MATCH,0.0,driver: no sensor reading within tolerance
11806,Mistura de embalagens,OVO,2024-02-26 18:58:36.064,75,false,,11,2024-02-26 20:46:19.942,108,82,13.4,61.6,LARGE_DISAGREEMENT,,none: flagged for investigation
11806,Mistura de embalagens,OVO,2024-02-26 19:03:36.064,0,true,41803,11,2024-02-26 20:46:19.942,103,82,13.4,13.4,EVENT_ZERO_POST_EMPTYING,,excluded: post-emptying record
11827,Mistura de embalagens,OVO,2021-03-08 21:22:29,25,false,,25,2021-03-08 15:16:06.949,366,82,30.5,,NO_SENSOR_MATCH,25.0,driver: no sensor reading within tolerance
11827,Mistura de embalagens,OVO,2021-08-03 19:46:26,100,false,,54,2021-08-03 05:40:15.283,846,82,65.9,,NO_SENSOR_MATCH,100.0,driver: no sensor reading within tolerance
11827,Mistura de embalagens,OVO,2021-08-03 19:51:26,0,true,13370,54,2021-08-03 05:40:15.283,851,82,65.9,,EVENT_ZERO_POST_EMPTYING,,excluded: post-emptying record
11827,Mistura de embalagens,OVO,2022-07-01 21:34:00.67,0,false,,9,2022-07-02 04:59:07.591,445,82,11.0,,NO_SENSOR_MATCH,0.0,driver: no sensor reading within tolerance
11827,Mistura de embalagens,OVO,2022-07-18 19:27:38.71,100,false,,75,2022-07-18 13:21:04.52,366,82,91.5,,NO_SENSOR_MATCH,100.0,driver: no sensor reading within tolerance
11827,Mistura de embalagens,OVO,2022-12-12 09:54:08.619,75,false,,82,2022-12-12 10:40:57.145,46,82,100.0,25.0,MODERATE_AGREEMENT,100.0,sensor (normalized): validated by driver within one scale step
11827,Mistura de embalagens,OVO,2023-01-27 19:42:19.403,75,false,,78,2023-01-27 16:12:14.354,210,82,95.1,,NO_SENSOR_MATCH,75.0,driver: no sensor reading within tolerance
11827,Mistura de embalagens,OVO,2023-01-27 19:47:19.403,0,true,28498,78,2023-01-27 16:12:14.354,215,82,95.1,,EVENT_ZERO_POST_EMPTYING,,excluded: post-emptying record
11827,Mistura de embalagens,OVO,2023-04-21 19:22:08.134,100,false,,82,2023-04-21 15:23:29.887,239,82,100.0,,NO_SENSOR_MATCH,100.0,driver: no sensor reading within tolerance
11827,Mistura de embalagens,OVO,2023-04-21 19:27:08.134,0,true,30928,82,2023-04-21 15:23:29.887,244,82,100.0,,EVENT_ZERO_POST_EMPTYING,,excluded: post-emptying record
11828,Mistura de embalagens,OVO,2020-02-10 08:56:35,0,false,,56,2020-01-01 21:24:18.788,56852,82,68.3,,NO_SENSOR_MATCH,0.0,driver: no sensor reading within tolerance
11828,Mistura de embalagens,OVO,2020-10-08 18:10:23,50,false,,11,2020-10-20 11:51:06.758,16901,82,13.4,,NO_SENSOR_MATCH,50.0,driver: no sensor reading within tolerance
11828,Mistura de embalagens,OVO,2020-10-08 18:15:23,0,true,6610,11,2020-10-20 11:51:06.758,16896,82,13.4,,EVENT_ZERO_POST_EMPTYING,,excluded: post-emptying record
11828,Mistura de embalagens,OVO,2020-12-15 19:09:01,0,false,,25,2020-12-15 20:39:59.177,90,82,30.5,30.5,LARGE_DISAGREEMENT,,none: flagged for investigation
11828,Mistura de embalagens,OVO,2021-02-23 20:57:40,50,false,,38,2021-02-23 12:35:12.406,502,82,46.3,,NO_SENSOR_MATCH,50.0,driver: no sensor reading within tolerance
11828,Mistura de embalagens,OVO,2021-02-23 21:02:40,0,true,9477,38,2021-02-23 12:35:12.406,507,82,46.3,,EVENT_ZERO_POST_EMPTYING,,excluded: post-emptying record
11828,Mistura de embalagens,OVO,2022-11-07 19:04:35.942,0,false,,62,2022-11-07 09:34:54.541,570,82,75.6,,NO_SENSOR_MATCH,0.0,driver: no sensor reading within tolerance
11828,Mistura de embalagens,OVO,2023-03-20 18:41:53.569,75,false,,33,2023-03-20 09:07:05.218,574,82,40.2,,NO_SENSOR_MATCH,75.0,driver: no sensor reading within tolerance
11828,Mistura de embalagens,OVO,2023-03-20 18:46:53.569,0,true,29920,33,2023-03-20 09:07:05.218,579,82,40.2,,EVENT_ZERO_POST_EMPTYING,,excluded: post-emptying record
11832,Mistura de embalagens,OVO,2020-04-27 08:49:15,0,false,,16,2020-04-02 03:05:58.242,36344,82,19.5,,NO_SENSOR_MATCH,0.0,driver: no sensor reading within tolerance
11832,Mistura de embalagens,OVO,2020-10-21 19:34:21,0,false,,5,2020-10-21 01:16:18.004,1098,82,6.1,,NO_SENSOR_MATCH,0.0,driver: no sensor reading within tolerance
11832,Mistura de embalagens,OVO,2020-10-22 19:53:46,0,false,,5,2020-10-23 02:04:06.68,371,82,6.1,,NO_SENSOR_MATCH,0.0,driver: no sensor reading within tolerance
11832,Mistura de embalagens,OVO,2021-02-01 10:19:01,0,false,,35,2021-02-01 17:32:19.008,433,82,42.7,,NO_SENSOR_MATCH,0.0,driver: no sensor reading within tolerance
11832,Mistura de embalagens,OVO,2021-03-01 16:44:18,0,false,,19,2021-03-01 08:01:29.849,523,82,23.2,,NO_SENSOR_MATCH,0.0,driver: no sensor reading within tolerance
11832,Mistura de embalagens,OVO,2021-07-06 19:01:51,50,false,,29,2021-07-06 13:17:17.141,344,82,35.4,,NO_SENSOR_MATCH,50.0,driver: no sensor reading within tolerance
11832,Mistura de embalagens,OVO,2022-08-22 21:46:12.112,25,false,,20,2022-08-22 16:55:57.126,291,82,24.4,,NO_SENSOR_MATCH,25.0,driver: no sensor reading within tolerance
11832,Mistura de embalagens,OVO,2023-10-06 20:14:50.889,0,false,,9,2023-10-06 17:20:03.027,174,82,11.0,11.0,GOOD_AGREEMENT,11.0,sensor (normalized): validated by driver within one scale step
11990,Embalagens de papel e cartão,VRL,2020-03-20 08:52:17,25,false,,82,2020-03-20 00:15:14.049,517,82,100.0,,NO_SENSOR_MATCH,25.0,driver: no sensor reading within tolerance
11990,Embalagens de papel e cartão,VRL,2020-07-07 18:38:08,100,false,,82,2020-07-07 16:00:14.386,158,82,100.0,0.0,CEILING_CASE,100.0,"sensor (normalized): ceiling case, driver corroborates full"
11990,Embalagens de papel e cartão,VRL,2020-07-07 18:43:08,0,true,4575,82,2020-07-07 16:00:14.386,163,82,100.0,100.0,EVENT_ZERO_POST_EMPTYING,,excluded: post-emptying record
11990,Embalagens de papel e cartão,VRL,2021-04-06 20:15:40,0,false,,6,2021-04-07 05:13:36.647,538,82,7.3,,NO_SENSOR_MATCH,0.0,driver: no sensor reading within tolerance
11990,Embalagens de papel e cartão,VRL,2021-10-05 20:17:53,100,false,,28,2021-10-05 20:19:38.028,2,82,34.1,65.9,LARGE_DISAGREEMENT,,none: flagged for investigation
11990,Embalagens de papel e cartão,VRL,2021-10-05 20:22:53,0,true,15108,28,2021-10-05 20:19:38.028,3,82,34.1,34.1,EVENT_ZERO_POST_EMPTYING,,excluded: post-emptying record
11990,Embalagens de papel e cartão,VRL,2022-02-12 07:45:46,0,false,,43,2022-02-12 08:13:04.403,28,82,52.4,52.4,LARGE_DISAGREEMENT,,none: flagged for investigation
11990,Embalagens de papel e cartão,VRL,2022-05-07 10:18:38.56,50,false,,49,2022-05-07 14:07:09.915,229,82,59.8,,NO_SENSOR_MATCH,50.0,driver: no sensor reading within tolerance
11990,Embalagens de papel e cartão,VRL,2022-07-20 18:12:47.658,100,false,,69,2022-07-20 18:56:44.307,44,82,84.1,15.9,MODERATE_AGREEMENT,84.1,sensor (normalized): validated by driver within one scale step
11990,Embalagens de papel e cartão,VRL,2022-10-04 17:56:06.585,75,false,,54,2022-10-04 08:39:45.297,557,82,65.9,,NO_SENSOR_MATCH,75.0,driver: no sensor reading within tolerance
11990,Embalagens de papel e cartão,VRL,2023-01-03 19:25:10.976,100,false,,63,2023-01-03 14:40:49.38,285,82,76.8,,NO_SENSOR_MATCH,100.0,driver: no sensor reading within tolerance
11990,Embalagens de papel e cartão,VRL,2023-01-03 19:30:10.976,0,true,27764,63,2023-01-03 14:40:49.38,290,82,76.8,,EVENT_ZERO_POST_EMPTYING,,excluded: post-emptying record
11990,Embalagens de papel e cartão,VRL,2023-07-27 18:02:22.099,100,false,,6,2023-07-28 02:24:24.932,502,82,7.3,,NO_SENSOR_MATCH,100.0,driver: no sensor reading within tolerance
11990,Embalagens de papel e cartão,VRL,2023-07-27 18:07:22.099,0,true,34144,6,2023-07-28 02:24:24.932,497,82,7.3,,EVENT_ZERO_POST_EMPTYING,,excluded: post-emptying record
12216,Mistura de embalagens,OVO,2020-08-14 17:16:26,100,false,,16,2020-07-31 13:24:08.72,20392,82,19.5,,NO_SENSOR_MATCH,100.0,driver: no sensor reading within tolerance
12216,Mistura de embalagens,OVO,2020-08-14 17:21:26,0,true,5415,16,2020-07-31 13:24:08.72,20397,82,19.5,,EVENT_ZERO_POST_EMPTYING,,excluded: post-emptying record
12216,Mistura de embalagens,OVO,2020-09-02 16:47:45,0,false,,16,2020-07-31 13:24:08.72,47723,82,19.5,,NO_SENSOR_MATCH,0.0,driver: no sensor reading within tolerance
12216,Mistura de embalagens,OVO,2020-09-11 16:33:06,75,false,,82,2020-10-16 07:28:12.982,49855,82,100.0,,NO_SENSOR_MATCH,75.0,driver: no sensor reading within tolerance
12216,Mistura de embalagens,OVO,2020-09-11 16:38:06,0,true,6061,82,2020-10-16 07:28:12.982,49850,82,100.0,,EVENT_ZERO_POST_EMPTYING,,excluded: post-emptying record
12216,Mistura de embalagens,OVO,2020-10-21 16:52:24,0,false,,18,2020-10-21 18:01:23.251,69,82,22.0,22.0,MODERATE_AGREEMENT,22.0,sensor (normalized): validated by driver within one scale step
12216,Mistura de embalagens,OVO,2020-11-25 17:29:42,0,false,,66,2020-11-25 18:34:23.979,65,82,80.5,80.5,LARGE_DISAGREEMENT,,none: flagged for investigation
12216,Mistura de embalagens,OVO,2021-05-31 17:21:01,100,false,,32,2021-05-31 06:30:19.465,651,82,39.0,,NO_SENSOR_MATCH,100.0,driver: no sensor reading within tolerance
12216,Mistura de embalagens,OVO,2021-05-31 17:26:01,0,true,11656,32,2021-05-31 06:30:19.465,656,82,39.0,,EVENT_ZERO_POST_EMPTYING,,excluded: post-emptying record
12216,Mistura de embalagens,OVO,2021-06-07 16:52:18,0,false,,55,2021-06-07 12:25:27.697,267,82,67.1,,NO_SENSOR_MATCH,0.0,driver: no sensor reading within tolerance
12216,Mistura de embalagens,OVO,2021-08-23 16:33:01,0,false,,38,2021-08-23 09:05:33.663,448,82,46.3,,NO_SENSOR_MATCH,0.0,driver: no sensor reading within tolerance
12216,Mistura de embalagens,OVO,2021-09-06 16:34:18,25,false,,8,2021-09-06 20:41:57.455,247,82,9.8,,NO_SENSOR_MATCH,25.0,driver: no sensor reading within tolerance
12216,Mistura de embalagens,OVO,2021-09-06 16:39:18,0,true,14305,8,2021-09-06 20:41:57.455,242,82,9.8,,EVENT_ZERO_POST_EMPTYING,,excluded: post-emptying record
12216,Mistura de embalagens,OVO,2022-03-28 16:55:28.495,100,false,,71,2022-03-28 18:19:24.63,84,82,86.6,13.4,MODERATE_AGREEMENT,86.6,sensor (normalized): validated by driver within one scale step
12216,Mistura de embalagens,OVO,2022-03-28 17:00:28.495,0,true,19380,71,2022-03-28 18:19:24.63,79,82,86.6,86.6,EVENT_ZERO_POST_EMPTYING,,excluded: post-emptying record
12216,Mistura de embalagens,OVO,2022-04-04 17:55:54.845,50,false,,29,2022-04-04 23:42:02.409,347,82,35.4,,NO_SENSOR_MATCH,50.0,driver: no sensor reading within tolerance
12216,Mistura de embalagens,OVO,2022-07-29 17:23:29.642,100,false,,9,2022-07-29 21:15:31.738,232,82,11.0,,NO_SENSOR_MATCH,100.0,driver: no sensor reading within tolerance
12216,Mistura de embalagens,OVO,2022-08-12 17:15:11.961,0,false,,70,2022-08-12 10:40:24.344,395,82,85.4,,NO_SENSOR_MATCH,0.0,driver: no sensor reading within tolerance
12216,Mistura de embalagens,OVO,2022-09-09 17:20:58.571,75,false,,38,2022-09-09 12:29:41.625,291,82,46.3,,NO_SENSOR_MATCH,75.0,driver: no sensor reading within tolerance
12216,Mistura de embalagens,OVO,2022-11-09 16:50:22.968,0,false,,6,2022-11-09 13:08:35.51,222,82,7.3,,NO_SENSOR_MATCH,0.0,driver: no sensor reading within tolerance
12216,Mistura de embalagens,OVO,2022-11-21 16:25:30.53,100,false,,30,2022-11-21 22:09:06.303,344,82,36.6,,NO_SENSOR_MATCH,100.0,driver: no sensor reading within tolerance
12216,Mistura de embalagens,OVO,2022-11-21 16:30:30.53,0,true,26495,30,2022-11-21 22:09:06.303,339,82,36.6,,EVENT_ZERO_POST_EMPTYING,,excluded: post-emptying record
12216,Mistura de embalagens,OVO,2023-01-06 16:55:02.249,25,false,,33,2023-01-06 11:29:31.615,326,82,40.2,,NO_SENSOR_MATCH,25.0,driver: no sensor reading within tolerance
12216,Mistura de embalagens,OVO,2023-01-06 17:00:02.249,0,true,27850,33,2023-01-06 11:29:31.615,331,82,40.2,,EVENT_ZERO_POST_EMPTYING,,excluded: post-emptying record
12216,Mistura de embalagens,OVO,2023-05-08 16:30:35.748,50,false,,30,2023-05-08 12:06:10.456,264,82,36.6,,NO_SENSOR_MATCH,50.0,driver: no sensor reading within tolerance
12216,Mistura de embalagens,OVO,2023-05-08 16:35:35.748,0,true,31382,30,2023-05-08 12:06:10.456,269,82,36.6,,EVENT_ZERO_POST_EMPTYING,,excluded: post-emptying record
12216,Mistura de embalagens,OVO,2023-05-08 16:35:35.748,0,true,31382,30,2023-05-08 12:06:10.456,269,82,36.6,,EVENT_ZERO_POST_EMPTYING,,excluded: post-emptying record
12216,Mistura de embalagens,OVO,2023-05-10 17:01:51.931,50,false,,30,2023-05-10 13:22:17.098,219,82,36.6,,NO_SENSOR_MATCH,50.0,driver: no sensor reading within tolerance
12216,Mistura de embalagens,OVO,2023-06-30 17:50:42.138,0,false,,9,2023-06-19 23:56:03.531,15474,82,11.0,,NO_SENSOR_MATCH,0.0,driver: no sensor reading within tolerance
12216,Mistura de embalagens,OVO,2024-01-12 20:16:00.823,75,false,,54,2024-01-12 21:49:58.487,93,82,65.9,9.1,GOOD_AGREEMENT,65.9,sensor (normalized): validated by driver within one scale step
14338,Embalagens de papel e cartão,OVO,2020-03-19 16:30:13,0,false,,6,2020-03-21 17:34:33.419,2944,82,7.3,,NO_SENSOR_MATCH,0.0,driver: no sensor reading within tolerance
14338,Embalagens de papel e cartão,OVO,2020-05-14 16:59:14,0,false,,82,2020-05-13 17:27:25.52,1412,82,100.0,,NO_SENSOR_MATCH,0.0,driver: no sensor reading within tolerance
14338,Embalagens de papel e cartão,OVO,2020-09-10 16:47:05,0,false,,82,2020-09-10 06:51:56.149,596,82,100.0,,NO_SENSOR_MATCH,0.0,driver: no sensor reading within tolerance
14338,Embalagens de papel e cartão,OVO,2020-09-15 17:18:55,0,false,,82,2020-09-15 09:29:45.818,469,82,100.0,,NO_SENSOR_MATCH,0.0,driver: no sensor reading within tolerance
14338,Embalagens de papel e cartão,OVO,2020-10-22 06:24:30,0,false,,82,2020-10-22 04:29:39.644,115,82,100.0,100.0,LARGE_DISAGREEMENT,,none: flagged for investigation
16540,Mistura de embalagens,OVO,2020-11-13 18:33:16,50,false,,36,2020-11-13 19:43:19.662,70,82,43.9,6.1,GOOD_AGREEMENT,43.9,sensor (normalized): validated by driver within one scale step
16540,Mistura de embalagens,OVO,2021-06-22 17:52:55,100,false,,73,2021-06-22 15:58:17.468,114,82,89.0,11.0,GOOD_AGREEMENT,89.0,sensor (normalized): validated by driver within one scale step
16540,Mistura de embalagens,OVO,2021-06-22 17:57:55,0,true,12249,73,2021-06-22 15:58:17.468,119,82,89.0,89.0,EVENT_ZERO_POST_EMPTYING,,excluded: post-emptying record
16540,Mistura de embalagens,OVO,2021-10-18 19:45:36,100,false,,36,2021-10-18 16:13:55.618,212,82,43.9,,NO_SENSOR_MATCH,100.0,driver: no sensor reading within tolerance
16540,Mistura de embalagens,OVO,2021-10-18 19:50:36,0,true,15426,36,2021-10-18 16:13:55.618,217,82,43.9,,EVENT_ZERO_POST_EMPTYING,,excluded: post-emptying record
16540,Mistura de embalagens,OVO,2021-12-14 18:28:29,0,false,,2,2021-12-15 00:42:06.238,374,82,2.4,,NO_SENSOR_MATCH,0.0,driver: no sensor reading within tolerance
16540,Mistura de embalagens,OVO,2022-10-28 18:45:57.349,100,false,,66,2022-10-28 04:20:13.892,865,82,80.5,,NO_SENSOR_MATCH,100.0,driver: no sensor reading within tolerance
16540,Mistura de embalagens,OVO,2022-10-28 18:50:57.349,0,true,25875,66,2022-10-28 04:20:13.892,870,82,80.5,,EVENT_ZERO_POST_EMPTYING,,excluded: post-emptying record
16540,Mistura de embalagens,OVO,2022-08-06 18:42:50.783,100,false,,8,2022-08-07 03:18:29.097,516,82,9.8,,NO_SENSOR_MATCH,100.0,driver: no sensor reading within tolerance
16540,Mistura de embalagens,OVO,2022-08-06 18:47:50.783,0,true,23378,8,2022-08-07 03:18:29.097,511,82,9.8,,EVENT_ZERO_POST_EMPTYING,,excluded: post-emptying record
16540,Mistura de embalagens,OVO,2022-10-21 20:09:24.008,0,false,,9,2022-10-21 21:50:49.198,101,82,11.0,11.0,GOOD_AGREEMENT,11.0,sensor (normalized): validated by driver within one scale step
16540,Mistura de embalagens,OVO,2022-12-30 19:37:32.333,75,false,,1,2022-12-30 21:11:35.07,94,82,1.2,73.8,LARGE_DISAGREEMENT,,none: flagged for investigation
16540,Mistura de embalagens,OVO,2022-12-30 19:42:32.333,0,true,27674,1,2022-12-30 21:11:35.07,89,82,1.2,1.2,EVENT_ZERO_POST_EMPTYING,,excluded: post-emptying record
18700,Embalagens de papel e cartão,OVO,2022-08-05 19:10:48.347,100,false,,0,2022-08-05 19:17:26.236,7,82,0.0,100.0,LARGE_DISAGREEMENT,,none: flagged for investigation
18700,Embalagens de papel e cartão,OVO,2022-08-05 19:15:48.347,0,true,23332,0,2022-08-05 19:17:26.236,2,82,0.0,0.0,EVENT_ZERO_POST_EMPTYING,,excluded: post-emptying record
18700,Embalagens de papel e cartão,OVO,2023-04-25 17:19:34.266,0,false,,28,2023-04-25 20:28:09.602,189,82,34.1,,NO_SENSOR_MATCH,0.0,driver: no sensor reading within tolerance
22050,Mistura de embalagens,OVO,2023-04-25 15:55:06.652,100,false,,79,2023-04-24 22:21:49.043,1054,82,96.3,,NO_SENSOR_MATCH,100.0,driver: no sensor reading within tolerance
22050,Mistura de embalagens,OVO,2024-04-02 18:05:11.93,100,false,,82,2024-04-02 03:42:01.578,863,82,100.0,,NO_SENSOR_MATCH,100.0,driver: no sensor reading within tolerance
22050,Mistura de embalagens,OVO,2024-04-02 18:10:11.93,0,true,43158,82,2024-04-02 03:42:01.578,868,82,100.0,,EVENT_ZERO_POST_EMPTYING,,excluded: post-emptying record
27048,Mistura de embalagens,AMBI,2024-04-18 10:18:28.187,50,false,,45,2024-04-18 10:39:49.582,21,84,53.6,3.6,GOOD_AGREEMENT,53.6,sensor (normalized): validated by driver within one scale step
1606,Mistura de embalagens,OVO,2020-12-09 08:40:53,0,false,,32,2020-12-09 19:12:29.811,632,82,39.0,,NO_SENSOR_MATCH,0.0,driver: no sensor reading within tolerance
1606,Mistura de embalagens,OVO,2022-01-21 16:32:47,50,false,,28,2022-01-21 22:08:11.292,336,82,34.1,,NO_SENSOR_MATCH,50.0,driver: no sensor reading within tolerance
1606,Mistura de embalagens,OVO,2022-03-05 06:16:01.201,100,false,,17,2022-03-05 13:01:22.331,405,82,20.7,,NO_SENSOR_MATCH,100.0,driver: no sensor reading within tolerance
1606,Mistura de embalagens,OVO,2022-03-05 06:21:01.201,0,true,18753,17,2022-03-05 13:01:22.331,400,82,20.7,,EVENT_ZERO_POST_EMPTYING,,excluded: post-emptying record
1606,Mistura de embalagens,OVO,2022-05-30 18:43:41.585,0,false,,9,2022-05-31 06:22:10.205,699,82,11.0,,NO_SENSOR_MATCH,0.0,driver: no sensor reading within tolerance
1606,Mistura de embalagens,OVO,2022-06-30 12:45:18.091,0,false,,9,2022-06-30 13:07:00.381,22,82,11.0,11.0,GOOD_AGREEMENT,11.0,sensor (normalized): validated by driver within one scale step
1606,Mistura de embalagens,OVO,2023-05-15 15:55:57.876,75,false,,67,2023-05-15 11:55:43.636,240,82,81.7,,NO_SENSOR_MATCH,75.0,driver: no sensor reading within tolerance
1606,Mistura de embalagens,OVO,2023-05-15 16:00:57.876,0,true,31660,67,2023-05-15 11:55:43.636,245,82,81.7,,EVENT_ZERO_POST_EMPTYING,,excluded: post-emptying record
1621,Mistura de embalagens,OVO,2023-01-06 17:43:31.778,75,false,,75,2023-01-07 02:46:05.103,543,82,91.5,,NO_SENSOR_MATCH,75.0,driver: no sensor reading within tolerance
1621,Mistura de embalagens,OVO,2024-02-23 17:33:56.235,75,false,,77,2024-02-24 05:35:35.947,722,82,93.9,,NO_SENSOR_MATCH,75.0,driver: no sensor reading within tolerance
2750,Embalagens de papel e cartão,OVO,2021-01-05 17:52:46,75,false,,45,2021-01-05 17:17:05.854,35,82,54.9,20.1,MODERATE_AGREEMENT,54.9,sensor (normalized): validated by driver within one scale step
2750,Embalagens de papel e cartão,OVO,2021-01-05 17:57:46,0,true,8411,45,2021-01-05 17:17:05.854,40,82,54.9,54.9,EVENT_ZERO_POST_EMPTYING,,excluded: post-emptying record
2750,Embalagens de papel e cartão,OVO,2021-01-05 18:01:54,0,false,,45,2021-01-05 17:17:05.854,44,82,54.9,54.9,LARGE_DISAGREEMENT,,none: flagged for investigation
2750,Embalagens de papel e cartão,OVO,2021-05-14 20:28:23,100,false,,51,2021-05-14 21:10:18.804,42,82,62.2,37.8,LARGE_DISAGREEMENT,,none: flagged for investigation
2750,Embalagens de papel e cartão,OVO,2021-07-14 21:07:08,25,false,,9,2021-07-15 00:10:30.363,183,82,11.0,,NO_SENSOR_MATCH,25.0,driver: no sensor reading within tolerance
2750,Embalagens de papel e cartão,OVO,2021-08-09 20:37:26,50,false,,78,2021-08-09 17:08:54.482,209,82,95.1,,NO_SENSOR_MATCH,50.0,driver: no sensor reading within tolerance
2750,Embalagens de papel e cartão,OVO,2021-08-09 20:42:26,0,true,13535,78,2021-08-09 17:08:54.482,214,82,95.1,,EVENT_ZERO_POST_EMPTYING,,excluded: post-emptying record
2750,Embalagens de papel e cartão,OVO,2021-11-11 21:33:25,75,false,,46,2021-11-11 17:10:28.374,263,82,56.1,,NO_SENSOR_MATCH,75.0,driver: no sensor reading within tolerance
2750,Embalagens de papel e cartão,OVO,2021-12-10 21:52:20,75,false,,46,2021-12-11 02:36:23.522,284,82,56.1,,NO_SENSOR_MATCH,75.0,driver: no sensor reading within tolerance
2750,Embalagens de papel e cartão,OVO,2022-01-14 20:02:07,100,false,,66,2022-01-14 03:29:22.12,993,82,80.5,,NO_SENSOR_MATCH,100.0,driver: no sensor reading within tolerance
2750,Embalagens de papel e cartão,OVO,2022-01-14 20:07:07,0,true,17543,66,2022-01-14 03:29:22.12,998,82,80.5,,EVENT_ZERO_POST_EMPTYING,,excluded: post-emptying record
2750,Embalagens de papel e cartão,OVO,2023-06-14 21:02:34.006,0,false,,1,2023-06-14 14:17:50.234,405,82,1.2,,NO_SENSOR_MATCH,0.0,driver: no sensor reading within tolerance
2750,Embalagens de papel e cartão,OVO,2024-01-15 18:05:49.41,100,false,,79,2024-01-15 13:13:06.079,292,82,96.3,,NO_SENSOR_MATCH,100.0,driver: no sensor reading within tolerance
2750,Embalagens de papel e cartão,OVO,2024-01-15 18:10:49.41,0,true,40265,79,2024-01-15 13:13:06.079,297,82,96.3,,EVENT_ZERO_POST_EMPTYING,,excluded: post-emptying record
2750,Embalagens de papel e cartão,OVO,2024-03-08 20:16:25.991,0,false,,9,2024-03-08 14:47:15.421,329,82,11.0,,NO_SENSOR_MATCH,0.0,driver: no sensor reading within tolerance
6225,Mistura de embalagens,OVO,2020-03-11 18:10:41,50,false,,59,2020-01-02 10:40:33.906,99810,82,72.0,,NO_SENSOR_MATCH,50.0,driver: no sensor reading within tolerance
6225,Mistura de embalagens,OVO,2020-06-06 07:28:31,75,false,,79,2020-10-21 09:10:11.698,197382,82,96.3,,NO_SENSOR_MATCH,75.0,driver: no sensor reading within tolerance
6225,Mistura de embalagens,OVO,2020-06-06 07:33:31,0,true,3951,79,2020-10-21 09:10:11.698,197377,82,96.3,,EVENT_ZERO_POST_EMPTYING,,excluded: post-emptying record
6225,Mistura de embalagens,OVO,2020-06-16 18:26:23,75,false,,79,2020-10-21 09:10:11.698,182324,82,96.3,,NO_SENSOR_MATCH,75.0,driver: no sensor reading within tolerance
6225,Mistura de embalagens,OVO,2020-11-13 18:08:39,25,false,,37,2020-11-13 23:40:29.373,332,82,45.1,,NO_SENSOR_MATCH,25.0,driver: no sensor reading within tolerance
6225,Mistura de embalagens,OVO,2021-06-03 17:09:52,25,false,,38,2021-06-03 09:00:20.581,489,82,46.3,,NO_SENSOR_MATCH,25.0,driver: no sensor reading within tolerance
6225,Mistura de embalagens,OVO,2022-02-28 18:29:08.033,0,false,,1,2022-03-01 03:29:32.146,540,82,1.2,,NO_SENSOR_MATCH,0.0,driver: no sensor reading within tolerance
6225,Mistura de embalagens,OVO,2022-08-06 18:18:23.124,100,false,,0,2022-08-06 19:45:30.957,87,82,0.0,100.0,LARGE_DISAGREEMENT,,none: flagged for investigation
6225,Mistura de embalagens,OVO,2022-08-06 18:23:23.124,0,true,23378,0,2022-08-06 19:45:30.957,82,82,0.0,0.0,EVENT_ZERO_POST_EMPTYING,,excluded: post-emptying record
6225,Mistura de embalagens,OVO,2023-08-25 18:29:02.462,100,false,,58,2023-08-25 14:26:28.157,243,82,70.7,,NO_SENSOR_MATCH,100.0,driver: no sensor reading within tolerance
6225,Mistura de embalagens,OVO,2023-12-18 09:24:36.712,100,false,,82,2023-12-18 10:58:36.461,94,82,100.0,0.0,CEILING_CASE,100.0,"sensor (normalized): ceiling case, driver corroborates full"
6900,Embalagens de papel e cartão,OVO,2023-11-07 21:19:58.746,0,false,,9,2023-11-07 14:53:34.363,386,82,11.0,,NO_SENSOR_MATCH,0.0,driver: no sensor reading within tolerance
7246,Mistura de embalagens,OVO,2020-06-18 20:41:46,75,false,,80,2020-07-17 07:47:36.884,40986,82,97.6,,NO_SENSOR_MATCH,75.0,driver: no sensor reading within tolerance
7246,Mistura de embalagens,OVO,2020-06-18 20:46:46,0,true,4198,80,2020-07-17 07:47:36.884,40981,82,97.6,,EVENT_ZERO_POST_EMPTYING,,excluded: post-emptying record
7246,Mistura de embalagens,OVO,2020-11-09 08:39:01,25,false,,5,2020-11-09 13:39:26.326,300,82,6.1,,NO_SENSOR_MATCH,25.0,driver: no sensor reading within tolerance
7246,Mistura de embalagens,OVO,2021-01-26 16:47:30,0,false,,27,2021-01-26 16:17:36.769,30,82,32.9,32.9,LARGE_DISAGREEMENT,,none: flagged for investigation
7246,Mistura de embalagens,OVO,2020-12-01 07:17:50,50,false,,13,2020-12-01 14:27:22.962,430,82,15.9,,NO_SENSOR_MATCH,50.0,driver: no sensor reading within tolerance
7246,Mistura de embalagens,OVO,2020-12-01 07:22:50,0,true,7729,13,2020-12-01 14:27:22.962,425,82,15.9,,EVENT_ZERO_POST_EMPTYING,,excluded: post-emptying record
7246,Mistura de embalagens,OVO,2021-07-26 19:57:13,75,false,,48,2021-07-26 21:02:43.277,65,82,58.5,16.5,MODERATE_AGREEMENT,58.5,sensor (normalized): validated by driver within one scale step
7246,Mistura de embalagens,OVO,2021-10-12 18:40:25,75,false,,38,2021-10-12 20:42:30.722,122,82,46.3,28.7,LARGE_DISAGREEMENT,,none: flagged for investigation
7246,Mistura de embalagens,OVO,2022-06-10 08:01:22.102,25,false,,52,2022-06-10 10:48:50.879,167,82,63.4,38.4,LARGE_DISAGREEMENT,,none: flagged for investigation
7445,Mistura de embalagens,OVO,2020-06-18 20:19:37,50,false,,41,2020-04-30 02:15:25.573,71644,82,50.0,,NO_SENSOR_MATCH,50.0,driver: no sensor reading within tolerance
7445,Mistura de embalagens,OVO,2020-06-18 20:24:37,0,true,4198,41,2020-04-30 02:15:25.573,71649,82,50.0,,EVENT_ZERO_POST_EMPTYING,,excluded: post-emptying record
7445,Mistura de embalagens,OVO,2020-10-30 08:47:17,0,false,,16,2020-10-30 10:54:56.919,127,82,19.5,19.5,MODERATE_AGREEMENT,19.5,sensor (normalized): validated by driver within one scale step
7445,Mistura de embalagens,OVO,2021-01-26 16:50:48,0,false,,1,2021-01-26 17:28:23.624,38,82,1.2,1.2,GOOD_AGREEMENT,1.2,sensor (normalized): validated by driver within one scale step
7445,Mistura de embalagens,OVO,2020-12-01 05:39:12,100,false,,80,2020-12-01 05:08:27.576,31,82,97.6,2.4,GOOD_AGREEMENT,97.6,sensor (normalized): validated by driver within one scale step
7445,Mistura de embalagens,OVO,2020-12-01 05:44:12,0,true,7729,80,2020-12-01 05:08:27.576,36,82,97.6,97.6,EVENT_ZERO_POST_EMPTYING,,excluded: post-emptying record
7445,Mistura de embalagens,OVO,2021-07-26 19:48:28,100,false,,82,2021-07-26 19:50:43.617,2,82,100.0,0.0,CEILING_CASE,100.0,"sensor (normalized): ceiling case, driver corroborates full"
7445,Mistura de embalagens,OVO,2021-10-11 16:17:51,100,false,,0,2021-10-11 15:26:58.515,51,82,0.0,100.0,LARGE_DISAGREEMENT,,none: flagged for investigation
7445,Mistura de embalagens,OVO,2021-10-11 16:22:51,0,true,15248,0,2021-10-11 15:26:58.515,56,82,0.0,0.0,EVENT_ZERO_POST_EMPTYING,,excluded: post-emptying record
7445,Mistura de embalagens,OVO,2021-10-23 06:50:25,75,false,,69,2021-10-23 02:34:44.517,256,82,84.1,,NO_SENSOR_MATCH,75.0,driver: no sensor reading within tolerance
7445,Mistura de embalagens,OVO,2022-06-10 07:54:20.488,0,false,,5,2022-06-10 07:58:20.986,4,82,6.1,6.1,GOOD_AGREEMENT,6.1,sensor (normalized): validated by driver within one scale step
7445,Mistura de embalagens,OVO,2022-12-12 21:38:04.474,100,false,,75,2022-12-12 03:41:19.698,1077,82,91.5,,NO_SENSOR_MATCH,100.0,driver: no sensor reading within tolerance
7445,Mistura de embalagens,OVO,2022-12-12 21:43:04.474,0,true,27108,75,2022-12-12 03:41:19.698,1082,82,91.5,,EVENT_ZERO_POST_EMPTYING,,excluded: post-emptying record
7445,Mistura de embalagens,OVO,2022-12-20 19:01:58.155,0,false,,0,2022-12-20 10:06:03.897,535,82,0.0,,NO_SENSOR_MATCH,0.0,driver: no sensor reading within tolerance
7445,Mistura de embalagens,OVO,2023-06-30 21:05:33.408,25,false,,29,2023-06-30 19:58:58.063,67,82,35.4,10.4,GOOD_AGREEMENT,35.4,sensor (normalized): validated by driver within one scale step
7445,Mistura de embalagens,OVO,2023-08-22 21:12:20.777,100,false,,75,2023-08-22 16:54:57.191,258,82,91.5,,NO_SENSOR_MATCH,100.0,driver: no sensor reading within tolerance
7445,Mistura de embalagens,OVO,2024-03-14 17:07:37.015,100,false,,58,2024-03-14 10:59:52.405,368,82,70.7,,NO_SENSOR_MATCH,100.0,driver: no sensor reading within tolerance
7445,Mistura de embalagens,OVO,2024-03-14 17:12:37.015,0,true,42487,58,2024-03-14 10:59:52.405,373,82,70.7,,EVENT_ZERO_POST_EMPTYING,,excluded: post-emptying record
9419,Embalagens de papel e cartão,OVO,2020-03-31 16:45:39,50,false,,82,2020-03-31 05:53:55.995,652,82,100.0,,NO_SENSOR_MATCH,50.0,driver: no sensor reading within tolerance
9419,Embalagens de papel e cartão,OVO,2020-03-31 16:50:39,0,true,2649,82,2020-03-31 05:53:55.995,657,82,100.0,,EVENT_ZERO_POST_EMPTYING,,excluded: post-emptying record
9419,Embalagens de papel e cartão,OVO,2020-04-23 18:26:49,0,false,,82,2020-04-23 17:56:41.827,30,82,100.0,100.0,LARGE_DISAGREEMENT,,none: flagged for investigation
9419,Embalagens de papel e cartão,OVO,2020-09-24 17:40:49,0,false,,82,2020-09-24 08:41:59.184,539,82,100.0,,NO_SENSOR_MATCH,0.0,driver: no sensor reading within tolerance
9419,Embalagens de papel e cartão,OVO,2020-11-24 17:20:37,50,false,,35,2020-11-24 12:49:24.085,271,82,42.7,,NO_SENSOR_MATCH,50.0,driver: no sensor reading within tolerance
9419,Embalagens de papel e cartão,OVO,2020-11-24 17:25:37,0,true,7596,35,2020-11-24 12:49:24.085,276,82,42.7,,EVENT_ZERO_POST_EMPTYING,,excluded: post-emptying record
9419,Embalagens de papel e cartão,OVO,2021-02-09 20:16:14,0,false,,30,2021-02-09 14:35:05.658,341,82,36.6,,NO_SENSOR_MATCH,0.0,driver: no sensor reading within tolerance
9419,Embalagens de papel e cartão,OVO,2021-08-05 16:53:56,0,false,,21,2021-08-05 23:13:34.62,380,82,25.6,,NO_SENSOR_MATCH,0.0,driver: no sensor reading within tolerance
9419,Embalagens de papel e cartão,OVO,2022-04-30 07:03:51.13,100,false,,66,2022-04-30 09:45:09.013,162,82,80.5,19.5,MODERATE_AGREEMENT,80.5,sensor (normalized): validated by driver within one scale step
9419,Embalagens de papel e cartão,OVO,2022-04-30 07:03:51.13,100,false,,66,2022-04-30 09:45:09.013,162,82,80.5,19.5,MODERATE_AGREEMENT,80.5,sensor (normalized): validated by driver within one scale step
9419,Embalagens de papel e cartão,OVO,2022-05-20 21:48:59.867,75,false,,9,2022-05-20 22:51:35.008,63,82,11.0,64.0,LARGE_DISAGREEMENT,,none: flagged for investigation
9419,Embalagens de papel e cartão,OVO,2022-05-20 21:53:59.867,0,true,20972,9,2022-05-20 22:51:35.008,58,82,11.0,11.0,EVENT_ZERO_POST_EMPTYING,,excluded: post-emptying record
9419,Embalagens de papel e cartão,OVO,2022-12-16 19:12:09.055,0,false,,30,2022-12-16 21:44:13.658,152,82,36.6,36.6,LARGE_DISAGREEMENT,,none: flagged for investigation
9419,Embalagens de papel e cartão,OVO,2023-02-10 21:44:55.308,0,false,,11,2023-02-10 12:53:30.264,531,82,13.4,,NO_SENSOR_MATCH,0.0,driver: no sensor reading within tolerance
9419,Embalagens de papel e cartão,OVO,2023-04-25 19:09:06.958,100,false,,1,2023-04-25 19:20:23.398,11,82,1.2,98.8,LARGE_DISAGREEMENT,,none: flagged for investigation
9419,Embalagens de papel e cartão,OVO,2023-04-25 19:14:06.958,0,true,31051,1,2023-04-25 19:20:23.398,6,82,1.2,1.2,EVENT_ZERO_POST_EMPTYING,,excluded: post-emptying record
9419,Embalagens de papel e cartão,OVO,2023-06-09 17:57:28.847,75,false,,60,2023-06-09 11:51:18.296,366,82,73.2,,NO_SENSOR_MATCH,75.0,driver: no sensor reading within tolerance
9419,Embalagens de papel e cartão,OVO,2023-06-09 18:02:28.847,0,true,32513,60,2023-06-09 11:51:18.296,371,82,73.2,,EVENT_ZERO_POST_EMPTYING,,excluded: post-emptying record
9419,Embalagens de papel e cartão,OVO,2023-08-15 19:35:34.009,0,false,,43,2023-08-15 09:07:59.46,628,82,52.4,,NO_SENSOR_MATCH,0.0,driver: no sensor reading within tolerance
9419,Embalagens de papel e cartão,OVO,2023-09-14 17:32:04.093,100,false,,67,2023-09-14 13:07:19.128,265,82,81.7,,NO_SENSOR_MATCH,100.0,driver: no sensor reading within tolerance
9419,Embalagens de papel e cartão,OVO,2023-09-14 17:37:04.093,0,true,36004,67,2023-09-14 13:07:19.128,270,82,81.7,,EVENT_ZERO_POST_EMPTYING,,excluded: post-emptying record
9594,Embalagens de papel e cartão,OVO,2023-09-11 17:14:41.28,0,false,,8,2023-09-11 17:10:41.78,4,82,9.8,9.8,GOOD_AGREEMENT,9.8,sensor (normalized): validated by driver within one scale step
11772,Mistura de embalagens,OVO,2023-09-11 16:18:33.513,100,false,,44,2023-09-11 15:56:26.47,22,82,53.7,46.3,LARGE_DISAGREEMENT,,none: flagged for investigation
11772,Mistura de embalagens,OVO,2023-09-11 16:23:33.513,0,true,35864,44,2023-09-11 15:56:26.47,27,82,53.7,53.7,EVENT_ZERO_POST_EMPTYING,,excluded: post-emptying record
11806,Mistura de embalagens,OVO,2020-11-10 20:17:34,75,false,,38,2020-11-10 19:56:39.212,21,82,46.3,28.7,LARGE_DISAGREEMENT,,none: flagged for investigation
11806,Mistura de embalagens,OVO,2020-11-10 20:22:34,0,true,7299,38,2020-11-10 19:56:39.212,26,82,46.3,46.3,EVENT_ZERO_POST_EMPTYING,,excluded: post-emptying record
11806,Mistura de embalagens,OVO,2021-09-25 20:19:49,100,false,,82,2021-09-24 21:43:44.278,1356,82,100.0,,NO_SENSOR_MATCH,100.0,driver: no sensor reading within tolerance
11806,Mistura de embalagens,OVO,2021-09-25 20:24:49,0,true,14891,82,2021-09-24 21:43:44.278,1361,82,100.0,,EVENT_ZERO_POST_EMPTYING,,excluded: post-emptying record
11827,Mistura de embalagens,OVO,2021-04-26 20:24:57,0,false,,9,2021-04-26 20:48:12.58,24,82,11.0,11.0,GOOD_AGREEMENT,11.0,sensor (normalized): validated by driver within one scale step
11827,Mistura de embalagens,OVO,2021-05-20 20:48:44,100,false,,63,2021-05-20 14:48:57.415,360,82,76.8,,NO_SENSOR_MATCH,100.0,driver: no sensor reading within tolerance
11827,Mistura de embalagens,OVO,2021-07-08 17:51:44,100,false,,8,2021-07-08 18:32:35.094,41,82,9.8,90.2,LARGE_DISAGREEMENT,,none: flagged for investigation
11827,Mistura de embalagens,OVO,2021-07-08 17:56:44,0,true,12643,8,2021-07-08 18:32:35.094,36,82,9.8,9.8,EVENT_ZERO_POST_EMPTYING,,excluded: post-emptying record
11827,Mistura de embalagens,OVO,2021-08-04 21:43:27,0,false,,54,2021-08-03 05:40:15.283,2403,82,65.9,,NO_SENSOR_MATCH,0.0,driver: no sensor reading within tolerance
11827,Mistura de embalagens,OVO,2021-11-06 17:34:36,0,false,,8,2021-11-07 03:26:39.105,592,82,9.8,,NO_SENSOR_MATCH,0.0,driver: no sensor reading within tolerance
11827,Mistura de embalagens,OVO,2021-12-11 08:03:40,0,false,,9,2021-12-11 09:03:14.239,60,82,11.0,11.0,GOOD_AGREEMENT,11.0,sensor (normalized): validated by driver within one scale step
11827,Mistura de embalagens,OVO,2021-12-27 22:11:01,100,false,,74,2021-12-27 15:23:09.876,408,82,90.2,,NO_SENSOR_MATCH,100.0,driver: no sensor reading within tolerance
11827,Mistura de embalagens,OVO,2022-01-05 19:38:08,100,false,,70,2022-01-05 12:23:52.989,435,82,85.4,,NO_SENSOR_MATCH,100.0,driver: no sensor reading within tolerance
11827,Mistura de embalagens,OVO,2022-01-25 21:08:21,75,false,,38,2022-01-25 06:43:09.978,865,82,46.3,,NO_SENSOR_MATCH,75.0,driver: no sensor reading within tolerance
11827,Mistura de embalagens,OVO,2022-01-25 21:13:21,0,false,,38,2022-01-25 06:43:09.978,870,82,46.3,,NO_SENSOR_MATCH,0.0,driver: no sensor reading within tolerance
11827,Mistura de embalagens,OVO,2022-01-31 19:55:55,0,false,,29,2022-01-31 22:03:05.02,128,82,35.4,35.4,LARGE_DISAGREEMENT,,none: flagged for investigation
11827,Mistura de embalagens,OVO,2022-01-31 22:25:34,25,false,,29,2022-01-31 22:03:05.02,22,82,35.4,10.4,GOOD_AGREEMENT,35.4,sensor (normalized): validated by driver within one scale step
11827,Mistura de embalagens,OVO,2022-03-15 21:08:24.533,75,false,,61,2022-03-15 15:31:59.298,337,82,74.4,,NO_SENSOR_MATCH,75.0,driver: no sensor reading within tolerance
11827,Mistura de embalagens,OVO,2022-03-15 21:13:24.533,0,true,19068,61,2022-03-15 15:31:59.298,342,82,74.4,,EVENT_ZERO_POST_EMPTYING,,excluded: post-emptying record
11827,Mistura de embalagens,OVO,2022-03-26 11:08:49.911,75,false,,34,2022-03-26 11:04:56.816,4,82,41.5,33.5,LARGE_DISAGREEMENT,,none: flagged for investigation
11827,Mistura de embalagens,OVO,2022-03-26 11:13:49.911,0,true,19369,34,2022-03-26 11:04:56.816,9,82,41.5,41.5,EVENT_ZERO_POST_EMPTYING,,excluded: post-emptying record
11827,Mistura de embalagens,OVO,2022-10-31 22:13:26.973,100,false,,82,2022-10-31 17:12:54.155,301,82,100.0,,NO_SENSOR_MATCH,100.0,driver: no sensor reading within tolerance
11827,Mistura de embalagens,OVO,2022-10-31 22:18:26.973,0,true,25924,82,2022-10-31 17:12:54.155,306,82,100.0,,EVENT_ZERO_POST_EMPTYING,,excluded: post-emptying record
11827,Mistura de embalagens,OVO,2022-12-23 19:16:53.371,100,false,,82,2022-12-23 13:27:55.304,349,82,100.0,,NO_SENSOR_MATCH,100.0,driver: no sensor reading within tolerance
11827,Mistura de embalagens,OVO,2022-12-23 19:21:53.371,0,true,27474,82,2022-12-23 13:27:55.304,354,82,100.0,,EVENT_ZERO_POST_EMPTYING,,excluded: post-emptying record
11827,Mistura de embalagens,OVO,2023-05-25 18:59:44.167,100,false,,75,2023-05-25 14:11:27.273,288,82,91.5,,NO_SENSOR_MATCH,100.0,driver: no sensor reading within tolerance
11827,Mistura de embalagens,OVO,2023-05-25 19:04:44.167,0,true,32020,75,2023-05-25 14:11:27.273,293,82,91.5,,EVENT_ZERO_POST_EMPTYING,,excluded: post-emptying record
11827,Mistura de embalagens,OVO,2023-10-12 16:48:13.382,0,false,,16,2023-10-12 15:10:14.144,98,82,19.5,19.5,MODERATE_AGREEMENT,19.5,sensor (normalized): validated by driver within one scale step
11828,Mistura de embalagens,OVO,2020-09-09 18:06:54,0,false,,11,2020-10-20 11:51:06.758,58665,82,13.4,,NO_SENSOR_MATCH,0.0,driver: no sensor reading within tolerance
11828,Mistura de embalagens,OVO,2020-09-23 18:33:22,25,false,,11,2020-10-20 11:51:06.758,38478,82,13.4,,NO_SENSOR_MATCH,25.0,driver: no sensor reading within tolerance
11832,Mistura de embalagens,OVO,2020-03-11 17:55:33,0,false,,82,2020-02-20 22:46:55.142,28509,82,100.0,,NO_SENSOR_MATCH,0.0,driver: no sensor reading within tolerance
11832,Mistura de embalagens,OVO,2020-06-06 21:32:38,0,false,,16,2020-04-02 03:05:58.242,94707,82,19.5,,NO_SENSOR_MATCH,0.0,driver: no sensor reading within tolerance
11832,Mistura de embalagens,OVO,2023-05-26 17:00:17.051,50,false,,24,2023-05-26 22:00:07.807,300,82,29.3,,NO_SENSOR_MATCH,50.0,driver: no sensor reading within tolerance
11832,Mistura de embalagens,OVO,2023-11-16 17:04:24.536,100,false,,20,2023-11-16 19:08:11.365,124,82,24.4,75.6,LARGE_DISAGREEMENT,,none: flagged for investigation
11832,Mistura de embalagens,OVO,2023-11-16 17:09:24.536,0,true,38225,20,2023-11-16 19:08:11.365,119,82,24.4,24.4,EVENT_ZERO_POST_EMPTYING,,excluded: post-emptying record
11990,Embalagens de papel e cartão,VRL,2020-06-11 16:21:55,75,false,,82,2020-06-07 23:03:04.989,5358,82,100.0,,NO_SENSOR_MATCH,75.0,driver: no sensor reading within tolerance
11990,Embalagens de papel e cartão,VRL,2020-09-03 09:09:07,50,false,,82,2020-07-17 22:32:52.285,68317,82,100.0,,NO_SENSOR_MATCH,50.0,driver: no sensor reading within tolerance
11990,Embalagens de papel e cartão,VRL,2020-10-01 17:47:55,0,false,,81,2020-10-28 18:04:14.607,38897,82,98.8,,NO_SENSOR_MATCH,0.0,driver: no sensor reading within tolerance
11990,Embalagens de papel e cartão,VRL,2020-11-12 10:17:21,0,false,,2,2020-11-12 14:04:49.477,227,82,2.4,,NO_SENSOR_MATCH,0.0,driver: no sensor reading within tolerance
11990,Embalagens de papel e cartão,VRL,2020-12-22 18:46:54,75,false,,62,2020-12-22 11:16:53.91,450,82,75.6,,NO_SENSOR_MATCH,75.0,driver: no sensor reading within tolerance
11990,Embalagens de papel e cartão,VRL,2020-12-22 18:51:54,0,true,8166,62,2020-12-22 11:16:53.91,455,82,75.6,,EVENT_ZERO_POST_EMPTYING,,excluded: post-emptying record
11990,Embalagens de papel e cartão,VRL,2021-06-24 18:17:03,100,false,,43,2021-06-24 21:48:22.954,211,82,52.4,,NO_SENSOR_MATCH,100.0,driver: no sensor reading within tolerance
11990,Embalagens de papel e cartão,VRL,2021-06-24 18:22:03,0,true,12287,43,2021-06-24 21:48:22.954,206,82,52.4,,EVENT_ZERO_POST_EMPTYING,,excluded: post-emptying record
11990,Embalagens de papel e cartão,VRL,2021-11-20 19:56:28,100,false,,82,2021-11-20 13:05:26.014,411,82,100.0,,NO_SENSOR_MATCH,100.0,driver: no sensor reading within tolerance
11990,Embalagens de papel e cartão,VRL,2021-11-20 20:01:28,0,true,16256,82,2021-11-20 13:05:26.014,416,82,100.0,,EVENT_ZERO_POST_EMPTYING,,excluded: post-emptying record
11990,Embalagens de papel e cartão,VRL,2022-01-10 21:31:28,100,false,,26,2022-01-10 22:44:42.363,73,82,31.7,68.3,LARGE_DISAGREEMENT,,none: flagged for investigation
11990,Embalagens de papel e cartão,VRL,2022-01-10 21:36:28,0,true,17411,26,2022-01-10 22:44:42.363,68,82,31.7,31.7,EVENT_ZERO_POST_EMPTYING,,excluded: post-emptying record
11990,Embalagens de papel e cartão,VRL,2022-03-21 21:09:14.029,100,false,,69,2022-03-21 21:03:59.927,6,82,84.1,15.9,MODERATE_AGREEMENT,84.1,sensor (normalized): validated by driver within one scale step
11990,Embalagens de papel e cartão,VRL,2022-03-21 21:14:14.029,0,true,19203,69,2022-03-21 21:03:59.927,11,82,84.1,84.1,EVENT_ZERO_POST_EMPTYING,,excluded: post-emptying record
11990,Embalagens de papel e cartão,VRL,2022-05-28 10:01:59.625,0,false,,16,2022-05-28 18:04:21.59,483,82,19.5,,NO_SENSOR_MATCH,0.0,driver: no sensor reading within tolerance
11990,Embalagens de papel e cartão,VRL,2022-07-26 21:19:04.361,50,false,,30,2022-07-27 03:42:22.511,383,82,36.6,,NO_SENSOR_MATCH,50.0,driver: no sensor reading within tolerance
11990,Embalagens de papel e cartão,VRL,2023-03-07 20:44:06.734,100,false,,82,2023-03-07 19:29:38.814,75,82,100.0,0.0,CEILING_CASE,100.0,"sensor (normalized): ceiling case, driver corroborates full"
11990,Embalagens de papel e cartão,VRL,2023-03-07 20:49:06.734,0,true,29547,82,2023-03-07 19:29:38.814,80,82,100.0,100.0,EVENT_ZERO_POST_EMPTYING,,excluded: post-emptying record
11990,Embalagens de papel e cartão,VRL,2022-12-19 23:03:47.135,0,false,,9,2022-12-20 08:52:43.685,589,82,11.0,,NO_SENSOR_MATCH,0.0,driver: no sensor reading within tolerance
11990,Embalagens de papel e cartão,VRL,2023-04-24 19:30:47.003,75,false,,35,2023-04-24 14:51:04.328,279,82,42.7,,NO_SENSOR_MATCH,75.0,driver: no sensor reading within tolerance
11990,Embalagens de papel e cartão,VRL,2023-07-03 20:03:09.646,100,false,,70,2023-07-03 18:05:45.115,118,82,85.4,14.6,MODERATE_AGREEMENT,85.4,sensor (normalized): validated by driver within one scale step
11990,Embalagens de papel e cartão,VRL,2023-09-13 16:50:37.698,75,false,,67,2023-09-13 14:26:09.301,144,82,81.7,6.7,GOOD_AGREEMENT,81.7,sensor (normalized): validated by driver within one scale step
12216,Mistura de embalagens,OVO,2020-01-27 16:53:41,0,false,,82,2020-01-27 23:02:47.402,369,82,100.0,,NO_SENSOR_MATCH,0.0,driver: no sensor reading within tolerance
12216,Mistura de embalagens,OVO,2020-07-01 17:29:08,0,false,,16,2020-07-07 11:08:07.058,8259,82,19.5,,NO_SENSOR_MATCH,0.0,driver: no sensor reading within tolerance
12216,Mistura de embalagens,OVO,2020-09-21 16:37:53,0,false,,82,2020-10-16 07:28:12.982,35451,82,100.0,,NO_SENSOR_MATCH,0.0,driver: no sensor reading within tolerance
12216,Mistura de embalagens,OVO,2020-11-04 16:51:45,0,false,,35,2020-11-04 07:29:04.143,562,82,42.7,,NO_SENSOR_MATCH,0.0,driver: no sensor reading within tolerance
12216,Mistura de embalagens,OVO,2021-06-04 17:34:52,0,false,,55,2021-06-04 23:05:02.521,331,82,67.1,,NO_SENSOR_MATCH,0.0,driver: no sensor reading within tolerance
12216,Mistura de embalagens,OVO,2021-10-04 16:56:22,0,false,,74,2021-10-04 18:30:23.409,94,82,90.2,90.2,LARGE_DISAGREEMENT,,none: flagged for investigation
12216,Mistura de embalagens,OVO,2021-11-24 17:44:27,25,false,,57,2021-11-24 09:14:06.431,510,82,69.5,,NO_SENSOR_MATCH,25.0,driver: no sensor reading within tolerance
12216,Mistura de embalagens,OVO,2022-06-22 17:37:33.393,0,false,,31,2022-06-22 16:27:03.033,70,82,37.8,37.8,LARGE_DISAGREEMENT,,none: flagged for investigation
12216,Mistura de embalagens,OVO,2022-08-24 17:07:38.554,75,false,,27,2022-08-24 19:15:23.831,128,82,32.9,42.1,LARGE_DISAGREEMENT,,none: flagged for investigation
12216,Mistura de embalagens,OVO,2022-08-24 17:12:38.554,0,true,23876,27,2022-08-24 19:15:23.831,123,82,32.9,32.9,EVENT_ZERO_POST_EMPTYING,,excluded: post-emptying record
12216,Mistura de embalagens,OVO,2022-10-08 06:37:26.736,0,false,,37,2022-10-08 13:02:04.78,385,82,45.1,,NO_SENSOR_MATCH,0.0,driver: no sensor reading within tolerance
12216,Mistura de embalagens,OVO,2023-01-23 17:10:34.464,75,false,,31,2023-01-24 00:33:10.588,443,82,37.8,,NO_SENSOR_MATCH,75.0,driver: no sensor reading within tolerance
12216,Mistura de embalagens,OVO,2023-04-28 16:43:06.66,75,false,,6,2023-04-28 19:40:02.703,177,82,7.3,67.7,LARGE_DISAGREEMENT,,none: flagged for investigation
12216,Mistura de embalagens,OVO,2023-04-28 16:48:06.66,0,true,31118,6,2023-04-28 19:40:02.703,172,82,7.3,7.3,EVENT_ZERO_POST_EMPTYING,,excluded: post-emptying record
12216,Mistura de embalagens,OVO,2023-07-19 17:33:34.783,25,false,,82,2023-07-20 12:58:43.461,1165,82,100.0,,NO_SENSOR_MATCH,25.0,driver: no sensor reading within tolerance
12216,Mistura de embalagens,OVO,2023-10-26 11:57:40.511,0,false,,11,2023-10-26 10:17:13.921,100,82,13.4,13.4,MODERATE_AGREEMENT,13.4,sensor (normalized): validated by driver within one scale step
14338,Embalagens de papel e cartão,OVO,2020-07-30 17:51:44,0,false,,82,2020-07-30 09:19:26.31,512,82,100.0,,NO_SENSOR_MATCH,0.0,driver: no sensor reading within tolerance
14338,Embalagens de papel e cartão,OVO,2021-11-09 18:34:07,75,false,,53,2021-11-08 18:40:59.873,1434,82,64.6,,NO_SENSOR_MATCH,75.0,driver: no sensor reading within tolerance
14338,Embalagens de papel e cartão,OVO,2021-11-09 18:39:07,0,true,16007,53,2021-11-08 18:40:59.873,1439,82,64.6,,EVENT_ZERO_POST_EMPTYING,,excluded: post-emptying record
14338,Embalagens de papel e cartão,OVO,2021-12-07 19:17:41,100,false,,79,2021-12-07 13:33:50.679,344,82,96.3,,NO_SENSOR_MATCH,100.0,driver: no sensor reading within tolerance
14338,Embalagens de papel e cartão,OVO,2021-12-07 19:22:41,0,true,16670,79,2021-12-07 13:33:50.679,349,82,96.3,,EVENT_ZERO_POST_EMPTYING,,excluded: post-emptying record
14338,Embalagens de papel e cartão,OVO,2023-05-08 08:12:25.804,0,false,,38,2023-05-07 21:04:35.942,668,82,46.3,,NO_SENSOR_MATCH,0.0,driver: no sensor reading within tolerance
14338,Embalagens de papel e cartão,OVO,2023-09-18 17:47:12.545,0,false,,33,2023-09-18 17:25:03.91,22,82,40.2,40.2,LARGE_DISAGREEMENT,,none: flagged for investigation
16540,Mistura de embalagens,OVO,2022-09-10 09:56:29.17,75,false,,77,2022-09-10 09:45:16.733,11,82,93.9,18.9,MODERATE_AGREEMENT,93.9,sensor (normalized): validated by driver within one scale step
16540,Mistura de embalagens,OVO,2022-09-10 10:01:29.17,0,true,24462,77,2022-09-10 09:45:16.733,16,82,93.9,93.9,EVENT_ZERO_POST_EMPTYING,,excluded: post-emptying record
16540,Mistura de embalagens,OVO,2022-09-24 08:51:10.129,100,false,,4,2022-09-24 09:22:37.056,31,82,4.9,95.1,LARGE_DISAGREEMENT,,none: flagged for investigation
16540,Mistura de embalagens,OVO,2022-09-24 08:56:10.129,0,true,24903,4,2022-09-24 09:22:37.056,26,82,4.9,4.9,EVENT_ZERO_POST_EMPTYING,,excluded: post-emptying record
16540,Mistura de embalagens,OVO,2022-11-25 19:49:35.821,100,false,,64,2022-11-25 18:25:37.444,84,82,78.0,22.0,MODERATE_AGREEMENT,78.0,sensor (normalized): validated by driver within one scale step
16540,Mistura de embalagens,OVO,2022-11-25 19:54:35.821,0,true,26668,64,2022-11-25 18:25:37.444,89,82,78.0,78.0,EVENT_ZERO_POST_EMPTYING,,excluded: post-emptying record
16540,Mistura de embalagens,OVO,2023-01-16 18:47:10.183,50,false,,3,2023-01-16 20:08:40.78,81,82,3.7,46.3,LARGE_DISAGREEMENT,,none: flagged for investigation
16540,Mistura de embalagens,OVO,2023-01-16 18:52:10.183,0,true,28143,3,2023-01-16 20:08:40.78,76,82,3.7,3.7,EVENT_ZERO_POST_EMPTYING,,excluded: post-emptying record
16540,Mistura de embalagens,OVO,2023-02-17 21:52:14.836,100,false,,8,2023-02-18 01:03:11.216,191,82,9.8,,NO_SENSOR_MATCH,100.0,driver: no sensor reading within tolerance
16540,Mistura de embalagens,OVO,2023-02-17 21:57:14.836,0,true,29078,8,2023-02-18 01:03:11.216,186,82,9.8,,EVENT_ZERO_POST_EMPTYING,,excluded: post-emptying record
16540,Mistura de embalagens,OVO,2023-08-09 19:49:26.479,100,false,,0,2023-08-09 21:14:19.819,85,82,0.0,100.0,LARGE_DISAGREEMENT,,none: flagged for investigation
16540,Mistura de embalagens,OVO,2023-08-09 19:54:26.479,0,true,34620,0,2023-08-09 21:14:19.819,80,82,0.0,0.0,EVENT_ZERO_POST_EMPTYING,,excluded: post-emptying record
18700,Embalagens de papel e cartão,OVO,2022-09-20 19:07:12.759,0,false,,82,2022-09-19 13:12:12.306,1795,82,100.0,,NO_SENSOR_MATCH,0.0,driver: no sensor reading within tolerance
18700,Embalagens de papel e cartão,OVO,2022-12-29 08:23:10.578,0,false,,73,2022-12-26 20:17:06.422,3606,82,89.0,,NO_SENSOR_MATCH,0.0,driver: no sensor reading within tolerance
18741,Mistura de embalagens,OVO,2022-01-05 23:39:20,0,false,,31,2022-01-06 08:42:27.114,543,82,37.8,,NO_SENSOR_MATCH,0.0,driver: no sensor reading within tolerance
18741,Mistura de embalagens,OVO,2022-01-31 23:02:22,50,false,,37,2022-01-31 22:18:06.952,44,82,45.1,4.9,GOOD_AGREEMENT,45.1,sensor (normalized): validated by driver within one scale step
22050,Mistura de embalagens,OVO,2023-05-08 21:39:09.22,75,false,,73,2023-05-08 20:45:52.484,54,82,89.0,14.0,MODERATE_AGREEMENT,89.0,sensor (normalized): validated by driver within one scale step
22050,Mistura de embalagens,OVO,2023-05-08 21:44:09.22,0,true,31422,73,2023-05-08 20:45:52.484,59,82,89.0,89.0,EVENT_ZERO_POST_EMPTYING,,excluded: post-emptying record
22050,Mistura de embalagens,OVO,2024-04-18 09:25:03.608,50,false,,34,2024-04-18 02:47:33.441,398,82,41.5,,NO_SENSOR_MATCH,50.0,driver: no sensor reading within tolerance
1606,Mistura de embalagens,OVO,2020-12-19 11:31:20,100,false,,10,2020-12-19 18:08:32.844,397,82,12.2,,NO_SENSOR_MATCH,100.0,driver: no sensor reading within tolerance
1606,Mistura de embalagens,OVO,2020-12-19 11:36:20,0,true,8102,10,2020-12-19 18:08:32.844,392,82,12.2,,EVENT_ZERO_POST_EMPTYING,,excluded: post-emptying record
1606,Mistura de embalagens,OVO,2023-05-16 17:01:01.833,0,false,,5,2023-05-17 01:33:08.539,512,82,6.1,,NO_SENSOR_MATCH,0.0,driver: no sensor reading within tolerance
1606,Mistura de embalagens,OVO,2023-10-18 21:20:08.96,0,false,,30,2023-10-19 01:57:37.882,277,82,36.6,,NO_SENSOR_MATCH,0.0,driver: no sensor reading within tolerance
1621,Mistura de embalagens,OVO,2020-11-03 08:48:35,0,false,,0,2020-11-03 03:15:26.103,333,82,0.0,,NO_SENSOR_MATCH,0.0,driver: no sensor reading within tolerance
1621,Mistura de embalagens,OVO,2021-08-21 14:05:40,50,false,,3,2021-08-21 17:09:36.938,184,82,3.7,,NO_SENSOR_MATCH,50.0,driver: no sensor reading within tolerance
1621,Mistura de embalagens,OVO,2021-09-11 19:46:21,75,false,,70,2021-09-11 18:32:02.612,74,82,85.4,10.4,GOOD_AGREEMENT,85.4,sensor (normalized): validated by driver within one scale step
1621,Mistura de embalagens,OVO,2021-09-11 19:51:21,0,true,14487,70,2021-09-11 18:32:02.612,79,82,85.4,85.4,EVENT_ZERO_POST_EMPTYING,,excluded: post-emptying record
1621,Mistura de embalagens,OVO,2022-07-25 18:21:03.083,75,false,,63,2022-07-25 22:21:48.571,240,82,76.8,,NO_SENSOR_MATCH,75.0,driver: no sensor reading within tolerance
1621,Mistura de embalagens,OVO,2023-07-12 18:28:51.831,50,false,,32,2023-07-12 15:24:02.452,184,82,39.0,,NO_SENSOR_MATCH,50.0,driver: no sensor reading within tolerance
2750,Embalagens de papel e cartão,OVO,2020-11-17 21:58:44,75,false,,44,2020-11-17 16:20:40.168,338,82,53.7,,NO_SENSOR_MATCH,75.0,driver: no sensor reading within tolerance
2750,Embalagens de papel e cartão,OVO,2020-11-17 22:03:44,0,true,7451,44,2020-11-17 16:20:40.168,343,82,53.7,,EVENT_ZERO_POST_EMPTYING,,excluded: post-emptying record
2750,Embalagens de papel e cartão,OVO,2021-05-27 19:27:05,0,false,,0,2021-05-27 18:35:30.345,52,82,0.0,0.0,GOOD_AGREEMENT,0.0,sensor (normalized): validated by driver within one scale step
2750,Embalagens de papel e cartão,OVO,2022-08-02 18:50:47.912,0,false,,57,2022-08-02 10:06:44.54,524,82,69.5,,NO_SENSOR_MATCH,0.0,driver: no sensor reading within tolerance
2750,Embalagens de papel e cartão,OVO,2022-10-10 21:31:51.771,100,false,,66,2022-10-09 22:01:37.743,1410,82,80.5,,NO_SENSOR_MATCH,100.0,driver: no sensor reading within tolerance
2750,Embalagens de papel e cartão,OVO,2022-10-10 21:36:51.771,0,true,25328,66,2022-10-09 22:01:37.743,1415,82,80.5,,EVENT_ZERO_POST_EMPTYING,,excluded: post-emptying record
2750,Embalagens de papel e cartão,OVO,2022-11-07 20:33:13.567,0,false,,3,2022-11-07 15:01:22.255,332,82,3.7,,NO_SENSOR_MATCH,0.0,driver: no sensor reading within tolerance
2750,Embalagens de papel e cartão,OVO,2023-05-01 20:19:31.874,0,false,,7,2023-05-01 12:57:22.678,442,82,8.5,,NO_SENSOR_MATCH,0.0,driver: no sensor reading within tolerance
2750,Embalagens de papel e cartão,OVO,2023-09-25 20:25:33.063,75,false,,67,2023-09-25 15:32:01.628,293,82,81.7,,NO_SENSOR_MATCH,75.0,driver: no sensor reading within tolerance
2750,Embalagens de papel e cartão,OVO,2023-11-09 17:32:25.763,0,false,,6,2023-11-09 14:25:47.051,187,82,7.3,,NO_SENSOR_MATCH,0.0,driver: no sensor reading within tolerance
6225,Mistura de embalagens,OVO,2020-01-25 10:02:44,25,false,,59,2020-01-02 10:40:33.906,33082,82,72.0,,NO_SENSOR_MATCH,25.0,driver: no sensor reading within tolerance
6225,Mistura de embalagens,OVO,2020-01-25 10:07:44,0,true,1478,59,2020-01-02 10:40:33.906,33087,82,72.0,,EVENT_ZERO_POST_EMPTYING,,excluded: post-emptying record
6225,Mistura de embalagens,OVO,2020-06-17 10:09:13,50,false,,79,2020-10-21 09:10:11.698,181381,82,96.3,,NO_SENSOR_MATCH,50.0,driver: no sensor reading within tolerance
6225,Mistura de embalagens,OVO,2020-06-19 08:36:06,75,false,,79,2020-10-21 09:10:11.698,178594,82,96.3,,NO_SENSOR_MATCH,75.0,driver: no sensor reading within tolerance
6225,Mistura de embalagens,OVO,2020-06-19 08:41:06,0,true,4222,79,2020-10-21 09:10:11.698,178589,82,96.3,,EVENT_ZERO_POST_EMPTYING,,excluded: post-emptying record
6225,Mistura de embalagens,OVO,2020-10-20 18:30:39,50,false,,79,2020-10-21 09:10:11.698,880,82,96.3,,NO_SENSOR_MATCH,50.0,driver: no sensor reading within tolerance
6225,Mistura de embalagens,OVO,2020-10-20 18:35:39,0,true,6855,79,2020-10-21 09:10:11.698,875,82,96.3,,EVENT_ZERO_POST_EMPTYING,,excluded: post-emptying record
6225,Mistura de embalagens,OVO,2021-06-30 21:09:55,0,false,,3,2021-06-30 20:10:19.585,59,82,3.7,3.7,GOOD_AGREEMENT,3.7,sensor (normalized): validated by driver within one scale step
6225,Mistura de embalagens,OVO,2022-10-28 18:27:53.31,25,false,,29,2022-10-28 18:38:13.057,11,82,35.4,10.4,GOOD_AGREEMENT,35.4,sensor (normalized): validated by driver within one scale step
6225,Mistura de embalagens,OVO,2022-10-03 19:12:49.081,25,false,,26,2022-10-04 04:35:46.159,563,82,31.7,,NO_SENSOR_MATCH,25.0,driver: no sensor reading within tolerance
6225,Mistura de embalagens,OVO,2022-12-02 19:51:51.291,0,false,,82,2022-12-02 18:39:01.859,72,82,100.0,100.0,LARGE_DISAGREEMENT,,none: flagged for investigation
6225,Mistura de embalagens,OVO,2023-03-24 20:40:35.4,0,false,,20,2023-03-25 09:49:08.772,789,82,24.4,,NO_SENSOR_MATCH,0.0,driver: no sensor reading within tolerance
6225,Mistura de embalagens,OVO,2023-04-07 15:47:03.704,75,false,,76,2023-04-07 12:23:11.107,204,82,92.7,,NO_SENSOR_MATCH,75.0,driver: no sensor reading within tolerance
6225,Mistura de embalagens,OVO,2023-04-07 15:52:03.704,0,true,30461,76,2023-04-07 12:23:11.107,209,82,92.7,,EVENT_ZERO_POST_EMPTYING,,excluded: post-emptying record
6225,Mistura de embalagens,OVO,2023-06-02 17:40:22.311,75,false,,72,2023-06-02 14:24:01.511,196,82,87.8,,NO_SENSOR_MATCH,75.0,driver: no sensor reading within tolerance
6225,Mistura de embalagens,OVO,2023-06-02 17:45:22.311,0,true,32295,72,2023-06-02 14:24:01.511,201,82,87.8,,EVENT_ZERO_POST_EMPTYING,,excluded: post-emptying record
6225,Mistura de embalagens,OVO,2023-09-08 20:59:39.566,100,false,,82,2023-09-08 14:20:06.229,399,82,100.0,,NO_SENSOR_MATCH,100.0,driver: no sensor reading within tolerance
6225,Mistura de embalagens,OVO,2023-10-18 19:06:25.974,100,false,,74,2023-10-18 18:55:28.581,11,82,90.2,9.8,GOOD_AGREEMENT,90.2,sensor (normalized): validated by driver within one scale step
6225,Mistura de embalagens,OVO,2023-10-18 19:11:25.974,0,true,37183,74,2023-10-18 18:55:28.581,16,82,90.2,90.2,EVENT_ZERO_POST_EMPTYING,,excluded: post-emptying record
6900,Embalagens de papel e cartão,OVO,2020-12-11 19:22:42,0,false,,7,2020-12-11 17:42:23.967,100,82,8.5,8.5,GOOD_AGREEMENT,8.5,sensor (normalized): validated by driver within one scale step
6900,Embalagens de papel e cartão,OVO,2021-01-04 17:36:33,75,false,,39,2021-01-04 15:16:02.198,140,82,47.6,27.4,LARGE_DISAGREEMENT,,none: flagged for investigation
6900,Embalagens de papel e cartão,OVO,2021-01-04 17:41:33,0,true,8378,39,2021-01-04 15:16:02.198,145,82,47.6,47.6,EVENT_ZERO_POST_EMPTYING,,excluded: post-emptying record
6900,Embalagens de papel e cartão,OVO,2021-10-22 17:19:12,0,false,,4,2021-10-21 21:57:38.276,1162,82,4.9,,NO_SENSOR_MATCH,0.0,driver: no sensor reading within tolerance
7246,Mistura de embalagens,OVO,2020-04-02 19:33:21,0,false,,82,2020-04-02 12:48:04.699,405,82,100.0,,NO_SENSOR_MATCH,0.0,driver: no sensor reading within tolerance
7246,Mistura de embalagens,OVO,2020-05-05 20:05:43,100,false,,82,2020-05-06 00:21:25.333,256,82,100.0,,NO_SENSOR_MATCH,100.0,driver: no sensor reading within tolerance
7246,Mistura de embalagens,OVO,2020-08-06 17:39:02,25,false,,80,2020-08-04 21:32:39.645,2647,82,97.6,,NO_SENSOR_MATCH,25.0,driver: no sensor reading within tolerance
7246,Mistura de embalagens,OVO,2020-08-06 17:44:02,0,true,5222,80,2020-08-04 21:32:39.645,2652,82,97.6,,EVENT_ZERO_POST_EMPTYING,,excluded: post-emptying record
7246,Mistura de embalagens,OVO,2020-08-13 19:13:57,0,false,,80,2020-08-10 01:50:33.901,5363,82,97.6,,NO_SENSOR_MATCH,0.0,driver: no sensor reading within tolerance
7246,Mistura de embalagens,OVO,2020-11-03 22:23:53,25,false,,27,2020-11-03 23:42:25.244,79,82,32.9,7.9,GOOD_AGREEMENT,32.9,sensor (normalized): validated by driver within one scale step
7246,Mistura de embalagens,OVO,2021-08-04 17:55:35,25,false,,38,2021-08-04 11:13:29.547,402,82,46.3,,NO_SENSOR_MATCH,25.0,driver: no sensor reading within tolerance
7246,Mistura de embalagens,OVO,2021-09-28 18:13:40,75,false,,64,2021-09-28 13:47:50.651,266,82,78.0,,NO_SENSOR_MATCH,75.0,driver: no sensor reading within tolerance
7246,Mistura de embalagens,OVO,2021-09-28 18:18:40,0,true,14930,64,2021-09-28 13:47:50.651,271,82,78.0,,EVENT_ZERO_POST_EMPTYING,,excluded: post-emptying record
7246,Mistura de embalagens,OVO,2021-10-15 21:18:31,75,false,,68,2021-10-15 11:48:00.206,570,82,82.9,,NO_SENSOR_MATCH,75.0,driver: no sensor reading within tolerance
7246,Mistura de embalagens,OVO,2021-10-15 21:23:31,0,true,15372,68,2021-10-15 11:48:00.206,575,82,82.9,,EVENT_ZERO_POST_EMPTYING,,excluded: post-emptying record
7246,Mistura de embalagens,OVO,2022-10-31 23:14:52.733,100,false,,3,2022-10-31 23:36:07.904,22,82,3.7,96.3,LARGE_DISAGREEMENT,,none: flagged for investigation
7246,Mistura de embalagens,OVO,2022-10-31 23:19:52.733,0,true,25924,3,2022-10-31 23:36:07.904,17,82,3.7,3.7,EVENT_ZERO_POST_EMPTYING,,excluded: post-emptying record
7246,Mistura de embalagens,OVO,2023-04-10 18:47:42.016,75,false,,61,2023-04-10 18:08:59.903,39,82,74.4,0.6,GOOD_AGREEMENT,74.4,sensor (normalized): validated by driver within one scale step
7246,Mistura de embalagens,OVO,2023-04-10 18:52:42.016,0,true,30519,61,2023-04-10 18:08:59.903,44,82,74.4,74.4,EVENT_ZERO_POST_EMPTYING,,excluded: post-emptying record
7246,Mistura de embalagens,OVO,2024-03-26 18:53:11.738,100,false,,82,2024-03-26 16:32:30.574,141,82,100.0,0.0,CEILING_CASE,100.0,"sensor (normalized): ceiling case, driver corroborates full"
7246,Mistura de embalagens,OVO,2024-03-26 18:58:11.738,0,true,42903,82,2024-03-26 16:32:30.574,146,82,100.0,100.0,EVENT_ZERO_POST_EMPTYING,,excluded: post-emptying record
7445,Mistura de embalagens,OVO,2020-05-05 19:36:54,50,false,,41,2020-04-30 02:15:25.573,8241,82,50.0,,NO_SENSOR_MATCH,50.0,driver: no sensor reading within tolerance
7445,Mistura de embalagens,OVO,2020-08-06 19:22:16,75,false,,82,2020-10-29 08:50:25,120328,82,100.0,,NO_SENSOR_MATCH,75.0,driver: no sensor reading within tolerance
7445,Mistura de embalagens,OVO,2020-08-06 19:27:16,0,true,5222,82,2020-10-29 08:50:25,120323,82,100.0,,EVENT_ZERO_POST_EMPTYING,,excluded: post-emptying record
7445,Mistura de embalagens,OVO,2020-08-13 18:58:50,100,false,,82,2020-10-29 08:50:25,110272,82,100.0,,NO_SENSOR_MATCH,100.0,driver: no sensor reading within tolerance
7445,Mistura de embalagens,OVO,2020-08-13 19:03:50,0,true,5396,82,2020-10-29 08:50:25,110267,82,100.0,,EVENT_ZERO_POST_EMPTYING,,excluded: post-emptying record
7445,Mistura de embalagens,OVO,2020-11-03 18:01:24,75,false,,82,2020-11-03 22:17:00.637,256,82,100.0,,NO_SENSOR_MATCH,75.0,driver: no sensor reading within tolerance
7445,Mistura de embalagens,OVO,2021-02-10 10:06:25,0,false,,9,2021-02-11 01:25:27.987,919,82,11.0,,NO_SENSOR_MATCH,0.0,driver: no sensor reading within tolerance
7445,Mistura de embalagens,OVO,2021-02-10 18:15:07,0,false,,9,2021-02-11 01:25:27.987,430,82,11.0,,NO_SENSOR_MATCH,0.0,driver: no sensor reading within tolerance
7445,Mistura de embalagens,OVO,2021-04-13 17:50:42,100,false,,6,2021-04-13 18:30:57.932,40,82,7.3,92.7,LARGE_DISAGREEMENT,,none: flagged for investigation
7445,Mistura de embalagens,OVO,2021-04-13 17:55:42,0,true,10544,6,2021-04-13 18:30:57.932,35,82,7.3,7.3,EVENT_ZERO_POST_EMPTYING,,excluded: post-emptying record
7445,Mistura de embalagens,OVO,2021-04-26 18:07:12,75,false,,46,2021-04-26 06:17:23.486,710,82,56.1,,NO_SENSOR_MATCH,75.0,driver: no sensor reading within tolerance
7445,Mistura de embalagens,OVO,2021-07-08 22:06:24,100,false,,82,2021-07-08 16:06:54.825,360,82,100.0,,NO_SENSOR_MATCH,100.0,driver: no sensor reading within tolerance
7445,Mistura de embalagens,OVO,2021-07-08 22:11:24,0,true,12643,82,2021-07-08 16:06:54.825,365,82,100.0,,EVENT_ZERO_POST_EMPTYING,,excluded: post-emptying record
7445,Mistura de embalagens,OVO,2021-08-04 17:51:29,25,false,,5,2021-08-04 14:29:55.234,202,82,6.1,,NO_SENSOR_MATCH,25.0,driver: no sensor reading within tolerance
7445,Mistura de embalagens,OVO,2021-08-28 17:59:44,75,false,,61,2021-08-28 08:22:26.276,577,82,74.4,,NO_SENSOR_MATCH,75.0,driver: no sensor reading within tolerance
7445,Mistura de embalagens,OVO,2021-08-28 18:04:44,0,true,14103,61,2021-08-28 08:22:26.276,582,82,74.4,,EVENT_ZERO_POST_EMPTYING,,excluded: post-emptying record
7445,Mistura de embalagens,OVO,2021-12-11 10:20:42,50,false,,8,2021-12-11 18:30:44.88,490,82,9.8,,NO_SENSOR_MATCH,50.0,driver: no sensor reading within tolerance
7445,Mistura de embalagens,OVO,2021-12-27 20:08:42,100,false,,82,2021-12-27 22:29:55.025,141,82,100.0,0.0,CEILING_CASE,100.0,"sensor (normalized): ceiling case, driver corroborates full"
7445,Mistura de embalagens,OVO,2022-03-15 23:26:42.517,75,false,,69,2022-03-15 13:28:48.971,598,82,84.1,,NO_SENSOR_MATCH,75.0,driver: no sensor reading within tolerance
7445,Mistura de embalagens,OVO,2022-03-15 23:31:42.517,0,true,19068,69,2022-03-15 13:28:48.971,603,82,84.1,,EVENT_ZERO_POST_EMPTYING,,excluded: post-emptying record
7445,Mistura de embalagens,OVO,2022-03-26 12:26:44.714,100,false,,65,2022-03-26 11:13:49.888,73,82,79.3,20.7,MODERATE_AGREEMENT,79.3,sensor (normalized): validated by driver within one scale step
7445,Mistura de embalagens,OVO,2022-03-26 12:31:44.714,0,true,19369,65,2022-03-26 11:13:49.888,78,82,79.3,79.3,EVENT_ZERO_POST_EMPTYING,,excluded: post-emptying record
7445,Mistura de embalagens,OVO,2022-10-31 23:00:46.51,75,false,,81,2022-10-31 20:21:22.109,159,82,98.8,23.8,MODERATE_AGREEMENT,98.8,sensor (normalized): validated by driver within one scale step
7445,Mistura de embalagens,OVO,2022-10-31 23:05:46.51,0,true,25924,81,2022-10-31 20:21:22.109,164,82,98.8,98.8,EVENT_ZERO_POST_EMPTYING,,excluded: post-emptying record
7445,Mistura de embalagens,OVO,2023-01-10 18:40:24.76,0,false,,4,2023-01-11 03:47:35.604,547,82,4.9,,NO_SENSOR_MATCH,0.0,driver: no sensor reading within tolerance
7445,Mistura de embalagens,OVO,2023-02-27 21:33:50.334,100,false,,72,2023-02-27 15:47:20.059,346,82,87.8,,NO_SENSOR_MATCH,100.0,driver: no sensor reading within tolerance
7445,Mistura de embalagens,OVO,2023-02-27 21:38:50.334,0,true,29305,72,2023-02-27 15:47:20.059,351,82,87.8,,EVENT_ZERO_POST_EMPTYING,,excluded: post-emptying record
7445,Mistura de embalagens,OVO,2023-05-18 19:42:15.235,100,false,,82,2023-05-18 08:56:55.35,646,82,100.0,,NO_SENSOR_MATCH,100.0,driver: no sensor reading within tolerance
7445,Mistura de embalagens,OVO,2023-05-18 19:47:15.235,0,true,31786,82,2023-05-18 08:56:55.35,651,82,100.0,,EVENT_ZERO_POST_EMPTYING,,excluded: post-emptying record
7445,Mistura de embalagens,OVO,2023-05-25 21:47:25.768,100,false,,67,2023-05-25 14:30:57.257,437,82,81.7,,NO_SENSOR_MATCH,100.0,driver: no sensor reading within tolerance
7445,Mistura de embalagens,OVO,2023-05-25 21:52:25.768,0,true,32020,67,2023-05-25 14:30:57.257,442,82,81.7,,EVENT_ZERO_POST_EMPTYING,,excluded: post-emptying record
7445,Mistura de embalagens,OVO,2023-06-21 19:58:30.481,25,false,,77,2023-06-21 20:12:22.747,14,82,93.9,68.9,LARGE_DISAGREEMENT,,none: flagged for investigation
7445,Mistura de embalagens,OVO,2023-07-11 20:08:30.795,50,false,,75,2023-07-12 00:56:08.965,288,82,91.5,,NO_SENSOR_MATCH,50.0,driver: no sensor reading within tolerance
7445,Mistura de embalagens,OVO,2023-10-03 17:51:13.928,75,false,,70,2023-10-03 02:06:09.058,945,82,85.4,,NO_SENSOR_MATCH,75.0,driver: no sensor reading within tolerance
7445,Mistura de embalagens,OVO,2023-10-03 17:56:13.928,0,true,36629,70,2023-10-03 02:06:09.058,950,82,85.4,,EVENT_ZERO_POST_EMPTYING,,excluded: post-emptying record
7445,Mistura de embalagens,OVO,2024-03-26 19:03:06.029,0,false,,82,2024-03-26 10:26:50.929,517,82,100.0,,NO_SENSOR_MATCH,0.0,driver: no sensor reading within tolerance
9419,Embalagens de papel e cartão,OVO,2020-03-10 18:29:20,100,false,,82,2020-03-10 13:27:05.872,302,82,100.0,,NO_SENSOR_MATCH,100.0,driver: no sensor reading within tolerance
9419,Embalagens de papel e cartão,OVO,2020-03-10 18:34:20,0,true,2281,82,2020-03-10 13:27:05.872,307,82,100.0,,EVENT_ZERO_POST_EMPTYING,,excluded: post-emptying record
9419,Embalagens de papel e cartão,OVO,2020-04-16 17:45:55,0,false,,82,2020-04-17 03:59:54.491,614,82,100.0,,NO_SENSOR_MATCH,0.0,driver: no sensor reading within tolerance
9419,Embalagens de papel e cartão,OVO,2020-07-14 19:03:16,75,false,,16,2020-07-10 09:00:06.078,6363,82,19.5,,NO_SENSOR_MATCH,75.0,driver: no sensor reading within tolerance
9419,Embalagens de papel e cartão,OVO,2020-07-14 19:08:16,0,true,4719,16,2020-07-10 09:00:06.078,6368,82,19.5,,EVENT_ZERO_POST_EMPTYING,,excluded: post-emptying record
9419,Embalagens de papel e cartão,OVO,2020-10-15 07:00:54,0,false,,82,2020-10-16 08:39:06.234,1539,82,100.0,,NO_SENSOR_MATCH,0.0,driver: no sensor reading within tolerance
9419,Embalagens de papel e cartão,OVO,2021-05-04 17:27:39,0,false,,21,2021-05-04 15:27:12.131,120,82,25.6,25.6,LARGE_DISAGREEMENT,,none: flagged for investigation
9419,Embalagens de papel e cartão,OVO,2021-05-18 11:02:43,0,false,,22,2021-05-18 00:16:11.99,646,82,26.8,,NO_SENSOR_MATCH,0.0,driver: no sensor reading within tolerance
9419,Embalagens de papel e cartão,OVO,2021-11-16 18:43:49,75,false,,20,2021-11-16 19:26:54.035,43,82,24.4,50.6,LARGE_DISAGREEMENT,,none: flagged for investigation
9419,Embalagens de papel e cartão,OVO,2021-11-16 18:48:49,0,true,16178,20,2021-11-16 19:26:54.035,38,82,24.4,24.4,EVENT_ZERO_POST_EMPTYING,,excluded: post-emptying record
9419,Embalagens de papel e cartão,OVO,2022-04-11 18:02:44.14,100,false,,66,2022-04-11 16:47:20.646,75,82,80.5,19.5,MODERATE_AGREEMENT,80.5,sensor (normalized): validated by driver within one scale step
9419,Embalagens de papel e cartão,OVO,2022-04-11 18:07:44.14,0,true,19793,66,2022-04-11 16:47:20.646,80,82,80.5,80.5,EVENT_ZERO_POST_EMPTYING,,excluded: post-emptying record
9419,Embalagens de papel e cartão,OVO,2023-08-09 19:36:49.885,100,false,,46,2023-08-09 19:13:34.462,23,82,56.1,43.9,LARGE_DISAGREEMENT,,none: flagged for investigation
9419,Embalagens de papel e cartão,OVO,2023-08-09 19:41:49.885,0,true,34619,46,2023-08-09 19:13:34.462,28,82,56.1,56.1,EVENT_ZERO_POST_EMPTYING,,excluded: post-emptying record
9419,Embalagens de papel e cartão,OVO,2023-09-06 21:55:40.184,100,false,,76,2023-09-06 15:37:26.135,378,82,92.7,,NO_SENSOR_MATCH,100.0,driver: no sensor reading within tolerance
9419,Embalagens de papel e cartão,OVO,2023-09-06 22:00:40.184,0,true,35696,76,2023-09-06 15:37:26.135,383,82,92.7,,EVENT_ZERO_POST_EMPTYING,,excluded: post-emptying record
9419,Embalagens de papel e cartão,OVO,2023-12-15 18:07:51.566,0,false,,38,2023-12-15 13:56:31.042,251,82,46.3,,NO_SENSOR_MATCH,0.0,driver: no sensor reading within tolerance
9419,Embalagens de papel e cartão,OVO,2024-04-24 17:28:21.299,100,false,,82,2024-04-24 10:55:32.241,393,82,100.0,,NO_SENSOR_MATCH,100.0,driver: no sensor reading within tolerance
9419,Embalagens de papel e cartão,OVO,2024-04-24 17:33:21.299,0,true,44068,82,2024-04-24 10:55:32.241,398,82,100.0,,EVENT_ZERO_POST_EMPTYING,,excluded: post-emptying record
9594,Embalagens de papel e cartão,OVO,2024-03-14 07:26:56.561,0,false,,11,2024-03-14 07:42:05.31,16,82,13.4,13.4,MODERATE_AGREEMENT,13.4,sensor (normalized): validated by driver within one scale step
11772,Mistura de embalagens,OVO,2023-06-30 20:05:22.42,75,false,,75,2023-06-30 20:05:26.269,0,82,91.5,16.5,MODERATE_AGREEMENT,91.5,sensor (normalized): validated by driver within one scale step
11772,Mistura de embalagens,OVO,2023-06-30 20:10:22.42,0,true,33213,75,2023-06-30 20:05:26.269,5,82,91.5,91.5,EVENT_ZERO_POST_EMPTYING,,excluded: post-emptying record
11772,Mistura de embalagens,OVO,2023-07-05 20:47:54.516,0,false,,13,2023-07-05 20:42:50.915,5,82,15.9,15.9,MODERATE_AGREEMENT,15.9,sensor (normalized): validated by driver within one scale step
11772,Mistura de embalagens,OVO,2024-01-25 22:26:18.306,0,false,,12,2024-01-25 22:35:59.988,9,82,14.6,14.6,MODERATE_AGREEMENT,14.6,sensor (normalized): validated by driver within one scale step
11806,Mistura de embalagens,OVO,2021-03-08 21:53:23,75,false,,37,2021-03-08 13:37:23.068,496,82,45.1,,NO_SENSOR_MATCH,75.0,driver: no sensor reading within tolerance
11806,Mistura de embalagens,OVO,2021-08-03 17:18:50,100,false,,35,2021-08-03 09:49:03.331,449,82,42.7,,NO_SENSOR_MATCH,100.0,driver: no sensor reading within tolerance
11806,Mistura de embalagens,OVO,2021-08-03 17:23:50,0,true,13370,35,2021-08-03 09:49:03.331,454,82,42.7,,EVENT_ZERO_POST_EMPTYING,,excluded: post-emptying record
11806,Mistura de embalagens,OVO,2021-10-26 19:10:17,0,false,,9,2021-10-26 09:12:11.685,598,82,11.0,,NO_SENSOR_MATCH,0.0,driver: no sensor reading within tolerance
11806,Mistura de embalagens,OVO,2022-08-15 20:29:22.802,75,false,,38,2022-08-15 10:59:07.363,570,82,46.3,,NO_SENSOR_MATCH,75.0,driver: no sensor reading within tolerance
11806,Mistura de embalagens,OVO,2023-06-30 18:27:06.024,50,false,,29,2023-07-01 03:51:23.977,564,82,35.4,,NO_SENSOR_MATCH,50.0,driver: no sensor reading within tolerance
11806,Mistura de embalagens,OVO,2023-07-10 19:36:47.415,100,false,,64,2023-07-10 19:21:30.525,15,82,78.0,22.0,MODERATE_AGREEMENT,78.0,sensor (normalized): validated by driver within one scale step
11806,Mistura de embalagens,OVO,2023-07-10 19:41:47.415,0,true,33511,64,2023-07-10 19:21:30.525,20,82,78.0,78.0,EVENT_ZERO_POST_EMPTYING,,excluded: post-emptying record
11806,Mistura de embalagens,OVO,2023-07-13 18:43:34.833,0,false,,9,2023-07-16 13:01:30.524,3978,82,11.0,,NO_SENSOR_MATCH,0.0,driver: no sensor reading within tolerance
11827,Mistura de embalagens,OVO,2021-10-11 20:44:45,100,false,,82,2021-10-11 18:06:46.133,158,82,100.0,0.0,CEILING_CASE,100.0,"sensor (normalized): ceiling case, driver corroborates full"
11827,Mistura de embalagens,OVO,2021-10-11 20:49:45,0,true,15248,82,2021-10-11 18:06:46.133,163,82,100.0,100.0,EVENT_ZERO_POST_EMPTYING,,excluded: post-emptying record
11827,Mistura de embalagens,OVO,2022-12-12 20:58:25.84,100,false,,2,2022-12-12 22:44:20.76,106,82,2.4,97.6,LARGE_DISAGREEMENT,,none: flagged for investigation
11827,Mistura de embalagens,OVO,2022-12-12 21:03:25.84,0,true,27108,2,2022-12-12 22:44:20.76,101,82,2.4,2.4,EVENT_ZERO_POST_EMPTYING,,excluded: post-emptying record
11827,Mistura de embalagens,OVO,2023-07-12 20:02:46.13,100,false,,82,2023-07-12 19:50:18.379,12,82,100.0,0.0,CEILING_CASE,100.0,"sensor (normalized): ceiling case, driver corroborates full"
11827,Mistura de embalagens,OVO,2023-07-12 20:07:46.13,0,true,33599,82,2023-07-12 19:50:18.379,17,82,100.0,100.0,EVENT_ZERO_POST_EMPTYING,,excluded: post-emptying record
11827,Mistura de embalagens,OVO,2023-12-27 19:56:33.83,0,false,,64,2023-12-27 19:05:02.303,51,82,78.0,78.0,LARGE_DISAGREEMENT,,none: flagged for investigation
11827,Mistura de embalagens,OVO,2024-02-26 17:47:53.847,100,false,,12,2024-02-26 19:09:02.119,82,82,14.6,85.4,LARGE_DISAGREEMENT,,none: flagged for investigation
11827,Mistura de embalagens,OVO,2024-02-26 17:52:53.847,0,true,41803,12,2024-02-26 19:09:02.119,77,82,14.6,14.6,EVENT_ZERO_POST_EMPTYING,,excluded: post-emptying record
11827,Mistura de embalagens,OVO,2024-03-14 19:50:46.15,100,false,,82,2024-03-14 03:49:37.444,961,82,100.0,,NO_SENSOR_MATCH,100.0,driver: no sensor reading within tolerance
11827,Mistura de embalagens,OVO,2024-03-14 19:55:46.15,0,true,42487,82,2024-03-14 03:49:37.444,966,82,100.0,,EVENT_ZERO_POST_EMPTYING,,excluded: post-emptying record
11828,Mistura de embalagens,OVO,2020-02-26 18:59:14,25,false,,56,2020-01-01 21:24:18.788,80495,82,68.3,,NO_SENSOR_MATCH,25.0,driver: no sensor reading within tolerance
11828,Mistura de embalagens,OVO,2020-02-26 19:04:14,0,true,2040,56,2020-01-01 21:24:18.788,80500,82,68.3,,EVENT_ZERO_POST_EMPTYING,,excluded: post-emptying record
11828,Mistura de embalagens,OVO,2021-05-25 21:03:09,50,false,,28,2021-05-25 06:32:46.074,871,82,34.1,,NO_SENSOR_MATCH,50.0,driver: no sensor reading within tolerance
11828,Mistura de embalagens,OVO,2021-05-25 21:08:09,0,true,11543,28,2021-05-25 06:32:46.074,876,82,34.1,,EVENT_ZERO_POST_EMPTYING,,excluded: post-emptying record
11828,Mistura de embalagens,OVO,2022-06-14 17:29:14.01,75,false,,47,2022-06-14 06:49:59.99,640,82,57.3,,NO_SENSOR_MATCH,75.0,driver: no sensor reading within tolerance
11828,Mistura de embalagens,OVO,2022-06-14 17:34:14.01,0,true,21696,47,2022-06-14 06:49:59.99,645,82,57.3,,EVENT_ZERO_POST_EMPTYING,,excluded: post-emptying record
11828,Mistura de embalagens,OVO,2022-11-08 18:35:24.626,0,false,,62,2022-11-07 09:34:54.541,1981,82,75.6,,NO_SENSOR_MATCH,0.0,driver: no sensor reading within tolerance
11828,Mistura de embalagens,OVO,2023-06-20 19:42:03.485,0,false,,5,2023-06-21 05:05:46.545,563,82,6.1,,NO_SENSOR_MATCH,0.0,driver: no sensor reading within tolerance
11832,Mistura de embalagens,OVO,2020-11-26 21:29:52,0,false,,19,2020-11-26 15:51:53.503,338,82,23.2,,NO_SENSOR_MATCH,0.0,driver: no sensor reading within tolerance
11832,Mistura de embalagens,OVO,2021-06-24 19:28:44,0,false,,30,2021-06-22 06:01:45.254,3687,82,36.6,,NO_SENSOR_MATCH,0.0,driver: no sensor reading within tolerance
11832,Mistura de embalagens,OVO,2021-08-30 18:47:37,0,false,,0,2021-08-30 19:28:42.985,41,82,0.0,0.0,GOOD_AGREEMENT,0.0,sensor (normalized): validated by driver within one scale step
11832,Mistura de embalagens,OVO,2022-05-28 10:37:25.454,75,false,,69,2022-05-27 10:14:13.184,1463,82,84.1,,NO_SENSOR_MATCH,75.0,driver: no sensor reading within tolerance
11832,Mistura de embalagens,OVO,2022-05-28 10:42:25.454,0,true,21201,20,2022-05-29 11:09:19.475,1467,82,24.4,,EVENT_ZERO_POST_EMPTYING,,excluded: post-emptying record
11990,Embalagens de papel e cartão,VRL,2020-01-30 07:22:48,25,false,,82,2020-01-30 13:23:24.844,361,82,100.0,,NO_SENSOR_MATCH,25.0,driver: no sensor reading within tolerance
11990,Embalagens de papel e cartão,VRL,2020-08-11 07:36:19,75,false,,82,2020-07-17 22:32:52.285,35104,82,100.0,,NO_SENSOR_MATCH,75.0,driver: no sensor reading within tolerance
11990,Embalagens de papel e cartão,VRL,2020-08-11 07:41:19,0,true,5344,82,2020-07-17 22:32:52.285,35109,82,100.0,,EVENT_ZERO_POST_EMPTYING,,excluded: post-emptying record
11990,Embalagens de papel e cartão,VRL,2021-01-19 07:41:14,100,false,,43,2021-01-19 08:48:00.724,67,82,52.4,47.6,LARGE_DISAGREEMENT,,none: flagged for investigation
11990,Embalagens de papel e cartão,VRL,2021-01-19 07:46:14,0,true,8698,43,2021-01-19 08:48:00.724,62,82,52.4,52.4,EVENT_ZERO_POST_EMPTYING,,excluded: post-emptying record
11990,Embalagens de papel e cartão,VRL,2021-08-11 22:16:06,100,false,,17,2021-08-11 22:23:40.883,7,82,20.7,79.3,LARGE_DISAGREEMENT,,none: flagged for investigation
11990,Embalagens de papel e cartão,VRL,2021-08-11 22:21:06,0,true,13606,17,2021-08-11 22:23:40.883,2,82,20.7,20.7,EVENT_ZERO_POST_EMPTYING,,excluded: post-emptying record
11990,Embalagens de papel e cartão,VRL,2021-09-02 16:42:17,75,false,,51,2021-09-03 02:17:12.493,575,82,62.2,,NO_SENSOR_MATCH,75.0,driver: no sensor reading within tolerance
11990,Embalagens de papel e cartão,VRL,2021-09-30 20:23:28,75,false,,49,2021-09-30 14:05:56.7,378,82,59.8,,NO_SENSOR_MATCH,75.0,driver: no sensor reading within tolerance
11990,Embalagens de papel e cartão,VRL,2021-09-30 20:28:28,0,true,15019,49,2021-09-30 14:05:56.7,383,82,59.8,,EVENT_ZERO_POST_EMPTYING,,excluded: post-emptying record
11990,Embalagens de papel e cartão,VRL,2022-02-07 19:34:31,100,false,,25,2022-02-07 20:40:35.313,66,82,30.5,69.5,LARGE_DISAGREEMENT,,none: flagged for investigation
11990,Embalagens de papel e cartão,VRL,2022-02-07 19:39:31,0,true,18096,25,2022-02-07 20:40:35.313,61,82,30.5,30.5,EVENT_ZERO_POST_EMPTYING,,excluded: post-emptying record
11990,Embalagens de papel e cartão,VRL,2022-07-02 11:13:23.711,0,false,,29,2022-07-02 10:40:13.184,33,82,35.4,35.4,LARGE_DISAGREEMENT,,none: flagged for investigation
11990,Embalagens de papel e cartão,VRL,2023-01-09 20:33:46.501,0,false,,64,2023-01-09 13:51:26.823,402,82,78.0,,NO_SENSOR_MATCH,0.0,driver: no sensor reading within tolerance
11990,Embalagens de papel e cartão,VRL,2023-03-06 20:31:46.249,75,false,,66,2023-03-06 18:51:39.309,100,82,80.5,5.5,GOOD_AGREEMENT,80.5,sensor (normalized): validated by driver within one scale step
12216,Mistura de embalagens,OVO,2020-01-17 17:22:52,0,false,,82,2020-01-17 10:41:42.308,401,82,100.0,,NO_SENSOR_MATCH,0.0,driver: no sensor reading within tolerance
12216,Mistura de embalagens,OVO,2020-05-06 16:41:22,0,false,,49,2020-05-08 07:40:43.526,2339,82,59.8,,NO_SENSOR_MATCH,0.0,driver: no sensor reading within tolerance
12216,Mistura de embalagens,OVO,2020-10-16 21:27:00,0,false,,49,2020-10-16 15:44:54.073,343,82,59.8,,NO_SENSOR_MATCH,0.0,driver: no sensor reading within tolerance
12216,Mistura de embalagens,OVO,2020-11-20 16:30:40,50,false,,29,2020-11-20 15:20:08.017,70,82,35.4,14.6,MODERATE_AGREEMENT,35.4,sensor (normalized): validated by driver within one scale step
12216,Mistura de embalagens,OVO,2020-11-20 16:35:40,0,true,7525,29,2020-11-20 15:20:08.017,75,82,35.4,35.4,EVENT_ZERO_POST_EMPTYING,,excluded: post-emptying record
12216,Mistura de embalagens,OVO,2020-12-31 06:40:27,25,false,,29,2020-12-30 18:28:01.378,732,82,35.4,,NO_SENSOR_MATCH,25.0,driver: no sensor reading within tolerance
12216,Mistura de embalagens,OVO,2021-03-12 16:16:58,50,false,,37,2021-03-12 14:01:14.168,135,82,45.1,4.9,GOOD_AGREEMENT,45.1,sensor (normalized): validated by driver within one scale step
12216,Mistura de embalagens,OVO,2021-03-12 16:21:58,0,true,9799,37,2021-03-12 14:01:14.168,140,82,45.1,45.1,EVENT_ZERO_POST_EMPTYING,,excluded: post-emptying record
12216,Mistura de embalagens,OVO,2021-05-07 16:18:59,25,false,,5,2021-05-07 14:00:15.921,138,82,6.1,18.9,MODERATE_AGREEMENT,6.1,sensor (normalized): validated by driver within one scale step
12216,Mistura de embalagens,OVO,2021-05-07 16:23:59,0,true,11093,5,2021-05-07 14:00:15.921,143,82,6.1,6.1,EVENT_ZERO_POST_EMPTYING,,excluded: post-emptying record
12216,Mistura de embalagens,OVO,2021-09-24 17:38:01,25,false,,1,2021-09-24 11:40:10.462,358,82,1.2,,NO_SENSOR_MATCH,25.0,driver: no sensor reading within tolerance
12216,Mistura de embalagens,OVO,2021-09-24 17:43:01,0,true,14808,1,2021-09-24 11:40:10.462,363,82,1.2,,EVENT_ZERO_POST_EMPTYING,,excluded: post-emptying record
12216,Mistura de embalagens,OVO,2021-09-24 17:38:01,25,false,,1,2021-09-24 11:40:10.462,358,82,1.2,,NO_SENSOR_MATCH,25.0,driver: no sensor reading within tolerance
12216,Mistura de embalagens,OVO,2021-09-24 17:43:01,0,true,14808,1,2021-09-24 11:40:10.462,363,82,1.2,,EVENT_ZERO_POST_EMPTYING,,excluded: post-emptying record
12216,Mistura de embalagens,OVO,2021-11-12 16:06:58,50,false,,28,2021-11-12 16:04:14.928,2,82,34.1,15.9,MODERATE_AGREEMENT,34.1,sensor (normalized): validated by driver within one scale step
12216,Mistura de embalagens,OVO,2021-11-12 16:11:58,0,true,16055,28,2021-11-12 16:04:14.928,7,82,34.1,34.1,EVENT_ZERO_POST_EMPTYING,,excluded: post-emptying record
12216,Mistura de embalagens,OVO,2021-11-29 17:55:14,0,false,,67,2021-11-29 18:46:52.97,51,82,81.7,81.7,LARGE_DISAGREEMENT,,none: flagged for investigation
12216,Mistura de embalagens,OVO,2022-02-11 18:12:50,50,false,,30,2022-02-12 03:25:50.329,553,82,36.6,,NO_SENSOR_MATCH,50.0,driver: no sensor reading within tolerance
12216,Mistura de embalagens,OVO,2022-03-09 19:12:44.213,75,false,,38,2022-03-09 11:48:09.399,444,82,46.3,,NO_SENSOR_MATCH,75.0,driver: no sensor reading within tolerance
12216,Mistura de embalagens,OVO,2022-03-09 19:17:44.213,0,true,18895,38,2022-03-09 11:48:09.399,449,82,46.3,,EVENT_ZERO_POST_EMPTYING,,excluded: post-emptying record
12216,Mistura de embalagens,OVO,2022-04-08 17:37:05.93,25,false,,33,2022-04-08 15:14:31.35,143,82,40.2,15.2,MODERATE_AGREEMENT,40.2,sensor (normalized): validated by driver within one scale step
12216,Mistura de embalagens,OVO,2022-05-25 16:53:52.105,0,false,,18,2022-05-25 16:27:55.757,26,82,22.0,22.0,MODERATE_AGREEMENT,22.0,sensor (normalized): validated by driver within one scale step
12216,Mistura de embalagens,OVO,2022-11-22 07:06:42.943,0,false,,30,2022-11-21 22:09:06.303,537,82,36.6,,NO_SENSOR_MATCH,0.0,driver: no sensor reading within tolerance
12216,Mistura de embalagens,OVO,2023-01-09 17:25:33.118,50,false,,14,2023-01-09 14:30:38.898,175,82,17.1,32.9,LARGE_DISAGREEMENT,,none: flagged for investigation
12216,Mistura de embalagens,OVO,2023-04-21 17:14:41.239,0,false,,29,2023-04-21 22:13:54.341,299,82,35.4,,NO_SENSOR_MATCH,0.0,driver: no sensor reading within tolerance
12216,Mistura de embalagens,OVO,2023-10-18 19:14:53.456,75,false,,13,2023-10-19 04:08:07.661,534,82,15.9,,NO_SENSOR_MATCH,75.0,driver: no sensor reading within tolerance
14338,Embalagens de papel e cartão,OVO,2020-07-28 19:27:22,0,false,,82,2020-07-28 08:16:38.301,671,82,100.0,,NO_SENSOR_MATCH,0.0,driver: no sensor reading within tolerance
14338,Embalagens de papel e cartão,OVO,2020-09-29 17:04:36,0,false,,82,2020-09-29 16:50:07.671,14,82,100.0,100.0,LARGE_DISAGREEMENT,,none: flagged for investigation
14338,Embalagens de papel e cartão,OVO,2020-10-27 14:27:45,50,false,,9,2020-10-27 15:23:35.206,56,82,11.0,39.0,LARGE_DISAGREEMENT,,none: flagged for investigation
14338,Embalagens de papel e cartão,OVO,2020-10-27 14:32:45,0,true,7007,9,2020-10-27 15:23:35.206,51,82,11.0,11.0,EVENT_ZERO_POST_EMPTYING,,excluded: post-emptying record
14338,Embalagens de papel e cartão,OVO,2020-10-27 14:32:45,0,true,7007,9,2020-10-27 15:23:35.206,51,82,11.0,11.0,EVENT_ZERO_POST_EMPTYING,,excluded: post-emptying record
14338,Embalagens de papel e cartão,OVO,2021-02-01 16:46:25,0,false,,16,2021-02-01 08:31:34.764,495,82,19.5,,NO_SENSOR_MATCH,0.0,driver: no sensor reading within tolerance
14338,Embalagens de papel e cartão,OVO,2020-12-15 17:45:33,0,false,,6,2020-12-15 08:27:41.296,558,82,7.3,,NO_SENSOR_MATCH,0.0,driver: no sensor reading within tolerance
14338,Embalagens de papel e cartão,OVO,2020-12-22 17:43:08,0,false,,6,2020-12-22 12:02:23.494,341,82,7.3,,NO_SENSOR_MATCH,0.0,driver: no sensor reading within tolerance
14338,Embalagens de papel e cartão,OVO,2021-04-27 19:25:05,0,false,,9,2021-04-27 08:34:30.605,651,82,11.0,,NO_SENSOR_MATCH,0.0,driver: no sensor reading within tolerance
14338,Embalagens de papel e cartão,OVO,2021-06-02 11:31:34,0,false,,8,2021-06-02 04:40:54.551,411,82,9.8,,NO_SENSOR_MATCH,0.0,driver: no sensor reading within tolerance
14338,Embalagens de papel e cartão,OVO,2021-06-15 19:11:15,0,false,,2,2021-06-15 12:55:54.258,376,82,2.4,,NO_SENSOR_MATCH,0.0,driver: no sensor reading within tolerance
14338,Embalagens de papel e cartão,OVO,2023-08-30 17:08:23.778,0,false,,6,2023-08-31 07:04:58.835,836,82,7.3,,NO_SENSOR_MATCH,0.0,driver: no sensor reading within tolerance
16540,Mistura de embalagens,OVO,2021-08-20 20:08:37,100,false,,64,2021-08-20 14:01:57.094,367,82,78.0,,NO_SENSOR_MATCH,100.0,driver: no sensor reading within tolerance
16540,Mistura de embalagens,OVO,2021-08-20 20:13:37,0,true,13874,64,2021-08-20 14:01:57.094,372,82,78.0,,EVENT_ZERO_POST_EMPTYING,,excluded: post-emptying record
16540,Mistura de embalagens,OVO,2021-09-17 18:58:32,100,false,,8,2021-09-17 19:44:39.953,46,82,9.8,90.2,LARGE_DISAGREEMENT,,none: flagged for investigation
16540,Mistura de embalagens,OVO,2021-09-17 19:03:32,0,true,14657,8,2021-09-17 19:44:39.953,41,82,9.8,9.8,EVENT_ZERO_POST_EMPTYING,,excluded: post-emptying record
18741,Mistura de embalagens,OVO,2021-12-14 22:12:22,0,false,,8,2021-12-14 19:45:40.581,147,82,9.8,9.8,GOOD_AGREEMENT,9.8,sensor (normalized): validated by driver within one scale step
18741,Mistura de embalagens,OVO,2022-09-02 20:59:43.127,25,false,,24,2022-09-02 14:54:09.521,365,82,29.3,,NO_SENSOR_MATCH,25.0,driver: no sensor reading within tolerance
18741,Mistura de embalagens,OVO,2023-06-29 19:53:23.569,50,false,,38,2023-06-29 12:02:38.783,471,82,46.3,,NO_SENSOR_MATCH,50.0,driver: no sensor reading within tolerance
18741,Mistura de embalagens,OVO,2023-06-29 19:58:23.569,0,true,33162,38,2023-06-29 12:02:38.783,476,82,46.3,,EVENT_ZERO_POST_EMPTYING,,excluded: post-emptying record
18741,Mistura de embalagens,OVO,2024-01-17 20:48:24.817,0,false,,19,2024-02-07 13:59:03.268,29831,82,23.2,,NO_SENSOR_MATCH,0.0,driver: no sensor reading within tolerance
18741,Mistura de embalagens,OVO,2024-03-14 16:53:24.496,0,false,,30,2024-03-14 13:30:33.029,203,82,36.6,,NO_SENSOR_MATCH,0.0,driver: no sensor reading within tolerance
18741,Mistura de embalagens,OVO,2024-03-14 16:53:25.891,0,false,,30,2024-03-14 13:30:33.029,203,82,36.6,,NO_SENSOR_MATCH,0.0,driver: no sensor reading within tolerance
22050,Mistura de embalagens,OVO,2023-03-28 18:17:24.807,75,false,,36,2023-03-28 15:31:15.614,166,82,43.9,31.1,LARGE_DISAGREEMENT,,none: flagged for investigation
22050,Mistura de embalagens,OVO,2023-10-30 19:41:06.525,0,false,,82,2023-10-30 14:36:35.237,305,82,100.0,,NO_SENSOR_MATCH,0.0,driver: no sensor reading within tolerance
22050,Mistura de embalagens,OVO,2024-03-12 19:17:11.487,75,false,,43,2024-03-13 03:58:29.654,521,82,52.4,,NO_SENSOR_MATCH,75.0,driver: no sensor reading within tolerance
27048,Mistura de embalagens,AMBI,2023-09-25 10:17:11.334,0,false,,84,2023-09-25 10:20:48.888,3,84,100.0,100.0,LARGE_DISAGREEMENT,,none: flagged for investigation
1606,Mistura de embalagens,OVO,2022-04-15 15:07:15.856,75,false,,62,2022-04-15 16:26:02.345,79,82,75.6,0.6,GOOD_AGREEMENT,75.6,sensor (normalized): validated by driver within one scale step
1606,Mistura de embalagens,OVO,2022-04-28 17:08:10.563,25,false,,30,2022-04-29 01:49:27.566,521,82,36.6,,NO_SENSOR_MATCH,25.0,driver: no sensor reading within tolerance
1606,Mistura de embalagens,OVO,2022-07-20 22:42:35.183,75,false,,77,2022-07-20 16:29:05.86,373,82,93.9,,NO_SENSOR_MATCH,75.0,driver: no sensor reading within tolerance
1606,Mistura de embalagens,OVO,2022-07-20 22:47:35.183,0,true,22824,77,2022-07-20 16:29:05.86,378,82,93.9,,EVENT_ZERO_POST_EMPTYING,,excluded: post-emptying record
1621,Mistura de embalagens,OVO,2021-10-29 18:55:09,75,false,,4,2021-10-29 19:29:31.81,34,82,4.9,70.1,LARGE_DISAGREEMENT,,none: flagged for investigation
1621,Mistura de embalagens,OVO,2021-10-29 19:00:09,0,true,15740,4,2021-10-29 19:29:31.81,29,82,4.9,4.9,EVENT_ZERO_POST_EMPTYING,,excluded: post-emptying record
1621,Mistura de embalagens,OVO,2023-01-30 17:56:56.708,50,false,,62,2023-01-30 05:55:58.916,721,82,75.6,,NO_SENSOR_MATCH,50.0,driver: no sensor reading within tolerance
1621,Mistura de embalagens,OVO,2023-01-30 18:01:56.708,0,true,28540,62,2023-01-30 05:55:58.916,726,82,75.6,,EVENT_ZERO_POST_EMPTYING,,excluded: post-emptying record
1621,Mistura de embalagens,OVO,2023-08-11 19:20:46.921,0,false,,33,2023-08-11 16:57:49.403,143,82,40.2,40.2,LARGE_DISAGREEMENT,,none: flagged for investigation
1621,Mistura de embalagens,OVO,2024-01-24 18:45:30.556,50,false,,29,2024-01-25 02:05:00.12,440,82,35.4,,NO_SENSOR_MATCH,50.0,driver: no sensor reading within tolerance
2750,Embalagens de papel e cartão,OVO,2021-06-30 18:41:23,100,false,,80,2021-06-30 15:22:00.752,199,82,97.6,,NO_SENSOR_MATCH,100.0,driver: no sensor reading within tolerance
2750,Embalagens de papel e cartão,OVO,2021-06-30 18:46:23,0,false,,80,2021-06-30 15:22:00.752,204,82,97.6,,NO_SENSOR_MATCH,0.0,driver: no sensor reading within tolerance
2750,Embalagens de papel e cartão,OVO,2021-10-01 20:11:42,75,false,,37,2021-10-02 07:27:19.292,676,82,45.1,,NO_SENSOR_MATCH,75.0,driver: no sensor reading within tolerance
2750,Embalagens de papel e cartão,OVO,2022-02-11 20:07:13,100,false,,79,2022-02-10 21:10:42.964,1377,82,96.3,,NO_SENSOR_MATCH,100.0,driver: no sensor reading within tolerance
2750,Embalagens de papel e cartão,OVO,2022-02-11 20:12:13,0,true,18224,79,2022-02-10 21:10:42.964,1382,82,96.3,,EVENT_ZERO_POST_EMPTYING,,excluded: post-emptying record
2750,Embalagens de papel e cartão,OVO,2022-02-19 18:27:15.881,0,false,,29,2022-02-20 01:51:44.922,444,82,35.4,,NO_SENSOR_MATCH,0.0,driver: no sensor reading within tolerance
2750,Embalagens de papel e cartão,OVO,2022-02-24 16:35:10.291,50,false,,58,2022-02-25 04:24:51.606,709,82,70.7,,NO_SENSOR_MATCH,50.0,driver: no sensor reading within tolerance
2750,Embalagens de papel e cartão,OVO,2022-03-14 19:02:23.363,75,false,,38,2022-03-14 19:03:10.187,1,82,46.3,28.7,LARGE_DISAGREEMENT,,none: flagged for investigation
2750,Embalagens de papel e cartão,OVO,2022-03-14 19:07:23.363,0,true,19004,38,2022-03-14 19:03:10.187,4,82,46.3,46.3,EVENT_ZERO_POST_EMPTYING,,excluded: post-emptying record
2750,Embalagens de papel e cartão,OVO,2023-04-07 13:44:59.503,50,false,,4,2023-04-07 21:15:43.201,451,82,4.9,,NO_SENSOR_MATCH,50.0,driver: no sensor reading within tolerance
2750,Embalagens de papel e cartão,OVO,2023-07-26 21:11:39.827,50,false,,13,2023-07-26 14:54:35.797,377,82,15.9,,NO_SENSOR_MATCH,50.0,driver: no sensor reading within tolerance
2750,Embalagens de papel e cartão,OVO,2023-09-08 21:35:26.252,100,false,,47,2023-09-08 17:29:35.841,246,82,57.3,,NO_SENSOR_MATCH,100.0,driver: no sensor reading within tolerance
2750,Embalagens de papel e cartão,OVO,2023-09-08 21:40:26.252,0,true,35799,47,2023-09-08 17:29:35.841,251,82,57.3,,EVENT_ZERO_POST_EMPTYING,,excluded: post-emptying record
6225,Mistura de embalagens,OVO,2020-02-10 08:49:00,0,false,,59,2020-01-02 10:40:33.906,56049,82,72.0,,NO_SENSOR_MATCH,0.0,driver: no sensor reading within tolerance
6225,Mistura de embalagens,OVO,2020-10-08 17:58:03,75,false,,79,2020-10-21 09:10:11.698,18192,82,96.3,,NO_SENSOR_MATCH,75.0,driver: no sensor reading within tolerance
6225,Mistura de embalagens,OVO,2020-10-08 18:03:03,0,true,6610,79,2020-10-21 09:10:11.698,18187,82,96.3,,EVENT_ZERO_POST_EMPTYING,,excluded: post-emptying record
6225,Mistura de embalagens,OVO,2020-12-15 18:55:24,100,false,,82,2020-12-15 11:07:24.495,468,82,100.0,,NO_SENSOR_MATCH,100.0,driver: no sensor reading within tolerance
6225,Mistura de embalagens,OVO,2020-12-15 19:00:24,0,true,8007,82,2020-12-15 11:07:24.495,473,82,100.0,,EVENT_ZERO_POST_EMPTYING,,excluded: post-emptying record
6225,Mistura de embalagens,OVO,2021-02-23 21:05:11,75,false,,69,2021-02-23 18:56:16.313,129,82,84.1,9.1,GOOD_AGREEMENT,84.1,sensor (normalized): validated by driver within one scale step
6225,Mistura de embalagens,OVO,2021-02-23 21:10:11,0,true,9477,69,2021-02-23 18:56:16.313,134,82,84.1,84.1,EVENT_ZERO_POST_EMPTYING,,excluded: post-emptying record
6225,Mistura de embalagens,OVO,2021-07-20 17:39:52,75,false,,72,2021-07-19 22:55:44.665,1124,82,87.8,,NO_SENSOR_MATCH,75.0,driver: no sensor reading within tolerance
6225,Mistura de embalagens,OVO,2021-07-20 17:44:52,0,true,12954,72,2021-07-19 22:55:44.665,1129,82,87.8,,EVENT_ZERO_POST_EMPTYING,,excluded: post-emptying record
6225,Mistura de embalagens,OVO,2022-02-15 17:59:14.952,100,false,,82,2022-02-15 05:10:20.63,769,82,100.0,,NO_SENSOR_MATCH,100.0,driver: no sensor reading within tolerance
6225,Mistura de embalagens,OVO,2022-02-15 18:04:14.952,0,true,18313,82,2022-02-15 05:10:20.63,774,82,100.0,,EVENT_ZERO_POST_EMPTYING,,excluded: post-emptying record
6225,Mistura de embalagens,OVO,2022-02-21 10:56:47.537,0,true,18313,33,2022-02-21 14:46:28.333,230,82,40.2,,EVENT_ZERO_POST_EMPTYING,,excluded: post-emptying record
6225,Mistura de embalagens,OVO,2022-06-04 08:59:04.998,75,false,,52,2022-06-04 00:32:48.089,507,82,63.4,,NO_SENSOR_MATCH,75.0,driver: no sensor reading within tolerance
6225,Mistura de embalagens,OVO,2022-06-04 09:04:04.998,0,true,21410,52,2022-06-04 00:32:48.089,512,82,63.4,,EVENT_ZERO_POST_EMPTYING,,excluded: post-emptying record
6225,Mistura de embalagens,OVO,2022-11-07 18:52:03.78,100,false,,82,2022-11-07 14:12:59.88,280,82,100.0,,NO_SENSOR_MATCH,100.0,driver: no sensor reading within tolerance
6225,Mistura de embalagens,OVO,2022-11-07 18:57:03.78,0,true,26110,82,2022-11-07 14:12:59.88,285,82,100.0,,EVENT_ZERO_POST_EMPTYING,,excluded: post-emptying record
6225,Mistura de embalagens,OVO,2023-03-20 18:33:41.387,75,false,,53,2023-03-19 20:40:58.07,1313,82,64.6,,NO_SENSOR_MATCH,75.0,driver: no sensor reading within tolerance
6225,Mistura de embalagens,OVO,2023-03-20 18:38:41.387,0,true,29920,53,2023-03-19 20:40:58.07,1318,82,64.6,,EVENT_ZERO_POST_EMPTYING,,excluded: post-emptying record
6225,Mistura de embalagens,OVO,2023-05-12 17:52:17.66,100,false,,48,2023-05-13 00:32:40.494,400,82,58.5,,NO_SENSOR_MATCH,100.0,driver: no sensor reading within tolerance
6225,Mistura de embalagens,OVO,2023-09-25 19:12:52.076,75,false,,75,2023-09-25 10:24:36.121,528,82,91.5,,NO_SENSOR_MATCH,75.0,driver: no sensor reading within tolerance
6225,Mistura de embalagens,OVO,2023-09-25 19:17:52.076,0,true,36347,75,2023-09-25 10:24:36.121,533,82,91.5,,EVENT_ZERO_POST_EMPTYING,,excluded: post-emptying record
6225,Mistura de embalagens,OVO,2023-11-09 20:00:19.869,100,false,,82,2023-11-09 05:54:32.087,846,82,100.0,,NO_SENSOR_MATCH,100.0,driver: no sensor reading within tolerance
6225,Mistura de embalagens,OVO,2023-11-09 20:05:19.869,0,true,37977,82,2023-11-09 05:54:32.087,851,82,100.0,,EVENT_ZERO_POST_EMPTYING,,excluded: post-emptying record
6900,Embalagens de papel e cartão,OVO,2020-11-19 08:17:21,0,false,,12,2020-11-19 10:47:22.764,150,82,14.6,14.6,MODERATE_AGREEMENT,14.6,sensor (normalized): validated by driver within one scale step
6900,Embalagens de papel e cartão,OVO,2021-05-07 18:35:55,0,false,,8,2021-05-07 16:24:58.58,131,82,9.8,9.8,GOOD_AGREEMENT,9.8,sensor (normalized): validated by driver within one scale step
6900,Embalagens de papel e cartão,OVO,2023-02-06 17:33:50.019,0,false,,9,2023-02-06 12:58:55.705,275,82,11.0,,NO_SENSOR_MATCH,0.0,driver: no sensor reading within tolerance
6900,Embalagens de papel e cartão,OVO,2023-07-06 19:29:11.406,50,false,,37,2023-07-06 05:21:37.251,848,82,45.1,,NO_SENSOR_MATCH,50.0,driver: no sensor reading within tolerance
6900,Embalagens de papel e cartão,OVO,2023-07-06 19:34:11.406,0,true,33403,37,2023-07-06 05:21:37.251,853,82,45.1,,EVENT_ZERO_POST_EMPTYING,,excluded: post-emptying record
6900,Embalagens de papel e cartão,OVO,2023-10-09 20:18:21.833,100,false,,81,2023-10-08 22:42:34.006,1296,82,98.8,,NO_SENSOR_MATCH,100.0,driver: no sensor reading within tolerance
6900,Embalagens de papel e cartão,OVO,2023-10-09 20:23:21.833,0,true,36828,81,2023-10-08 22:42:34.006,1301,82,98.8,,EVENT_ZERO_POST_EMPTYING,,excluded: post-emptying record
6900,Embalagens de papel e cartão,OVO,2024-02-12 16:34:23.131,0,false,,9,2024-02-12 14:32:46.664,122,82,11.0,11.0,GOOD_AGREEMENT,11.0,sensor (normalized): validated by driver within one scale step
7246,Mistura de embalagens,OVO,2020-07-21 18:04:34,25,false,,80,2020-07-21 01:15:46.721,1009,82,97.6,,NO_SENSOR_MATCH,25.0,driver: no sensor reading within tolerance
7246,Mistura de embalagens,OVO,2020-12-08 08:25:52,0,false,,16,2020-12-08 09:39:19.664,74,82,19.5,19.5,MODERATE_AGREEMENT,19.5,sensor (normalized): validated by driver within one scale step
7246,Mistura de embalagens,OVO,2021-02-18 22:22:06,0,false,,0,2021-02-19 20:42:12.841,1340,82,0.0,,NO_SENSOR_MATCH,0.0,driver: no sensor reading within tolerance
7246,Mistura de embalagens,OVO,2021-05-03 17:44:37,75,false,,75,2021-05-03 18:12:00.116,28,82,91.5,16.5,MODERATE_AGREEMENT,91.5,sensor (normalized): validated by driver within one scale step
7246,Mistura de embalagens,OVO,2023-02-10 19:37:51.091,0,false,,35,2023-02-10 13:06:26.417,391,82,42.7,,NO_SENSOR_MATCH,0.0,driver: no sensor reading within tolerance
7246,Mistura de embalagens,OVO,2023-05-22 18:08:33.726,100,false,,80,2023-05-22 16:55:12.123,73,82,97.6,2.4,GOOD_AGREEMENT,97.6,sensor (normalized): validated by driver within one scale step
7246,Mistura de embalagens,OVO,2023-05-22 18:13:33.726,0,true,31881,80,2023-05-22 16:55:12.123,78,82,97.6,97.6,EVENT_ZERO_POST_EMPTYING,,excluded: post-emptying record
7246,Mistura de embalagens,OVO,2023-07-14 16:01:18.044,100,false,,82,2023-07-14 10:55:15.258,306,82,100.0,,NO_SENSOR_MATCH,100.0,driver: no sensor reading within tolerance
7246,Mistura de embalagens,OVO,2023-07-14 16:06:18.044,0,true,33691,82,2023-07-14 10:55:15.258,311,82,100.0,,EVENT_ZERO_POST_EMPTYING,,excluded: post-emptying record
7246,Mistura de embalagens,OVO,2023-10-06 18:24:57.38,100,false,,82,2023-10-06 10:58:25.106,446,82,100.0,,NO_SENSOR_MATCH,100.0,driver: no sensor reading within tolerance
7246,Mistura de embalagens,OVO,2023-10-06 18:29:57.38,0,true,36773,82,2023-10-06 10:58:25.106,451,82,100.0,,EVENT_ZERO_POST_EMPTYING,,excluded: post-emptying record
7246,Mistura de embalagens,OVO,2024-04-03 22:44:22.458,50,false,,38,2024-04-03 12:35:43.004,609,82,46.3,,NO_SENSOR_MATCH,50.0,driver: no sensor reading within tolerance
7445,Mistura de embalagens,OVO,2020-07-21 19:24:22,25,false,,41,2020-04-30 02:15:25.573,119109,82,50.0,,NO_SENSOR_MATCH,25.0,driver: no sensor reading within tolerance
7445,Mistura de embalagens,OVO,2020-12-08 06:07:14,100,false,,15,2020-12-08 10:17:39.394,250,82,18.3,,NO_SENSOR_MATCH,100.0,driver: no sensor reading within tolerance
7445,Mistura de embalagens,OVO,2020-12-08 06:12:14,0,true,7871,15,2020-12-08 10:17:39.394,245,82,18.3,,EVENT_ZERO_POST_EMPTYING,,excluded: post-emptying record
7445,Mistura de embalagens,OVO,2021-02-18 22:18:38,75,false,,47,2021-02-19 05:40:12.051,442,82,57.3,,NO_SENSOR_MATCH,75.0,driver: no sensor reading within tolerance
7445,Mistura de embalagens,OVO,2021-04-06 11:03:48,100,false,,79,2021-04-06 14:34:05.469,211,82,96.3,,NO_SENSOR_MATCH,100.0,driver: no sensor reading within tolerance
7445,Mistura de embalagens,OVO,2021-09-01 21:23:04,50,false,,36,2021-09-01 11:43:31.13,580,82,43.9,,NO_SENSOR_MATCH,50.0,driver: no sensor reading within tolerance
7445,Mistura de embalagens,OVO,2022-01-24 19:07:44,50,false,,30,2022-01-25 01:00:26.407,353,82,36.6,,NO_SENSOR_MATCH,50.0,driver: no sensor reading within tolerance
7445,Mistura de embalagens,OVO,2022-12-26 22:46:22.325,100,false,,70,2022-12-26 17:56:01.745,290,82,85.4,,NO_SENSOR_MATCH,100.0,driver: no sensor reading within tolerance
7445,Mistura de embalagens,OVO,2022-12-26 22:51:22.325,0,true,27515,70,2022-12-26 17:56:01.745,295,82,85.4,,EVENT_ZERO_POST_EMPTYING,,excluded: post-emptying record
7445,Mistura de embalagens,OVO,2024-01-03 18:20:29.946,75,false,,53,2024-01-04 03:19:04.532,539,82,64.6,,NO_SENSOR_MATCH,75.0,driver: no sensor reading within tolerance
9419,Embalagens de papel e cartão,OVO,2020-08-11 06:55:51,100,false,,82,2020-08-11 01:02:32.032,353,82,100.0,,NO_SENSOR_MATCH,100.0,driver: no sensor reading within tolerance
9419,Embalagens de papel e cartão,OVO,2020-08-11 07:00:51,0,true,5344,82,2020-08-11 01:02:32.032,358,82,100.0,,EVENT_ZERO_POST_EMPTYING,,excluded: post-emptying record
9419,Embalagens de papel e cartão,OVO,2021-01-19 07:07:34,0,false,,30,2021-01-18 23:48:38.878,439,82,36.6,,NO_SENSOR_MATCH,0.0,driver: no sensor reading within tolerance
9419,Embalagens de papel e cartão,OVO,2023-05-26 17:52:17.643,100,false,,0,2023-05-27 04:53:16.258,661,82,0.0,,NO_SENSOR_MATCH,100.0,driver: no sensor reading within tolerance
9419,Embalagens de papel e cartão,OVO,2023-05-26 17:57:17.643,0,true,32078,0,2023-05-27 04:53:16.258,656,82,0.0,,EVENT_ZERO_POST_EMPTYING,,excluded: post-emptying record
9419,Embalagens de papel e cartão,OVO,2024-01-03 16:56:49.837,25,false,,38,2024-01-04 14:16:51.563,1280,82,46.3,,NO_SENSOR_MATCH,25.0,driver: no sensor reading within tolerance
9419,Embalagens de papel e cartão,OVO,2024-01-11 19:05:02.473,100,false,,80,2024-01-11 12:50:05.318,375,82,97.6,,NO_SENSOR_MATCH,100.0,driver: no sensor reading within tolerance
9419,Embalagens de papel e cartão,OVO,2024-01-11 19:10:02.473,0,true,40167,80,2024-01-11 12:50:05.318,380,82,97.6,,EVENT_ZERO_POST_EMPTYING,,excluded: post-emptying record
9594,Embalagens de papel e cartão,OVO,2023-08-24 17:29:30.831,0,false,,12,2023-08-24 17:52:48.316,23,82,14.6,14.6,MODERATE_AGREEMENT,14.6,sensor (normalized): validated by driver within one scale step
11772,Mistura de embalagens,OVO,2023-06-14 17:52:22.92,100,false,,82,2023-06-14 18:07:51.223,15,82,100.0,0.0,CEILING_CASE,100.0,"sensor (normalized): ceiling case, driver corroborates full"
11772,Mistura de embalagens,OVO,2023-09-05 22:16:34.021,0,false,,17,2023-09-05 22:12:49.196,4,82,20.7,20.7,MODERATE_AGREEMENT,20.7,sensor (normalized): validated by driver within one scale step
11772,Mistura de embalagens,OVO,2023-09-19 16:12:38.289,75,false,,65,2023-09-19 16:32:35.657,20,82,79.3,4.3,GOOD_AGREEMENT,79.3,sensor (normalized): validated by driver within one scale step
11772,Mistura de embalagens,OVO,2023-09-25 17:31:18.171,100,false,,81,2023-09-25 17:19:51.109,12,82,98.8,1.2,GOOD_AGREEMENT,98.8,sensor (normalized): validated by driver within one scale step
11772,Mistura de embalagens,OVO,2023-11-03 16:38:16.357,100,false,,72,2023-11-03 16:15:24.037,23,82,87.8,12.2,GOOD_AGREEMENT,87.8,sensor (normalized): validated by driver within one scale step
11772,Mistura de embalagens,OVO,2023-11-03 16:43:16.357,0,true,37771,72,2023-11-03 16:15:24.037,28,82,87.8,87.8,EVENT_ZERO_POST_EMPTYING,,excluded: post-emptying record
11772,Mistura de embalagens,OVO,2024-01-12 16:22:41.938,100,false,,82,2024-01-12 16:01:39.451,21,82,100.0,0.0,CEILING_CASE,100.0,"sensor (normalized): ceiling case, driver corroborates full"
11806,Mistura de embalagens,OVO,2020-10-31 10:29:23,0,false,,8,2020-10-31 05:03:08.673,326,82,9.8,,NO_SENSOR_MATCH,0.0,driver: no sensor reading within tolerance
11806,Mistura de embalagens,OVO,2021-02-03 19:04:25,0,false,,15,2021-02-04 05:40:40.872,636,82,18.3,,NO_SENSOR_MATCH,0.0,driver: no sensor reading within tolerance
11806,Mistura de embalagens,OVO,2022-06-27 19:30:57.263,0,false,,9,2022-06-27 15:28:47.119,242,82,11.0,,NO_SENSOR_MATCH,0.0,driver: no sensor reading within tolerance
11806,Mistura de embalagens,OVO,2023-11-03 20:25:28.991,75,false,,12,2023-11-03 21:48:20.164,83,82,14.6,60.4,LARGE_DISAGREEMENT,,none: flagged for investigation
11806,Mistura de embalagens,OVO,2023-11-03 20:30:28.991,0,true,37772,12,2023-11-03 21:48:20.164,78,82,14.6,14.6,EVENT_ZERO_POST_EMPTYING,,excluded: post-emptying record
11806,Mistura de embalagens,OVO,2024-01-19 19:57:42.173,0,false,,32,2024-01-19 17:15:34.414,162,82,39.0,39.0,LARGE_DISAGREEMENT,,none: flagged for investigation
11806,Mistura de embalagens,OVO,2024-04-10 18:29:43.763,25,false,,0,2024-04-10 20:43:47.861,134,82,0.0,25.0,MODERATE_AGREEMENT,0.0,sensor (normalized): validated by driver within one scale step
11806,Mistura de embalagens,OVO,2024-04-10 18:34:43.763,0,true,43493,0,2024-04-10 20:43:47.861,129,82,0.0,0.0,EVENT_ZERO_POST_EMPTYING,,excluded: post-emptying record
11827,Mistura de embalagens,OVO,2020-08-17 14:08:53,0,false,,82,2020-08-17 15:58:50.091,110,82,100.0,100.0,LARGE_DISAGREEMENT,,none: flagged for investigation
11827,Mistura de embalagens,OVO,2020-11-18 09:41:58,50,false,,30,2020-11-18 01:56:18.617,465,82,36.6,,NO_SENSOR_MATCH,50.0,driver: no sensor reading within tolerance
11827,Mistura de embalagens,OVO,2020-11-18 09:46:58,0,true,7465,30,2020-11-18 01:56:18.617,470,82,36.6,,EVENT_ZERO_POST_EMPTYING,,excluded: post-emptying record
11827,Mistura de embalagens,OVO,2021-01-05 20:51:08,0,false,,11,2021-01-06 01:45:33.267,294,82,13.4,,NO_SENSOR_MATCH,0.0,driver: no sensor reading within tolerance
11827,Mistura de embalagens,OVO,2021-09-09 09:58:26,0,false,,7,2021-09-09 04:18:12.928,340,82,8.5,,NO_SENSOR_MATCH,0.0,driver: no sensor reading within tolerance
11827,Mistura de embalagens,OVO,2021-09-09 09:58:26,0,false,,7,2021-09-09 04:18:12.928,340,82,8.5,,NO_SENSOR_MATCH,0.0,driver: no sensor reading within tolerance
11827,Mistura de embalagens,OVO,2022-08-16 22:12:43.392,100,false,,72,2022-08-16 21:40:41.199,32,82,87.8,12.2,GOOD_AGREEMENT,87.8,sensor (normalized): validated by driver within one scale step
11827,Mistura de embalagens,OVO,2022-08-16 22:17:43.392,0,true,23650,72,2022-08-16 21:40:41.199,37,82,87.8,87.8,EVENT_ZERO_POST_EMPTYING,,excluded: post-emptying record
11827,Mistura de embalagens,OVO,2023-06-09 18:23:40.406,75,false,,82,2023-06-09 17:15:11.214,68,82,100.0,25.0,MODERATE_AGREEMENT,100.0,sensor (normalized): validated by driver within one scale step
11827,Mistura de embalagens,OVO,2023-06-09 18:28:40.406,0,true,32514,82,2023-06-09 17:15:11.214,73,82,100.0,100.0,EVENT_ZERO_POST_EMPTYING,,excluded: post-emptying record
11827,Mistura de embalagens,OVO,2023-08-17 17:45:09.3,100,false,,1,2023-08-17 19:39:14.443,114,82,1.2,98.8,LARGE_DISAGREEMENT,,none: flagged for investigation
11827,Mistura de embalagens,OVO,2023-08-17 17:50:09.3,0,true,34923,1,2023-08-17 19:39:14.443,109,82,1.2,1.2,EVENT_ZERO_POST_EMPTYING,,excluded: post-emptying record
11827,Mistura de embalagens,OVO,2023-12-07 20:15:52.927,75,false,,82,2023-12-07 19:56:09.532,19,82,100.0,25.0,MODERATE_AGREEMENT,100.0,sensor (normalized): validated by driver within one scale step
11827,Mistura de embalagens,OVO,2023-12-07 20:20:52.927,0,true,38972,82,2023-12-07 19:56:09.532,24,82,100.0,100.0,EVENT_ZERO_POST_EMPTYING,,excluded: post-emptying record
11827,Mistura de embalagens,OVO,2024-02-07 07:55:09.108,100,false,,12,2024-02-07 09:07:51.083,72,82,14.6,85.4,LARGE_DISAGREEMENT,,none: flagged for investigation
11827,Mistura de embalagens,OVO,2024-02-07 08:00:09.108,0,true,41128,12,2024-02-07 09:07:51.083,67,82,14.6,14.6,EVENT_ZERO_POST_EMPTYING,,excluded: post-emptying record
11828,Mistura de embalagens,OVO,2022-09-10 10:05:07.848,75,false,,70,2022-09-10 05:05:24.683,300,82,85.4,,NO_SENSOR_MATCH,75.0,driver: no sensor reading within tolerance
11828,Mistura de embalagens,OVO,2022-09-10 10:10:07.848,0,true,24462,70,2022-09-10 05:05:24.683,305,82,85.4,,EVENT_ZERO_POST_EMPTYING,,excluded: post-emptying record
11828,Mistura de embalagens,OVO,2023-08-09 19:26:47.875,75,false,,26,2023-08-09 04:05:25.855,921,82,31.7,,NO_SENSOR_MATCH,75.0,driver: no sensor reading within tolerance
11828,Mistura de embalagens,OVO,2023-08-09 19:31:47.875,0,true,34620,26,2023-08-09 04:05:25.855,926,82,31.7,,EVENT_ZERO_POST_EMPTYING,,excluded: post-emptying record
11828,Mistura de embalagens,OVO,2023-11-28 18:10:28.829,75,false,,73,2023-11-28 15:07:22.084,183,82,89.0,,NO_SENSOR_MATCH,75.0,driver: no sensor reading within tolerance
11828,Mistura de embalagens,OVO,2023-11-28 18:15:28.829,0,true,38624,73,2023-11-28 15:07:22.084,188,82,89.0,,EVENT_ZERO_POST_EMPTYING,,excluded: post-emptying record
11828,Mistura de embalagens,OVO,2023-11-28 18:09:21,-1,false,,73,2023-11-28 15:07:22.084,182,82,89.0,,DRIVER_MISSING_NO_MATCH,,none: flagged for investigation
11832,Mistura de embalagens,OVO,2020-07-23 20:59:43,50,false,,82,2020-10-13 16:45:46.143,117826,82,100.0,,NO_SENSOR_MATCH,50.0,driver: no sensor reading within tolerance
11832,Mistura de embalagens,OVO,2020-07-23 21:04:43,0,true,4915,82,2020-10-13 16:45:46.143,117821,82,100.0,,EVENT_ZERO_POST_EMPTYING,,excluded: post-emptying record
11832,Mistura de embalagens,OVO,2021-01-14 15:34:06,25,false,,35,2021-01-14 10:28:28.721,306,82,42.7,,NO_SENSOR_MATCH,25.0,driver: no sensor reading within tolerance
11832,Mistura de embalagens,OVO,2021-01-14 15:39:06,0,true,8597,35,2021-01-14 10:28:28.721,311,82,42.7,,EVENT_ZERO_POST_EMPTYING,,excluded: post-emptying record
11832,Mistura de embalagens,OVO,2021-08-18 19:33:48,25,false,,33,2021-08-18 12:59:08.221,394,82,40.2,,NO_SENSOR_MATCH,25.0,driver: no sensor reading within tolerance
11832,Mistura de embalagens,OVO,2022-05-20 20:37:55.804,50,false,,43,2022-05-20 16:11:41.457,266,82,52.4,,NO_SENSOR_MATCH,50.0,driver: no sensor reading within tolerance
11832,Mistura de embalagens,OVO,2024-03-21 19:12:13.969,25,false,,19,2024-03-20 19:23:30.346,1429,82,23.2,,NO_SENSOR_MATCH,25.0,driver: no sensor reading within tolerance
11832,Mistura de embalagens,OVO,2024-03-21 19:17:13.969,0,true,42736,19,2024-03-20 19:23:30.346,1434,82,23.2,,EVENT_ZERO_POST_EMPTYING,,excluded: post-emptying record
11990,Embalagens de papel e cartão,VRL,2020-01-23 17:38:22,0,false,,82,2020-01-24 01:39:06.93,481,82,100.0,,NO_SENSOR_MATCH,0.0,driver: no sensor reading within tolerance
11990,Embalagens de papel e cartão,VRL,2020-03-10 18:59:40,100,false,,82,2020-03-10 17:48:12.213,71,82,100.0,0.0,CEILING_CASE,100.0,"sensor (normalized): ceiling case, driver corroborates full"
11990,Embalagens de papel e cartão,VRL,2020-03-10 19:04:40,0,true,2281,82,2020-03-10 17:48:12.213,76,82,100.0,100.0,EVENT_ZERO_POST_EMPTYING,,excluded: post-emptying record
11990,Embalagens de papel e cartão,VRL,2020-04-16 18:26:37,0,false,,82,2020-04-16 19:45:03.215,79,82,100.0,100.0,LARGE_DISAGREEMENT,,none: flagged for investigation
11990,Embalagens de papel e cartão,VRL,2020-07-14 20:14:24,50,false,,82,2020-07-15 13:27:31.46,1033,82,100.0,,NO_SENSOR_MATCH,50.0,driver: no sensor reading within tolerance
11990,Embalagens de papel e cartão,VRL,2020-07-14 20:19:24,0,true,4719,82,2020-07-15 13:27:31.46,1028,82,100.0,,EVENT_ZERO_POST_EMPTYING,,excluded: post-emptying record
11990,Embalagens de papel e cartão,VRL,2020-10-15 07:53:54,0,false,,81,2020-10-28 18:04:14.607,19331,82,98.8,,NO_SENSOR_MATCH,0.0,driver: no sensor reading within tolerance
11990,Embalagens de papel e cartão,VRL,2021-02-26 23:00:29,25,false,,4,2021-02-26 23:02:33.4,2,82,4.9,20.1,MODERATE_AGREEMENT,4.9,sensor (normalized): validated by driver within one scale step
11990,Embalagens de papel e cartão,VRL,2021-05-04 21:02:30,0,false,,6,2021-05-04 14:02:15.61,420,82,7.3,,NO_SENSOR_MATCH,0.0,driver: no sensor reading within tolerance
11990,Embalagens de papel e cartão,VRL,2021-12-24 13:36:25,100,false,,0,2021-12-24 14:55:07.925,79,82,0.0,100.0,LARGE_DISAGREEMENT,,none: flagged for investigation
11990,Embalagens de papel e cartão,VRL,2021-12-24 13:41:25,0,true,17054,0,2021-12-24 14:55:07.925,74,82,0.0,0.0,EVENT_ZERO_POST_EMPTYING,,excluded: post-emptying record
11990,Embalagens de papel e cartão,VRL,2022-04-26 21:43:49.484,50,false,,82,2022-04-26 17:03:40.843,280,82,100.0,,NO_SENSOR_MATCH,50.0,driver: no sensor reading within tolerance
11990,Embalagens de papel e cartão,VRL,2022-06-11 10:55:04.366,100,false,,63,2022-06-11 08:59:49.904,116,82,76.8,23.2,MODERATE_AGREEMENT,76.8,sensor (normalized): validated by driver within one scale step
11990,Embalagens de papel e cartão,VRL,2023-07-21 19:30:47.745,100,false,,19,2023-07-21 19:35:13.6,5,82,23.2,76.8,LARGE_DISAGREEMENT,,none: flagged for investigation
11990,Embalagens de papel e cartão,VRL,2023-07-21 19:35:47.745,0,true,33941,19,2023-07-21 19:35:13.6,0,82,23.2,23.2,EVENT_ZERO_POST_EMPTYING,,excluded: post-emptying record
11990,Embalagens de papel e cartão,VRL,2023-08-04 20:38:16.196,100,false,,82,2023-08-04 19:47:25.329,51,82,100.0,0.0,CEILING_CASE,100.0,"sensor (normalized): ceiling case, driver corroborates full"
11990,Embalagens de papel e cartão,VRL,2023-08-04 20:43:16.196,0,true,34447,82,2023-08-04 19:47:25.329,56,82,100.0,100.0,EVENT_ZERO_POST_EMPTYING,,excluded: post-emptying record
11990,Embalagens de papel e cartão,VRL,2023-08-07 19:42:10.179,0,false,,10,2023-08-07 21:18:28.774,96,82,12.2,12.2,GOOD_AGREEMENT,12.2,sensor (normalized): validated by driver within one scale step
12216,Mistura de embalagens,OVO,2020-04-20 19:53:51,0,false,,49,2020-04-21 02:19:58.012,386,82,59.8,,NO_SENSOR_MATCH,0.0,driver: no sensor reading within tolerance
12216,Mistura de embalagens,OVO,2020-09-18 17:50:48,0,false,,82,2020-10-16 07:28:12.982,39698,82,100.0,,NO_SENSOR_MATCH,0.0,driver: no sensor reading within tolerance
12216,Mistura de embalagens,OVO,2020-10-30 17:02:49,0,false,,20,2020-10-30 21:12:56.394,250,82,24.4,,NO_SENSOR_MATCH,0.0,driver: no sensor reading within tolerance
12216,Mistura de embalagens,OVO,2020-12-02 17:39:37,0,false,,77,2020-12-02 10:41:39.246,418,82,93.9,,NO_SENSOR_MATCH,0.0,driver: no sensor reading within tolerance
12216,Mistura de embalagens,OVO,2020-12-04 16:27:35,0,false,,78,2020-12-04 16:03:59.651,24,82,95.1,95.1,LARGE_DISAGREEMENT,,none: flagged for investigation
12216,Mistura de embalagens,OVO,2020-12-28 18:10:34,0,false,,82,2020-12-28 17:10:43.802,60,82,100.0,100.0,LARGE_DISAGREEMENT,,none: flagged for investigation
12216,Mistura de embalagens,OVO,2021-03-29 16:57:31,25,false,,76,2021-03-29 14:43:19.007,134,82,92.7,67.7,LARGE_DISAGREEMENT,,none: flagged for investigation
12216,Mistura de embalagens,OVO,2021-07-28 16:42:53,0,false,,38,2021-07-28 16:17:37.013,25,82,46.3,46.3,LARGE_DISAGREEMENT,,none: flagged for investigation
12216,Mistura de embalagens,OVO,2021-08-04 17:02:52,75,false,,31,2021-08-04 16:27:13.4,35,82,37.8,37.2,LARGE_DISAGREEMENT,,none: flagged for investigation
12216,Mistura de embalagens,OVO,2021-08-04 17:07:52,0,true,13373,31,2021-08-04 16:27:13.4,40,82,37.8,37.8,EVENT_ZERO_POST_EMPTYING,,excluded: post-emptying record
12216,Mistura de embalagens,OVO,2022-02-04 17:00:49,50,false,,3,2022-02-04 20:39:52.072,219,82,3.7,,NO_SENSOR_MATCH,50.0,driver: no sensor reading within tolerance
12216,Mistura de embalagens,OVO,2022-02-04 17:05:49,0,true,18030,3,2022-02-04 20:39:52.072,214,82,3.7,,EVENT_ZERO_POST_EMPTYING,,excluded: post-emptying record
12216,Mistura de embalagens,OVO,2022-06-15 17:38:43.471,100,false,,31,2022-06-15 12:02:57.963,336,82,37.8,,NO_SENSOR_MATCH,100.0,driver: no sensor reading within tolerance
12216,Mistura de embalagens,OVO,2022-06-15 17:43:43.471,0,true,21712,31,2022-06-15 12:02:57.963,341,82,37.8,,EVENT_ZERO_POST_EMPTYING,,excluded: post-emptying record
12216,Mistura de embalagens,OVO,2022-08-08 16:52:02.696,50,false,,82,2022-08-08 15:17:51.362,95,82,100.0,50.0,LARGE_DISAGREEMENT,,none: flagged for investigation
12216,Mistura de embalagens,OVO,2022-12-16 18:05:56.721,0,false,,7,2022-12-16 19:51:22.303,106,82,8.5,8.5,GOOD_AGREEMENT,8.5,sensor (normalized): validated by driver within one scale step
12216,Mistura de embalagens,OVO,2023-03-17 17:05:21.587,75,false,,30,2023-03-17 14:47:19.983,138,82,36.6,38.4,LARGE_DISAGREEMENT,,none: flagged for investigation
12216,Mistura de embalagens,OVO,2023-03-17 17:10:21.587,0,true,29819,30,2023-03-17 14:47:19.983,143,82,36.6,36.6,EVENT_ZERO_POST_EMPTYING,,excluded: post-emptying record
9594,Embalagens de papel e cartão,OVO,2022-12-28 08:54:23.088,0,true,27586,82,2023-06-16 11:38:26.975,244964,82,100.0,,EVENT_ZERO_POST_EMPTYING,,excluded: post-emptying record
9594,Embalagens de papel e cartão,OVO,2023-01-10 06:12:36.342,75,false,,82,2023-06-16 11:38:26.975,226406,82,100.0,,NO_SENSOR_MATCH,75.0,driver: no sensor reading within tolerance
9594,Embalagens de papel e cartão,OVO,2023-01-18 06:17:31.076,75,false,,82,2023-06-16 11:38:26.975,214881,82,100.0,,NO_SENSOR_MATCH,75.0,driver: no sensor reading within tolerance
9594,Embalagens de papel e cartão,OVO,2023-01-18 06:22:31.076,0,true,28212,82,2023-06-16 11:38:26.975,214876,82,100.0,,EVENT_ZERO_POST_EMPTYING,,excluded: post-emptying record
11772,Mistura de embalagens,OVO,2020-02-14 08:08:38,75,false,,82,2023-06-13 17:13:01.911,999999,82,100.0,,NO_SENSOR_MATCH,75.0,driver: no sensor reading within tolerance
11772,Mistura de embalagens,OVO,2020-02-14 08:13:38,0,true,1853,82,2023-06-13 17:13:01.911,999999,82,100.0,,EVENT_ZERO_POST_EMPTYING,,excluded: post-emptying record
11772,Mistura de embalagens,OVO,2020-06-03 08:10:29,25,false,,82,2023-06-13 17:13:01.911,999999,82,100.0,,NO_SENSOR_MATCH,25.0,driver: no sensor reading within tolerance
11772,Mistura de embalagens,OVO,2020-09-03 08:34:40,100,false,,82,2023-06-13 17:13:01.911,999999,82,100.0,,NO_SENSOR_MATCH,100.0,driver: no sensor reading within tolerance
11772,Mistura de embalagens,OVO,2020-09-03 08:39:40,0,true,5870,82,2023-06-13 17:13:01.911,999999,82,100.0,,EVENT_ZERO_POST_EMPTYING,,excluded: post-emptying record
11772,Mistura de embalagens,OVO,2020-09-22 11:32:10,100,false,,82,2023-06-13 17:13:01.911,999999,82,100.0,,NO_SENSOR_MATCH,100.0,driver: no sensor reading within tolerance
11772,Mistura de embalagens,OVO,2020-10-02 18:06:45,75,false,,82,2023-06-13 17:13:01.911,999999,82,100.0,,NO_SENSOR_MATCH,75.0,driver: no sensor reading within tolerance
11772,Mistura de embalagens,OVO,2020-10-02 18:11:45,0,true,6494,82,2023-06-13 17:13:01.911,999999,82,100.0,,EVENT_ZERO_POST_EMPTYING,,excluded: post-emptying record
11772,Mistura de embalagens,OVO,2021-01-18 07:55:32,0,false,,82,2023-06-13 17:13:01.911,999999,82,100.0,,NO_SENSOR_MATCH,0.0,driver: no sensor reading within tolerance
11772,Mistura de embalagens,OVO,2021-04-27 18:32:09,0,false,,82,2023-06-13 17:13:01.911,999999,82,100.0,,NO_SENSOR_MATCH,0.0,driver: no sensor reading within tolerance
11772,Mistura de embalagens,OVO,2021-08-17 18:35:01,50,false,,82,2023-06-13 17:13:01.911,957518,82,100.0,,NO_SENSOR_MATCH,50.0,driver: no sensor reading within tolerance
11772,Mistura de embalagens,OVO,2021-08-17 18:40:01,0,true,13747,82,2023-06-13 17:13:01.911,957513,82,100.0,,EVENT_ZERO_POST_EMPTYING,,excluded: post-emptying record
11772,Mistura de embalagens,OVO,2021-08-27 19:08:23,0,false,,82,2023-06-13 17:13:01.911,943085,82,100.0,,NO_SENSOR_MATCH,0.0,driver: no sensor reading within tolerance
11772,Mistura de embalagens,OVO,2022-01-06 17:10:41,100,false,,82,2023-06-13 17:13:01.911,753123,82,100.0,,NO_SENSOR_MATCH,100.0,driver: no sensor reading within tolerance
11772,Mistura de embalagens,OVO,2022-01-06 17:15:41,0,true,17329,82,2023-06-13 17:13:01.911,753118,82,100.0,,EVENT_ZERO_POST_EMPTYING,,excluded: post-emptying record
11772,Mistura de embalagens,OVO,2022-08-20 07:54:22.555,100,false,,82,2023-06-13 17:13:01.911,428239,82,100.0,,NO_SENSOR_MATCH,100.0,driver: no sensor reading within tolerance
11772,Mistura de embalagens,OVO,2022-08-20 07:59:22.555,0,true,23783,82,2023-06-13 17:13:01.911,428234,82,100.0,,EVENT_ZERO_POST_EMPTYING,,excluded: post-emptying record
11772,Mistura de embalagens,OVO,2022-09-20 17:20:49.86,100,false,,82,2023-06-13 17:13:01.911,383033,82,100.0,,NO_SENSOR_MATCH,100.0,driver: no sensor reading within tolerance
11772,Mistura de embalagens,OVO,2022-09-20 17:25:49.86,0,true,24740,82,2023-06-13 17:13:01.911,383028,82,100.0,,EVENT_ZERO_POST_EMPTYING,,excluded: post-emptying record
11772,Mistura de embalagens,OVO,2022-10-08 07:44:04.241,100,false,,82,2023-06-13 17:13:01.911,357689,82,100.0,,NO_SENSOR_MATCH,100.0,driver: no sensor reading within tolerance
11772,Mistura de embalagens,OVO,2022-10-08 07:49:04.241,0,true,25272,82,2023-06-13 17:13:01.911,357684,82,100.0,,EVENT_ZERO_POST_EMPTYING,,excluded: post-emptying record
11772,Mistura de embalagens,OVO,2023-05-26 17:39:11.518,100,false,,82,2023-06-13 17:13:01.911,25894,82,100.0,,NO_SENSOR_MATCH,100.0,driver: no sensor reading within tolerance
11772,Mistura de embalagens,OVO,2023-05-26 17:44:11.518,0,true,32033,82,2023-06-13 17:13:01.911,25889,82,100.0,,EVENT_ZERO_POST_EMPTYING,,excluded: post-emptying record
11806,Mistura de embalagens,OVO,2020-01-16 20:00:40,0,false,,8,2020-10-31 05:03:08.673,415263,82,9.8,,NO_SENSOR_MATCH,0.0,driver: no sensor reading within tolerance
11806,Mistura de embalagens,OVO,2020-03-11 20:44:54,25,false,,8,2020-10-31 05:03:08.673,336019,82,9.8,,NO_SENSOR_MATCH,25.0,driver: no sensor reading within tolerance
11806,Mistura de embalagens,OVO,2020-04-13 10:06:54,0,false,,8,2020-10-31 05:03:08.673,289137,82,9.8,,NO_SENSOR_MATCH,0.0,driver: no sensor reading within tolerance
1621,Mistura de embalagens,OVO,2020-05-23 08:59:14,50,false,,30,2020-10-19 11:32:14.274,214713,82,36.6,,NO_SENSOR_MATCH,50.0,driver: no sensor reading within tolerance
1621,Mistura de embalagens,OVO,2020-05-23 09:04:14,0,true,3672,30,2020-10-19 11:32:14.274,214708,82,36.6,,EVENT_ZERO_POST_EMPTYING,,excluded: post-emptying record
1621,Mistura de embalagens,OVO,2020-07-30 17:54:57,50,false,,30,2020-10-19 11:32:14.274,116258,82,36.6,,NO_SENSOR_MATCH,50.0,driver: no sensor reading within tolerance
1621,Mistura de embalagens,OVO,2020-08-14 19:11:25,75,false,,30,2020-10-19 11:32:14.274,94581,82,36.6,,NO_SENSOR_MATCH,75.0,driver: no sensor reading within tolerance
1621,Mistura de embalagens,OVO,2020-08-14 19:16:25,0,true,5424,30,2020-10-19 11:32:14.274,94576,82,36.6,,EVENT_ZERO_POST_EMPTYING,,excluded: post-emptying record
1621,Mistura de embalagens,OVO,2020-10-06 19:41:54,0,false,,30,2020-10-19 11:32:14.274,18231,82,36.6,,NO_SENSOR_MATCH,0.0,driver: no sensor reading within tolerance
2750,Embalagens de papel e cartão,OVO,2020-01-23 19:01:37,0,false,,82,2020-10-31 15:18:30.43,405857,82,100.0,,NO_SENSOR_MATCH,0.0,driver: no sensor reading within tolerance
2750,Embalagens de papel e cartão,OVO,2020-03-10 20:28:04,100,false,,82,2020-10-31 15:18:30.43,338090,82,100.0,,NO_SENSOR_MATCH,100.0,driver: no sensor reading within tolerance
2750,Embalagens de papel e cartão,OVO,2020-03-10 20:33:04,0,true,2281,82,2020-10-31 15:18:30.43,338085,82,100.0,,EVENT_ZERO_POST_EMPTYING,,excluded: post-emptying record
2750,Embalagens de papel e cartão,OVO,2020-04-16 19:31:52,0,false,,82,2020-10-31 15:18:30.43,284867,82,100.0,,NO_SENSOR_MATCH,0.0,driver: no sensor reading within tolerance
2750,Embalagens de papel e cartão,OVO,2020-07-14 20:26:15,50,false,,82,2020-10-31 15:18:30.43,156652,82,100.0,,NO_SENSOR_MATCH,50.0,driver: no sensor reading within tolerance
2750,Embalagens de papel e cartão,OVO,2020-07-14 20:31:15,0,true,4719,82,2020-10-31 15:18:30.43,156647,82,100.0,,EVENT_ZERO_POST_EMPTYING,,excluded: post-emptying record
2750,Embalagens de papel e cartão,OVO,2020-10-15 08:07:53,25,false,,82,2020-10-31 15:18:30.43,23471,82,100.0,,NO_SENSOR_MATCH,25.0,driver: no sensor reading within tolerance
7246,Mistura de embalagens,OVO,2020-01-09 17:04:05,0,false,,82,2020-03-06 14:32:24.607,81928,82,100.0,,NO_SENSOR_MATCH,0.0,driver: no sensor reading within tolerance
7445,Mistura de embalagens,OVO,2020-01-09 20:42:39,75,false,,74,2020-04-08 11:09:42.953,129027,82,90.2,,NO_SENSOR_MATCH,75.0,driver: no sensor reading within tolerance
7445,Mistura de embalagens,OVO,2020-01-09 20:47:39,0,true,1177,74,2020-04-08 11:09:42.953,129022,82,90.2,,EVENT_ZERO_POST_EMPTYING,,excluded: post-emptying record
9594,Embalagens de papel e cartão,OVO,2020-05-04 16:42:24,25,false,,82,2023-06-16 11:38:26.975,999999,82,100.0,,NO_SENSOR_MATCH,25.0,driver: no sensor reading within tolerance
9594,Embalagens de papel e cartão,OVO,2020-05-04 16:47:24,0,true,3286,82,2023-06-16 11:38:26.975,999999,82,100.0,,EVENT_ZERO_POST_EMPTYING,,excluded: post-emptying record
9594,Embalagens de papel e cartão,OVO,2020-08-31 07:16:46,50,false,,82,2023-06-16 11:38:26.975,999999,82,100.0,,NO_SENSOR_MATCH,50.0,driver: no sensor reading within tolerance
9594,Embalagens de papel e cartão,OVO,2020-10-31 09:26:32,0,false,,82,2023-06-16 11:38:26.975,999999,82,100.0,,NO_SENSOR_MATCH,0.0,driver: no sensor reading within tolerance
9594,Embalagens de papel e cartão,OVO,2021-06-30 08:30:15,50,false,,82,2023-06-16 11:38:26.975,999999,82,100.0,,NO_SENSOR_MATCH,50.0,driver: no sensor reading within tolerance
9594,Embalagens de papel e cartão,OVO,2021-06-30 08:35:15,0,true,12424,82,2023-06-16 11:38:26.975,999999,82,100.0,,EVENT_ZERO_POST_EMPTYING,,excluded: post-emptying record
9594,Embalagens de papel e cartão,OVO,2021-08-06 07:51:02,100,false,,82,2023-06-16 11:38:26.975,977987,82,100.0,,NO_SENSOR_MATCH,100.0,driver: no sensor reading within tolerance
9594,Embalagens de papel e cartão,OVO,2021-08-06 07:56:02,0,true,13460,82,2023-06-16 11:38:26.975,977982,82,100.0,,EVENT_ZERO_POST_EMPTYING,,excluded: post-emptying record
9594,Embalagens de papel e cartão,OVO,2021-10-14 07:34:10,75,false,,82,2023-06-16 11:38:26.975,878644,82,100.0,,NO_SENSOR_MATCH,75.0,driver: no sensor reading within tolerance
9594,Embalagens de papel e cartão,OVO,2021-10-14 07:39:10,0,true,15327,82,2023-06-16 11:38:26.975,878639,82,100.0,,EVENT_ZERO_POST_EMPTYING,,excluded: post-emptying record
9594,Embalagens de papel e cartão,OVO,2022-02-24 06:07:08.549,100,false,,82,2023-06-16 11:38:26.975,687211,82,100.0,,NO_SENSOR_MATCH,100.0,driver: no sensor reading within tolerance
9594,Embalagens de papel e cartão,OVO,2022-02-24 06:12:08.549,0,true,18501,82,2023-06-16 11:38:26.975,687206,82,100.0,,EVENT_ZERO_POST_EMPTYING,,excluded: post-emptying record
9594,Embalagens de papel e cartão,OVO,2022-04-08 10:20:50.127,0,false,,82,2023-06-16 11:38:26.975,625038,82,100.0,,NO_SENSOR_MATCH,0.0,driver: no sensor reading within tolerance
11772,Mistura de embalagens,OVO,2020-04-18 09:33:14,0,false,,82,2023-06-13 17:13:01.911,999999,82,100.0,,NO_SENSOR_MATCH,0.0,driver: no sensor reading within tolerance
11772,Mistura de embalagens,OVO,2020-09-30 08:25:32,50,false,,82,2023-06-13 17:13:01.911,999999,82,100.0,,NO_SENSOR_MATCH,50.0,driver: no sensor reading within tolerance
11772,Mistura de embalagens,OVO,2020-10-12 17:46:40,100,false,,82,2023-06-13 17:13:01.911,999999,82,100.0,,NO_SENSOR_MATCH,100.0,driver: no sensor reading within tolerance
11772,Mistura de embalagens,OVO,2020-10-12 17:51:40,0,true,6681,82,2023-06-13 17:13:01.911,999999,82,100.0,,EVENT_ZERO_POST_EMPTYING,,excluded: post-emptying record
11772,Mistura de embalagens,OVO,2020-11-09 18:07:51,75,false,,82,2023-06-13 17:13:01.911,999999,82,100.0,,NO_SENSOR_MATCH,75.0,driver: no sensor reading within tolerance
11772,Mistura de embalagens,OVO,2020-11-09 18:12:51,0,true,7267,82,2023-06-13 17:13:01.911,999999,82,100.0,,EVENT_ZERO_POST_EMPTYING,,excluded: post-emptying record
11772,Mistura de embalagens,OVO,2021-03-27 09:06:12,0,false,,82,2023-06-13 17:13:01.911,999999,82,100.0,,NO_SENSOR_MATCH,0.0,driver: no sensor reading within tolerance
11772,Mistura de embalagens,OVO,2021-06-23 09:08:36,25,false,,82,2023-06-13 17:13:01.911,999999,82,100.0,,NO_SENSOR_MATCH,25.0,driver: no sensor reading within tolerance
11772,Mistura de embalagens,OVO,2021-12-30 07:29:17,0,false,,82,2023-06-13 17:13:01.911,763784,82,100.0,,NO_SENSOR_MATCH,0.0,driver: no sensor reading within tolerance
11772,Mistura de embalagens,OVO,2022-05-11 06:47:35.208,50,false,,82,2023-06-13 17:13:01.911,573746,82,100.0,,NO_SENSOR_MATCH,50.0,driver: no sensor reading within tolerance
11772,Mistura de embalagens,OVO,2022-05-11 06:52:35.208,0,true,20646,82,2023-06-13 17:13:01.911,573741,82,100.0,,EVENT_ZERO_POST_EMPTYING,,excluded: post-emptying record
11772,Mistura de embalagens,OVO,2022-11-23 19:21:08.112,25,false,,82,2023-06-13 17:13:01.911,290752,82,100.0,,NO_SENSOR_MATCH,25.0,driver: no sensor reading within tolerance
11806,Mistura de embalagens,OVO,2020-06-27 10:42:52,25,false,,8,2020-10-31 05:03:08.673,181101,82,9.8,,NO_SENSOR_MATCH,25.0,driver: no sensor reading within tolerance
11806,Mistura de embalagens,OVO,2020-07-01 10:18:05,50,false,,8,2020-10-31 05:03:08.673,175365,82,9.8,,NO_SENSOR_MATCH,50.0,driver: no sensor reading within tolerance
11806,Mistura de embalagens,OVO,2020-07-01 10:23:05,0,true,4450,8,2020-10-31 05:03:08.673,175360,82,9.8,,EVENT_ZERO_POST_EMPTYING,,excluded: post-emptying record
11806,Mistura de embalagens,OVO,2020-09-16 20:15:27,0,false,,8,2020-10-31 05:03:08.673,63888,82,9.8,,NO_SENSOR_MATCH,0.0,driver: no sensor reading within tolerance
11832,Mistura de embalagens,OVO,2020-01-27 21:42:08,0,false,,82,2020-01-31 11:03:21.914,5121,82,100.0,,NO_SENSOR_MATCH,0.0,driver: no sensor reading within tolerance
1606,Mistura de embalagens,OVO,2020-02-25 12:24:45,50,false,,82,2020-10-26 09:43:02.007,351199,82,100.0,,NO_SENSOR_MATCH,50.0,driver: no sensor reading within tolerance
1606,Mistura de embalagens,OVO,2020-06-09 21:03:32,50,false,,82,2020-10-26 09:43:02.007,199480,82,100.0,,NO_SENSOR_MATCH,50.0,driver: no sensor reading within tolerance
1606,Mistura de embalagens,OVO,2020-06-09 21:08:32,0,true,3988,82,2020-10-26 09:43:02.007,199475,82,100.0,,EVENT_ZERO_POST_EMPTYING,,excluded: post-emptying record
1606,Mistura de embalagens,OVO,2020-06-20 10:19:19,50,false,,82,2020-10-26 09:43:02.007,184284,82,100.0,,NO_SENSOR_MATCH,50.0,driver: no sensor reading within tolerance
1606,Mistura de embalagens,OVO,2020-06-20 10:24:19,0,true,4246,82,2020-10-26 09:43:02.007,184279,82,100.0,,EVENT_ZERO_POST_EMPTYING,,excluded: post-emptying record
1606,Mistura de embalagens,OVO,2020-08-05 19:57:37,0,false,,82,2020-10-26 09:43:02.007,117466,82,100.0,,NO_SENSOR_MATCH,0.0,driver: no sensor reading within tolerance
1606,Mistura de embalagens,OVO,2020-09-05 11:12:34,75,false,,82,2020-10-26 09:43:02.007,73351,82,100.0,,NO_SENSOR_MATCH,75.0,driver: no sensor reading within tolerance
1606,Mistura de embalagens,OVO,2020-09-05 11:17:34,0,true,5925,82,2020-10-26 09:43:02.007,73346,82,100.0,,EVENT_ZERO_POST_EMPTYING,,excluded: post-emptying record
2750,Embalagens de papel e cartão,OVO,2020-05-07 09:59:06,0,false,,82,2020-10-31 15:18:30.43,255199,82,100.0,,NO_SENSOR_MATCH,0.0,driver: no sensor reading within tolerance
2750,Embalagens de papel e cartão,OVO,2020-08-25 20:44:51,100,false,,82,2020-10-31 15:18:30.43,96154,82,100.0,,NO_SENSOR_MATCH,100.0,driver: no sensor reading within tolerance
2750,Embalagens de papel e cartão,OVO,2020-08-25 20:49:51,0,true,5670,82,2020-10-31 15:18:30.43,96149,82,100.0,,EVENT_ZERO_POST_EMPTYING,,excluded: post-emptying record
7445,Mistura de embalagens,OVO,2020-03-19 18:48:12,25,false,,74,2020-04-08 11:09:42.953,28341,82,90.2,,NO_SENSOR_MATCH,25.0,driver: no sensor reading within tolerance
7445,Mistura de embalagens,OVO,2020-03-19 18:53:12,0,true,2452,74,2020-04-08 11:09:42.953,28336,82,90.2,,EVENT_ZERO_POST_EMPTYING,,excluded: post-emptying record
9594,Embalagens de papel e cartão,OVO,2020-08-14 17:39:35,0,false,,82,2023-06-16 11:38:26.975,999999,82,100.0,,NO_SENSOR_MATCH,0.0,driver: no sensor reading within tolerance
9594,Embalagens de papel e cartão,OVO,2021-08-02 08:42:17,100,false,,82,2023-06-16 11:38:26.975,983696,82,100.0,,NO_SENSOR_MATCH,100.0,driver: no sensor reading within tolerance
9594,Embalagens de papel e cartão,OVO,2021-08-02 08:47:17,0,true,13330,82,2023-06-16 11:38:26.975,983691,82,100.0,,EVENT_ZERO_POST_EMPTYING,,excluded: post-emptying record
9594,Embalagens de papel e cartão,OVO,2021-11-09 08:04:19,0,false,,82,2023-06-16 11:38:26.975,841174,82,100.0,,NO_SENSOR_MATCH,0.0,driver: no sensor reading within tolerance
9594,Embalagens de papel e cartão,OVO,2022-04-20 16:42:30.482,100,false,,82,2023-06-16 11:38:26.975,607376,82,100.0,,NO_SENSOR_MATCH,100.0,driver: no sensor reading within tolerance
9594,Embalagens de papel e cartão,OVO,2022-05-10 07:37:48.091,100,false,,82,2023-06-16 11:38:26.975,579121,82,100.0,,NO_SENSOR_MATCH,100.0,driver: no sensor reading within tolerance
9594,Embalagens de papel e cartão,OVO,2022-07-15 06:21:33.556,100,false,,82,2023-06-16 11:38:26.975,484157,82,100.0,,NO_SENSOR_MATCH,100.0,driver: no sensor reading within tolerance
9594,Embalagens de papel e cartão,OVO,2022-07-15 06:26:33.556,0,true,22641,82,2023-06-16 11:38:26.975,484152,82,100.0,,EVENT_ZERO_POST_EMPTYING,,excluded: post-emptying record
9594,Embalagens de papel e cartão,OVO,2022-07-15 05:21:33.556,100,false,,82,2023-06-16 11:38:26.975,484217,82,100.0,,NO_SENSOR_MATCH,100.0,driver: no sensor reading within tolerance
9594,Embalagens de papel e cartão,OVO,2022-07-15 05:26:33.556,0,true,22641,82,2023-06-16 11:38:26.975,484212,82,100.0,,EVENT_ZERO_POST_EMPTYING,,excluded: post-emptying record
9594,Embalagens de papel e cartão,OVO,2022-08-10 07:49:51.271,50,false,,82,2023-06-16 11:38:26.975,446629,82,100.0,,NO_SENSOR_MATCH,50.0,driver: no sensor reading within tolerance
9594,Embalagens de papel e cartão,OVO,2022-09-05 08:18:44.704,50,false,,82,2023-06-16 11:38:26.975,409160,82,100.0,,NO_SENSOR_MATCH,50.0,driver: no sensor reading within tolerance
9594,Embalagens de papel e cartão,OVO,2022-09-05 08:23:44.704,0,true,24261,82,2023-06-16 11:38:26.975,409155,82,100.0,,EVENT_ZERO_POST_EMPTYING,,excluded: post-emptying record
9594,Embalagens de papel e cartão,OVO,2022-09-09 07:30:05.879,75,false,,82,2023-06-16 11:38:26.975,403448,82,100.0,,NO_SENSOR_MATCH,75.0,driver: no sensor reading within tolerance
9594,Embalagens de papel e cartão,OVO,2022-09-09 07:35:05.879,0,true,24406,82,2023-06-16 11:38:26.975,403443,82,100.0,,EVENT_ZERO_POST_EMPTYING,,excluded: post-emptying record
9594,Embalagens de papel e cartão,OVO,2023-01-04 06:54:42.76,100,false,,82,2023-06-16 11:38:26.975,235004,82,100.0,,NO_SENSOR_MATCH,100.0,driver: no sensor reading within tolerance
9594,Embalagens de papel e cartão,OVO,2023-01-04 06:59:42.76,0,true,27788,82,2023-06-16 11:38:26.975,234999,82,100.0,,EVENT_ZERO_POST_EMPTYING,,excluded: post-emptying record
11772,Mistura de embalagens,OVO,2020-05-23 08:36:40,100,false,,82,2023-06-13 17:13:01.911,999999,82,100.0,,NO_SENSOR_MATCH,100.0,driver: no sensor reading within tolerance
11772,Mistura de embalagens,OVO,2020-12-26 17:03:11,50,false,,82,2023-06-13 17:13:01.911,999999,82,100.0,,NO_SENSOR_MATCH,50.0,driver: no sensor reading within tolerance
11772,Mistura de embalagens,OVO,2020-12-26 17:08:11,0,true,8212,82,2023-06-13 17:13:01.911,999999,82,100.0,,EVENT_ZERO_POST_EMPTYING,,excluded: post-emptying record
11772,Mistura de embalagens,OVO,2021-03-17 18:13:16,0,false,,82,2023-06-13 17:13:01.911,999999,82,100.0,,NO_SENSOR_MATCH,0.0,driver: no sensor reading within tolerance
11772,Mistura de embalagens,OVO,2021-11-22 08:02:33,100,false,,82,2023-06-13 17:13:01.911,818471,82,100.0,,NO_SENSOR_MATCH,100.0,driver: no sensor reading within tolerance
11772,Mistura de embalagens,OVO,2021-11-22 08:07:33,0,true,16267,82,2023-06-13 17:13:01.911,818466,82,100.0,,EVENT_ZERO_POST_EMPTYING,,excluded: post-emptying record
1606,Mistura de embalagens,OVO,2020-07-11 18:46:17,50,false,,82,2020-10-26 09:43:02.007,153537,82,100.0,,NO_SENSOR_MATCH,50.0,driver: no sensor reading within tolerance
1621,Mistura de embalagens,OVO,2020-02-25 09:08:30,25,false,,30,2020-10-19 11:32:14.274,341424,82,36.6,,NO_SENSOR_MATCH,25.0,driver: no sensor reading within tolerance
1621,Mistura de embalagens,OVO,2020-02-25 09:13:30,0,true,2025,30,2020-10-19 11:32:14.274,341419,82,36.6,,EVENT_ZERO_POST_EMPTYING,,excluded: post-emptying record
2750,Embalagens de papel e cartão,OVO,2020-01-21 19:24:15,100,false,,82,2020-10-31 15:18:30.43,408714,82,100.0,,NO_SENSOR_MATCH,100.0,driver: no sensor reading within tolerance
2750,Embalagens de papel e cartão,OVO,2020-01-21 19:29:15,0,true,1394,82,2020-10-31 15:18:30.43,408709,82,100.0,,EVENT_ZERO_POST_EMPTYING,,excluded: post-emptying record
9419,Embalagens de papel e cartão,OVO,2020-01-13 18:06:58,100,false,,73,2020-02-06 14:13:55.825,34327,82,89.0,,NO_SENSOR_MATCH,100.0,driver: no sensor reading within tolerance
9419,Embalagens de papel e cartão,OVO,2020-01-13 18:11:58,0,true,1246,73,2020-02-06 14:13:55.825,34322,82,89.0,,EVENT_ZERO_POST_EMPTYING,,excluded: post-emptying record
9594,Embalagens de papel e cartão,OVO,2020-05-13 08:54:47,0,false,,82,2023-06-16 11:38:26.975,999999,82,100.0,,NO_SENSOR_MATCH,0.0,driver: no sensor reading within tolerance
9594,Embalagens de papel e cartão,OVO,2020-12-26 06:19:04,0,false,,82,2023-06-16 11:38:26.975,999999,82,100.0,,NO_SENSOR_MATCH,0.0,driver: no sensor reading within tolerance
9594,Embalagens de papel e cartão,OVO,2021-01-02 08:27:33,75,false,,82,2023-06-16 11:38:26.975,999999,82,100.0,,NO_SENSOR_MATCH,75.0,driver: no sensor reading within tolerance
9594,Embalagens de papel e cartão,OVO,2021-03-04 18:06:50,75,false,,82,2023-06-16 11:38:26.975,999999,82,100.0,,NO_SENSOR_MATCH,75.0,driver: no sensor reading within tolerance
9594,Embalagens de papel e cartão,OVO,2021-03-04 18:11:50,0,true,9642,82,2023-06-16 11:38:26.975,999999,82,100.0,,EVENT_ZERO_POST_EMPTYING,,excluded: post-emptying record
9594,Embalagens de papel e cartão,OVO,2021-04-30 08:15:53,75,false,,82,2023-06-16 11:38:26.975,999999,82,100.0,,NO_SENSOR_MATCH,75.0,driver: no sensor reading within tolerance
9594,Embalagens de papel e cartão,OVO,2021-04-30 08:20:53,0,true,10927,82,2023-06-16 11:38:26.975,999999,82,100.0,,EVENT_ZERO_POST_EMPTYING,,excluded: post-emptying record
9594,Embalagens de papel e cartão,OVO,2021-10-19 06:09:36,25,false,,82,2023-06-16 11:38:26.975,871529,82,100.0,,NO_SENSOR_MATCH,25.0,driver: no sensor reading within tolerance
9594,Embalagens de papel e cartão,OVO,2022-02-08 08:11:59,100,false,,82,2023-06-16 11:38:26.975,710127,82,100.0,,NO_SENSOR_MATCH,100.0,driver: no sensor reading within tolerance
9594,Embalagens de papel e cartão,OVO,2022-02-17 06:05:03.023,100,false,,82,2023-06-16 11:38:26.975,697293,82,100.0,,NO_SENSOR_MATCH,100.0,driver: no sensor reading within tolerance
9594,Embalagens de papel e cartão,OVO,2022-02-17 06:10:03.023,0,true,18330,82,2023-06-16 11:38:26.975,697288,82,100.0,,EVENT_ZERO_POST_EMPTYING,,excluded: post-emptying record
9594,Embalagens de papel e cartão,OVO,2022-02-17 06:10:19.229,0,true,18330,82,2023-06-16 11:38:26.975,697288,82,100.0,,EVENT_ZERO_POST_EMPTYING,,excluded: post-emptying record
9594,Embalagens de papel e cartão,OVO,2022-04-07 07:29:14.071,75,false,,82,2023-06-16 11:38:26.975,626649,82,100.0,,NO_SENSOR_MATCH,75.0,driver: no sensor reading within tolerance
9594,Embalagens de papel e cartão,OVO,2022-04-07 07:34:14.071,0,true,19688,82,2023-06-16 11:38:26.975,626644,82,100.0,,EVENT_ZERO_POST_EMPTYING,,excluded: post-emptying record
9594,Embalagens de papel e cartão,OVO,2022-12-06 18:36:27.716,25,false,,82,2023-06-16 11:38:26.975,276062,82,100.0,,NO_SENSOR_MATCH,25.0,driver: no sensor reading within tolerance
9594,Embalagens de papel e cartão,OVO,2022-12-07 16:34:47.293,50,false,,82,2023-06-16 11:38:26.975,274744,82,100.0,,NO_SENSOR_MATCH,50.0,driver: no sensor reading within tolerance
9594,Embalagens de papel e cartão,OVO,2022-12-07 16:39:47.293,0,true,26966,82,2023-06-16 11:38:26.975,274739,82,100.0,,EVENT_ZERO_POST_EMPTYING,,excluded: post-emptying record
9594,Embalagens de papel e cartão,OVO,2023-01-03 07:25:33.263,100,false,,82,2023-06-16 11:38:26.975,236413,82,100.0,,NO_SENSOR_MATCH,100.0,driver: no sensor reading within tolerance
11772,Mistura de embalagens,OVO,2020-04-15 19:29:01,100,false,,82,2023-06-13 17:13:01.911,999999,82,100.0,,NO_SENSOR_MATCH,100.0,driver: no sensor reading within tolerance
11772,Mistura de embalagens,OVO,2020-04-15 19:34:01,0,true,2919,82,2023-06-13 17:13:01.911,999999,82,100.0,,EVENT_ZERO_POST_EMPTYING,,excluded: post-emptying record
11772,Mistura de embalagens,OVO,2021-06-08 08:10:13,0,false,,82,2023-06-13 17:13:01.911,999999,82,100.0,,NO_SENSOR_MATCH,0.0,driver: no sensor reading within tolerance
11772,Mistura de embalagens,OVO,2021-07-03 17:30:56,0,false,,82,2023-06-13 17:13:01.911,999999,82,100.0,,NO_SENSOR_MATCH,0.0,driver: no sensor reading within tolerance
11772,Mistura de embalagens,OVO,2022-05-30 07:21:32.81,25,false,,82,2023-06-13 17:13:01.911,546352,82,100.0,,NO_SENSOR_MATCH,25.0,driver: no sensor reading within tolerance
11772,Mistura de embalagens,OVO,2022-06-18 07:30:47.506,100,false,,82,2023-06-13 17:13:01.911,518983,82,100.0,,NO_SENSOR_MATCH,100.0,driver: no sensor reading within tolerance
11772,Mistura de embalagens,OVO,2022-12-22 10:07:26.188,0,false,,82,2023-06-13 17:13:01.911,249546,82,100.0,,NO_SENSOR_MATCH,0.0,driver: no sensor reading within tolerance
1606,Mistura de embalagens,OVO,2020-02-11 08:39:10,0,false,,82,2020-10-26 09:43:02.007,371584,82,100.0,,NO_SENSOR_MATCH,0.0,driver: no sensor reading within tolerance
1606,Mistura de embalagens,OVO,2020-04-01 09:14:19,25,false,,82,2020-10-26 09:43:02.007,299549,82,100.0,,NO_SENSOR_MATCH,25.0,driver: no sensor reading within tolerance
1606,Mistura de embalagens,OVO,2020-04-01 09:19:19,0,true,2662,82,2020-10-26 09:43:02.007,299544,82,100.0,,EVENT_ZERO_POST_EMPTYING,,excluded: post-emptying record
1606,Mistura de embalagens,OVO,2020-04-25 10:52:34,75,false,,82,2020-10-26 09:43:02.007,264891,82,100.0,,NO_SENSOR_MATCH,75.0,driver: no sensor reading within tolerance
1606,Mistura de embalagens,OVO,2020-04-25 10:57:34,0,true,3121,82,2020-10-26 09:43:02.007,264886,82,100.0,,EVENT_ZERO_POST_EMPTYING,,excluded: post-emptying record
1606,Mistura de embalagens,OVO,2020-09-16 19:56:33,50,false,,82,2020-10-26 09:43:02.007,56987,82,100.0,,NO_SENSOR_MATCH,50.0,driver: no sensor reading within tolerance
1606,Mistura de embalagens,OVO,2020-09-16 20:01:33,0,true,6150,82,2020-10-26 09:43:02.007,56982,82,100.0,,EVENT_ZERO_POST_EMPTYING,,excluded: post-emptying record
1621,Mistura de embalagens,OVO,2020-08-28 19:17:29,25,false,,30,2020-10-19 11:32:14.274,74415,82,36.6,,NO_SENSOR_MATCH,25.0,driver: no sensor reading within tolerance
2750,Embalagens de papel e cartão,OVO,2020-02-13 08:54:17,0,false,,82,2020-10-31 15:18:30.43,376224,82,100.0,,NO_SENSOR_MATCH,0.0,driver: no sensor reading within tolerance
2750,Embalagens de papel e cartão,OVO,2020-06-04 19:36:23,0,false,,82,2020-10-31 15:18:30.43,214302,82,100.0,,NO_SENSOR_MATCH,0.0,driver: no sensor reading within tolerance
2750,Embalagens de papel e cartão,OVO,2020-06-09 18:30:42,75,false,,82,2020-10-31 15:18:30.43,207168,82,100.0,,NO_SENSOR_MATCH,75.0,driver: no sensor reading within tolerance
2750,Embalagens de papel e cartão,OVO,2020-06-09 18:35:42,0,true,4007,82,2020-10-31 15:18:30.43,207163,82,100.0,,EVENT_ZERO_POST_EMPTYING,,excluded: post-emptying record
2750,Embalagens de papel e cartão,OVO,2020-06-16 18:30:35,100,false,,82,2020-10-31 15:18:30.43,197088,82,100.0,,NO_SENSOR_MATCH,100.0,driver: no sensor reading within tolerance
2750,Embalagens de papel e cartão,OVO,2020-06-16 18:35:35,0,true,4143,82,2020-10-31 15:18:30.43,197083,82,100.0,,EVENT_ZERO_POST_EMPTYING,,excluded: post-emptying record
6900,Embalagens de papel e cartão,OVO,2020-02-06 11:43:09,0,false,,82,2020-10-26 09:33:06.227,378590,82,100.0,,NO_SENSOR_MATCH,0.0,driver: no sensor reading within tolerance
7246,Mistura de embalagens,OVO,2020-03-05 06:41:35,25,false,,82,2020-03-06 14:32:24.607,1911,82,100.0,,NO_SENSOR_MATCH,25.0,driver: no sensor reading within tolerance
7246,Mistura de embalagens,OVO,2020-03-05 06:46:35,0,true,2192,82,2020-03-06 14:32:24.607,1906,82,100.0,,EVENT_ZERO_POST_EMPTYING,,excluded: post-emptying record
7445,Mistura de embalagens,OVO,2020-03-05 11:01:43,50,false,,74,2020-04-08 11:09:42.953,48968,82,90.2,,NO_SENSOR_MATCH,50.0,driver: no sensor reading within tolerance
7445,Mistura de embalagens,OVO,2020-03-05 11:06:43,0,true,2192,74,2020-04-08 11:09:42.953,48963,82,90.2,,EVENT_ZERO_POST_EMPTYING,,excluded: post-emptying record
7445,Mistura de embalagens,OVO,2020-03-12 17:19:03,100,false,,74,2020-04-08 11:09:42.953,38510,82,90.2,,NO_SENSOR_MATCH,100.0,driver: no sensor reading within tolerance
7445,Mistura de embalagens,OVO,2020-03-12 17:24:03,0,true,2319,74,2020-04-08 11:09:42.953,38505,82,90.2,,EVENT_ZERO_POST_EMPTYING,,excluded: post-emptying record
7445,Mistura de embalagens,OVO,2020-03-12 20:13:49,75,false,,74,2020-04-08 11:09:42.953,38336,82,90.2,,NO_SENSOR_MATCH,75.0,driver: no sensor reading within tolerance
7445,Mistura de embalagens,OVO,2020-03-12 20:18:49,0,true,2319,74,2020-04-08 11:09:42.953,38331,82,90.2,,EVENT_ZERO_POST_EMPTYING,,excluded: post-emptying record
9594,Embalagens de papel e cartão,OVO,2020-06-18 09:27:56,0,false,,82,2023-06-16 11:38:26.975,999999,82,100.0,,NO_SENSOR_MATCH,0.0,driver: no sensor reading within tolerance
9594,Embalagens de papel e cartão,OVO,2020-08-21 21:11:06,100,false,,82,2023-06-16 11:38:26.975,999999,82,100.0,,NO_SENSOR_MATCH,100.0,driver: no sensor reading within tolerance
9594,Embalagens de papel e cartão,OVO,2021-02-16 15:55:54,25,false,,82,2023-06-16 11:38:26.975,999999,82,100.0,,NO_SENSOR_MATCH,25.0,driver: no sensor reading within tolerance
9594,Embalagens de papel e cartão,OVO,2021-04-16 06:23:36,25,false,,82,2023-06-16 11:38:26.975,999999,82,100.0,,NO_SENSOR_MATCH,25.0,driver: no sensor reading within tolerance
9594,Embalagens de papel e cartão,OVO,2021-04-16 06:28:36,0,true,10598,82,2023-06-16 11:38:26.975,999999,82,100.0,,EVENT_ZERO_POST_EMPTYING,,excluded: post-emptying record
9594,Embalagens de papel e cartão,OVO,2021-08-09 08:03:57,100,false,,82,2023-06-16 11:38:26.975,973655,82,100.0,,NO_SENSOR_MATCH,100.0,driver: no sensor reading within tolerance
9594,Embalagens de papel e cartão,OVO,2022-06-21 06:57:30.456,100,false,,82,2023-06-16 11:38:26.975,518681,82,100.0,,NO_SENSOR_MATCH,100.0,driver: no sensor reading within tolerance
9594,Embalagens de papel e cartão,OVO,2022-06-21 07:02:30.456,0,true,21895,82,2023-06-16 11:38:26.975,518676,82,100.0,,EVENT_ZERO_POST_EMPTYING,,excluded: post-emptying record
9594,Embalagens de papel e cartão,OVO,2022-06-23 08:17:29.136,50,false,,82,2023-06-16 11:38:26.975,515721,82,100.0,,NO_SENSOR_MATCH,50.0,driver: no sensor reading within tolerance
9594,Embalagens de papel e cartão,OVO,2022-08-13 10:49:46.945,0,false,,82,2023-06-16 11:38:26.975,442129,82,100.0,,NO_SENSOR_MATCH,0.0,driver: no sensor reading within tolerance
9594,Embalagens de papel e cartão,OVO,2022-09-16 07:39:09.486,0,false,,82,2023-06-16 11:38:26.975,393359,82,100.0,,NO_SENSOR_MATCH,0.0,driver: no sensor reading within tolerance
9594,Embalagens de papel e cartão,OVO,2022-10-20 18:54:04.432,100,false,,82,2023-06-16 11:38:26.975,343724,82,100.0,,NO_SENSOR_MATCH,100.0,driver: no sensor reading within tolerance
9594,Embalagens de papel e cartão,OVO,2022-10-20 18:59:04.432,0,true,25626,82,2023-06-16 11:38:26.975,343719,82,100.0,,EVENT_ZERO_POST_EMPTYING,,excluded: post-emptying record
11772,Mistura de embalagens,OVO,2020-09-09 07:48:25,75,false,,82,2023-06-13 17:13:01.911,999999,82,100.0,,NO_SENSOR_MATCH,75.0,driver: no sensor reading within tolerance
11772,Mistura de embalagens,OVO,2021-05-14 19:30:37,0,false,,82,2023-06-13 17:13:01.911,999999,82,100.0,,NO_SENSOR_MATCH,0.0,driver: no sensor reading within tolerance
11772,Mistura de embalagens,OVO,2022-06-21 08:17:32.848,100,false,,82,2023-06-13 17:13:01.911,514616,82,100.0,,NO_SENSOR_MATCH,100.0,driver: no sensor reading within tolerance
11772,Mistura de embalagens,OVO,2022-06-21 08:22:32.848,0,true,21880,82,2023-06-13 17:13:01.911,514611,82,100.0,,EVENT_ZERO_POST_EMPTYING,,excluded: post-emptying record
11772,Mistura de embalagens,OVO,2022-09-10 07:41:13.334,100,false,,82,2023-06-13 17:13:01.911,398012,82,100.0,,NO_SENSOR_MATCH,100.0,driver: no sensor reading within tolerance
11772,Mistura de embalagens,OVO,2022-09-10 07:46:13.334,0,true,24433,82,2023-06-13 17:13:01.911,398007,82,100.0,,EVENT_ZERO_POST_EMPTYING,,excluded: post-emptying record
11772,Mistura de embalagens,OVO,2022-12-07 16:44:41.39,50,false,,82,2023-06-13 17:13:01.911,270749,82,100.0,,NO_SENSOR_MATCH,50.0,driver: no sensor reading within tolerance
11772,Mistura de embalagens,OVO,2022-12-07 16:49:41.39,0,true,26950,82,2023-06-13 17:13:01.911,270744,82,100.0,,EVENT_ZERO_POST_EMPTYING,,excluded: post-emptying record
11772,Mistura de embalagens,OVO,2023-05-23 07:42:59.003,75,false,,82,2023-06-13 17:13:01.911,30811,82,100.0,,NO_SENSOR_MATCH,75.0,driver: no sensor reading within tolerance
1606,Mistura de embalagens,OVO,2020-04-10 09:09:43,50,false,,82,2020-10-26 09:43:02.007,286594,82,100.0,,NO_SENSOR_MATCH,50.0,driver: no sensor reading within tolerance
1606,Mistura de embalagens,OVO,2020-08-18 23:06:08,0,false,,82,2020-10-26 09:43:02.007,98557,82,100.0,,NO_SENSOR_MATCH,0.0,driver: no sensor reading within tolerance
1621,Mistura de embalagens,OVO,2020-07-02 18:53:00,75,false,,30,2020-10-19 11:32:14.274,156519,82,36.6,,NO_SENSOR_MATCH,75.0,driver: no sensor reading within tolerance
1621,Mistura de embalagens,OVO,2020-08-01 18:19:00,75,false,,30,2020-10-19 11:32:14.274,113353,82,36.6,,NO_SENSOR_MATCH,75.0,driver: no sensor reading within tolerance
1621,Mistura de embalagens,OVO,2020-08-01 18:24:00,0,true,5113,30,2020-10-19 11:32:14.274,113348,82,36.6,,EVENT_ZERO_POST_EMPTYING,,excluded: post-emptying record
1621,Mistura de embalagens,OVO,2020-08-01 19:24:00,0,true,5113,30,2020-10-19 11:32:14.274,113288,82,36.6,,EVENT_ZERO_POST_EMPTYING,,excluded: post-emptying record
1621,Mistura de embalagens,OVO,2020-08-29 17:58:54,0,false,,30,2020-10-19 11:32:14.274,73054,82,36.6,,NO_SENSOR_MATCH,0.0,driver: no sensor reading within tolerance
2750,Embalagens de papel e cartão,OVO,2020-01-13 19:54:33,0,false,,82,2020-10-31 15:18:30.43,420204,82,100.0,,NO_SENSOR_MATCH,0.0,driver: no sensor reading within tolerance
2750,Embalagens de papel e cartão,OVO,2020-02-11 19:27:08,100,false,,82,2020-10-31 15:18:30.43,378471,82,100.0,,NO_SENSOR_MATCH,100.0,driver: no sensor reading within tolerance
2750,Embalagens de papel e cartão,OVO,2020-02-11 19:32:08,0,true,1789,82,2020-10-31 15:18:30.43,378466,82,100.0,,EVENT_ZERO_POST_EMPTYING,,excluded: post-emptying record
2750,Embalagens de papel e cartão,OVO,2020-09-01 09:50:56,0,false,,82,2020-10-31 15:18:30.43,86728,82,100.0,,NO_SENSOR_MATCH,0.0,driver: no sensor reading within tolerance
2750,Embalagens de papel e cartão,OVO,2020-10-08 19:06:55,0,false,,82,2020-10-31 15:18:30.43,32892,82,100.0,,NO_SENSOR_MATCH,0.0,driver: no sensor reading within tolerance
7246,Mistura de embalagens,OVO,2020-01-06 17:15:14,0,false,,82,2020-03-06 14:32:24.607,86237,82,100.0,,NO_SENSOR_MATCH,0.0,driver: no sensor reading within tolerance
7445,Mistura de embalagens,OVO,2020-01-06 19:35:31,0,false,,74,2020-04-08 11:09:42.953,133414,82,90.2,,NO_SENSOR_MATCH,0.0,driver: no sensor reading within tolerance
7445,Mistura de embalagens,OVO,2020-01-11 08:38:12,25,false,,74,2020-04-08 11:09:42.953,126871,82,90.2,,NO_SENSOR_MATCH,25.0,driver: no sensor reading within tolerance
9419,Embalagens de papel e cartão,OVO,2020-01-21 16:30:47,75,false,,73,2020-02-06 14:13:55.825,22903,82,89.0,,NO_SENSOR_MATCH,75.0,driver: no sensor reading within tolerance
9419,Embalagens de papel e cartão,OVO,2020-01-21 16:35:47,0,true,1394,73,2020-02-06 14:13:55.825,22898,82,89.0,,EVENT_ZERO_POST_EMPTYING,,excluded: post-emptying record
9594,Embalagens de papel e cartão,OVO,2020-06-17 06:02:25,100,false,,82,2023-06-16 11:38:26.975,999999,82,100.0,,NO_SENSOR_MATCH,100.0,driver: no sensor reading within tolerance
9594,Embalagens de papel e cartão,OVO,2020-06-17 06:07:25,0,true,4177,82,2023-06-16 11:38:26.975,999999,82,100.0,,EVENT_ZERO_POST_EMPTYING,,excluded: post-emptying record
9594,Embalagens de papel e cartão,OVO,2020-07-02 07:52:21,0,false,,82,2023-06-16 11:38:26.975,999999,82,100.0,,NO_SENSOR_MATCH,0.0,driver: no sensor reading within tolerance
9594,Embalagens de papel e cartão,OVO,2020-07-08 07:51:16,0,false,,82,2023-06-16 11:38:26.975,999999,82,100.0,,NO_SENSOR_MATCH,0.0,driver: no sensor reading within tolerance
9594,Embalagens de papel e cartão,OVO,2020-12-18 07:04:58,0,false,,82,2023-06-16 11:38:26.975,999999,82,100.0,,NO_SENSOR_MATCH,0.0,driver: no sensor reading within tolerance
9594,Embalagens de papel e cartão,OVO,2021-05-07 12:36:05,0,false,,82,2023-06-16 11:38:26.975,999999,82,100.0,,NO_SENSOR_MATCH,0.0,driver: no sensor reading within tolerance
9594,Embalagens de papel e cartão,OVO,2021-07-30 16:52:29,50,false,,82,2023-06-16 11:38:26.975,987526,82,100.0,,NO_SENSOR_MATCH,50.0,driver: no sensor reading within tolerance
9594,Embalagens de papel e cartão,OVO,2021-10-07 06:07:32,100,false,,82,2023-06-16 11:38:26.975,888811,82,100.0,,NO_SENSOR_MATCH,100.0,driver: no sensor reading within tolerance
9594,Embalagens de papel e cartão,OVO,2021-10-07 06:12:32,0,true,15156,82,2023-06-16 11:38:26.975,888806,82,100.0,,EVENT_ZERO_POST_EMPTYING,,excluded: post-emptying record
9594,Embalagens de papel e cartão,OVO,2021-12-28 07:37:53,25,false,,82,2023-06-16 11:38:26.975,770641,82,100.0,,NO_SENSOR_MATCH,25.0,driver: no sensor reading within tolerance
9594,Embalagens de papel e cartão,OVO,2022-07-29 06:19:52.266,100,false,,82,2023-06-16 11:38:26.975,463999,82,100.0,,NO_SENSOR_MATCH,100.0,driver: no sensor reading within tolerance
9594,Embalagens de papel e cartão,OVO,2022-07-29 06:24:52.266,0,true,23095,82,2023-06-16 11:38:26.975,463994,82,100.0,,EVENT_ZERO_POST_EMPTYING,,excluded: post-emptying record
9594,Embalagens de papel e cartão,OVO,2022-09-03 08:10:19.289,75,false,,82,2023-06-16 11:38:26.975,412048,82,100.0,,NO_SENSOR_MATCH,75.0,driver: no sensor reading within tolerance
9594,Embalagens de papel e cartão,OVO,2022-11-03 17:29:11.539,100,false,,82,2023-06-16 11:38:26.975,323649,82,100.0,,NO_SENSOR_MATCH,100.0,driver: no sensor reading within tolerance
9594,Embalagens de papel e cartão,OVO,2022-11-03 17:34:11.539,0,true,26004,82,2023-06-16 11:38:26.975,323644,82,100.0,,EVENT_ZERO_POST_EMPTYING,,excluded: post-emptying record
11772,Mistura de embalagens,OVO,2020-01-08 07:49:40,50,false,,82,2023-06-13 17:13:01.911,999999,82,100.0,,NO_SENSOR_MATCH,50.0,driver: no sensor reading within tolerance
11772,Mistura de embalagens,OVO,2020-01-08 07:54:40,0,true,1155,82,2023-06-13 17:13:01.911,999999,82,100.0,,EVENT_ZERO_POST_EMPTYING,,excluded: post-emptying record
11772,Mistura de embalagens,OVO,2020-10-20 17:41:22,0,false,,82,2023-06-13 17:13:01.911,999999,82,100.0,,NO_SENSOR_MATCH,0.0,driver: no sensor reading within tolerance
11772,Mistura de embalagens,OVO,2021-02-04 19:39:12,0,false,,82,2023-06-13 17:13:01.911,999999,82,100.0,,NO_SENSOR_MATCH,0.0,driver: no sensor reading within tolerance
11772,Mistura de embalagens,OVO,2021-09-15 20:13:39,0,false,,82,2023-06-13 17:13:01.911,915660,82,100.0,,NO_SENSOR_MATCH,0.0,driver: no sensor reading within tolerance
11772,Mistura de embalagens,OVO,2021-12-03 16:52:32,0,false,,82,2023-06-13 17:13:01.911,802101,82,100.0,,NO_SENSOR_MATCH,0.0,driver: no sensor reading within tolerance
11772,Mistura de embalagens,OVO,2022-04-08 17:52:03.49,25,false,,82,2023-06-13 17:13:01.911,620601,82,100.0,,NO_SENSOR_MATCH,25.0,driver: no sensor reading within tolerance
11772,Mistura de embalagens,OVO,2022-04-08 17:57:03.49,0,true,19705,82,2023-06-13 17:13:01.911,620596,82,100.0,,EVENT_ZERO_POST_EMPTYING,,excluded: post-emptying record
11772,Mistura de embalagens,OVO,2022-04-20 17:43:37.459,25,false,,82,2023-06-13 17:13:01.911,603330,82,100.0,,NO_SENSOR_MATCH,25.0,driver: no sensor reading within tolerance
11772,Mistura de embalagens,OVO,2022-07-16 07:27:53.971,100,false,,82,2023-06-13 17:13:01.911,478666,82,100.0,,NO_SENSOR_MATCH,100.0,driver: no sensor reading within tolerance
11772,Mistura de embalagens,OVO,2022-07-16 07:32:53.971,0,true,22668,82,2023-06-13 17:13:01.911,478661,82,100.0,,EVENT_ZERO_POST_EMPTYING,,excluded: post-emptying record
11772,Mistura de embalagens,OVO,2022-10-07 07:38:07.921,100,false,,82,2023-06-13 17:13:01.911,359135,82,100.0,,NO_SENSOR_MATCH,100.0,driver: no sensor reading within tolerance
11772,Mistura de embalagens,OVO,2022-12-28 16:53:18.875,100,false,,82,2023-06-13 17:13:01.911,240500,82,100.0,,NO_SENSOR_MATCH,100.0,driver: no sensor reading within tolerance
11772,Mistura de embalagens,OVO,2022-12-28 16:58:18.875,0,true,27574,82,2023-06-13 17:13:01.911,240495,82,100.0,,EVENT_ZERO_POST_EMPTYING,,excluded: post-emptying record
11832,Mistura de embalagens,OVO,2020-01-27 18:04:04,0,false,,82,2020-01-31 11:03:21.914,5339,82,100.0,,NO_SENSOR_MATCH,0.0,driver: no sensor reading within tolerance
27935,Embalagens de papel e cartão,AMBI,2023-10-25 15:53:35.899,0,false,,84,2023-10-25 17:58:25.769,125,84,100.0,100.0,LARGE_DISAGREEMENT,,none: flagged for investigation
1606,Mistura de embalagens,OVO,2020-01-17 18:22:56,0,false,,82,2020-10-26 09:43:02.007,407001,82,100.0,,NO_SENSOR_MATCH,0.0,driver: no sensor reading within tolerance
1606,Mistura de embalagens,OVO,2020-02-14 09:17:05,50,false,,82,2020-10-26 09:43:02.007,367226,82,100.0,,NO_SENSOR_MATCH,50.0,driver: no sensor reading within tolerance
1606,Mistura de embalagens,OVO,2020-02-14 09:22:05,0,true,1848,82,2020-10-26 09:43:02.007,367221,82,100.0,,EVENT_ZERO_POST_EMPTYING,,excluded: post-emptying record
1606,Mistura de embalagens,OVO,2020-03-07 10:20:57,100,false,,82,2020-10-26 09:43:02.007,335483,82,100.0,,NO_SENSOR_MATCH,100.0,driver: no sensor reading within tolerance
1606,Mistura de embalagens,OVO,2020-03-07 10:25:57,0,true,2237,82,2020-10-26 09:43:02.007,335478,82,100.0,,EVENT_ZERO_POST_EMPTYING,,excluded: post-emptying record
1606,Mistura de embalagens,OVO,2020-09-18 10:47:30,0,false,,82,2020-10-26 09:43:02.007,54656,82,100.0,,NO_SENSOR_MATCH,0.0,driver: no sensor reading within tolerance
2750,Embalagens de papel e cartão,OVO,2020-04-28 17:51:53,100,false,,82,2020-10-31 15:18:30.43,267687,82,100.0,,NO_SENSOR_MATCH,100.0,driver: no sensor reading within tolerance
2750,Embalagens de papel e cartão,OVO,2020-04-28 17:56:53,0,true,3173,82,2020-10-31 15:18:30.43,267682,82,100.0,,EVENT_ZERO_POST_EMPTYING,,excluded: post-emptying record
2750,Embalagens de papel e cartão,OVO,2020-10-06 19:16:44,75,false,,82,2020-10-31 15:18:30.43,35762,82,100.0,,NO_SENSOR_MATCH,75.0,driver: no sensor reading within tolerance
2750,Embalagens de papel e cartão,OVO,2020-10-06 19:21:44,0,true,6569,82,2020-10-31 15:18:30.43,35757,82,100.0,,EVENT_ZERO_POST_EMPTYING,,excluded: post-emptying record
6900,Embalagens de papel e cartão,OVO,2020-06-27 09:55:47,25,false,,82,2020-10-26 09:33:06.227,174218,82,100.0,,NO_SENSOR_MATCH,25.0,driver: no sensor reading within tolerance
6900,Embalagens de papel e cartão,OVO,2020-06-27 10:00:47,0,true,4388,82,2020-10-26 09:33:06.227,174213,82,100.0,,EVENT_ZERO_POST_EMPTYING,,excluded: post-emptying record
6900,Embalagens de papel e cartão,OVO,2020-07-01 08:47:54,0,false,,82,2020-10-26 09:33:06.227,168526,82,100.0,,NO_SENSOR_MATCH,0.0,driver: no sensor reading within tolerance
6900,Embalagens de papel e cartão,OVO,2020-09-16 21:28:30,75,false,,82,2020-10-26 09:33:06.227,56885,82,100.0,,NO_SENSOR_MATCH,75.0,driver: no sensor reading within tolerance
6900,Embalagens de papel e cartão,OVO,2020-09-16 21:33:30,0,true,6157,82,2020-10-26 09:33:06.227,56880,82,100.0,,EVENT_ZERO_POST_EMPTYING,,excluded: post-emptying record
7246,Mistura de embalagens,OVO,2020-02-28 17:13:13,0,false,,82,2020-03-06 14:32:24.607,9919,82,100.0,,NO_SENSOR_MATCH,0.0,driver: no sensor reading within tolerance
7246,Mistura de embalagens,OVO,2020-03-03 16:42:45,0,false,,82,2020-03-06 14:32:24.607,4190,82,100.0,,NO_SENSOR_MATCH,0.0,driver: no sensor reading within tolerance
7445,Mistura de embalagens,OVO,2020-03-03 20:17:49,25,false,,74,2020-04-08 11:09:42.953,51292,82,90.2,,NO_SENSOR_MATCH,25.0,driver: no sensor reading within tolerance
9594,Embalagens de papel e cartão,OVO,2020-01-03 09:51:18,100,false,,82,2023-06-16 11:38:26.975,999999,82,100.0,,NO_SENSOR_MATCH,100.0,driver: no sensor reading within tolerance
9594,Embalagens de papel e cartão,OVO,2020-01-03 09:56:18,0,true,1075,82,2023-06-16 11:38:26.975,999999,82,100.0,,EVENT_ZERO_POST_EMPTYING,,excluded: post-emptying record
9594,Embalagens de papel e cartão,OVO,2020-02-14 09:16:04,75,false,,82,2023-06-16 11:38:26.975,999999,82,100.0,,NO_SENSOR_MATCH,75.0,driver: no sensor reading within tolerance
9594,Embalagens de papel e cartão,OVO,2020-02-14 09:21:04,0,true,1861,82,2023-06-16 11:38:26.975,999999,82,100.0,,EVENT_ZERO_POST_EMPTYING,,excluded: post-emptying record
9594,Embalagens de papel e cartão,OVO,2020-05-26 05:57:37,100,false,,82,2023-06-16 11:38:26.975,999999,82,100.0,,NO_SENSOR_MATCH,100.0,driver: no sensor reading within tolerance
9594,Embalagens de papel e cartão,OVO,2020-05-26 06:02:37,0,true,3727,82,2023-06-16 11:38:26.975,999999,82,100.0,,EVENT_ZERO_POST_EMPTYING,,excluded: post-emptying record
9594,Embalagens de papel e cartão,OVO,2020-10-21 12:34:42,0,false,,82,2023-06-16 11:38:26.975,999999,82,100.0,,NO_SENSOR_MATCH,0.0,driver: no sensor reading within tolerance
9594,Embalagens de papel e cartão,OVO,2020-12-10 16:35:54,100,false,,82,2023-06-16 11:38:26.975,999999,82,100.0,,NO_SENSOR_MATCH,100.0,driver: no sensor reading within tolerance
9594,Embalagens de papel e cartão,OVO,2020-12-10 16:40:54,0,true,7935,82,2023-06-16 11:38:26.975,999999,82,100.0,,EVENT_ZERO_POST_EMPTYING,,excluded: post-emptying record
9594,Embalagens de papel e cartão,OVO,2021-02-23 07:34:31,0,false,,82,2023-06-16 11:38:26.975,999999,82,100.0,,NO_SENSOR_MATCH,0.0,driver: no sensor reading within tolerance
9594,Embalagens de papel e cartão,OVO,2021-03-17 06:58:20,0,false,,82,2023-06-16 11:38:26.975,999999,82,100.0,,NO_SENSOR_MATCH,0.0,driver: no sensor reading within tolerance
9594,Embalagens de papel e cartão,OVO,2021-04-07 16:11:11,25,false,,82,2023-06-16 11:38:26.975,999999,82,100.0,,NO_SENSOR_MATCH,25.0,driver: no sensor reading within tolerance
9594,Embalagens de papel e cartão,OVO,2021-07-14 08:37:12,100,false,,82,2023-06-16 11:38:26.975,999999,82,100.0,,NO_SENSOR_MATCH,100.0,driver: no sensor reading within tolerance
9594,Embalagens de papel e cartão,OVO,2021-07-14 08:42:12,0,true,12783,82,2023-06-16 11:38:26.975,999999,82,100.0,,EVENT_ZERO_POST_EMPTYING,,excluded: post-emptying record
9594,Embalagens de papel e cartão,OVO,2021-07-23 09:46:19,75,false,,82,2023-06-16 11:38:26.975,998032,82,100.0,,NO_SENSOR_MATCH,75.0,driver: no sensor reading within tolerance
9594,Embalagens de papel e cartão,OVO,2021-07-23 09:51:19,0,true,13046,82,2023-06-16 11:38:26.975,998027,82,100.0,,EVENT_ZERO_POST_EMPTYING,,excluded: post-emptying record
9594,Embalagens de papel e cartão,OVO,2021-09-30 05:55:36,0,false,,82,2023-06-16 11:38:26.975,898903,82,100.0,,NO_SENSOR_MATCH,0.0,driver: no sensor reading within tolerance
9594,Embalagens de papel e cartão,OVO,2021-11-26 07:40:56,0,false,,82,2023-06-16 11:38:26.975,816718,82,100.0,,NO_SENSOR_MATCH,0.0,driver: no sensor reading within tolerance
9594,Embalagens de papel e cartão,OVO,2021-12-07 07:44:58,50,false,,82,2023-06-16 11:38:26.975,800874,82,100.0,,NO_SENSOR_MATCH,50.0,driver: no sensor reading within tolerance
9594,Embalagens de papel e cartão,OVO,2022-01-25 06:15:19,100,false,,82,2023-06-16 11:38:26.975,730403,82,100.0,,NO_SENSOR_MATCH,100.0,driver: no sensor reading within tolerance
9594,Embalagens de papel e cartão,OVO,2022-03-08 07:35:16.881,50,false,,82,2023-06-16 11:38:26.975,669843,82,100.0,,NO_SENSOR_MATCH,50.0,driver: no sensor reading within tolerance
9594,Embalagens de papel e cartão,OVO,2022-08-03 06:36:09.042,100,false,,82,2023-06-16 11:38:26.975,456782,82,100.0,,NO_SENSOR_MATCH,100.0,driver: no sensor reading within tolerance
9594,Embalagens de papel e cartão,OVO,2022-08-03 06:41:09.042,0,true,23230,82,2023-06-16 11:38:26.975,456777,82,100.0,,EVENT_ZERO_POST_EMPTYING,,excluded: post-emptying record
9594,Embalagens de papel e cartão,OVO,2022-08-03 09:29:17.311,0,false,,82,2023-06-16 11:38:26.975,456609,82,100.0,,NO_SENSOR_MATCH,0.0,driver: no sensor reading within tolerance
9594,Embalagens de papel e cartão,OVO,2022-08-26 07:15:15.443,100,false,,82,2023-06-16 11:38:26.975,423623,82,100.0,,NO_SENSOR_MATCH,100.0,driver: no sensor reading within tolerance
9594,Embalagens de papel e cartão,OVO,2022-08-26 07:20:15.443,0,true,23968,82,2023-06-16 11:38:26.975,423618,82,100.0,,EVENT_ZERO_POST_EMPTYING,,excluded: post-emptying record
9594,Embalagens de papel e cartão,OVO,2022-11-09 16:15:52.992,100,false,,82,2023-06-16 11:38:26.975,315083,82,100.0,,NO_SENSOR_MATCH,100.0,driver: no sensor reading within tolerance
9594,Embalagens de papel e cartão,OVO,2023-04-21 19:52:34.199,100,false,,82,2023-06-16 11:38:26.975,80146,82,100.0,,NO_SENSOR_MATCH,100.0,driver: no sensor reading within tolerance
9594,Embalagens de papel e cartão,OVO,2023-04-21 19:57:34.199,0,true,30929,82,2023-06-16 11:38:26.975,80141,82,100.0,,EVENT_ZERO_POST_EMPTYING,,excluded: post-emptying record
11772,Mistura de embalagens,OVO,2021-11-05 07:15:40,75,false,,82,2023-06-13 17:13:01.911,842998,82,100.0,,NO_SENSOR_MATCH,75.0,driver: no sensor reading within tolerance
11772,Mistura de embalagens,OVO,2022-03-03 17:19:28.772,100,false,,82,2023-06-13 17:13:01.911,672474,82,100.0,,NO_SENSOR_MATCH,100.0,driver: no sensor reading within tolerance
11772,Mistura de embalagens,OVO,2022-03-03 17:24:28.772,0,true,18676,82,2023-06-13 17:13:01.911,672469,82,100.0,,EVENT_ZERO_POST_EMPTYING,,excluded: post-emptying record
11772,Mistura de embalagens,OVO,2022-03-29 16:51:01.799,75,false,,82,2023-06-13 17:13:01.911,635062,82,100.0,,NO_SENSOR_MATCH,75.0,driver: no sensor reading within tolerance
11772,Mistura de embalagens,OVO,2022-03-29 16:56:01.799,0,true,19407,82,2023-06-13 17:13:01.911,635057,82,100.0,,EVENT_ZERO_POST_EMPTYING,,excluded: post-emptying record
11772,Mistura de embalagens,OVO,2023-06-05 07:28:21.775,100,false,,82,2023-06-13 17:13:01.911,12105,82,100.0,,NO_SENSOR_MATCH,100.0,driver: no sensor reading within tolerance
11772,Mistura de embalagens,OVO,2023-06-05 07:33:21.775,0,true,32314,82,2023-06-13 17:13:01.911,12100,82,100.0,,EVENT_ZERO_POST_EMPTYING,,excluded: post-emptying record
1606,Mistura de embalagens,OVO,2020-05-05 09:58:25,100,false,,82,2020-10-26 09:43:02.007,250545,82,100.0,,NO_SENSOR_MATCH,100.0,driver: no sensor reading within tolerance
1621,Mistura de embalagens,OVO,2020-02-22 09:42:37,0,false,,30,2020-10-19 11:32:14.274,345710,82,36.6,,NO_SENSOR_MATCH,0.0,driver: no sensor reading within tolerance
2750,Embalagens de papel e cartão,OVO,2020-02-18 18:18:58,50,false,,82,2020-10-31 15:18:30.43,368460,82,100.0,,NO_SENSOR_MATCH,50.0,driver: no sensor reading within tolerance
2750,Embalagens de papel e cartão,OVO,2020-02-18 18:23:58,0,true,1912,82,2020-10-31 15:18:30.43,368455,82,100.0,,EVENT_ZERO_POST_EMPTYING,,excluded: post-emptying record
2750,Embalagens de papel e cartão,OVO,2020-04-30 18:49:03,0,false,,82,2020-10-31 15:18:30.43,264749,82,100.0,,NO_SENSOR_MATCH,0.0,driver: no sensor reading within tolerance
2750,Embalagens de papel e cartão,OVO,2020-06-23 17:51:02,75,false,,82,2020-10-31 15:18:30.43,187047,82,100.0,,NO_SENSOR_MATCH,75.0,driver: no sensor reading within tolerance
2750,Embalagens de papel e cartão,OVO,2020-06-23 17:56:02,0,true,4289,82,2020-10-31 15:18:30.43,187042,82,100.0,,EVENT_ZERO_POST_EMPTYING,,excluded: post-emptying record
6900,Embalagens de papel e cartão,OVO,2020-01-16 20:27:55,0,false,,82,2020-10-26 09:33:06.227,408306,82,100.0,,NO_SENSOR_MATCH,0.0,driver: no sensor reading within tolerance
6900,Embalagens de papel e cartão,OVO,2020-03-11 19:54:41,25,false,,82,2020-10-26 09:33:06.227,329139,82,100.0,,NO_SENSOR_MATCH,25.0,driver: no sensor reading within tolerance
6900,Embalagens de papel e cartão,OVO,2020-03-11 19:59:41,0,true,2317,82,2020-10-26 09:33:06.227,329134,82,100.0,,EVENT_ZERO_POST_EMPTYING,,excluded: post-emptying record
6900,Embalagens de papel e cartão,OVO,2020-04-13 09:29:00,0,false,,82,2020-10-26 09:33:06.227,282244,82,100.0,,NO_SENSOR_MATCH,0.0,driver: no sensor reading within tolerance
7445,Mistura de embalagens,OVO,2020-04-02 19:33:42,75,false,,74,2020-04-08 11:09:42.953,8136,82,90.2,,NO_SENSOR_MATCH,75.0,driver: no sensor reading within tolerance
7445,Mistura de embalagens,OVO,2020-04-02 19:38:42,0,true,2690,74,2020-04-08 11:09:42.953,8131,82,90.2,,EVENT_ZERO_POST_EMPTYING,,excluded: post-emptying record
9419,Embalagens de papel e cartão,OVO,2020-01-23 16:20:16,0,false,,73,2020-02-06 14:13:55.825,20033,82,89.0,,NO_SENSOR_MATCH,0.0,driver: no sensor reading within tolerance
9594,Embalagens de papel e cartão,OVO,2020-01-13 08:54:53,100,false,,82,2023-06-16 11:38:26.975,999999,82,100.0,,NO_SENSOR_MATCH,100.0,driver: no sensor reading within tolerance
9594,Embalagens de papel e cartão,OVO,2020-01-13 08:59:53,0,true,1243,82,2023-06-16 11:38:26.975,999999,82,100.0,,EVENT_ZERO_POST_EMPTYING,,excluded: post-emptying record
9594,Embalagens de papel e cartão,OVO,2020-01-24 06:16:21,0,false,,82,2023-06-16 11:38:26.975,999999,82,100.0,,NO_SENSOR_MATCH,0.0,driver: no sensor reading within tolerance
9594,Embalagens de papel e cartão,OVO,2020-04-29 07:48:12,0,false,,82,2023-06-16 11:38:26.975,999999,82,100.0,,NO_SENSOR_MATCH,0.0,driver: no sensor reading within tolerance
9594,Embalagens de papel e cartão,OVO,2020-05-06 16:32:05,0,false,,82,2023-06-16 11:38:26.975,999999,82,100.0,,NO_SENSOR_MATCH,0.0,driver: no sensor reading within tolerance
9594,Embalagens de papel e cartão,OVO,2020-07-11 08:07:12,50,false,,82,2023-06-16 11:38:26.975,999999,82,100.0,,NO_SENSOR_MATCH,50.0,driver: no sensor reading within tolerance
9594,Embalagens de papel e cartão,OVO,2020-07-11 08:12:12,0,true,4665,82,2023-06-16 11:38:26.975,999999,82,100.0,,EVENT_ZERO_POST_EMPTYING,,excluded: post-emptying record
9594,Embalagens de papel e cartão,OVO,2020-09-08 18:47:49,0,false,,82,2023-06-16 11:38:26.975,999999,82,100.0,,NO_SENSOR_MATCH,0.0,driver: no sensor reading within tolerance
9594,Embalagens de papel e cartão,OVO,2021-01-21 17:49:57,0,false,,82,2023-06-16 11:38:26.975,999999,82,100.0,,NO_SENSOR_MATCH,0.0,driver: no sensor reading within tolerance
9594,Embalagens de papel e cartão,OVO,2021-02-04 18:26:54,75,false,,82,2023-06-16 11:38:26.975,999999,82,100.0,,NO_SENSOR_MATCH,75.0,driver: no sensor reading within tolerance
9594,Embalagens de papel e cartão,OVO,2021-02-04 18:31:54,0,true,9056,82,2023-06-16 11:38:26.975,999999,82,100.0,,EVENT_ZERO_POST_EMPTYING,,excluded: post-emptying record
9594,Embalagens de papel e cartão,OVO,2021-06-09 06:14:40,50,false,,82,2023-06-16 11:38:26.975,999999,82,100.0,,NO_SENSOR_MATCH,50.0,driver: no sensor reading within tolerance
9594,Embalagens de papel e cartão,OVO,2021-08-13 07:42:10,75,false,,82,2023-06-16 11:38:26.975,967916,82,100.0,,NO_SENSOR_MATCH,75.0,driver: no sensor reading within tolerance
9594,Embalagens de papel e cartão,OVO,2021-08-27 07:25:13,0,false,,82,2023-06-16 11:38:26.975,947773,82,100.0,,NO_SENSOR_MATCH,0.0,driver: no sensor reading within tolerance
9594,Embalagens de papel e cartão,OVO,2022-01-13 08:05:26,75,false,,82,2023-06-16 11:38:26.975,747573,82,100.0,,NO_SENSOR_MATCH,75.0,driver: no sensor reading within tolerance
9594,Embalagens de papel e cartão,OVO,2022-01-13 08:10:26,0,true,17487,82,2023-06-16 11:38:26.975,747568,82,100.0,,EVENT_ZERO_POST_EMPTYING,,excluded: post-emptying record
9594,Embalagens de papel e cartão,OVO,2022-03-15 18:31:01.255,50,false,,82,2023-06-16 11:38:26.975,659107,82,100.0,,NO_SENSOR_MATCH,50.0,driver: no sensor reading within tolerance
9594,Embalagens de papel e cartão,OVO,2022-04-12 06:42:06.664,25,false,,82,2023-06-16 11:38:26.975,619496,82,100.0,,NO_SENSOR_MATCH,25.0,driver: no sensor reading within tolerance
9594,Embalagens de papel e cartão,OVO,2022-05-03 07:21:22.537,75,false,,82,2023-06-16 11:38:26.975,589217,82,100.0,,NO_SENSOR_MATCH,75.0,driver: no sensor reading within tolerance
9594,Embalagens de papel e cartão,OVO,2022-06-13 17:30:53.846,50,false,,82,2023-06-16 11:38:26.975,529568,82,100.0,,NO_SENSOR_MATCH,50.0,driver: no sensor reading within tolerance
9594,Embalagens de papel e cartão,OVO,2022-09-22 06:32:14.565,0,false,,82,2023-06-16 11:38:26.975,384786,82,100.0,,NO_SENSOR_MATCH,0.0,driver: no sensor reading within tolerance
9594,Embalagens de papel e cartão,OVO,2022-10-13 06:36:19.954,75,false,,82,2023-06-16 11:38:26.975,354542,82,100.0,,NO_SENSOR_MATCH,75.0,driver: no sensor reading within tolerance
9594,Embalagens de papel e cartão,OVO,2022-10-13 06:41:19.954,0,true,25414,82,2023-06-16 11:38:26.975,354537,82,100.0,,EVENT_ZERO_POST_EMPTYING,,excluded: post-emptying record
11772,Mistura de embalagens,OVO,2020-01-22 07:54:28,75,false,,82,2023-06-13 17:13:01.911,999999,82,100.0,,NO_SENSOR_MATCH,75.0,driver: no sensor reading within tolerance
11772,Mistura de embalagens,OVO,2020-01-22 07:59:28,0,true,1416,82,2023-06-13 17:13:01.911,999999,82,100.0,,EVENT_ZERO_POST_EMPTYING,,excluded: post-emptying record
11772,Mistura de embalagens,OVO,2020-11-18 18:14:58,75,false,,82,2023-06-13 17:13:01.911,999999,82,100.0,,NO_SENSOR_MATCH,75.0,driver: no sensor reading within tolerance
11772,Mistura de embalagens,OVO,2020-11-18 18:19:58,0,true,7466,82,2023-06-13 17:13:01.911,999999,82,100.0,,EVENT_ZERO_POST_EMPTYING,,excluded: post-emptying record
11772,Mistura de embalagens,OVO,2020-12-15 07:43:08,100,false,,82,2023-06-13 17:13:01.911,999999,82,100.0,,NO_SENSOR_MATCH,100.0,driver: no sensor reading within tolerance
11772,Mistura de embalagens,OVO,2020-12-15 07:48:08,0,true,8011,82,2023-06-13 17:13:01.911,999999,82,100.0,,EVENT_ZERO_POST_EMPTYING,,excluded: post-emptying record
11772,Mistura de embalagens,OVO,2021-06-03 15:23:56,50,false,,82,2023-06-13 17:13:01.911,999999,82,100.0,,NO_SENSOR_MATCH,50.0,driver: no sensor reading within tolerance
11772,Mistura de embalagens,OVO,2021-07-29 18:06:22,100,false,,82,2023-06-13 17:13:01.911,984907,82,100.0,,NO_SENSOR_MATCH,100.0,driver: no sensor reading within tolerance
11772,Mistura de embalagens,OVO,2021-07-29 18:11:22,0,true,13188,82,2023-06-13 17:13:01.911,984902,82,100.0,,EVENT_ZERO_POST_EMPTYING,,excluded: post-emptying record
11772,Mistura de embalagens,OVO,2022-07-07 20:31:29.619,100,false,,82,2023-06-13 17:13:01.911,490842,82,100.0,,NO_SENSOR_MATCH,100.0,driver: no sensor reading within tolerance
11772,Mistura de embalagens,OVO,2022-07-07 20:36:29.619,0,true,22364,82,2023-06-13 17:13:01.911,490837,82,100.0,,EVENT_ZERO_POST_EMPTYING,,excluded: post-emptying record
11772,Mistura de embalagens,OVO,2022-08-11 07:37:54.088,0,false,,82,2023-06-13 17:13:01.911,441216,82,100.0,,NO_SENSOR_MATCH,0.0,driver: no sensor reading within tolerance
11772,Mistura de embalagens,OVO,2022-11-11 07:04:06.469,75,false,,82,2023-06-13 17:13:01.911,308769,82,100.0,,NO_SENSOR_MATCH,75.0,driver: no sensor reading within tolerance
11772,Mistura de embalagens,OVO,2022-11-11 07:09:06.469,0,true,26230,82,2023-06-13 17:13:01.911,308764,82,100.0,,EVENT_ZERO_POST_EMPTYING,,excluded: post-emptying record
11772,Mistura de embalagens,OVO,2023-01-26 17:23:01.56,75,false,,82,2023-06-13 17:13:01.911,198710,82,100.0,,NO_SENSOR_MATCH,75.0,driver: no sensor reading within tolerance
11772,Mistura de embalagens,OVO,2023-01-26 17:28:01.56,0,true,28428,82,2023-06-13 17:13:01.911,198705,82,100.0,,EVENT_ZERO_POST_EMPTYING,,excluded: post-emptying record
11806,Mistura de embalagens,OVO,2020-05-18 09:38:43,50,false,,8,2020-10-31 05:03:08.673,238765,82,9.8,,NO_SENSOR_MATCH,50.0,driver: no sensor reading within tolerance
11806,Mistura de embalagens,OVO,2020-10-30 19:06:49,0,false,,8,2020-10-31 05:03:08.673,597,82,9.8,,NO_SENSOR_MATCH,0.0,driver: no sensor reading within tolerance
2750,Embalagens de papel e cartão,OVO,2020-01-02 19:35:30,50,false,,82,2020-10-31 15:18:30.43,436063,82,100.0,,NO_SENSOR_MATCH,50.0,driver: no sensor reading within tolerance
2750,Embalagens de papel e cartão,OVO,2020-01-28 18:37:36,100,false,,82,2020-10-31 15:18:30.43,398681,82,100.0,,NO_SENSOR_MATCH,100.0,driver: no sensor reading within tolerance
2750,Embalagens de papel e cartão,OVO,2020-01-28 18:42:36,0,true,1525,82,2020-10-31 15:18:30.43,398676,82,100.0,,EVENT_ZERO_POST_EMPTYING,,excluded: post-emptying record
2750,Embalagens de papel e cartão,OVO,2020-06-29 11:11:40,0,false,,82,2020-10-31 15:18:30.43,178807,82,100.0,,NO_SENSOR_MATCH,0.0,driver: no sensor reading within tolerance
6900,Embalagens de papel e cartão,OVO,2020-01-22 20:18:31,0,false,,82,2020-10-26 09:33:06.227,399675,82,100.0,,NO_SENSOR_MATCH,0.0,driver: no sensor reading within tolerance
9419,Embalagens de papel e cartão,OVO,2020-01-30 06:50:43,0,false,,73,2020-02-06 14:13:55.825,10523,82,89.0,,NO_SENSOR_MATCH,0.0,driver: no sensor reading within tolerance
9594,Embalagens de papel e cartão,OVO,2021-01-11 06:08:43,25,false,,82,2023-06-16 11:38:26.975,999999,82,100.0,,NO_SENSOR_MATCH,25.0,driver: no sensor reading within tolerance
9594,Embalagens de papel e cartão,OVO,2020-11-18 07:44:27,0,false,,82,2023-06-16 11:38:26.975,999999,82,100.0,,NO_SENSOR_MATCH,0.0,driver: no sensor reading within tolerance
9594,Embalagens de papel e cartão,OVO,2021-04-02 07:50:04,100,false,,82,2023-06-16 11:38:26.975,999999,82,100.0,,NO_SENSOR_MATCH,100.0,driver: no sensor reading within tolerance
9594,Embalagens de papel e cartão,OVO,2021-04-02 07:55:04,0,true,10263,82,2023-06-16 11:38:26.975,999999,82,100.0,,EVENT_ZERO_POST_EMPTYING,,excluded: post-emptying record
9594,Embalagens de papel e cartão,OVO,2021-06-11 18:45:57,0,false,,82,2023-06-16 11:38:26.975,999999,82,100.0,,NO_SENSOR_MATCH,0.0,driver: no sensor reading within tolerance
9594,Embalagens de papel e cartão,OVO,2021-09-01 07:17:58,0,false,,82,2023-06-16 11:38:26.975,940581,82,100.0,,NO_SENSOR_MATCH,0.0,driver: no sensor reading within tolerance
